word,is_stop,264,265,266,268,270,271,272,273,274,275,276,277,278,279,280,281,282,283,284,285,286,287,288,289,290,291,292,293
a,True,1.0,2.0,1.0,,1.0,4.0,,4.0,,,,,,,,2.0,,,,2.0,2.0,2.0,,2.0,1.0,1.0,2.0,
ab,True,9.0,2.0,5.0,2.0,3.0,5.0,2.0,11.0,5.0,3.0,2.0,2.0,2.0,3.0,2.0,,1.0,2.0,7.0,11.0,6.0,4.0,2.0,1.0,1.0,3.0,8.0,4.0
abarbeiten,False,,,,,,,,,,1.0,,,,1.0,,,,1.0,,,,,,,,,,
abartig,False,,,,,,,,,,,,,,,,,,1.0,,,,,,,,,,
abba,False,1.0,,,,,,,,,,,,,,,,,,,,,,,,,,,
abbau,False,1.0,,,,,,,,,,,,,,,,,,,,6.0,4.0,,,,,,
abbauen,False,,,,,,,,1.0,,,,,,1.0,1.0,,,,,1.0,4.0,3.0,1.0,2.0,,,,
abbiegen,False,,,,,,,,,,,,,,,,,,,,,,,,1.0,,,,
abbilden,False,,,,,,,,,,,,1.0,,,3.0,,,2.0,,,4.0,,,2.0,1.0,,2.0,
abbildung,False,,4.0,,,,,,,,,,1.0,,,,,,,,,,2.0,,,,,,
abbildungsdings,False,,1.0,,,,,,,,,,,,,,,,,,,,,,,,,,
abbogen,False,,,,,,,1.0,,,,,,,,,,,,,,,,,,,,,
abbrannen,False,,,,,,,,,,,,,,,,,,,,,,1.0,,,,,,
abbrechen,False,,,,,,,,,,,,,,,,,,,,,,,,,,,1.0,
abbruch,False,,,1.0,,,,,,,,,,,,,,,,,,,,,,,,,
abdecken,False,,,,,,,,,,1.0,,,,,,1.0,,,,1.0,,,,,,,,2.0
abebben,False,,,,,,,,,,,,1.0,,,,,,,,,,,,,,,,
abend,False,,,,,,,1.0,,,,1.0,,,,,,,,1.0,,,,1.0,,,,,
abendempfang,False,,,,,,,,,,,1.0,,,,,,,,,,,,,,,,,
abendessen,False,1.0,,,,,,,,,,,,,,,,,,,,,,,,,,,
abendland,False,,,,,1.0,,,,,,,,,,,,,,1.0,,,,,,,,,
abends,False,,,2.0,,,,,1.0,,2.0,,,,,,,,,,,,,,,,,,
abendunterhaltung,False,,,,,,,,,,,,1.0,,,,,,,,,,,,,,,,
aber,True,119.0,150.0,119.0,223.0,191.0,100.0,173.0,126.0,177.0,77.0,75.0,174.0,124.0,63.0,199.0,107.0,121.0,100.0,88.0,127.0,423.0,167.0,67.0,82.0,58.0,147.0,120.0,68.0
abfall,False,,,,,,1.0,,,,,,,,,,,,,,,,,,,,,,
abfallen,False,,,,,,,1.0,,,,,,,,,,,,,,,,,,,,,
abfangen,False,,,,,,,,,2.0,1.0,,,,,,,,,,,,,,,,,,
abfinden,False,,1.0,,,,,,,1.0,,,,,,,,,,,,,,,,,,,
abflessen,False,,,,,,,,,,,,,,,,,1.0,,,,,,,,,,,
abfließen,False,,,,2.0,,,,1.0,,,,,,,,,,,,,,,,,,,,
abflug,False,1.0,,,,,,,,,,,,,,,,,,,,,,,,,,,
abfolge,False,,,,,,,,1.0,,,,,,,,,,,,,,,,,,,,
abfrage,False,,,,,,,,,,,,,,,1.0,,,,1.0,,,,,,,,1.0,
abfragen,False,,1.0,1.0,,,,1.0,,2.0,,,,,1.0,2.0,,,,,,3.0,,,,,,,
abfällig,False,,,,,,,,,,,,1.0,,,,,,,,,,,,,,,,
abgabe,False,,,,1.0,,,,,,,,,,,,,,,,,,,,,,,,
abgase,False,,,1.0,,,,,,,,,,,,,,,,,,,,,,,,,
abgasskandal,False,,,,,,1.0,,,,,,,,,,,,,,,,,,,,,,
abgaswert,False,,,1.0,,,,,,,,,,,,,,,,,,,,,,,,,
abgearbeitet,False,,,,,,,,,,,,,,,,,,1.0,,,,,,,,,,
abgeben,False,,,,2.0,3.0,1.0,2.0,2.0,1.0,,1.0,1.0,,,,,,5.0,3.0,1.0,,1.0,,,,1.0,,6.0
abgedatet,False,,,,,,,,,,,,,,,,1.0,,,,,,,,,,,,
abgedechtigt,False,,,,,,,,,,,,,,,,,,,1.0,,,,,,,,,
abgefangen,False,,,,,,,,,,,,,,,,,1.0,,,,,,,,,,,
abgeflossen,False,,,2.0,,,,,,,,,,,,,,1.0,,,,,,,,,,,
abgefrühstückt,False,,,,,,,,,,,,,,,,,,,,,,,1.0,,,,,
abgefucken,False,1.0,,,,,,,,,,,,,,,,,,,,,,,,,,,
abgeglichen,False,,1.0,,,,,,,,,,,,,,,,,,,,,,,,,,
abgekoppelt,False,,,,,,,,,,,,,1.0,,,,,,,,,,,,,,,
abgemacht,False,,,,,,,,,,,,,,,,,,1.0,,,,,,,,,,
abgeordneter,False,,1.0,,4.0,6.0,2.0,,,1.0,2.0,1.0,,,2.0,,,,9.0,12.0,,2.0,,,,1.0,5.0,,2.0
abgeschlossen,False,,,,,,1.0,,,,,,,,,,,,,,,,,,,,,,
abgeschrecken,False,,,,,,,,,,,,,,,,,,,,1.0,,,,,,,,
abgesondert,False,,,,,,,,,,,,,,,,,,1.0,,,,,,,,,,
abgespaced,False,,,,,,,,,,,1.0,,,,,,,,,,,,,,,,,
abgespeicheren,False,,,,,,,,,,,,,,,1.0,,,,,,,,,1.0,,,1.0,
abgestanden,False,,,,,,,,,,,,,1.0,,,,,,,,,,,,,,,
abgestellen,False,,,,,,,,,,,,,,,,,,,,,2.0,,,,,,,
abgestritten,False,,,,,1.0,,,,,,,,,,,,,,,,,,,,,,,
abgestumpft,False,,,,,,,1.0,,,,,,,,,,,,,,,,,,,,,
abgestürmt,False,,,,,,,,,,,,,,,,,,,,1.0,,,,,,,,
abgesägt,False,,,,,,,1.0,,,,,,,,1.0,,,1.0,,,,,,,,,,
abgewälzt,False,,,,,,,,,,,,,,,,,,,,1.0,,,,,,,,
abgeändert,False,,,,,,,,,,2.0,,,,,,,,,,,,,,,,,,
abgleich,False,,,,,,,,,,,1.0,,,,,,,1.0,,,2.0,,,,,,,
abgleichen,False,,3.0,,,,,,,,,,,,,,,,,,,,,,,,,,
abgrasen,False,,,,,,,,,,,,,,,,,1.0,,,,,,,,,,1.0,
abgreifen,False,1.0,,,,2.0,,,,,,,,,,1.0,,,,,,,,,,,,,
abgrenzen,False,,,,,,,,2.0,,,,,,,,,,,,,4.0,,,,,,,
abgrenzung,False,,,,,,,,,,1.0,,,,,,,,,,,,,,,,,,
abgrenzungstendenz,False,,,,,,,,,,,,,,,,,,,,,,,,,,1.0,,
abgrund,False,,,,1.0,,,,,,,,,,,,,,,1.0,,,,,,,,,
abgründ,False,,,,,,,,,,,,,,,,,,,,,,,,1.0,,,,
abgucken,False,,,,,,,,,,,,,,,,,,,1.0,,,,,,,,,
abhacken,False,,,,,,,1.0,,,,,,,,,,,,,,,,,,,,,
abhaken,False,,,,,,,,,,,,,,,,,,,,,,,,,,4.0,,
abhalten,False,,2.0,,,,,,3.0,,,,,,,,,,,,,,,,,,,1.0,1.0
abhanden,False,,,,,1.0,,,,,,,,,,1.0,,,,,,,,,,,,,
abhangen,False,,,,,,,,,,,,1.0,,,,,1.0,,,,,,,,,,1.0,
abhebelimits,False,,,,,,,,,,,,,1.0,,,,,,,,,,,,,,,
abheben,False,,,,,,,,,,,,,4.0,,,,,,,,,,,,,,,
abheft,False,,,,,1.0,,,,,,,,,,,,,,,,,,,,,,,
abholen,False,,,,,,,,,,,,,2.0,,,,,,,,,,,,,,,
abhängen,False,,,,,,,,,,,,,,,,,,1.0,,,,,,,,1.0,,
abhängig,False,1.0,,,1.0,,,,,7.0,,,,1.0,,,1.0,,,,,,,,,1.0,,,
abhängigkeit,False,,,,,,,,,1.0,,,,,,,,,,,,,6.0,,,,,,
abhören,False,,,,,7.0,3.0,1.0,,3.0,,,,,,2.0,,,,,,,,,,,1.0,,
abhörmaßnahme,False,,,,,,,,,,,,,,,1.0,,,,,,,,,,,,,
ability,False,2.0,,,,,,,,,,,,,,,,,,,,,,,,,,,
abklopfen,False,,,,,1.0,,,,,,,,,,,,,,,,,,,,,,,
abklären,False,,,,,,,,,,,,,,,,,,,,,,,,,,,,1.0
abkommen,False,,,,,,1.0,,,,1.0,,,,,,,,,,,,,,,,,,
abkriegen,False,,,,,,,,,,,,,,,,,,,,1.0,,,,,,,1.0,
abkämpfen,False,,,,,,,1.0,,,,,,,,,,,,,,,,,,,,,
abkürzen,False,,1.0,1.0,,,,,,,,1.0,,,,,,,,,,,,,1.0,,,,
abkürzung,False,,1.0,,,1.0,,1.0,5.0,,,1.0,,,,,2.0,,,,,,,,1.0,2.0,,,
abladen,False,,,,,,,,,,,,,,,,,,,,,,1.0,,,,,,
ablassen,False,,,,,,,1.0,,,,,,,,,,,,,,,,,,,,,
ablauf,False,,,,,,1.0,,,,,1.0,,,,1.0,,,2.0,1.0,,,,,,,1.0,,2.0
ablaufen,False,,,,,,,,,,,1.0,,,,,,1.0,,1.0,,,,,,,1.0,1.0,
ablauftool,False,,,,,,,,,,,,,,,,,,,,,,,,1.0,,,,
able,False,1.0,,,,,,,,,,,,,,,,,,,,,,,,,,,
ablegen,False,,,,,,,,,,1.0,1.0,1.0,1.0,,,,,,,,,,,,1.0,,,
ableger,False,,,1.0,,,,,,,,,,,,,,,,2.0,,,,,,,1.0,,
ablehnen,False,,,,,1.0,,,,,,,,2.0,1.0,,,,,,,2.0,,,,,,,
ablehnend,False,,,,,,,,,,,,,,,,,,,,,4.0,,,,,,,
ablehnung,False,,,,,,,,,,,,,,1.0,,,,,,,,,,,,,,
ableiten,False,,,,1.0,1.0,,,,4.0,1.0,,,1.0,,2.0,,,,,,,,,,,,,
ablesen,False,1.0,,,,,,,,,,,,,,,,,,1.0,,,,,,,,,
abliefer,False,,,,,,1.0,,,,,,,,,,,,,,,,,,,,,,
abliefern,False,,,,,,,,,,,,,,,,1.0,,,,,,,,,,,,
ablösung,False,,1.0,,,,,,,,,,,,,,,,,,,,,,,,,,
abmachen,False,,,,,,,,,,1.0,,,,,,,,,,,,,,,,,,
abmachung,False,,,,,,,,,,,,,,,,,,,,,,,,,,,1.0,
abmahnen,False,,,,,,,,,,,,,,,,,,,,,,,,,,,2.0,
abmelden,False,,,,,,,,,,,,,2.0,,,,,,,,,,,,,,,
abmoderiert,False,,,,,,,1.0,,,,,,,,,,,,,,,,,,,,,
abmühst,False,,,,,,,,,,,,,,,1.0,,,,,,,,,,,,,
abnehmen,False,,1.0,2.0,,,,,,,,,,,,,,1.0,,,,,,,,,,,
abnehmer,False,,,,,,,,,,,,,,,1.0,,,,,,,,,,,,,
abnimmst,False,,,1.0,,,,,,,,,,,,,,1.0,,,,,,,,,,,
abnützt,False,,,,,,,,,,,,,,,,,,,,,,,,,,1.0,,
abonnierbar,False,,,,,,,,,,,,,,,,,,,,,,,,,,1.0,,
abonnieren,False,,,,,,,1.0,1.0,,,,,,,,,,,,,,,,,,,,
above,False,,,,,,,,,,,,,,,,,,,,,,,,,,1.0,,
abqualifizieren,False,,,,,,,1.0,,,,,,,,,,,,,,,,,,,,,
abrechnen,False,,,2.0,,,,,,,,,,,,,,,,,,,,,,,,,
abrechnung,False,,,,,,,,,,,,,,,1.0,,1.0,,,,,,,,,,,
abrechnungssystem,False,,,,,,,,,,,,,1.0,,,,,,,,,,,,,,,
abrechnungswese,False,,,,1.0,,,,,,,,,,,,,,,,,,,,,,,,
abrede,False,,,,,,,,,1.0,,,,,,,,,,,,,,,,,,,
abreißen,False,,,,,,,,,,,,,,,,,,,,,,,,1.0,,,,
abriss,False,,,,,,,,1.0,,,,,,,,,1.0,,,,,,,,,,,
abrufbar,False,,,2.0,,,,,,,,,,,,,,,,,,,,,,,,,
abrufen,False,,,1.0,,,1.0,1.0,,1.0,,,1.0,,,5.0,,1.0,,,,,,,1.0,,,8.0,
absage,False,,,,,,,,,,,,,,,1.0,,,,,,,,,,1.0,,,
absagen,False,,,,,1.0,,,,1.0,,,,,,,,,,,,,,,,,,,
absatz,False,,,,,,,1.0,,,,,,,,,,1.0,,,,4.0,,,,,,,
absatzmarkt,False,,,,,,,,,,,,,,,,,,,,,,2.0,,,,,,
absaugen,False,,2.0,,1.0,,,,,,,,,,,,,,,,,,,,,,,,
abschaffen,False,,,,,1.0,,,,2.0,,,,,,,,1.0,,,4.0,8.0,,,,,3.0,,
abschaffung,False,,,,,,,,,,,,,,,,,,,,4.0,2.0,,,,,,,
abschalten,False,,,,,,,,,,,,,1.0,,,,,,,,,,1.0,,,,,
abschicken,False,,,,,,,,,,,,,,,,,1.0,,,,,,,,,,,
abschieben,False,,,,,,,,,,,,,,1.0,,,,,,,,,,,,,,
abschießen,False,,,,1.0,,,,,,,,,,,,,,,,,,,,,,,,
abschließen,False,,,,,2.0,1.0,,,,1.0,,,,,1.0,2.0,1.0,,,,,1.0,,1.0,,2.0,1.0,
abschließend,False,,,,,,,,,,,,,,,,1.0,,,,,,,,,1.0,,,
abschluss,False,,,1.0,,1.0,,,,,1.0,,,,,,1.0,,,,,1.0,,1.0,,,,1.0,1.0
abschlussbericht,False,,,,,2.0,3.0,,,,,,,,,,,,,,,,,,,,,,
abschlussfrage,False,,,,,,,,,,,,1.0,,,1.0,,,,,,,,,,,,,
abschlussrunde,False,,,1.0,,,,,,,,,1.0,2.0,,,,,,,1.0,,4.0,,,,,,
abschlusszuspitzungsrunde,False,,,,,,,,,,,,,,,,,,,,,3.0,,,,,,,
abschmettern,False,,1.0,,,,,,,,,,,,,,,,,,,,1.0,,,,,,
abschnitt,False,,,,,,,1.0,,,,,,,,,,,,,,,,,,,,,
abschrecken,False,,,,,,,,,,,,,3.0,,,,,,,,,,,,,,,
abschreckend,False,,,,,,,,,,,,,2.0,,,,,,,,,,,,,,,
abschreckung,False,,,,,,,,,,,,,2.0,,,,,,,,,,,,,,,
abschreckungswirkung,False,,,,,,,,,,,,,,,,,,,,1.0,,,,,,,,
abschreiben,False,,,,,,,1.0,,,,,,,,,,,,,,2.0,,,,,,,
abschwächen,False,,,,,,,,,,,,,,,,,,,,,,,,,,1.0,,
abschwören,False,,,,,,,,,,,,,,,,,1.0,,,,,,,,,,,
abschätzen,False,,,,,,,,,1.0,,,,,,,,,,,,,,,,,,,1.0
abschätzig,False,,,,,1.0,,,,,,,,,,,,,,,,,,,,,,,
absegnen,False,,,,,1.0,,,,,,,,,,,,,,,,,,,,,,,
absehbar,False,,,,,,,1.0,1.0,1.0,,1.0,,,,,,,,,,,1.0,,,,,,2.0
absehen,False,,,2.0,2.0,,,,,5.0,,,,1.0,,2.0,1.0,,1.0,,,,1.0,1.0,,,,,
abseits,False,,,,,,,,,,,,,,,,,,,,,,,,,,1.0,,
absend,False,1.0,,,,,,,,,,,,,,,,,,,,,,,,,,,
absenden,False,,,,,,,,,,,,,,,,,,,,,,,,,,,,1.0
absender,False,,,,,,,,,4.0,,,,,,,,,,,,,,,,1.0,,,
absenken,False,1.0,,,,,,,,,,,,,,,,,,,,,,,,,,,
absichern,False,,1.0,1.0,,,,,3.0,,,,,,,,,,,,,,,,,,,,
absicherung,False,,,,,,,,,,,,,,,,,,,,,,1.0,,,,,,
absicht,False,,,,,,,,,,,,,,1.0,,,,,,,,,,,,1.0,,
absichtlich,False,,,,,,,,,1.0,,,,,,,,1.0,,,,,,,,,,,
absolut,False,1.0,2.0,3.0,2.0,1.0,2.0,1.0,1.0,1.0,4.0,,1.0,1.0,,7.0,2.0,,,1.0,1.0,13.0,4.0,,,1.0,3.0,,2.0
abspeichern,False,,,,,,,,,,,,,,,1.0,,,,,,,,,,,,,
abspeicherung,False,,,,,,,,,,,,,,,1.0,,,,,,,,,,,,,
abspielen,False,,,1.0,,,,,,,,,1.0,,,,,,,,,,,,,,1.0,1.0,
absprache,False,,,,,,,,,,,,,,,,,,,,,,,,,1.0,,1.0,
absprechen,False,,,,,,,,,,,,,,,,,,,,,,,,,1.0,,,
abstand,False,,,,,,,,,,,,,,,,,,,1.0,,4.0,,,,,,,
abstecher,False,,1.0,,,,,,,,1.0,,,,,,,,,,,,,,,,,,
abstellen,False,,,,,,,,,,2.0,,,,,1.0,,,,,1.0,2.0,,,,,,,
abstellflächen,False,,,,,,,,,,,,,,,,,,,,2.0,,,,,,,,
abstellgleis,False,,,,,,,,,,,,,,,,,,1.0,,,,,,,,,,
abstellsituation,False,,,,,,,,,,,,,,,,,,,,1.0,,,,,,,,
abstieg,False,,,,,,,,,,,,,,,,,,,,,2.0,,,,,,,
abstimmen,False,,,,4.0,1.0,,,1.0,,,,,,,,,1.0,1.0,,2.0,,,,,,,,
abstimmung,False,1.0,2.0,,4.0,,,,,1.0,2.0,3.0,,,,,,1.0,,1.0,,,,,,1.0,1.0,,2.0
abstimmungsformat,False,,,,,,,,,,,,,,,,,,,,,,,,,1.0,,,
abstoßend,False,,,,,,,,,,,,,,,,,,,,,4.0,,,,,,,
abstrakt,False,1.0,1.0,,,1.0,,,,,,,,,2.0,1.0,,,,1.0,,,,,,2.0,,,
abstrakte,False,,,,,,,,,1.0,,,,,,,,,,,,,,,,,,,
abstreiten,False,,,,,,,,,,,,,,,,,,,,,,,,1.0,,,,
abstrich,False,,,,1.0,,,,,,,,,,,,,,,,1.0,,,,,,,,
abstrus,False,,,,,,,,,,1.0,,,,,,,,,,,,,,,,,,
abstruse,False,,,,,,,,,,,,,,,,,,,,,,,,,1.0,,,
abstufung,False,,,,3.0,,,,,,,,,,,,,1.0,,,5.0,,,,,,,,
abstumpfen,False,,,,,,,,,,,,,,,,,,,,,,2.0,,,,,,
abstumpfung,False,,,,,,,,,,,,,,,,,,,,,,2.0,,,,,,
absturz,False,,,,,,,,,,,,1.0,,,,,,,,,,,,,,,,
abstößt,False,,,,,,,,,,,,,,,,,,,,1.0,,,,,,,,
abstürzen,False,,,,,,,,,,,,,,1.0,,,,,,,,,,,,,,
absuchen,False,,,,,,1.0,,,,,,,,,,,,,,,,,,,,,,
absurd,False,,,3.0,1.0,1.0,2.0,,,,,,,2.0,1.0,,,,,1.0,,,,,,,,,
absurdester,False,,,,,,,,,,,,,,,,,,,,,,,,,1.0,,,
absurdum,False,,,,1.0,,,,,,,,,1.0,1.0,,,,,,,,,,,,,,
abtauchen,False,,1.0,,,,,,,,,,,,,,,,,,,,,,,,,,
abteilung,False,,,7.0,,,,,1.0,,,,,,1.0,,3.0,,,,,,,,,2.0,,1.0,3.0
abtrennbar,False,,1.0,,,,,,,,,,,,,,,,,,,,,,,,,,
abtrennung,False,,,,,,,,,,,,,,,,,,1.0,,,,,,,,,,
abtropfen,False,,,,,1.0,,,,,,,,,,,,,,,,,,,,,,,
abtun,False,,,,,,,,,1.0,,,,,,,,,,,,,,,,,1.0,,
abverlangen,False,,,,,,,,,,,,,,,,,,,,,,,,,,1.0,1.0,
abwandern,False,,,,,,,,,,,,,,,,,,,,,,,,,,1.0,,
abwarten,False,,,,,,,,,,,,,,,,1.0,,,,,,,,,,,1.0,
abwehr,False,,,,,,,,,,,,,,,,,,,,,,,,,,2.0,1.0,
abwehren,False,,,,,1.0,,1.0,1.0,,,,,,,,,,,,,,1.0,,,,1.0,1.0,
abwehrfrage,False,,,,,,,,,,,,,,,,,,,,,,,,,,,1.0,
abwehrkampf,False,,,,,1.0,,,,,,,,,,,,,,,,,,,,,,,
abwehrschnittstelle,False,,,,,,,,,,,,,,,1.0,,,,,,,,,,,,,
abweichen,False,1.0,,,,,,,,,,,,,,1.0,,,,,,,,,,,,,
abweichend,False,,,,,1.0,,,,,,,,,,,,,,,,,,,,,,,
abwenden,False,,,,,,,1.0,,,,,,,,,,,,,,,,,,,,,
abwesenheit,False,,,,,,,,1.0,,,,,,,,,,,,,,,,,,,,
abwicklungsausschuss,False,,,,,,,,,,,,,,,,,,,,,,,,,,,,1.0
abwägen,False,,,,1.0,,,,,,,,,,,,,,,,,,,,,,,,
abwägung,False,,,,1.0,,,,1.0,,,,,,,1.0,,,,,,2.0,,,,,1.0,,2.0
abzeichnen,False,,,,,,,,,,,,,,,,,,,,,,,,,,,1.0,
abziehen,False,1.0,,,,,,,,,,,,1.0,,,,,,,,,,,,,,,
abzielen,False,,,,,,,,,,,,,,,1.0,1.0,,,,,,,,,,,,
abzubilden,False,,,,,,,,,,,,,,,,,,,,,,,,,,,1.0,
abzudaen,False,,,,,,,,,,,,,,,,1.0,,,,,,,,,,,,
abzudecken,False,,,,,,,,,,,,,,,,,,,,,,,,,,1.0,,
abzufeiern,False,,,,,,,1.0,,,,,,,,,,,,,,,,,,,,,
abzugreifen,False,,,,,,,,,,,,,,,,,1.0,,,,,,,,,,,
abzuholen,False,,,,,,,,,,,,,1.0,,,,1.0,,,,,,,,,,,
abzumahnen,False,,,,,,,,,,,,,,,1.0,,,,,,,,,,,,,
abzuwägen,False,,,,1.0,,,,,,,,,,,,,,,,,,,,,,,,
abänderung,False,,,,,,,,,,2.0,,,,,,,,,,,,,,,,,,
academy,False,,,,,,,,,,,,,,,,,,,,,,,,,,1.0,,
access,False,,,,,2.0,,,,,1.0,,,,,,,,,,,,,,,,,,
accessibility,False,14.0,,,,,,,,,,,,,,,,,,,1.0,,,,,,,,
accessoation,False,,1.0,,,,,,,,,,,,,,,,,,,,,,,,,,
account,False,,1.0,1.0,,,,,,3.0,,,,,,1.0,1.0,6.0,,1.0,3.0,2.0,,,,,,1.0,
accountability,False,,,,,,,,,,,,,,,,,,,,,,,,,,1.0,,
accountdiebstahl,False,,,,,,,,,,,,,,,,,1.0,,,,,,,,,,,
accountpflicht,False,,,,,,,,,,,,,,,,,,,,1.0,,,,,,,,
accountsicherheit,False,,,,,,,,,,,,,,,,,1.0,,,,,,,,,,,
accra,False,,,,,,,,,,,,,,,,,,,,,,2.0,,,,,,
ach,True,,2.0,,,1.0,4.0,2.0,1.0,2.0,,,3.0,1.0,2.0,1.0,,2.0,,2.0,3.0,9.0,3.0,,,2.0,2.0,1.0,
achieved,False,,,,1.0,,,,,,,,,,,,,,,,,,,,,,,,
achievement,False,,,,,1.0,,,,,,,,,2.0,,,,,,,,,,,,,,
achillesferse,False,,,,,,,,,,,,,,,,1.0,,,,,,,,,,,,
achse,False,1.0,,,,,,,,,,,,,,,,,,,,,,,,,,,
achso,False,,,,5.0,1.0,,3.0,1.0,2.0,,,2.0,,,,,,,,1.0,4.0,,,,,,3.0,
acht,True,,,2.0,,,3.0,,,,,1.0,,,1.0,,,,2.0,,,,,4.0,,,1.0,,
achteckig,False,,,,,,,,,,,,,,,,,,,,,,,,1.0,,,,
achten,False,,,,,,1.0,,,,,,,,,1.0,,,1.0,,1.0,2.0,2.0,,,,,1.0,
achtgrößt,False,,,,,,,,,,,,,,,,,,,,,,2.0,,,,,,
achtsam,False,,,,,,,,,,,,,,,,,,1.0,,,,,,,,,,
achtung,False,,,,,,,,,,,,,,,,,,,,,,,,1.0,,,,
act,False,,3.0,,1.0,,1.0,1.0,,,,1.0,,,,,4.0,,,,3.0,16.0,1.0,,,,1.0,,
action,False,1.0,,,,,,,,,,,,,,,,,,,,,,1.0,,,,,
actionfilm,False,,,,,,,,,,,,2.0,,,,,,,,,,,,,,,,
ad,False,,,,1.0,,,,,,,,,1.0,,,,,1.0,,,,,,,,,1.0,
ada,False,,,,,,,,,,,,,,,,,,1.0,,,,,,,,,,
adad,False,,,,,1.0,,,,,,,,,,,,,,,,,,,,,,,
adapter,False,,,,,,,,,,,,,,,,,,,,,,,,1.0,,,,
adapterch,False,,,,,,,,,,,,,,,,,,,,,,,,1.0,,,,
adblocker,False,,,,,,,,,,,,,,,,,,,,1.0,,,,,,,,
additional,False,1.0,,,,,,,,,,,,,,,,,,,,,,,,,,,
address,False,,,,,,,,,,,,,,,,,,,,,2.0,,,,,,,
adelig,False,,,,,,,,,,,,,,,,,,,,,,,,,1.0,,,
adelsschlag,False,,,,,1.0,,,,,,,,,,,,,,,,,,,,,,,
adelt,False,,,,,,,,,1.0,,,,,,,,,,,,,,,,,,,
adgast,False,,,,,,,,,,,,,,,,,1.0,,,,,,,,,,,
adine,False,,,,,,,,,,,,,,,,,,1.0,,,,,,,,,,
adio,False,,,,,,,,,,,,,,,,,,,,,,1.0,,,,,,
adiposita,False,,,1.0,,,,,,,,,,,,,,,,,,,,,,,,,
admin,False,,,,,,,,,,,,,,,,,,,,,,,,,,1.0,,
administrator,False,,,,,,,,,,,,,,,,,3.0,,,,,,,,,,,
administratore,False,,,,,,,1.0,,,,,,,,,,1.0,,,,,,,,,,,
administratoren,False,,,,,,,1.0,,,,,,,,,,,,,,,,,,,,,
administratorin,False,,,,,,,,,,,,,,,,,,,,,,,,,,,1.0,
administrieren,False,,,,,,,,,,,,,,,1.0,,,,,,,,,,,,,
admins,False,,,,,,,1.0,,,,,,,,,,,,,,,,,,,,,
adoptieren,False,,,,,,,,,,,,,,,,,,,1.0,,,,,,,,,
adresse,False,,,1.0,,,,,,,,,,,,4.0,,2.0,,,2.0,,,,,,,,
adressieren,False,,,,1.0,,,,,,2.0,,,,,,,,,,,,,,,,,,
adressiern,False,,,,,,,1.0,,,,,,1.0,,,,,,,,12.0,,,,,,,
adressknappheit,False,,,,,,,,,,,,,,,1.0,,,,,,,,,,,,,
ads,False,,,,,,,,,,,,,,,,,,,,,,,,,,,,1.0
adventszeit,False,,,,,,,,,,1.0,,,,,,,,,,,,,,,,,,
advisor,False,,,,,,,,,,1.0,,,,,,,,,,,,,,,,,,
adäquat,False,,,,,,,,,,,,,,,,,,1.0,,,,,,,,,,
aes,False,,,,,,,,,,,,,,,,,,,,,,,,1.0,,,,
afd,False,,,,,,,1.0,,,,,,,7.0,2.0,,,5.0,7.0,,4.0,,,1.0,,1.0,,
afdler,False,,,,,,,,,,,,,,,,,,2.0,,,,,,,,,,
affiliation,False,,,,,,,,2.0,,,,,,,,,,,,,,,,,,,,
affront,False,,,,,1.0,,,,,,,,,,,,,,,,,,,,,,,
affäre,False,,,,,,1.0,,,,,,,,,,,,,,,,,,,,,,1.0
afghanistan,False,,,,,,,,,,,,,,1.0,,,,,,,,,,,,,,
africa,False,,,,,,,,,,,,,,,,,,,,,,1.0,,,,,,
afrika,False,,,,,,,,,,,,,,,,,,,,,,4.0,,,,,,
afrikanisch,False,,,,,,,,,,,,1.0,,,,,,,,,,16.0,,,,,,1.0
ag,True,1.0,1.0,,,,2.0,,,,,,,,,,,,,,,,,,,,,,
agbs,False,,,,,,,,,,,,,,,,,,,,1.0,,,,,,,,
age,False,,1.0,,,,,,,,,,,,,,,,,,,,,,,,,,
agenda,False,,,,,,,3.0,,,,,,,1.0,,,,2.0,1.0,,2.0,,1.0,,2.0,2.0,,
agent,False,2.0,,,,,,,,,,,,,,,,,,,,,,,,,,,
agents,False,,,,,,,,,,,,,,,,,,,,,,,,,,,1.0,
agentur,False,,,,,2.0,,,,,,,,,,,,,,,,,,,,,,,
aggregiert,False,,,,,,,,,,,,,1.0,,,,,,,,,,,,,,,
aggressiv,False,,,,,,,,,,1.0,,,,,,,,,,,,,,,,,,
agieren,False,,,,,1.0,,2.0,,,,,1.0,,,2.0,1.0,,,,,6.0,,,,,3.0,2.0,
agigrit,False,,1.0,,,,,,,,,,,,,,,,,,,,,,,,,,
agil,False,,,,,,,,,,,,,,,,,,,,,,,,,3.0,,,
agile,False,,,,,,,,,,,,,,,,,,,,,,,,,1.0,,,
agiles,False,,,,,,,,,,,,,,,,,,,,,,,,,1.0,,,
agjus,False,1.0,,,,,,,,,,,,,,,,,,,,,,,,,,,
agnostisch,False,,1.0,,,,,,,,,,,,,,,,,,,,,,,,,,
agpl,False,,,,,,,,,,,,,,,,,,,,,,,,,,1.0,,
agrarprodukt,False,,,,,,,,,,,,,,,,,,,,,,2.0,,,,,,
agree,False,,,,,,,,,,,,,,,,,,,,,,,,,,1.0,,
agreement,False,,,,,,,,,,,,,,,,,,,,,,,,,,,2.0,
ah,False,,5.0,1.0,2.0,1.0,3.0,3.0,3.0,3.0,2.0,,3.0,,4.0,1.0,,3.0,,4.0,1.0,6.0,,1.0,1.0,2.0,2.0,1.0,
aha,False,,2.0,2.0,1.0,,1.0,1.0,1.0,1.0,1.0,,1.0,,1.0,1.0,,,1.0,,1.0,4.0,,,1.0,,,,1.0
ahc,False,,,,,,,,,,1.0,,,,,,,,,,,,,,,,,,
ahead,False,,,,,,,,,,,,,,,,,,,1.0,,,,,,,,,
ahja,False,,,,1.0,,,,,,,,,,,,,,,,,,,,,,,,
ahnden,False,,,,,,,,,,1.0,,,,1.0,,1.0,,,,,,,,,,,,
ahndungsmechanisme,False,,,,,,,,,,1.0,,,,,,,,,,,,,,,,,,
ahnen,False,,,,,,,1.0,,,,,,,,,,,,,,,,1.0,,,,,
ahnung,False,4.0,13.0,7.0,4.0,1.0,,4.0,,8.0,1.0,,2.0,2.0,1.0,5.0,,3.0,,11.0,1.0,2.0,1.0,,3.0,1.0,4.0,3.0,
ahnungslos,False,,,,,,,,,,,,,,,1.0,,,,,,1.0,,,,,,,
ai,False,,,,,,,,,,,1.0,,,,,,,,,,6.0,,,,,1.0,,
aibling,False,,,,,,3.0,,,,,,,,,,,,,,,,,,,,,,
aidshilfe,False,,,,,,,,,,,2.0,,,,,,,,,,,,,,,,,
air,False,,,,,,,,,,,,1.0,,,,,,,,,,,,,,,,
airbnb,False,,,,,,,,,,,,,,,,,1.0,,,,,,,,,,,
ak,False,,,,,,,,,,,,,,,,,,,,,,,,,,1.0,,
akademia,False,,,,,1.0,,,1.0,,,,,,,,,,,,,,,,,,,,
akademie,False,,,,,,,,,2.0,,,,,,,,,2.0,,,,,,,,,,
akademiker,False,,,,,,,,1.0,,,,,,,,,,,,,,,,,,,,
akademisch,False,,,,,,,,8.0,,,,,,,,,,1.0,,,,,,,,,,2.0
akkord,False,,,,,,,,,,,,,,,,,,,,1.0,,,,,,,,
akku,False,,,,,,,,,,,,,,,,,,,,,,1.0,,,,,,
akkumulieren,False,,,,,,,,,,,,,,,,,1.0,,,,,,,,,,,
akkuschrauber,False,1.0,,,,,,,,,,,,,,,,,,,,,,,,,,,
akkür,False,,,,1.0,,,,,,,,,,,,,,,,,,,,,,,,
akronym,False,,,,,,,,,1.0,,,,,,,,,,,,,,,,2.0,,,
akronyme,False,,,,,,,1.0,,1.0,,,,,,,,,,,,,,,,,,,
akt,False,,,1.0,,,,,,,,,,,1.0,,,,,,,,,,,,,,1.0
akte,False,,,,,3.0,4.0,,,,,1.0,,,2.0,,,,,,,,,,,,,,
aktenlage,False,,,,,,1.0,,,,,,,,,,,,,,,,,,,,,,
aktenschränken,False,,,,,,,,,,,,,,1.0,,,,,,,,,,,,,,
aktenstudium,False,,,,,,1.0,,,,,,,,,,,,,,,,,,,,,,
aktensystem,False,,,,,,,,,,,,,,1.0,,,,,,,,,,,,,,
aktenzeichen,False,,,,,,,,,,,,,,,,,,,,,,,1.0,,,,,
akteur,False,,,,,5.0,,,1.0,,,,,,,,2.0,,,,,2.0,1.0,,,1.0,2.0,,
akteurin,False,,,,,,,,,,,1.0,,,,,,,,1.0,,,,,,,,,
akteurinn,False,,,,,,,,1.0,,,,,,,,,,,,,,,,,,,,
aktion,False,1.0,,,,1.0,,2.0,,,1.0,,1.0,,,,,,,,,,,,,,1.0,,
aktiv,False,,2.0,,3.0,3.0,3.0,1.0,7.0,,1.0,2.0,2.0,,4.0,2.0,3.0,2.0,,,,,2.0,1.0,,1.0,6.0,3.0,
aktivieren,False,1.0,,,,,,1.0,,,,,,,,,,,,,,,,,,,,,
aktivismus,False,,,,,,,,,1.0,,,3.0,,,,,,,,,2.0,,,,,9.0,,
aktivismusmittel,False,,,,,,,,,,,,,,1.0,,,,,,,,,,,,,,
aktivist,False,,1.0,,,3.0,,,,,2.0,,,,1.0,2.0,,,1.0,1.0,,,,,,,4.0,,
aktivistenorganisationen,False,,,,,,,,,1.0,,,,,,,,,,,,,,,,,,,
aktivistie,False,,,,,,,,,1.0,,,,,,,,,,,,,,,,,,,
aktivistin,False,,,,,1.0,,,,,,,,,,,,,,,,,,,,,,,
aktivistinn,False,,,,,,,,,,,,,,1.0,,,,,,,,2.0,,,,,,
aktivistisch,False,1.0,,1.0,,,,,,1.0,,,,,3.0,4.0,1.0,,,1.0,,1.0,2.0,1.0,,,1.0,,
aktivität,False,,,,,,,,,,,,,,,1.0,,,,,,,,,,,,,
aktualisieren,False,,,,,,,,,,,,,,,,,,,,4.0,,,,,,,,
aktualisierung,False,,,,,,,,,,,,,,,,,,,,1.0,,,,,,,,
aktualität,False,,,,,,,,,,,,,,,,,,,,,,,,,,,2.0,
aktuell,False,1.0,9.0,3.0,3.0,2.0,4.0,2.0,,2.0,12.0,,6.0,1.0,3.0,2.0,4.0,1.0,1.0,3.0,3.0,12.0,1.0,3.0,2.0,1.0,4.0,2.0,3.0
akustiker,False,1.0,,,,,,,,,,,,,,,,,,,,,,,,,,,
akustisch,False,4.0,,,,,,,,,,,,,,,,,,,,,,,,,1.0,,
akut,False,,,,,,,,,,,,,,,,1.0,,,,,,,,,,1.0,,
akws,False,,,,,,,,,,,,1.0,,,,,,,,,,,,,,,,
akzeptabel,False,,,,2.0,,,,,,,,,,,,,,,,,,,,,,,,
akzeptabl,False,,,,,,,,,,,,,,,,,,,,1.0,,,,,,,,
akzeptanz,False,,,,,,,,,,,,,1.0,,,,,,1.0,,,2.0,,,,,,
akzeptieren,False,,,,,,,,,8.0,2.0,,,2.0,,,,1.0,,,2.0,,,,,,,,
alarm,False,,,,,,,,,,,,,,,,,,,,,,,,1.0,,,1.0,
alarmglocke,False,,,,,,,,,,2.0,,,,,,,,,,,,,,,,,,
alarmieren,False,,,2.0,,,,,,,,,,,,,,,,,,,,,,,,,
alarmismus,False,,,,,,,,,,,,,,,,,,,,,,,,,,,,1.0
albern,False,,,,,,,1.0,,,,,2.0,,,,,,,,,,,,,,,,
albtraum,False,,,,,,,,,,,,,,,,,,,,,,,,,,1.0,,
alert,False,,,,,,,,,,,,,,,,,,,,,,,,,,1.0,,
alexa,False,,,,,,,,,,,,,,,,,,,,2.0,,,,,,,,
algerisch,False,,,,,,,,,,1.0,,,,,,,,,,,,,,,,,,
algorithm,False,,,,,,,,,,,,,,,,,,,,,,,,,,1.0,,
algorithme,False,1.0,,,,,,1.0,,,,,,,,,,,,,,,,,,,,,
algorithmisch,False,,,,,,,,,,,,,,,,1.0,,,,,,,,,,,,
algorithmus,False,,4.0,,,,,,,,,,,,,,,,,,,,,,,,,,
alibaba,False,,,,,,,,,,,,,,,,1.0,,,,,,,,,,,,
alice,False,,1.0,,,,,,1.0,,,,,,,,,,,,,,,,,,,,
alina,False,,,,,,,,,,,,,,,,,,,,,9.0,,,,,,,
aline,False,,,,,,,,,,,,,,,,,,,,,14.0,,,,,,,
alipositas,False,,,,1.0,,,,,,,,,,,,,,,,,,,,,,,,
alkohol,False,,,,,,,,,,,,,4.0,,,,,,,,,,,,,,,
all,False,4.0,2.0,5.0,2.0,2.0,3.0,1.0,1.0,,2.0,1.0,3.0,2.0,2.0,4.0,,1.0,2.0,,2.0,,4.0,1.0,,,4.0,,1.0
alle,True,32.0,56.0,26.0,39.0,47.0,19.0,36.0,13.0,36.0,22.0,20.0,20.0,27.0,33.0,33.0,25.0,21.0,15.0,28.0,31.0,138.0,31.0,23.0,31.0,16.0,36.0,30.0,15.0
allein,True,1.0,,,2.0,,,1.0,,2.0,1.0,,2.0,1.0,,1.0,,2.0,,,,2.0,2.0,1.0,,,,,
alleine,False,1.0,1.0,,1.0,,,,,1.0,,,3.0,1.0,1.0,1.0,1.0,1.0,,,1.0,2.0,2.0,,2.0,,3.0,,4.0
alleinerziehend,False,,,,,,,,,,,,,1.0,,,,,,,,,,,,,,,
alleingang,False,,,,,,,,,,,,,,,,,,,,,2.0,,,,,,,
alleinig,False,,,,,,,,,,,,,,,,,,,,1.0,,,,,,1.0,,
alleinigern,False,,,,,,1.0,,,,,,,,,,,,,,,,,,,,,,
alleinstehende,False,,,,,,,,,,,,,1.0,,,,,,,,,,,,,,,
alleinstehender,False,,,,,,,,,,,,,1.0,,,,,,,,,,,,,,,
aller,True,18.0,30.0,15.0,28.0,25.0,6.0,21.0,13.0,29.0,26.0,4.0,17.0,10.0,9.0,34.0,15.0,16.0,9.0,22.0,13.0,68.0,32.0,11.0,14.0,4.0,30.0,19.0,30.0
allerb,False,,,,,,,,,,,,,,,,1.0,,,,,,,,,,,,
allerbe,False,,,,,,,,,,,,,,,,1.0,,,,,,,,,,,,
allerdings,True,2.0,,,1.0,,,1.0,,,6.0,1.0,,3.0,,1.0,,2.0,1.0,,1.0,4.0,,1.0,2.0,1.0,,3.0,
allereinfachst,False,,,1.0,,,,,,,,,,,,,,,,,,,,,,,,,
allererster,False,,,,1.0,,,,,,1.0,,,,,,2.0,,1.0,,,,,,,,1.0,,
allergrößt,False,,,,,,,,,,,,,,,,3.0,,,,,,,,,,,,
allergrößter,False,,,,,,,,,,,,,,,,,,,,,,,,,,1.0,,
allerletzt,False,,1.0,,,,,,,,,,,,,,,,,,,,,,,,,,
allerletzter,False,,,,,,,,1.0,,,,1.0,,,,,,,,,,,,,,,,
allermeister,False,2.0,,1.0,,2.0,,,,,,,,1.0,,,1.0,,,,,,,,,,1.0,,
allerneuest,False,,,,,,,,,1.0,,,,,,,,,,,,,,,,,,,
allerreinfachst,False,,,1.0,,,,,,,,,,,,,,,,,,,,,,,,,
allerschlimmste,False,,,,,,,,,,,,1.0,,,,1.0,,,,,,,,,,,,
allerweitest,False,,,,,,,,,,,,,,,1.0,,,,,,,,,,,,,
allerwertester,False,,,,1.0,,,,,,,,,,,,,,,,,,,,,,,,
allerwichtig,False,,1.0,,,,,,,,,,,,,,,,,,,,,,,,,,
allerwichtigste,False,,,1.0,,,,,,,,,,,,,,,,,,,,,,,,,
allgemein,True,1.0,,1.0,,2.0,1.0,3.0,1.0,,6.0,,1.0,1.0,,,,,,1.0,1.0,8.0,,,,2.0,,1.0,2.0
allgemeine,True,,,,,,,,,,,,,,,,,,,,,,,,,,,,1.0
allgemeinen,True,,,,,,,,,,,,,,,,,,,1.0,,,,,,,,,
allgemeinheit,False,,,,,1.0,,,,,,,2.0,,,,,,,,,,,,,,,,
allgemeinkompatibel,False,,,,,,,,,,,,,,,,,1.0,,,,,,,,,,,
allgemeinwissen,False,,,,,,,,,,,,,,,,,,,1.0,,,,,,,,,
allheilmittel,False,,,,,,,,,,,,,,,,,,,,,,,1.0,,,,,
alliance,False,,,,,,,,,,,,,,,,,,,1.0,,,,,,,,,
allianz,False,,,,,,,,,,,,,,,,,,,,,2.0,,,,,,,
allianzenbildung,False,,,,,1.0,,,,,,,,,,,,,,,,,,,,,,,
alltag,False,3.0,1.0,,,,,,6.0,,,,1.0,,1.0,,,,,,2.0,6.0,4.0,,,,1.0,2.0,3.0
alltagserfahrung,False,,,,,,,,,,,,,,,,,1.0,,,,,,,,,,,
alltagsgebrauch,False,,,,,,,,,,,,,,1.0,,,,,,,,,,,,,,
alltagsjob,False,,,,,,,,,,,,,,,,,,,,,,,,1.0,,,,
alltagsjobs,False,,,,,,,,,,,,,,,,,,,,,,,,1.0,,,,
alltagssprache,False,,,,,,,,,,,,,,,1.0,,,,,,,,,,,,,
alltäglich,False,,,,,1.0,,,,,,,,,,3.0,,,,,,,,1.0,,,,,
allzu,False,,,,1.0,,,,,,,,,,,,1.0,,,,,,,,,,,,
alpen,False,1.0,,,,,,,,,,,,,,,,,,,,,,,,,,,
alphabet,False,,1.0,,,,,,,,,,,,,,,,,,,,,,,,,,
als,True,36.0,43.0,51.0,48.0,44.0,35.0,43.0,28.0,34.0,30.0,29.0,99.0,21.0,22.0,36.0,27.0,43.0,34.0,37.0,43.0,120.0,53.0,32.0,22.0,15.0,64.0,48.0,26.0
also,True,186.0,248.0,238.0,233.0,215.0,156.0,202.0,167.0,239.0,159.0,55.0,266.0,89.0,102.0,240.0,138.0,120.0,131.0,168.0,182.0,642.0,230.0,102.0,92.0,74.0,151.0,179.0,55.0
alt,False,4.0,3.0,3.0,6.0,2.0,2.0,9.0,4.0,3.0,,,11.0,1.0,1.0,8.0,,3.0,,,9.0,10.0,2.0,1.0,4.0,2.0,1.0,6.0,1.0
altbekannt,False,,,,,,,,,,,,,,,,,,,,,,,,,1.0,,,
altbekannter,False,,,,,,,,,,,,,,,,,,,,,,,,,1.0,,,
alte,False,,,,,,,,,,,,,,,,,,,,,,,,,,,,1.0
alter,False,2.0,2.0,,1.0,,,,1.0,1.0,,,1.0,,,,,,,,1.0,2.0,,,,,,,
alternativ,False,1.0,,,,,,,,1.0,1.0,,,,1.0,,,,,,,,,,,,,,
alternative,False,,,1.0,,1.0,,1.0,,,,,,,,8.0,,1.0,,,4.0,2.0,,,,,,,
alternativkonzept,False,,,,,,,,,,,,,,,1.0,,,,,,,,,,,,,
alternativlos,False,,,,,,,,,,,,,,,,,,,,,,,,,,1.0,,
alternd,False,,,,,,,,,,,,,,,,,,1.0,,,,,,,,,,
altersabhängig,False,,,,,,,,,,,,,,,,,,,,1.0,,,,,,,,
altersbedingt,False,1.0,,,,,,,,,,,,,,,,,,,,,,,,,,,
altersfreigabe,False,,,,,,,,,1.0,,,,,,,,,,,,,,,,,,,
altersgrenze,False,,,,,,,,,,,,,,,,,,,1.0,,,,,,,,,
altersverifikation,False,,,,,,,,,,,,,,,,,,,,,2.0,,,,,,,
altersverifizierung,False,,,,,,,,,,,,,,,,2.0,,,,,,,,,,,,
am,True,4.0,1.0,1.0,,2.0,2.0,4.0,,,1.0,,8.0,1.0,1.0,,4.0,2.0,1.0,,1.0,13.0,6.0,,2.0,,6.0,,3.0
amateurhaft,False,,,,,,,,,,,,,,,,,,,,,2.0,,,,,,,
amazon,False,,,,1.0,1.0,,,1.0,,,,2.0,1.0,,,2.0,6.0,,,1.0,,2.0,,,,,1.0,
ambitioniert,False,,,,2.0,,,,,,,,,,,,,,,,,,,,,,,,
ambivalent,False,,,,,,,,,,,,3.0,,,,,,,,,,3.0,,,,,,
ambivalenz,False,,,,,,,,,,,,,,,,,,,,,,2.0,,,,,,
ambulanzistin,False,,,,,,,1.0,,,,,,,,,,,,,,,,,,,,,
amerika,False,,,,,,,,,,,,3.0,,,,,,,,,,,,,,,,
amerikalisierung,False,,,,,,,,,,,,1.0,,,,,,,,,,,,,,,,
amerikaner,False,,,,,,,,,,,,2.0,,,,,,,,,,1.0,,,,,,1.0
amerikanisch,False,,,,3.0,,,,,6.0,,,5.0,,,,1.0,,,,,6.0,,,,,1.0,,1.0
amerikanisieren,False,,,,,,,,,,,,2.0,,,,,,,,,,,,,,,,
amerikanisiert,False,,,,,,,,,,,,1.0,,,,,,,,,,,,,,,,
amerikanisierung,False,,,,,,,,,,,,1.0,,,,,,,,,,,,,,,,
ami,False,,,,,,1.0,,,1.0,,,1.0,,,,,,,,,,2.0,,,,,,
amnesty,False,,,,,2.0,,,,,,,,,,,,,,,,,1.0,,,,1.0,,
amoranda,False,,,,,,,,,,,,,,,,,,,,,2.0,,,,,,,
amount,False,,,,,,,1.0,,,,,,,,,,,,,,,,,,,,,
ampel,False,1.0,,,,,,18.0,,,,1.0,,,2.0,2.0,,,,,,16.0,,,,,,,
ampelfarbe,False,,,,,,,,,,,,,,,,,,,,,,,,,,1.0,,
ampelkoalition,False,,,,,,,2.0,,,,,,,,,,,,,,,,,,,,,
ampelparteie,False,,,,,,,,,,,1.0,,,,,,,,,,5.0,,,,,,,
ampelregierung,False,,,,,,,5.0,,,,,,1.0,,1.0,,,,,,,,,,,,,
amri,False,,,,,,1.0,,,,,,,,,,,,,,,,,,,,,,
amt,False,,,,,,,,,,2.0,,,3.0,4.0,,,,,1.0,1.0,,,,,1.0,1.0,,7.0
amthor,False,,,,,,,,,,,,,,,,,,,,,,,,,2.0,,,
amtlich,False,,,,,,,,,,,,,,,,,,,,,,,,,,,,1.0
amtlicher,False,,,,,,,,,,,,,,,,,,,,,,,,,,,,1.0
amtseid,False,,,,,,,,,,,,,,,,,,,,,,,,,1.0,,,
amtseinführung,False,,,,,,,,,,,,,,,,,,,,,,,,,,,,2.0
amtsgäng,False,,,,,,,,,,,,,,,,,,,,1.0,,,,,,,,
amtshörer,False,,,,,,,,,,,,,,,,,,,,,,,,,,,,1.0
amtsinhaber,False,,,,,,,,,,,,,,,,,,,,,,,,,,,,2.0
amtsnämmchen,False,,,,,,,,,,,,,,,,,,,,,,,,,,,,1.0
amtsträger,False,,,,,,,,,,,,,,,,,,,,,,,,,,,,3.0
amtswege,False,,,,,,,,,,,,,,,,,,,,,,,,,,,,1.0
amtszeit,False,,,,,,,,,,,,,,,,,,,,,,,,,,,,3.0
amüsieren,False,,,,,,3.0,,,,,,,,,,,,,,,,,,,,,,
an,True,81.0,87.0,67.0,77.0,63.0,41.0,70.0,39.0,67.0,55.0,39.0,86.0,45.0,44.0,67.0,39.0,46.0,38.0,64.0,50.0,140.0,58.0,63.0,47.0,31.0,72.0,58.0,44.0
analog,False,,2.0,2.0,,,,,,1.0,,,,,,,,,,1.0,40.0,,,,,,,,
analoge,False,,,,,,,,,,,,,,,,,,,,3.0,,,,,,,,
analogie,False,,1.0,,,4.0,,,,,,,3.0,,,1.0,,,,,,,,,,,,,
analogon,False,,,,,,,,,,,,,,,,,,,,,,2.0,,,,,,
analyse,False,,,,,6.0,,1.0,1.0,1.0,,,1.0,2.0,,,,,,,,,,2.0,,1.0,1.0,,
analysezweck,False,,,,,,,,,,,,,,,1.0,,,,,,,,,,,,,
analysierbar,False,,,,,,,,,,,,,,,,,,,,,2.0,,,,,,,
analysiere,False,,,,,,,,,,,,,,,,,,,,,1.0,,,,,,,
analysieren,False,,,,,,,,1.0,,,,,1.0,,,,,,,,5.0,,,,,2.0,,2.0
anbahnung,False,,2.0,,,,,,,,,,,,,,,,,,,,,,,,,,
anbahnungsversuch,False,,2.0,,,,,,,,,,,,,,,,,,,,,,,,,,
anbahnungsversuche,False,,4.0,,,,,,,,,,,,,,,,,,,,,,,,,,
anbeziehung,False,,,,,,,,,1.0,,,,,,,,,,,,,,,,,,,
anbieten,False,3.0,1.0,1.0,,3.0,,4.0,,4.0,,,,1.0,,1.0,1.0,7.0,,,7.0,8.0,,,1.0,,2.0,4.0,1.0
anbieter,False,1.0,8.0,6.0,,10.0,,1.0,3.0,8.0,,,,9.0,,3.0,,10.0,,,3.0,16.0,,,,,,6.0,
anbieterauswahl,False,,,,,,,,,,,,,,,,,,,,1.0,,,,,,,,
anbieterin,False,,1.0,,,,,,,,,,,,,,,,,,,,,,,,,,
anbieterinn,False,,4.0,,,,,,,,,,,,,,,,,,,,,,,,,,
anbieterperspektive,False,,,,,,,,,,,,,,,,,1.0,,,,,,,,,,,
anbietersicht,False,,,,,,,,,,,,,,,,,,,,,,,,,,1.0,,
anbringen,False,1.0,,,,,,,,,,,1.0,,,,,,2.0,,,,,,,,,,1.0
anchor,False,,,,,,,,,,,,,,,,,4.0,,,,,,,,,,,
and,False,,,,,,,,1.0,,1.0,1.0,2.0,,,,,,,,,,,,,,,,
andachen,False,,,,2.0,,,,,1.0,,,,,,,,,,,,,,,,,,,
andauernd,False,,,,,,,,,,,,,,,,,,,,,,,,,1.0,,,
anderer,True,32.0,43.0,35.0,47.0,50.0,13.0,26.0,31.0,40.0,31.0,12.0,30.0,17.0,22.0,41.0,23.0,27.0,28.0,27.0,24.0,117.0,44.0,11.0,26.0,13.0,30.0,39.0,23.0
andererseits,False,3.0,2.0,1.0,1.0,3.0,,1.0,,1.0,,,3.0,1.0,,1.0,,,1.0,,1.0,6.0,2.0,1.0,2.0,1.0,1.0,,
anders,True,7.0,5.0,3.0,11.0,7.0,4.0,11.0,6.0,12.0,4.0,5.0,12.0,4.0,4.0,14.0,2.0,7.0,2.0,4.0,9.0,16.0,3.0,2.0,3.0,3.0,13.0,5.0,9.0
andersartig,False,1.0,,,,,,,,,,,,,,,,,,,,,,,,,,,
andersherum,False,,,,,,,,,,,1.0,,,,,,,,,,,,,,,,,
andersrum,False,2.0,1.0,1.0,1.0,1.0,,1.0,,,1.0,,2.0,1.0,,,,1.0,,1.0,1.0,,1.0,,,,,1.0,
anderswo,False,,,,,,2.0,1.0,,,,,1.0,,,1.0,,1.0,,1.0,,,6.0,,,,,,
anderthalb,False,,,,,,,1.0,,,,,,1.0,,,,,,1.0,,,,,,,,,
anderweitig,False,,,,,,,,,,,,,,,,,,,,,,,,,1.0,,,
andeuten,False,,,,,,,,,,,,1.0,,,,,1.0,,1.0,,,,,,,,1.0,
andeutung,False,,,,,,,,,,,,,,,,,,,,,,,,,,,1.0,
andocken,False,,,,1.0,,,,,,,,,1.0,,,1.0,,,,,,,,,1.0,,,
andre,False,,,,,,7.0,,,,,,,,,,,,,,,,,,,,,,
andrea,False,,,,,,,,,,,,,7.0,,,,,,,,,,,,,,,
andreas,False,,,,,1.0,,,,,,,,,,,,,,,,,,,,,,,
androhen,False,1.0,,,,,,,,,,,,,,,,,,,,,,,,,,,
android,False,1.0,,,,1.0,,,,,,,,,,,,5.0,,,,,,,,,,,
andy,False,1.0,,,,1.0,,,,,,,,,,,,,,,,,,,,,,,
aneinand,False,,,,,,,,,,,,1.0,,,,,,,,,,,,,,,,
aneinandergeraten,False,,,,,,,,,,,,,,,,,,1.0,,,,,,,,,,
aneinanderreihung,False,,,,,,,,,,,,,,,,,,,,,,,,,,1.0,,
anekdote,False,,,1.0,,,1.0,,,,,,1.0,,,,,,,,,,,,2.0,2.0,,,
anekdotisch,False,2.0,,,,,,2.0,1.0,,,,,,,,,,1.0,,,,,,,,,,
anerkannt,False,,,,,,,,,,2.0,,,,,,,,,,,5.0,,,,,,,
anerkanntermaßen,False,,,,,,,,,,,,,1.0,,,,,,,,,,,,,,,
anerkennen,False,,,,4.0,,,,1.0,1.0,1.0,,,,,,,,,,,,,,,,,,
anfahrt,False,,,,,,,,,,,,,,,,,,,,,,,,1.0,,,,
anfallen,False,1.0,,,2.0,,,1.0,,,,,,1.0,,11.0,,,,,,,1.0,,,,,,
anfang,False,11.0,4.0,2.0,6.0,5.0,10.0,11.0,7.0,5.0,15.0,4.0,7.0,10.0,3.0,8.0,3.0,5.0,2.0,1.0,7.0,4.0,3.0,14.0,6.0,4.0,12.0,6.0,1.0
anfangen,False,7.0,10.0,2.0,1.0,2.0,4.0,6.0,5.0,3.0,,2.0,8.0,7.0,2.0,5.0,3.0,5.0,2.0,5.0,2.0,4.0,2.0,,5.0,3.0,7.0,3.0,2.0
anfangs,False,,,,,,,,1.0,,,,,,,1.0,,,,,,,,,1.0,,,1.0,
anfangsbuchstabe,False,,,,,1.0,,,,,,,,,,,,,,,,,,,,,,,
anfangsfrage,False,,,,1.0,,,,,,,,,,,,,,,,,,,,,,,,
anfangspunkt,False,,,,,,,,,,,,,1.0,,,,,,,,,,,,,,1.0,
anfangsverdacht,False,,,1.0,,,,,,,,,,,,,,,,,,,,,,,,,
anfangszeichen,False,,,,,,,,,,,1.0,,,,,,,,,,,,,,,,,
anfangszeit,False,,,,,,,,,,,,,1.0,,,,,,,,,,,,,,1.0,
anfassen,False,2.0,,,,,,,,1.0,,1.0,,1.0,,,,2.0,,,,,,,,,,,
anfechtbar,False,,,,,,,,,,,,,,,,,,,,,,,,,1.0,,,
anfechten,False,1.0,,,,,,,,,,,,,,,,,,,,,,,,,,,
anfertigen,False,,,,,,,,,,1.0,,,,,,,,,,,,,,,,,,
anfing,False,,,,,,,,1.0,,,,,,,,,,,,,,,1.0,,,,,
anfinge,False,,,,,,,,,,,,,,,,,,,,,,,,,,,1.0,
anflug,False,,,,,,,,1.0,,,,,,,,,,,,,,,,,,,,
anfordern,False,,,,,2.0,,,1.0,,1.0,,,,,,,,,,,,,,,,,,
anforderung,False,4.0,,1.0,,,,1.0,2.0,,,,,2.0,,2.0,,,,,7.0,2.0,,,1.0,,1.0,,
anforderungsdokument,False,,,,,,,,,,,,,,,1.0,,,,,,,,,,,,,
anforderungskatalogen,False,,,,,,,,,,,,,1.0,,,,,,,,,,,,,,,
anforderungsliste,False,,,,,,,,,,,,,1.0,,,,,,,,,,,,,,,
anfrage,False,,,2.0,,,,,,1.0,,,,,14.0,1.0,,,,5.0,,,,1.0,1.0,,1.0,23.0,5.0
anfragen,False,,,,,2.0,,1.0,,,,,,,1.0,2.0,2.0,1.0,,,,,,,,,,2.0,
anfragend,False,,,,,,,,,,,,,,,,,,,,,,,,1.0,,,,
anfrageserie,False,,,,,,,,,,,,,,,,,,,,,,,,,,1.0,,
anfronten,False,,,,,,,,,,,,,,,,,,,,,2.0,,,,,,,
anfällig,False,,,,,,,,,,,,2.0,,,,,,,,,,,,,,,,
anfänger,False,,,,1.0,,,,,,,,,,,,,,,,,,,,,,,,
anfühlt,False,,,,,,,,,,,,,,,,,,,,,,,1.0,,,,,
anführen,False,,1.0,,,,,,2.0,,,,,,,,,,,,,,,,,,,,
anführungsfrage,False,,,,,,,,,,,,,,,,,,,,,,,,,,,1.0,
anführungsstrich,False,,1.0,,1.0,,,,,,,,,,,,,,,,,,,1.0,,,,,
anführungsstrichen,False,1.0,3.0,,,1.0,,,,,,1.0,1.0,,2.0,,,,,2.0,,,,,,,,,
anführungsstrichl,False,,,,,,,,,,,,,,,,,,,,,,,,1.0,,,,
anführungszeich,False,1.0,1.0,,1.0,1.0,,,,,,,1.0,2.0,,1.0,,,,,,,,,,,1.0,1.0,
anführungszeichen,False,1.0,1.0,1.0,,,,,,,,2.0,1.0,,,,,,,,,2.0,1.0,,,,3.0,2.0,
angabe,False,,,,,1.0,,1.0,,,,,,,,,,,,,3.0,,,,,,,,
angangen,False,,,,,,,1.0,,,,,,,,,,,,,,,,,,,,,
angeben,False,,,,,,,,,,1.0,,,,,,,1.0,,,2.0,2.0,,,,1.0,,,
angeblich,False,,,,,4.0,,2.0,,,,,,,,,1.0,,,,,,,,,1.0,1.0,,
angeboren,False,,,,1.0,,,,,,,,,,,,,,,,,,,,,,,,
angebot,False,6.0,,1.0,,,,2.0,,7.0,,,,1.0,,,,,,,11.0,2.0,,1.0,,,,,1.0
angebotsseite,False,,,,,,,,,1.0,,,,,,,,,,,,,,,,,,,
angebracht,False,,1.0,,,,,,,,,,,,,,,,,,,,,,,,,,
angedeutet,False,,,1.0,,,,,,,,,,,1.0,,,,,,,,,,,,,1.0,
angefragt,False,,,,,1.0,,,,,,,,,,,,,,,,,,,,,,,
angefühlt,False,,,1.0,,,,,,,,,,,,,,,,,,,,,,,,,
angegangen,False,,,,,,,,,,,,,,,,,1.0,,,,2.0,,,,,,,
angeguckt,False,,,1.0,1.0,1.0,,,,,,,1.0,,,,,,,1.0,,2.0,,2.0,,,,,
angehaucht,False,,,,,,,,,,,,,,,,,,,,,,,,,1.0,,,
angehen,False,6.0,,2.0,2.0,1.0,,2.0,6.0,1.0,2.0,1.0,1.0,2.0,1.0,2.0,4.0,,4.0,3.0,3.0,11.0,8.0,3.0,1.0,2.0,2.0,,
angehören,False,,,,,,,,,,1.0,,,,,,,,1.0,1.0,,,,,,,,1.0,
angehörige,False,,,,,,,,,,,,,,,,,,,,,,1.0,,,,,,
angeklickt,False,,,1.0,,,,,,,,,,,,,,,,,,,,,,,,,
angeklungen,False,,,,,,,,,,,,,,,,,,,,2.0,,,,,,,,
angela,False,,,,,,2.0,,,,,,,,,,,,,,,,,,,,,,
angeleiert,False,,,,,,,,,,,,,,,,,,,,,2.0,,,,,,,
angelina,False,,,,,,,,,,,,5.0,,,,,,,,,,,,,,,,
angemacht,False,,,,,,,,,,,,,,,,,1.0,,,,,,,,,,,
angemessen,False,,2.0,,,,,1.0,,,,,,,,,,,,,1.0,,,,,,,,
angenacht,False,,,,1.0,,,,,,,,,,,,,,,,,,,,,,,,
angenehm,False,,,,,,,,,,,,,1.0,,,,,,,,,,,,,,,
angenommen,False,1.0,1.0,,,,,,,,,,,,,,,,,,,,,,,,,,
angerissen,False,,1.0,,,,,,,,,,,,,,,,,,,,,,,,,,
angeschaltet,False,1.0,,,,,,,,,,,,,,,,,,,,,,,,,,,
angeschaut,False,,,5.0,,,,,,,,,,,,,,,1.0,,,,,,,,,,
angeschnitten,False,,,,,,,,,,,,,,1.0,,,,,,,,,,,,,1.0,
angesichts,False,,,,,,,,,,,,,,,,,,,,,2.0,,,,,,,
angesprochen,False,,,,,,1.0,,,,1.0,,1.0,,,,,,,,,,,1.0,,,,1.0,2.0
angewandt,False,,1.0,,,,,,,,,,,,,,,,,1.0,,,,,,,,,
angewiesen,False,,,1.0,,,1.0,,,,,1.0,,,,,1.0,,,,1.0,,,,,,,,1.0
angibst,False,,,,,,,,,,,,,,,,,,,,1.0,,,,,,,,
angleichen,False,,,,,,,,,,,,1.0,,,,,,,,,,,,,,,,
angliedern,False,,1.0,,,,,,,,,,,,,,,,,,,,,,,,,,
angreifen,False,1.0,,,,3.0,,,2.0,1.0,,,,,1.0,3.0,1.0,,,,,2.0,,2.0,,,,,
angreifer,False,,,,,,,,10.0,2.0,,,,,,,,,,,,2.0,,,,,,,
angreifermodell,False,,,,,,,,1.0,,,,,,,,,,,,,,,,,,,,
angriff,False,,3.0,2.0,,,,,2.0,,,,2.0,,1.0,,,2.0,,,,10.0,,,,,,5.0,
angriffskrieg,False,,,,,,,,,,2.0,,,,,,,,,,,,,,,,,,
angriffsmodalität,False,,,,,,,,1.0,,,,,,,,,,,,,,,,,,,,
angriffspunkt,False,,2.0,,,,,,,,,,,,,,,,,,,,,,,,,,
angriffsschritte,False,,,,,,,,,1.0,,,,,,,,,,,,,,,,,,,
angriffsvektor,False,,,,,1.0,,,,,,,,,,,,,,,,,,,,,,,
angriffswahrscheinlichkeit,False,,,,,,,,1.0,,,,,,,,,,,,,,,,,,,,
angriffsweg,False,,,,,,,,,,,,,,,,,1.0,,,,,,,,,,,
angst,False,1.0,3.0,1.0,1.0,,,,,2.0,,,4.0,,2.0,1.0,1.0,,,1.0,2.0,,,,1.0,,1.0,,1.0
angstdemo,False,,,,,,,,,,,,,,,1.0,,,,,,,,,,,,,
angststörung,False,,,2.0,,,,,,,,,,,,,,,,,,,,,,,,,
angucke,False,,,,,,,,,,,,,,,,,,1.0,,,,,,,,,,
angucken,False,2.0,8.0,1.0,2.0,2.0,1.0,1.0,,1.0,,,6.0,2.0,2.0,2.0,,,2.0,1.0,1.0,7.0,11.0,3.0,3.0,,1.0,1.0,2.0
anguckst,False,,,,,,,,,,,,,,,,,,,,,1.0,,,,,,,
anhaben,False,,,,,,,,,,,,1.0,,,,,,,,,,,,,,,,
anhalten,False,1.0,,,,1.0,,,,,,,,,,,,,,,1.0,4.0,,,,,,,
anhaltspunkt,False,,,,,1.0,,,,,,,,,,,,,,,,,,,,,,,
anhand,False,,2.0,1.0,,,1.0,,,1.0,2.0,,,,,1.0,,,,,1.0,,,,,1.0,1.0,2.0,
anhanden,False,,,,,,,,,,,,,,,,,,,,,2.0,,,,,,,
anhang,False,,,,,,,,,,,,,,,,,,,1.0,,,,,,,,,
anhubt,False,,,,,,,,,,,,,,,,,,,,,,,,1.0,,,,
anhängen,False,,,,,,,,,,,,1.0,,,,,,,,,,,,,,,,
anhängig,False,,,,,,,,,,,,,1.0,,,,,,,,,,,,,,,
anhören,False,,,,,,1.0,1.0,,3.0,,1.0,2.0,,,,,,3.0,,,,1.0,,,,,,1.0
anhörend,False,,,,,,,,,,,,,,,,,,1.0,,,,,,,,,,
anhörung,False,,,,,6.0,1.0,,,1.0,,12.0,,,,2.0,,,24.0,4.0,,,,,,1.0,,,3.0
anhörungsphase,False,,,,,1.0,,,,,,,,,,,,,,,,,,,,,,,
anhörungsverfahren,False,,,,,1.0,,,,,,,,,,,,,,,,,,,,,,,
anibote,False,,,,,,,,,1.0,,,,,,,,,,,,,,,,,,,
anifast,False,,,,,,,,,1.0,,,,,,,,,,,,,,,,,,,
animation,False,1.0,,,,,,,,,,,,,,,,,,,,,,,,,,,
animo,False,,,,,,,,,,,,,,,,,,,,,,,,1.0,,,,
anis,False,,,,,,1.0,,,,,,,,,,,,,,,,,,,,,,
anja,False,,,,,,,,,7.0,,,,,,,,,,,,,,,,,,,
anker,False,,,,,,,,,,,,,,,,,,,1.0,,,,,,,,,
anklagen,False,,,,,,,,,,,,,,,,,,,,,,1.0,,,,,,
anklang,False,,,,,,,,,,,,,,,,,,,,,2.0,3.0,,,,,,
anklingen,False,,,,,,,,,,,1.0,,,,,,,,,,,,,,,,,
anklopfen,False,,1.0,,,,,,,,,,,,,,,,,,,,,,,,,,
anknüpfen,False,1.0,,,,,1.0,,,,,,,,,,,,,,3.0,,1.0,,,,,,
anknüpfend,False,,,,,,,,,,,,,,,,,,,,2.0,,,,,,,,
anknüpfung,False,,,,,,,,,,,,,,,,,,,,,,,,,1.0,,,
anknüpfungspunkt,False,,,,,,,,,,,,,,,,,,,,,,3.0,,,1.0,,,
ankommen,False,,3.0,3.0,,,,,,2.0,,1.0,,3.0,1.0,2.0,,2.0,,1.0,,,,,2.0,,1.0,2.0,
ankommensprozess,False,,,,,,,,,,,,,,,,,,,1.0,,,,,,,,,
ankreiden,False,,,,,,,2.0,,,,,,,,,,,,,,,,,,,,,
ankreuztest,False,,,1.0,,,,,,,,,,,,,,,,,,,,,,,,,
ankämpfen,False,,,,,,,,,1.0,,,,,,,,,,,,,,,,,,,
ankündigen,False,,,,,,,2.0,2.0,,,,,,,,,,,,,6.0,,,,,,,
anlass,False,,2.0,1.0,1.0,,,,,,1.0,,2.0,1.0,,2.0,,1.0,,,,,,,,,1.0,,
anlassbezog,False,,,,,,,,,,,,,,,1.0,,,,,,,,,,,,,
anlasslos,False,,2.0,,,,,8.0,,,,,,,,16.0,,,,,,2.0,,,,,,,
anlasslosen,False,,,,,,,,,,,,,,,1.0,,,,,,,,,,,,,
anlassloses,False,,,,,,,,,,,,,,,1.0,,,,,,,,,,,,,
anlasslosspeicherung,False,,,,,,,,,,,,,,,1.0,,,,,,,,,,,,,
anlauf,False,,,,,,,,1.0,,,,,,,,,,,,,,,,,,2.0,,
anlaufen,False,,,,,,,,,,,,,,,,1.0,,,,,,,,,,,,
anlegen,False,,,2.0,,,,1.0,,,,,,,1.0,3.0,,3.0,,,4.0,,,,,,,,
anlehnen,False,,,,,,1.0,,,,,,,,,,,,,,,,,,,,,,
anleitung,False,,,,,,,,1.0,,,,,,1.0,1.0,,,,,,,,,,,,1.0,
anliegen,False,,,1.0,,,,1.0,,,,,,,,,,,,1.0,,2.0,,,,,2.0,,
anmachen,False,,,,,2.0,,,,,,,,,,,,,,,,,,,,,,,
anmachversuch,False,,1.0,,,,,,,,,,,,,,,,,,,,,,,,,,
anmelden,False,,,2.0,,,,,,1.0,,,,,,,,,1.0,,2.0,,,1.0,,,,1.0,
anmeldung,False,,,1.0,,,,,,,,,,,,,,1.0,,,,,,,,,,,
anmerken,False,,,,1.0,1.0,,,,,,,1.0,,,,1.0,,1.0,,,,,,,,,1.0,1.0
anmerkung,False,,,,,,,,,,,,1.0,,,,,,,,,,,,,,,,
ann,False,,,,,,,,,,,,1.0,,,,,,,,,,,,,,,,
anna,False,,,,,,8.0,,,,,1.0,,7.0,,,,,,,,,,,,,,,
annahme,False,,3.0,,,2.0,,1.0,,,1.0,,,,,1.0,,,,,,,,1.0,,,,,
anne,False,,,,,,,,,,,1.0,,,,,,,,,,,,,,,,,
annehmen,False,,1.0,,3.0,2.0,2.0,,2.0,2.0,3.0,,1.0,2.0,,1.0,,1.0,,1.0,3.0,,,1.0,1.0,,3.0,2.0,2.0
anni,False,,,,,,,,,,,,,,,,,,,,,,,,,,1.0,,
annotieren,False,,,,,,,,,,,,,,,,,,,,,,2.0,,,,,,
annähern,False,,,,,,,,,,,,,,,1.0,,,,,,,,,,,,,
annähernd,False,,,,,1.0,,,,,,,,,,,,,,,,,2.0,,,,,,
anomalie,False,,,,,,1.0,,,,,,,,,,,,,,,,,,,,,,
anonym,False,1.0,6.0,,5.0,,,,,,,,1.0,,,,,1.0,,,,2.0,,,,,,,
anonymen,False,,,,1.0,,,,,,,,,,,,,,,,,,,,,,,,
anonymisiert,False,,,,,,,,,,,,1.0,1.0,,,,,,,,,,,,,1.0,,
anonymisierung,False,,,,1.0,,,,,,,,,,,,,,,,,2.0,,,,,,,
anonymität,False,,1.0,,1.0,,,,,,,,2.0,,,,,,,,,4.0,,,,,,,
anordnen,False,,3.0,,,,,,,,,,,,,,,,,,,,,,,,,,
anordnung,False,1.0,1.0,,,1.0,,,,,,,,,,,,,,,,,,,,,,,
another,False,,,,,,,,,,1.0,,,,,,,,,,,,,,,1.0,,,
anpassbarkeit,False,1.0,,,,,,,,,,,,,,,,,,,,,,,,,,,
anpassen,False,3.0,1.0,,,,,,,,,,,,,2.0,,,,1.0,,,,,,,,2.0,
anprangern,False,,,,,,,,,,,,,,,,,,,,,,1.0,,,,,,
anrax,False,,,,,,,,,,,,1.0,,,,,,,,,,,,,,,,
anregend,False,1.0,,,,,,,,,,,,,,,,,,,,,,,,,,,
anreichen,False,,,,,,,,1.0,,,,,,,,,,,,,,,,,,,,
anreicheren,False,,,,,,,,,,,1.0,,,,,,1.0,,,,,,,,,,,
anreisen,False,,,,,,,,,,,,,,,,,1.0,,,,,,,,,,,
anreiz,False,,,,,,,1.0,,,,,,2.0,,,,,,,,,2.0,,,,,,
anreißen,False,,,,,,,,,,,,,,,,,,,1.0,,,,,,,,,
anrichten,False,,,,,,,,,,,,,,,,,,,,,,,,,,1.0,,
anrissen,False,,1.0,,1.0,,,,,,,,,,,,,,,,,,,,,,,,
anrufen,False,,2.0,3.0,,,,,,,,,,,,2.0,,,,,,,,,,1.0,1.0,,
anrufkampagn,False,,,,,,,,,,,,,,,,,,,,,,,,,,1.0,,
anrufzentrale,False,,,,,,,,,,,,,,,,,,,,,,,,,,1.0,,
ansag,False,,,,,,,1.0,,,,,,,,,,,,,,,,,,,,,
ansage,False,,,,,,,1.0,,,,,,,,,,,,,,,,,,,,,
ansagen,False,,,,,,,3.0,,,1.0,,,,,,,,,,,,,,,,,,
ansammlung,False,,,,1.0,,,,,,,,,,,,,,,,,,,,1.0,,,,
ansatz,False,,4.0,,3.0,,,,2.0,,,1.0,1.0,,1.0,2.0,4.0,,,,1.0,23.0,2.0,,,1.0,,2.0,1.0
ansatzpunkt,False,,,,,1.0,,,,,,,,,,,,,,,,,,,,,,,
anschaffen,False,,,,,,,,,,,,,,,,,,,,,,,,1.0,,,,
anschaffung,False,,,,,,,,,,,,,,,1.0,,,,,,,,,1.0,,,,
anschauen,False,4.0,2.0,6.0,,,1.0,,1.0,,3.0,,1.0,,2.0,1.0,1.0,1.0,,,2.0,,,4.0,2.0,1.0,2.0,,2.0
anschein,False,,,,,,,,,,,,,1.0,,,,,,,,,,,,,,,
anscheinend,False,1.0,,1.0,2.0,1.0,,1.0,1.0,4.0,,1.0,1.0,,,3.0,2.0,,,,1.0,,,,1.0,,1.0,1.0,
anschlag,False,,,,,,,,,,,,,,,,,,,,,,,,,,1.0,,
anschließen,False,,,,,2.0,,2.0,,2.0,2.0,1.0,1.0,,,1.0,,,,,2.0,6.0,4.0,,,,2.0,,1.0
anschließend,False,1.0,1.0,,,,,,,,,,,,1.0,,,,,,,,,,,,,,
anschluss,False,,,,,,,2.0,,,,,,,,5.0,,1.0,,,,,,,,,,,
anschlussbehörde,False,,,,,,,,,,,,,,,,,,,,,,,,,,,,1.0
anschlussfrage,False,,,,,,,,,,,,,1.0,,,,,,1.0,,,,,,,,,
anschlussinhaberinnen,False,,,,,,,,,,,,,,,,,,,,,,2.0,,,,,,
anschlusskrieg,False,,,,,,,,,,,,,,,,,,,1.0,,,,,,,,,
anschlusslinie,False,,,,,,,,,,,,,,,,,,,,,,,,1.0,,,,
anschluß,False,,,,,,,,,,,,,,,1.0,,,,,,,,,,,,1.0,
anschlüs,False,,,,,,,,,,,,,,,,,,,,,,,,1.0,,,,
anschlüsse,False,,,,,,,,,,,,,,,1.0,,,,,,,,,,,,,
anschneiden,False,1.0,,,,,,,,,,,,,,,,,,,,,,,,,,,
anschreiben,False,,,,,,,,,1.0,,,,,,,,2.0,,,,,,,,,,,
anschränken,False,,,,,,,,,,,,,1.0,,,,,,,,,,,,,,,
anschüchternd,False,,,,,,,,1.0,,,,,,,,,,,,,,,,,,,,
ansehen,False,,1.0,,1.0,7.0,3.0,1.0,,1.0,10.0,,3.0,,,,,,1.0,1.0,,4.0,5.0,,,,,,1.0
ansehnlich,False,,,,,,,,1.0,,,,,,,,,,,,,,,,,,,,
ansetzen,False,,,,1.0,3.0,,,,,,,,,,,,,,1.0,,2.0,2.0,,,,,1.0,
ansicht,False,,,,,,,,,,,,,,,,,,1.0,,,,,,,,1.0,,2.0
ansiedeln,False,,,,,,,,,,1.0,,,,,,1.0,,,,,,,,,,,,
anslos,False,,,,,,,,,,,,,,,1.0,,,,,,,,,,,,,
ansonsten,False,1.0,,,,1.0,4.0,,1.0,4.0,,,3.0,3.0,,3.0,,2.0,,2.0,3.0,14.0,2.0,1.0,2.0,2.0,2.0,1.0,2.0
anspielung,False,,,,,,,,,,,,1.0,,,,,,,,,,,,,,,,
ansprache,False,,,,,,,,,,,,,,,,,,,1.0,,,,,,,,,
ansprachen,False,,,,,,,,,,,,,,,,,1.0,,,,,,,,,,,
ansprechen,False,1.0,,2.0,4.0,7.0,1.0,3.0,2.0,4.0,3.0,1.0,5.0,,1.0,3.0,1.0,4.0,3.0,7.0,5.0,14.0,2.0,3.0,,1.0,3.0,1.0,8.0
ansprechpartner,False,,,,,,,,,,,,,,,,1.0,,,,,,,,,,1.0,,
ansprechpartnerinn,False,,,,,,,,,,,,,,,,,,,,,,,,,1.0,,,
ansprechperson,False,,,,,,,,,,,,,,,,,,,1.0,,,,,,,,,
ansprechung,False,,,,,,,,,,,,,,,1.0,,,,,,,,,,,,,
ansprichst,False,,,,,,,1.0,2.0,,,,,,,,,,,,,,,,,,,,
anspruch,False,5.0,,1.0,2.0,,,2.0,1.0,,,,,3.0,,,1.0,,,1.0,5.0,2.0,1.0,,,,,,
anspruchsvoll,False,1.0,,,1.0,,,,,1.0,,,,,,,,,,,,,,,,,,,
anspruchsvolle,False,,,,,,,,,,,,,1.0,,,,,,,,,,,,,,,
anstand,False,,1.0,,,,,,,,,,,,,,,,,,,,,,,,,,
anstatt,False,1.0,,,,,,,,1.0,,,,1.0,,,,,,,,,,,,,,,
anstehen,False,,1.0,,1.0,,,1.0,,,,,,,,,,,,,,,,,,,,,
anstehend,False,,,,,,,,,,,,,,,,,,,,,2.0,,,,,,,
anstelle,False,,,,,,,,,1.0,,,,,,,,,,,,,,,,,,,
anstellen,False,,,,,1.0,,1.0,1.0,,,,,,,,,,,,,,3.0,,,,1.0,1.0,
anstiegsfrag,False,,,,,,,,,,,,,1.0,,,,,,,,,,,,,,,
anstoß,False,,,,,,,,,,,,,,,1.0,,,,,,,,,,,,,
anstoßen,False,,,,,1.0,,,,,,,,,,1.0,,,,1.0,,2.0,,,,,,,
anstreben,False,1.0,,1.0,,,,,,,,,,1.0,,,1.0,,,,,2.0,1.0,2.0,,,,,
anstrengen,False,,,1.0,,,,,,,,,,,,,,,1.0,,,,2.0,1.0,,,,,
anstrengend,False,,,1.0,,,,,,,3.0,,,,,,,,,,,,,1.0,,,1.0,,
anstrengst,False,,,,,,,,,,,,,,,1.0,,,,,,,,,,,,,
anstrich,False,,,,,,,,,,,,,1.0,,,,,,,1.0,,,,,,,,
ansässig,False,,,,,,,,,,,,,,,,1.0,,,,,,,,,,2.0,,
antagonistisch,False,,,,,,,,,,,,,,,,,,1.0,,,,,,,,,,
antanzen,False,,,,,,,,,,,,,2.0,,,,,,,,,,,,,,,
anteil,False,,,,,,1.0,,,,,,,1.0,,,,1.0,,2.0,1.0,,,,,,,,
anteilig,False,,,,,1.0,,,,,,,,,,,,,,,,,,,,,,1.0,
anthropologisch,False,,,,,,,,,,,,,,,,,,1.0,,,,,,,,,,
antidemokratisch,False,,,,,,,1.0,,,,,,,,,,,,,,,,,,,,,
antidiskriminierung,False,,,,,,,,,1.0,,,,,,,,,,,,,,,,,,,
antippen,False,1.0,,,,,,,,,,,,,,,,,,,,,,,,,,,
antirassismus,False,,,,,,,,,,,,,,,,,,,,,,,,,,1.0,,
antizipieren,False,,,,,,,,,,,,,,,,1.0,,,,,,,,,,,,
antrag,False,,,,3.0,,1.0,,,,,,,,1.0,,1.0,,8.0,2.0,,,,,,,,,
antragen,False,,,,,,,,,,,,,,,1.0,,,,,,,,,,,,,
antragslos,False,,,,,,,,,,,,,,,,,,,,,2.0,,,,,,,
antragstellung,False,,,,,,,,,,,,,,,,,,,,,2.0,,,,,,,
antreten,False,,,,,,,4.0,,,,,,,,,,,,3.0,,,,,,,,,
antritt,False,,,,,,,,,,,,,,,,,,,,,,,,,1.0,,,
antwort,False,3.0,,9.0,1.0,,1.0,,1.0,1.0,,1.0,5.0,4.0,10.0,1.0,1.0,,4.0,4.0,7.0,16.0,5.0,,,1.0,1.0,5.0,3.0
antworten,False,,1.0,1.0,,,,,,,,,4.0,,,,,,2.0,1.0,2.0,,1.0,,,,,1.0,
anwals,False,,,,,,,,,,,,,,,,,1.0,,,,,,,,,,,
anwalt,False,,,,,1.0,3.0,,,,,,,,,1.0,,,,,,,,,,,1.0,,1.0
anwaltei,False,,,,,,,,,,1.0,,,,,,,,,,,,,,,,,,
anwaltskanzlei,False,,,,,,,,,,,,,,,,,,,,,,,,,,1.0,,
anwaltspostfachleute,False,,,,,,,,,,,,,,,,,1.0,,,,,,,,,,,
anweisen,False,2.0,,1.0,1.0,,,1.0,,,1.0,,,,,,,,,,2.0,,,,1.0,,1.0,,
anweisung,False,,,,,,,,,,,,,,2.0,,,,,,,,,,,,,,1.0
anwendbar,False,,,,,,,2.0,,,6.0,,,,,,,,,,1.0,,,,,,,,
anwenden,False,,3.0,1.0,,,,,,,1.0,,,,,,,,,,,,2.0,,,1.0,,,
anwenderin,False,,,,,,,,,,,1.0,,,,,,,,,,,,,,,,,
anwendung,False,,,,,,,1.0,,,,,,,,1.0,,,,,2.0,,2.0,,,,,,3.0
anwendungsbereich,False,,,,,,,,,,4.0,,,,,,,,,,2.0,,,,,,,,
anwendungsfall,False,,,1.0,2.0,,,,,2.0,,,,2.0,,1.0,,,,,,,,,,,,,
anwendungsgebiet,False,,,,,,,,,,,,,,,,,,,,,,,,,,,1.0,
anwendungsmöglichkeit,False,,,,,,,,,,,,,,,,,,,,,,,,,,,,1.0
anwendungsspielraum,False,,,,,,,,,,,,,1.0,,,,,,,,,,,,,,,
anwendungszweck,False,,,,,,,,,,,,,2.0,,,,,,,,,,,,,,1.0,
anwerfen,False,,,,,1.0,,,,,,,,,,,,,,,,,,,,,,,
anwesend,False,,,,,,,,,,,,,,,,,,2.0,1.0,,,,1.0,,,,,
anwesenheit,False,,,,,,,,,,,,,,,,,,1.0,,,,,,,,1.0,,
anwohnerin,False,,,,,,,,,,,,,,,,,,,,,,,1.0,,,,,
anwurf,False,,,,,,,,,,,1.0,,,,,,,,,,,,,,,,,
anwältin,False,,1.0,1.0,,2.0,,,,,,,,,,,,,,,,,,,,,,,
anwärterin,False,,,,,,,,,,,,,,1.0,,,,,,,,,,,,,,
anything,False,,,,,,,,,,,,,,,,1.0,,,,,,,,,,,,
anyways,False,1.0,,,2.0,,,4.0,,2.0,,,,,,,,,,,,2.0,,,,,2.0,,
anzahl,False,,1.0,1.0,1.0,2.0,,,,,,,,1.0,,,,2.0,4.0,1.0,,,1.0,,,,2.0,1.0,
anzeichen,False,1.0,,,,,,,,,,,,,,,,,,,,,,,,,,,
anzeige,False,,,,,,,,,1.0,,,,,1.0,,,,,,,,,,,,,2.0,
anzeigen,False,1.0,1.0,,1.0,,,,,,,,,,,,,6.0,,,,,,,3.0,,1.0,3.0,
anziehen,False,,,,,,,,,,,,1.0,,,,,,,,,,,,,,,,
anzubringen,False,,,,,,,,,,,,1.0,,,,,,,,,,,,,,1.0,,
anzug,False,1.0,,,,,,,,,,,,,,,,,,,,,,,,,,,
anzugreifen,False,,,,,,,,,,,,,,,,,,,,,,,,,,,1.0,
anzugucken,False,,,,,1.0,,,,,,,,,,,,,,,,,,,,1.0,,,
anzuhören,False,,,,,,,,,,,,,,,,,,,,,,1.0,,,,,,
anzukämpfen,False,,,,,,,,,,,,,,,,,,,,,,,,,,,1.0,
anzumachen,False,,,,,,,,,,,,1.0,,,,,,,,,,,,,,,,
anzupreisen,False,,,,,,,1.0,,,,,,,,,,,,,,,,,,,,,
anzureißen,False,,1.0,,,,,,,,,,,,,,,,,,,,,,,,,,
anzusagen,False,,,,,1.0,,,,,,,,,,,,,,,,,,,,,,,
anzuzünden,False,,,,,,,,,,,,,,,,,,,,1.0,,,,,,,,
anzählen,False,,,,,,,,,,,,,,,,,1.0,,,,,,,,,,,
anzünden,False,4.0,2.0,1.0,1.0,1.0,,2.0,,6.0,,,,3.0,1.0,,,,,,1.0,,,,1.0,,2.0,,
aok,False,,,,,,,,,,,1.0,,,,,,,,,,,,,,,,,
apotheke,False,,,,1.0,,,,,,,,,,,,,,,,,,,,,,,,
app,False,3.0,5.0,90.0,,,,,3.0,,,,,,,,1.0,18.0,,,38.0,4.0,,,,,1.0,1.0,
apparat,False,,,,,,,,,,,,,,1.0,,,,,,,,,,,,,,
apparatur,False,,,,,,,1.0,,,,,,,,,,,,,,,,,,,,,
appell,False,,1.0,,,,,,,,,,,,,,,,,,,,,,,,,,
appellieren,False,,,,,,,,,,,,,,,,,,,,,,,,,,,,1.0
apple,False,,2.0,,,1.0,,,,,,,,1.0,,,,7.0,,,1.0,,1.0,,,,,,
applikation,False,1.0,,,1.0,,,,,,,,,,,,,,,,,,,,,,,1.0,
applikationsspezifisch,False,,,,,,,,,,,,,,,,,,,,,,,,,,1.0,,
apps,False,,,2.0,,,,,,,,,,,,,,,,,1.0,,,,,,,,
april,False,,,,,1.0,,,,,1.0,,,,2.0,5.0,,,,,,,,,,,,,
apropos,False,,,2.0,,1.0,,,,,,,,,,,1.0,,,1.0,,,3.0,,,,1.0,,
arabisch,False,,,,,1.0,,,,,1.0,,,,,,,,,,,,,,,,,,
arbeit,False,2.0,2.0,9.0,2.0,3.0,2.0,4.0,4.0,,4.0,5.0,1.0,,7.0,2.0,7.0,1.0,3.0,10.0,3.0,4.0,6.0,2.0,3.0,2.0,15.0,,6.0
arbeiten,False,3.0,5.0,6.0,3.0,4.0,3.0,8.0,3.0,1.0,3.0,2.0,8.0,3.0,10.0,7.0,8.0,1.0,8.0,1.0,1.0,13.0,13.0,1.0,4.0,9.0,23.0,4.0,23.0
arbeitend,False,,,,,,,1.0,,,,,,,,,,,,,,,,,,,1.0,,
arbeiter,False,,,,,,,,,,,,,,,,,,,,,,1.0,,,,,,
arbeiterinnen,False,,,,,,,,,,,,,,,,,,,,,,4.0,,,,,,
arbeiterkammer,False,,,,,,,,,,,,,,,,,,,,,,,,,,1.0,,
arbeiterpartei,False,,,,,,,2.0,,,,,,,,,,,,,,,,,,,,,
arbeitgeber,False,1.0,,,,,,1.0,3.0,,,,,,,1.0,,,,,,,4.0,,,,,,
arbeitsablauf,False,,,,,,,,,,,,,,,,,,,,,,,,,,,,1.0
arbeitsalltag,False,,,,,,,,,,,,,,,,,,,1.0,,,,,,,,1.0,
arbeitsbedingung,False,,,,,,,,,,,,,,,,,,,,,,11.0,,,,,,
arbeitsbelastung,False,,,,,,,,,,,,,,,,,,,,,,,,,,1.0,,
arbeitsdokument,False,,,,,,,,2.0,,,,,,,,,,,,,,,,,,,,
arbeitsdokumente,False,,,,,,,,1.0,,,,,,,,,,,,,,,,,,,,
arbeitsebene,False,,,,,,,,,,,,,,,,,,,,,,,,,1.0,,,
arbeitsecke,False,1.0,,,,,,,,,,,,,,,,,,,,,,,,,,,
arbeitserfahrung,False,,,,,,,,,,1.0,,,,,,,,,,,,,,,,,,
arbeitsgruppe,False,,1.0,,,,,,19.0,,,,,1.0,,,1.0,,1.0,,,,,,6.0,,,,
arbeitshilfe,False,,,,,,1.0,,,,,,,,,,,,,,,,,,,,,,
arbeitskraft,False,,,,,,,,,,,,,,,,,,,,,2.0,4.0,,,,,,
arbeitskreis,False,,,,,,,,,,,,,1.0,,,,,,3.0,,,,,,,1.0,,
arbeitskreise,False,,,,,,,,,,,,,,,,,,,1.0,,,,,,,,,
arbeitsleben,False,1.0,,,,,,,,,,,,,,,,,,,,,,,,,,,
arbeitslosigkeit,False,,,,,,,,,,,,,,,,,,,,,,2.0,,,,,,
arbeitsministerium,False,,,,,,,,,,,,,,,,1.0,,,,,,,,,,,,
arbeitsort,False,,,,,,,,,,,,,,,,,,,,,,,,1.0,,,,
arbeitsplatz,False,,,,,,,,,,,,,,,,,,,1.0,,,1.0,1.0,,,1.0,,
arbeitsprogramm,False,,,,,,,,,,,,,,,,,,,,,,,,,,1.0,,
arbeitsschutz,False,,,,,,,,,,,,,,,,,,,,,,1.0,,,,,,
arbeitssituation,False,,,,,,,,,,,,,,,,,,,,,,1.0,,,,,,
arbeitsstände,False,,,,,,,,,,,,,,,,,,1.0,,,,,,,,,,
arbeitstag,False,,,,,,1.0,,,,,,,,,,,,,,,,,,,,,,
arbeitsteilung,False,,,,,,,,,,2.0,,2.0,,,,,,,,,,2.0,,,,,,
arbeitsthemen,False,,,,,,,,,,,,,,,,,,,,,,,,,,1.0,,
arbeitsumfang,False,,,,,,,,,,,,,,,,,,,,,,,,,,,1.0,
arbeitsverweigerungshaltung,False,,,,,,,1.0,,,,,,,,,,,,,,,,,,,,,
arbeitsweise,False,,,,,,,,,,,,,,,,,,,,,,,,,1.0,1.0,,
arbeitswoche,False,,,,,,,,,,,,,,,,,,1.0,,,,,,,,,,
arbeitszeit,False,,,,,,,,1.0,,,,,,,,,,,,,,,,1.0,,,1.0,
archetyp,False,,,,,,,,,,,,3.0,,,,,,,,,,,,,,,,
archetype,False,,,,,,,,,,,,3.0,,,,,,,,,,,,,,,,
architektur,False,,,,,,,,,,,,,,,,,,,,,,,,,1.0,,,
archiv,False,,,,,1.0,,,2.0,,,,,,,,,1.0,,,,,,,,,1.0,1.0,
archiviert,False,,,,,,,,,,,,,,,,,,,,,,,,,,,2.0,
are,False,,,,,,,,,1.0,,,6.0,,,,,,,,,,,,,,,,
area,False,,,,,,,,3.0,,,,,,,,,,,,,,,,,,,,
areas,False,,,,,,,,4.0,,,,,,,,,,,,,,,,,,,,
arg,False,,,,,,1.0,,,,,,,,,1.0,,,1.0,,,,,,,,,,
argentinien,False,,,,,,,,,,1.0,,,,,,,,,,,,3.0,,,,,,
argument,False,4.0,3.0,,2.0,2.0,1.0,,,7.0,,,,5.0,,15.0,,,12.0,1.0,8.0,2.0,2.0,4.0,,,4.0,,
argumentation,False,1.0,,1.0,4.0,,,1.0,,,,,,,,1.0,,,1.0,,,,,,,,,,
argumentationshilfe,False,1.0,1.0,,,,,,,,,,,,,,,,,,,,,,,,,,
argumentationskette,False,,,,1.0,,,,,,,,,,,,,,,,,,,,,,,,
argumentativ,False,,,,1.0,,,,,,,,,,,,,,,,,,,,,,,,
argumentieren,False,1.0,,1.0,1.0,1.0,,,,1.0,1.0,1.0,,,,2.0,,,,,1.0,,,1.0,,,1.0,,
arizona,False,,,,,,,,,,,,2.0,,,,,,,,,,,,,,,,
arm,False,2.0,,,,,,2.0,,,,1.0,,,,,,,,,1.0,,8.0,1.0,1.0,,,,
arme,False,,,,,,,,,,,,,,,,,,,,,,,,,1.0,,,
armee,False,,,,,,,,,,,,,,,,,,,,,,,,,,,1.0,
armenien,False,,,,,2.0,,,,,1.0,,,,,,,,,,,,,,,,,,
armin,False,,,,,,,,,,,,,,,,,,,8.0,,,,,,,,,
armut,False,8.0,,,,,,,,,,,,,,,,,,,,,,,,,,,
armutsargument,False,,,,,,,,,,,,,,,,,,,,1.0,,,,,,,,
armutsquote,False,,,,,,,,,,,,,,,,,,,,,,1.0,,,,,,
arne,False,,,,,,,,,,,,,,8.0,,,,,,,,,,,,,,
arsch,False,1.0,,,,,,,,,,,,,,,,,,,,,,,,,,,
art,False,10.0,14.0,6.0,10.0,15.0,11.0,17.0,9.0,6.0,,3.0,16.0,3.0,4.0,9.0,1.0,,5.0,2.0,9.0,14.0,12.0,2.0,7.0,2.0,12.0,8.0,2.0
arten,False,,,,,,,,,,,,,,,,,,,,,,,1.0,,,,,
artencom,False,,,,,,,,,,,,2.0,,,,,,,,,,,,,,,,
arthur,False,,,,,,,,,,,,1.0,,,,,,,,,,,,,,,,
articl,False,,,,,,,,,1.0,,,,,,,,,,,,,,,,,,,
article,False,,,,,,,,,,,,,,,,,,,,,,,,,,2.0,,
artikel,False,,3.0,3.0,1.0,,1.0,,,32.0,6.0,,,2.0,,,6.0,1.0,,,,4.0,6.0,,,2.0,,1.0,2.0
artikulieren,False,,,,1.0,,,,,,,,,,,,,,,,,,,,,,,,
artist,False,,,,,,,,,,,,1.0,,,,,,,,,,,,,,,,
arzneimittel,False,,,1.0,,,,,,,,,,,,,,,,,,,,,,,,,
arzt,False,,,15.0,8.0,,,,,,,,,,,,,,,,,2.0,,,,,1.0,,
arztbehandlung,False,,,1.0,,,,,,,,,,,,,,,,,,,,,,,,,
arztbesuch,False,,,,4.0,,,,,,,,,,,,,,,,,,,,,,,,
arztgängen,False,,,,1.0,,,,,,,,,,,,,,,,,,,,,,,,
arztkommunikation,False,,,1.0,,,,,,,,,,,,,,,,,,,,,,,,,
arztpatientinnenkommunikation,False,,,1.0,,,,,,,,,,,,,,,,,,,,,,,,,
arztpraxis,False,,,,,,,,,,,,,,,,,,1.0,,,,,,,,,,
arztsach,False,,,1.0,,,,,,,,,,,,,,,,,,,,,,,,,
as,False,,,,,2.0,,,,,,,3.0,,,,,,,,,,,,,,,,1.0
asbacher,False,1.0,,,,,,,,,,,,,,,,,,,,,,,,,,,
aserbaidschan,False,,,,,2.0,,,,,1.0,,,,,,,,,,,,,,,,,,
asia,False,1.0,,,,,,,,,,,,,,,,,,,,,,,,,,,
asiatisch,False,,,,,,,,,,,,,,,,,,,,,,2.0,,,,,,
asien,False,,,,,,,,1.0,,,,,,,,,,,,,,1.0,,,,,,
asikmen,False,,,,,,,,1.0,,,,,,,,,,,,,,,,,,,,
ask,False,,,,,,,,,,,,,,,,1.0,,,,,,,,,,2.0,,
asp,False,,,,,,,,,,,,,,,1.0,,,,,,,,,,,,,
aspects,False,1.0,,,,,,,,,,,,,,,,,,,,,,,,,,,
aspekt,False,2.0,,,2.0,3.0,3.0,1.0,,1.0,1.0,1.0,3.0,1.0,,,2.0,1.0,4.0,1.0,7.0,28.0,1.0,2.0,,,2.0,1.0,
asrimitisch,False,,1.0,,,,,,,,,,,,,,,,,,,,,,,,,,
assange,False,,,,,,,,,,,,1.0,,,,,,,,,,,,,,,,
assemblissement,False,,,,,,,,,,,,,1.0,,,,,,,,,,,,,,,
assessment,False,,2.0,,,,,1.0,,,,,,,,,,,,,,,,,,,,,
assistant,False,1.0,,,,,,,,,,,,,,,,,,,,,,,,,,,
assistenz,False,4.0,,,,,,,,,,,,,,,,,,,,,,,,,,,
assistiv,False,1.0,,,,,,,,,,,,,,,,,,,1.0,,,,,,,,
assoziation,False,,,1.0,,,,,,,,,,,,,,,,,1.0,,,,,,1.0,,
assoziieren,False,1.0,,,,,,,,,,,,,,,,,,,,,,,,,,,
asthma,False,,1.0,,,,,,,,,,,,,,,,,,,,,,,,,,
asyl,False,,,,,,,,,,,,,5.0,,,,,,,,,,,,,1.0,,
asylanerkennung,False,,,,,,,,,,,,,,,,,,,,,,,,,1.0,,,
asylantragstellung,False,,,,,3.0,,,,,,,,,,,,,,,,,,,,,,,
asylbewerber,False,,,,,,,,,,,,,1.0,,,,,,,,,,,,,,,
asylbewerberleistungsgesetz,False,,,,,,,,,,,,,4.0,,,,,,,,,,,,,,,
asylsuchendenzahl,False,,,,,,,,,,,,,1.0,,,,,,,,,,,,,,,
asylsuchender,False,,,,,,,,,,,,,1.0,,,,,,,,,,,,,,,
asylverfahren,False,,,,,,,,,,,,,,,,,,,1.0,,,,,,,,,
asymmetrie,False,,,,,,,,,,,,,,,,,,,,,,1.0,,,,,,
asymmetrisch,False,,2.0,,,,,,,,,,,,,,,,,,,,,,,,,,
asynchron,False,,,,,,,,3.0,1.0,,,,,,,,,,,,,,,,,,,
asynchrones,False,,,,,,,,1.0,,,,,,,,,,,,,,,,,,,,
asynchronous,False,,,,,,,,1.0,,,,,,,,,,,,,,,,,,,,
at,False,,3.0,,,,,,,,,,,,,,,,,,,,,,,,,,
atem,False,,2.0,,,,,,,,,,,,,,,,,,,,,,,,,,
atlantik,False,,,,,,,,,,,,,,,,,,,,,,2.0,,,,,,
atmen,False,,,,,,,,,,,,,,,,,,,,,,1.0,,,,,,
atmosphäre,False,,,,,,,,,,,,,,,,,,1.0,,,,,,,,,,
atomkraftwerk,False,,,,,,,,,,,,,,,,,,,,,3.0,,,,,,,
attack,False,1.0,,,,,,,,2.0,,,,,,,,,,,,,,,,,,,
attentive,False,,,,,,,,,,,,,,,2.0,,,,,,,,,,,,,
attitude,False,,,,,,,,,,,,,,1.0,,,,,,,,,,,,,,
attrappen,False,,,,,,,,,,,,,,,,,,,,,,,,,,1.0,,
attribuieren,False,,,,,,,,,,,,,,,,,,,,,,,,,,,1.0,
attribuierung,False,,,,,,,,,,,,,,,,,,,,,,,,,,,1.0,
attribut,False,1.0,,,,,,,,3.0,,,,,,,,,,,,,,,,,,,
aua,False,,,,,,,,,,,,1.0,,,,,,,,,,,,,,,,
auch,True,244.0,208.0,231.0,257.0,341.0,241.0,225.0,197.0,221.0,204.0,160.0,278.0,144.0,134.0,256.0,237.0,158.0,245.0,206.0,289.0,591.0,357.0,182.0,151.0,144.0,322.0,193.0,172.0
audinat,False,,,,,,,,,,,,,,,,,,,,,,,,3.0,,,,
audio,False,,,,,,,,,,,,,,,,,,1.0,,,,,,6.0,,,,
audiobereich,False,,,,,,,,,,,,,,,,,,,,,,,,1.0,,,,
audiodeskription,False,1.0,,,,,,,,,,,,,,,,,,,,,,,,,,,
audioproduktion,False,,,,,,,,,,,,,,,,,,1.0,,,,,,,,,,
audit,False,,,,,,,,,,,,,,,,,,,,,,,,,,,,1.0
audits,False,,,,,,,,,,,,,,,,,,,,,,,,,,,,2.0
aue,False,,,1.0,,,,,,,,,,,,,,,,,,,,,,,,,
auf,True,111.0,81.0,68.0,60.0,69.0,46.0,66.0,35.0,49.0,57.0,36.0,80.0,43.0,33.0,72.0,56.0,64.0,36.0,60.0,64.0,151.0,100.0,61.0,71.0,46.0,70.0,79.0,43.0
aufarbeiten,False,,,,,,2.0,,,,,,,,,,,,,1.0,,,,,,,,,
aufarbeitung,False,,,,,,,,,,,,,,,,,,,,,,,1.0,,,,,
aufbau,False,,,,1.0,,,,,,2.0,,,,,,2.0,,,,,,,,1.0,1.0,,,
aufbauen,False,,1.0,,,,,,,2.0,,2.0,,,1.0,1.0,2.0,,1.0,2.0,,9.0,6.0,1.0,5.0,2.0,3.0,1.0,
aufbautage,False,,,,,,,,,,,,,,,,,,,,,,,,1.0,,,,
aufbauzeit,False,,,,,,,,,,,,,,,,,,,,,,,,2.0,,,,
aufbereiten,False,,,,,,1.0,,,,,1.0,,,,,,,,,,,3.0,,,,,,
aufblühen,False,,,,,,,,,,,,,,,,,,,,,,,,1.0,,,,
aufbrechen,False,,1.0,,,,,,,1.0,,,,,,,,,,,,2.0,,,,,,,
aufbringen,False,,,,,,,,,,1.0,,,,,,,,,,,,,,,,,,
aufdecken,False,,1.0,,,1.0,1.0,,1.0,,1.0,,,,1.0,,,,,,,,,,,,1.0,,
aufdringen,False,,,,,,,,,,,,,,,,,,,,,,,,,,,1.0,
aufdrängen,False,,,,,,,,,,,,,,,,,,,,,,,,,,,1.0,1.0
aufdröseln,False,,,,,,,,,,,,,,,1.0,,,,,,,,,,,,,
aufeinander,False,1.0,,,,,,,,,,,,,,,,,,,,,,,,,,,
aufeinandertreffen,False,,,,,,,,1.0,,,,,,,,,,,,,,,,,,,,
aufeinmal,False,1.0,,,,,,,,,,,,,,,,,,,,,,,,,,,
aufenthaltsstatus,False,,,,,,,,,,,,,1.0,,,,,,,,,1.0,,,,,,
auffallen,False,2.0,2.0,,1.0,,,4.0,1.0,,,,3.0,,,,1.0,,,,1.0,37.0,,,,1.0,2.0,,
auffangen,False,1.0,,,,,,,,,,,,,,,,,,,,,,,,,,,
auffassung,False,,,,,,,,,,,,,,,,,,,,,,,,,,1.0,,
auffordern,False,,,,,,1.0,1.0,,,,,1.0,,,,,,1.0,,,4.0,,,,,,,
aufforderung,False,,,,,,,,,,,,,,,,1.0,1.0,,,,,,,,,,,
auffreschung,False,,,,,,,,,1.0,,,,,,,,,,,,,,,,,,,
auffrischen,False,,,,,,,,,,,,1.0,,,,,,,,,,,,,,,,
auffunden,False,,,,,1.0,,,,,,,,,,,,,,,,,,,,,,,
aufführen,False,,,,,,,,,,,,1.0,,,,,,,,,,,,,,,,
aufgabe,False,,,1.0,2.0,5.0,1.0,2.0,1.0,1.0,,,,1.0,1.0,1.0,7.0,1.0,2.0,,3.0,11.0,1.0,1.0,,1.0,,,8.0
aufgabenbereich,False,,,,,,,,,,,,,,,,,,,,,,,,,,,,1.0
aufgabenspezifisch,False,,,,,,,,,,,,,,,,,,,,,,1.0,,,,,,
aufgabenzuschnitt,False,,,,,,,,,,,,,,,,,,,,,,,,,,,,1.0
aufgeben,False,,1.0,,,,,,,1.0,,2.0,,,,,,,,,,,,,,,,1.0,
aufgeblasen,False,,,,,,,,,,1.0,,,,,,,,,,,,,,,,,,
aufgefahren,False,,,,,,,,,,,,,,,,,,,,,2.0,,,,,,,
aufgefächert,False,,,,,,,,,,,,1.0,,,,,,,,,,,,,,,,
aufgegleist,False,,,,,,,,,,,,,,,,,,,,,,,,,,1.0,,
aufgehen,False,,,1.0,,,,,,,,,,,,1.0,,,,,,,,,,,,,
aufgehängt,False,,,,,,,,,,,,,,1.0,,,,,,,,,,,,,,
aufgehört,False,,,,1.0,,,,,,,,,,,,,,,,,,,,,,,,
aufgekauft,False,,,,,,,,1.0,,,,,,,,,,,,,,,,,,,,
aufgeklärt,False,,,,,,,,,,,,,,,,,,,,,2.0,,,,,,,
aufgelaufen,False,,,,,,1.0,,,,,,,,,,,,,,,,,,,,,,
aufgelöst,False,,,,,,,,,,,,,,,1.0,,,,,,,,,,,,,
aufgeploppt,False,,,,,,,1.0,,,,,,,,,,,,,,,,,,,,,
aufgeregt,False,,,1.0,,,,1.0,,,,,1.0,1.0,,,,,2.0,,,,,,,,,,
aufgescheucht,False,,,1.0,,,,,,,,,,,,,,,,,,,,,,,,,
aufgeschlossen,False,,,,1.0,,,,,,,,,,,,,,,,,,,2.0,,,,,
aufgeschlüsselt,False,1.0,,,,,,,,,,,,,,,,,,,,,,,,,,,
aufgeschmissen,False,,,,,,,,,,,,,1.0,,,,1.0,,,,,,,,,,,
aufgeschrieben,False,,,1.0,,,,,,,,,,,,1.0,,,1.0,,,2.0,,,,,,,
aufgesetzt,False,,,,,,,,,,1.0,,,,2.0,,,,,,,,,,,,,,
aufgesogen,False,,,,,,,,,,,1.0,,,,,,,,,,,,,,,,,
aufgreifen,False,2.0,,,1.0,3.0,,,1.0,,,2.0,1.0,,,,,,2.0,,,,,2.0,,,,,
aufgrund,False,,,,2.0,,,2.0,1.0,1.0,1.0,1.0,,,,3.0,,2.0,1.0,,2.0,6.0,,,1.0,1.0,,1.0,1.0
aufhaben,False,,,,,,,,,,,,1.0,,,,,,,,,,,,,,,,
aufhalten,False,,,,,,,,,,,,,,2.0,,,1.0,,,,,,,,,,,
aufheben,False,,,,,,,,,,,,,,,3.0,,,,,1.0,4.0,,,,,,,
aufheiterung,False,,,,,,,,,,,,,,,,,,,,,,,1.0,,,,,
aufheizen,False,,,,,,,,,,,,,,,1.0,,,,,,,,,,,,,
aufholen,False,,,,,,,,,,,,,,,,,,,,,4.0,,,,,,,
aufhängen,False,,1.0,,1.0,,,,,,,,,,,,,,,,,,,,,,,,
aufhänger,False,,,,,2.0,,,,,,,,,,,,,,,,,,,,,,,
aufhängung,False,,1.0,,,,,,,,,,,,,,,,,,,,,,,,,,
aufhören,False,2.0,1.0,,,2.0,,2.0,,,,,,1.0,,2.0,1.0,,,,,,,,1.0,,,,
aufjährig,False,,,,,,,,,,,,,,,,,,,,,,,,,,1.0,,
aufklappen,False,,,,,,,,,,,,,,,1.0,,,,,,,,,,,,,
aufklärbar,False,,,,,,,,,,,,,,,,,,,,,2.0,,,,,,,
aufklären,False,,,,,2.0,1.0,,,,,,,,,1.0,1.0,,,,,4.0,,1.0,,,,,
aufklärerisch,False,,,,,,1.0,,,,,,,,,,,,,,,,,,,,,,
aufklärung,False,,,,,1.0,1.0,,,,,,,,,,1.0,,1.0,,,4.0,,1.0,,,,,
aufklärungsarbeit,False,,,,,,,,,,,,,,,,,,,,,,2.0,,,1.0,,,
aufklärungskampagne,False,,2.0,,,,,,,,,,,,,,,,,,,,,,,,,,
aufklärungsquot,False,,,,,1.0,,,,,,,,,,,,,,,,,,,,,,,
aufklärungsquote,False,,,,,,,,,,,,,,,,,,,,,4.0,,,,,,,
aufkommen,False,1.0,1.0,1.0,,,,,,,,,,,,,,,,,1.0,,,,,,,,
auflachen,False,,,,,1.0,,,,,,,,,,,,,,,,,,,,,,,
aufladen,False,,,,,,,,,,,,,,,,,,,,,,,,,,1.0,,
auflage,False,1.0,,,,,,,,,,,,,,,,,,,,,,,,,,,
auflaufen,False,,,,,,,1.0,,,,,,,,,,,,,,,,1.0,,,,,
aufleben,False,,,,,,,,,,,,1.0,,,,,,,,,,,,,,,,
aufleuchten,False,,,,,,,,,1.0,,,,,,,,,,,,,,,,,,,
auflisten,False,,,,,,,,,,,,,,,,,1.0,,,,,,,,,1.0,,
auflösen,False,,,,1.0,,,,1.0,,,,,,,,,,,,,2.0,,,,,,,1.0
auflösung,False,,,,1.0,,,,,,,1.0,,,,,,,,,,,,,,,,,
aufm,False,,2.0,3.0,,,3.0,,,,,,,,,,,,,,,,,,,,,,
aufmachen,False,,1.0,3.0,2.0,2.0,,5.0,1.0,2.0,,1.0,1.0,,,4.0,,1.0,,,3.0,3.0,,,,1.0,,,
aufmerken,False,,,,1.0,,,1.0,,,,,,,,,,,,,,,,,,,,,
aufmerksam,False,,1.0,,,,,,,1.0,1.0,,,,,,,,,,,,,,,,,,
aufmerksamkeit,False,,1.0,,1.0,3.0,7.0,1.0,,,3.0,,,,,,2.0,,1.0,,,,,,,,,,
aufmerksamkeitsspanne,False,,,,,,1.0,,,,,,,,,,,,,,,,,,,,,,
aufn,False,,,1.0,,,,,,,,,,,,,,,,,,,,,,,,,
aufnahme,False,,,,,,,,,,,,,,,,,,,,,4.0,,1.0,2.0,,,2.0,
aufnahmerechner,False,,,,,,,,,,,,,,,,,,,,,,,,1.0,,,,
aufnehmen,False,2.0,2.0,,,,4.0,2.0,2.0,1.0,8.0,1.0,,,1.0,1.0,,1.0,3.0,3.0,1.0,4.0,2.0,,5.0,,,1.0,
aufpassen,False,,,,,,,,1.0,,,,,1.0,,1.0,,1.0,,1.0,2.0,,1.0,,1.0,1.0,,,1.0
aufpasser,False,,,,,,2.0,,,,,,,,,,,,,,,,,,,,,,
aufrechnung,False,,,,,,,,,,,,,,,1.0,,,,,,,,,,,,,
aufrecht,False,,,,,1.0,,,,,,,,,,,,,,,,,,,,,1.0,,
aufrechterhalten,False,,1.0,,,,,,,,,,,,1.0,,,,,,,,,,,,,,
aufregen,False,1.0,,,,1.0,,,,,,,,2.0,,,,,,,,,,,,,,,
aufregend,False,,,,,,,,,,,,,,,,,,1.0,,,,,,1.0,,,,
aufregung,False,,1.0,,,,,,,1.0,,,,,,,,,,,,,,,,,,,
aufriss,False,,,,,,,,,,,,,,,,,,,,,,,,,,,1.0,
aufrisst,False,,,,,,,,1.0,,,,,,,,,,,,,,,,,,,,
aufrollen,False,,1.0,,,1.0,,,,,,,,,,,,,,,1.0,,,,,,,,
aufruf,False,,,,,,,,,,,,,,,,2.0,,,1.0,,,,1.0,,,,,1.0
aufrufen,False,,,,,,,,,,,,,,,,,,,,,2.0,,,,,1.0,5.0,
aufrüsten,False,,,,,,,,,,,,,,,,,,,,,,,,,,,1.0,
aufschlag,False,,,,,,,,,,,,,,,,,,,,1.0,,,,,,,,
aufschlagen,False,,,,,1.0,,,,,,,,,,,,,,,,,,,,,,,
aufschließen,False,,1.0,,,,,,,,,,,,,,,,,,,,,,,,,,
aufschlussreich,False,,,1.0,,,1.0,,,,,,,,,,,,,,,,,,,,,,
aufschlüsseln,False,,1.0,,,,,,,,,,,,,,,,,,,,,,,,,,
aufschnappen,False,,,,,,,,,,,,,,1.0,,,,,,,,,,,,,,
aufschreeben,False,,,1.0,,,,,,,,,,,,,,,,,,,,,,,,,
aufschrei,False,,1.0,,,,,,,,,,,,,,,,,,,,,1.0,,,1.0,,
aufschreiben,False,,,,,,,,,,,,,,,,,,,,,2.0,,,,,1.0,,
aufschrieben,False,,,,,,,,,,,,,,,,,,1.0,1.0,,,,,1.0,,,,1.0
aufseher,False,,,,,,1.0,,,,,,,,,,,,,,,,,,,,,,
aufsetzen,False,,,,,,,,,,,1.0,1.0,,,,,,,,,,2.0,,,,,,
aufsicher,False,,,,,,1.0,,,,,,,,,,,,,,,,,,,,,,
aufsicht,False,,,,,1.0,,,,,,,,,,,10.0,,,,,4.0,,,,,,,1.0
aufsichtsarbeit,False,,,,,,,,,,,,,,,,1.0,,,,,,,,,,,,
aufsichtsbehörde,False,,,,,,,,,1.0,,,,,,,15.0,2.0,,,,,,,,,,,5.0
aufsichtsmaßnahme,False,,,,,,,,,,,,,,,,,,,,,,,,,,,,1.0
aufspielen,False,,,,,2.0,,,,,,,,,,,,,,,,,2.0,,,,,,
aufspieln,False,,,,,1.0,,,,,,,,,,,,,,,,,,,,,,,
aufstapelt,False,,,,,,,,,,,,,,1.0,,,,,,,,,,,,,,
aufstehen,False,,2.0,,,,,,,,,,,,,,,,,,,,,,,,,,
aufsteigend,False,,,,,,,,1.0,,,,,,,,,,,,,,,,,,,,
aufstellen,False,,1.0,,2.0,,,,,,,,2.0,,,,,,,3.0,,4.0,,1.0,4.0,,2.0,,
aufstellung,False,,,,,,,,,,,,,,,,,,,1.0,,,,,,,,,
aufstrebend,False,,,,,,,1.0,,,,,,,,,,,,,,,,,,,,,
auftauchen,False,2.0,3.0,,1.0,,,,,,,,1.0,1.0,,,1.0,1.0,,,,,1.0,,1.0,,,2.0,
aufteilen,False,,,,,,,,,,,,,,,,,,1.0,1.0,,,,,,,,,
aufteilung,False,,,,,,,,,,,,,,,,,,,,,,,,,1.0,,,
auftrafe,False,,,,,,,,,,,,,,,,,1.0,,,,,,,,,,,
auftrag,False,,,,1.0,4.0,2.0,1.0,1.0,,,,1.0,,,,,,,1.0,,,1.0,,,,1.0,2.0,
auftraggeber,False,,,,,2.0,,,,,,,,,,,,,,,,,,,,,,,
auftragsdatenverarbeiter,False,,,,,,,,,,,,,,,,,1.0,,,,,,,,,,,
auftragshacker,False,,,,,2.0,,,,,,,,,,,,,,,,,,,,,,,
auftragsposition,False,,,,,,,,,,,,1.0,,,,,,,,,,,,,,,,
auftragveranstaltung,False,,,,,,,,,,,,,,,,,,,1.0,,,,,,,,,
auftritt,False,,,,,,,,,,,,,,,,,,,,,,,,,1.0,,,
aufwachen,False,,,,,,,,,,,1.0,,,,,,,,,,,,,,,,,
aufwachsen,False,1.0,,,,,,,,,,,,,,,,,,,,,,,,,,,
aufwand,False,1.0,,1.0,1.0,,,,1.0,1.0,,,,,,4.0,1.0,,1.0,,4.0,,,1.0,3.0,,,8.0,
aufweichen,False,,2.0,,,,,,,,1.0,,,,,,,,,,,,,,,,,,
aufweichung,False,,,,,,,,,,,,,,,,,,,,,,,,,,1.0,,
aufwenden,False,1.0,,,,,,,,,,,,,,,,,,,,,,,,,,2.0,
aufwendig,False,5.0,1.0,,,,,,,,,,,1.0,,,,,,,,,,,2.0,,,4.0,1.0
aufwerfen,False,,,,,,,,,1.0,2.0,,,,,,,,,,,,,1.0,,,,,1.0
aufwiegen,False,,,,,,,,,,,,,,,,,,,,,2.0,,,,,,,
aufwirbeln,False,1.0,,,,,,,,,,,,,,,,,,,,,,,,,,,
aufwärmgerät,False,,,,,,,,,,,,,1.0,,,,,,,,,,,,,,,
aufwärtig,False,,,,,,,,,,,,,,,,,,1.0,,,,,,,,,,
aufzeichnen,False,,,,,,2.0,1.0,1.0,,,,,,,2.0,,,,,,,,,8.0,,,1.0,
aufzeichnung,False,1.0,,,,2.0,,,,,1.0,,,,,,,,,,,,,3.0,5.0,,,,
aufzeigen,False,1.0,,1.0,,,,,,,,,1.0,,,,,,1.0,,,2.0,2.0,,,1.0,1.0,,
aufziehen,False,,,,,,,,1.0,,,,,,,,,,,,,,,1.0,,,,,
aufzubinden,False,,,,,,,,,,,,,,,,,,,,,,,1.0,,,,,
aufzudenken,False,,,,,,,,,,,,,,,,1.0,,,,,,,,,,,,
aufzug,False,,,,,,,,,,,,1.0,,,,,,,,,,,,,,,,
aufzuregen,False,,,,,,,,,,,,,1.0,,,,,,,,,,,,,,,
aufzurollen,False,,,,,,,,,,,,,,,,,,,,,,,1.0,,,,1.0,
aufzurufen,False,,,,,,,,,,,,,,,,,1.0,,,,,,,,,,1.0,
aufzuschrei,False,,,,,,,,,,,,,,,,,,,,,,,,,,1.0,,
aufzusetzen,False,,,,,,,,,,,,,,,1.0,,,,,,,,,,,,,
aufzuteilen,False,,,,,,,,,,,,,,,,,,,,,,,,,,,1.0,
aufzuzeigen,False,1.0,,,,,,,,,,,,,,,,,,,,,1.0,,,,,,
aufzählen,False,,,,,1.0,,,,1.0,,,,,,,,,,,,,2.0,,,,,,
aufzählung,False,,,,,,,,,,,,,,,,,,,,,,,,1.0,,,,
auge,False,2.0,1.0,1.0,1.0,3.0,,2.0,,1.0,1.0,,1.0,,,,,,1.0,1.0,1.0,4.0,,,,1.0,1.0,1.0,
augenblick,False,,,,,,,,,,,,,1.0,,,,,,,,,,,,,,,
augenbraue,False,,,,,,,,,,,,1.0,,,,,,,,,,,,,,,,
augenhöhe,False,,,,,,,,,,,,,,,1.0,,,,,,,,,,,,,
augenrolle,False,1.0,,,,,,,,,,1.0,,,,,,,,,,,,,,,,,
augenöffnend,False,,,,,1.0,,,,,,,,,,,,,,,,,,,,,,,
augur,False,,,,,,,,,,,,,,,,,,,,,,,,,,,,2.0
august,False,,,,,,,,1.0,,,1.0,,1.0,,,1.0,,,,,,,,,,,,
aus,True,38.0,36.0,8.0,26.0,32.0,18.0,35.0,23.0,19.0,27.0,10.0,36.0,37.0,21.0,42.0,14.0,20.0,19.0,34.0,30.0,67.0,49.0,21.0,24.0,31.0,30.0,29.0,21.0
ausarbeiten,False,1.0,,,,,1.0,,,,3.0,1.0,,,,,,,,,,,,,,,,,
ausarbeitung,False,,,,,,,,,1.0,1.0,,,,,,,,,,,,,,,,,,
ausarten,False,,,,,,,,,,,,1.0,,,,,,,,,,,,,,,,
ausbaden,False,,,,,,,,,,,1.0,,,,,,,,,,,,,,,,,
ausbalancieren,False,,,,,,,,,,,,,,,,1.0,,,,,,,,,,,,
ausbau,False,,,,,,,1.0,,,,,,,,,,,,1.0,,18.0,,1.0,2.0,,,,
ausbauarbeit,False,,,,,,,,,,,,,,,,,,,,,2.0,,,,,,,
ausbauen,False,,,,,,,,1.0,,,,,,,,,,,1.0,,5.0,6.0,8.0,,,,,
ausbaustufe,False,,,,,,,1.0,,,,,,,,,,,,,,,,,,,,,
ausbauzahlus,False,,,,,,,1.0,,,,,,,,,,,,,,,,,,,,,
ausbauzeil,False,,,,,,,2.0,,,,,,,,,,,,,,,,,,,,,
ausbeuten,False,,,,,,,,,,,,,,,,,,,,,,7.0,,,,,,
ausbeuterisch,False,,,,,,,,,,,,,,,,,,,,,,4.0,,,,,,
ausbeuterische,False,,,,,,,,,,,,,,,,,,,,,,1.0,,,,,,
ausbeutung,False,,,,,,,,,,,,,,,,,,,,,,4.0,,,,,,
ausbeutungsdynamike,False,,,,,,,,,,,,,,,,,,,,,,1.0,,,,,,
ausbeutungsdynamiken,False,,,,,,,,,,,,,,,,,,,,,,1.0,,,,,,
ausbeutungsstruktur,False,,,,,,,,,,,,,,,,,,,,,,4.0,,,,,,
ausbeutungsverhältnisse,False,,,,,,,,,,,,,,,,,,,,,,1.0,,,,,,
ausbezahlen,False,,,,,,,,,,,,,1.0,,,,,,,,,,,,,,,
ausbildung,False,3.0,,,,,,,2.0,,,,,,,,,,,,4.0,,,,,,,,
ausblick,False,,,,,,,1.0,,,,,,,,,,,,,,,,,,,,,
ausbrechen,False,,,,1.0,,,,,,,,,,,,,,,,,,,,,,,,
ausbreiten,False,,,,,,,,,,,,,,,,,,,,,,2.0,1.0,,,2.0,,
ausbruch,False,,,,,,,,,,,,,,,,,,,,,2.0,,,,,,,
ausdachen,False,,1.0,2.0,,1.0,,,,,,,,3.0,,,,1.0,,,,2.0,,,1.0,,,1.0,
ausdehnen,False,,,,,,,,,,,,,,,,,,,,,,,,,,1.0,,
ausdenken,False,,1.0,1.0,,,,1.0,,2.0,,1.0,,4.0,,,1.0,3.0,,,,,,,,,,,
ausdifferenzieren,False,,,,,,,,,,,,,,,,,,,1.0,,,,,,,,,
ausdifferenziert,False,,,,,1.0,,,,,,,,,,,,,,1.0,1.0,2.0,,,,,,,
ausdruck,False,,,,1.0,,1.0,,1.0,,1.0,,1.0,,,,,,,1.0,,,4.0,,,,,,
ausdrucken,False,,,,,,,,,,,,,,,,,,,,2.0,,,,,,,,
ausdrucksstark,False,,,,,,,,,,,1.0,,,,,,,,,,,,,,,,,
ausdrücken,False,1.0,,,1.0,1.0,,,2.0,,,,,,,,,,,1.0,1.0,,,,,,,1.0,
ausdrücklich,False,,,,,,,,,,,,,,,,,,,,,,,,,,,,1.0
ausdünnen,False,,,,,,,,,,,,,,,,,1.0,,,,,,,,,,,
auseinander,False,1.0,,,1.0,,,1.0,1.0,2.0,,,,,,,,,,,,,1.0,,,,,,1.0
auseinanderbauen,False,,,,,,,,,,,,,,,,,,,,,,,,,,1.0,,
auseinanderbaut,False,,,,,,,,,,,,1.0,,,,,,,,,,,,,,,,
auseinanderfallen,False,,,,,,,,,,,,,,,,,,,,,,,,1.0,,,,
auseinanderfällen,False,,,,1.0,,,,,,,,,,,,,,,,,,,,,,,,
auseinandergenommen,False,,,,,,,,,,,,,1.0,,,,,,,,,,,,,,,
auseinandergesetzt,False,,,,,,,,,,,,,1.0,1.0,,,,,1.0,,2.0,,,,1.0,,,
auseinandergetauscht,False,,,,,,,,,,,,,,,1.0,,,,,,,,,,,,,
auseinanderging,False,,,,,,,,,,,1.0,,,,,,,,,,,,,,,,,
auseinanderhalten,False,1.0,,,,,,,,,,,,,,1.0,,,,,,,,,,,,,
auseinandernehmen,False,,3.0,,1.0,,,1.0,,,,,,1.0,,,,,,,,,,,,,1.0,,
auseinandersetzen,False,1.0,,,,4.0,,1.0,,1.0,,1.0,3.0,1.0,,,,,2.0,1.0,,,2.0,,,1.0,,,
auseinandersetzung,False,,,,,,,,,,,,,,,,,,,,,2.0,1.0,,,,,,
auseinanderzuhalten,False,,,,1.0,,,,,,,,,,,,,,,,,,,,,,,1.0,
auseinanderzuklamüser,False,,,,,,,,,,1.0,,,,,,,,,,,,,,,,,,
auseinanderzunehmen,False,,,,,,,,,1.0,,,,,,,,,,,,,,,,,,,
auserzählt,False,,,,,,,,,,,,1.0,,,,,,,,,,,,,,,,
ausfallen,False,,,,,,1.0,,,,,,,,,,,,,,2.0,,,1.0,,,,,
ausfallsicher,False,,,,,,,,,,,,,,,,,,,,1.0,,,,,,,,
ausfallsicherheit,False,,,,,,,,,,,,,,,,,,,,2.0,,,,,,,,
ausfiehlen,False,,,,,,,,,,,,,,,,,,,,,,,,,,,,1.0
ausfindig,False,,,,,,,,,,,,,,,,,,,,,,,,,,1.0,,
ausformulieren,False,,,,,,,,,,,,,,,2.0,,,,,,,,,,,,,
ausformuliert,False,,,,,,,,,1.0,,,,,,,,,,,,,,,,,,,
ausformung,False,,,,,,,,,1.0,,,,,,,,,,,,4.0,,,,,,,
ausfrag,False,,,,,,,,,,,,,,,,,,,,,2.0,,,,,,,
ausführen,False,,,,,,,,,1.0,,,2.0,,,,,,,,,,1.0,,,,,4.0,
ausführlich,False,,2.0,1.0,,1.0,,,,,,,,2.0,1.0,2.0,,,,,,,,,,,,2.0,
ausführung,False,,,,,,,,,,,,,,,,,,,,,1.0,,,,,,,
ausfüllen,False,,,1.0,,,,3.0,,,,,,,,,,,,,,,,,,,,1.0,
ausgabe,False,2.0,,,,,,,,,,,,,,,,,,,,,,,,,,1.0,
ausgabegerät,False,1.0,,,,,,,,,,,,,,,,,,,,,,,,,,,
ausgeben,False,1.0,,,,2.0,,,,2.0,,,,11.0,,1.0,,1.0,,1.0,,2.0,2.0,,,,2.0,,
ausgebuddelt,False,,,,,,,1.0,,,,,,,,,,,,,,,,,,,,,
ausgedacht,False,,,,1.0,,,,,,,,,,,,,,,,,,,,,,,,
ausgedachtes,False,,,,1.0,,,,,,,,,,,,,,,,,,,,,,,,
ausgedingst,False,,,,,,,1.0,,,,,,,,,,,,,,,,,,,,,
ausgedruckt,False,,,,1.0,,1.0,,,,1.0,,,,,,,,,,,2.0,,,,,,,
ausgefüllt,False,,,,,,,1.0,,,,,,,,,,,,,,,,,,,,,
ausgeh,False,,1.0,,,,,,,,,,,,,,,,,,,,,,,,,,
ausgehen,False,,4.0,2.0,4.0,3.0,,,,1.0,6.0,,,,1.0,,1.0,2.0,,1.0,,4.0,2.0,1.0,,1.0,,1.0,
ausgehend,False,,,1.0,,,,,,,,,,,,,,,,1.0,,,,,,,,,
ausgehst,False,,1.0,,,,,,,1.0,,,,,,,,,,,,,,,,,,,
ausgeknickt,False,,,,,,,,,,,,,,,,,,,,,,,,1.0,,,,
ausgekommen,False,,,,,,,,,,1.0,,,,,,,,,,,,,,,,,,
ausgekäst,False,,,,,,,,,,,,,,,,,,,,,,,,,1.0,,,
ausgelassen,False,,,,,,,,,,,,1.0,,,,,,,,,2.0,,,,,,,
ausgenutzt,False,,,,,1.0,,,,,,,,,,,,1.0,,,,1.0,,,,,,,
ausgeprägt,False,,,,,,,1.0,,,,,,,,,,,,,,,2.0,,,,,,
ausgerechnet,False,,,,1.0,,,,,,,,,1.0,,,,,,,1.0,,,,,1.0,,,
ausgereift,False,,,,,,,,,,,,,,,,,,,,,,,,,,,1.0,
ausgerichtet,False,,,,,,,,,,,,,,,,,,,1.0,,,,,,,,,
ausgerissen,False,,,,,,,,,,,,,,,,,,,,,,,,1.0,,,,
ausgerufen,False,,,,,,,,,,,,,1.0,,,,,,,,,,,,,,,
ausgeschleust,False,,,,,1.0,,,,,,,,,,,,,,,,,,,,,,,
ausgesetzt,False,,,,,,,,,,,,,,,1.0,,,,,,,,,,,,,
ausgestalten,False,,,,,,,,,1.0,,,,,,1.0,,,,,1.0,6.0,,,,,,,
ausgestaltung,False,,,,2.0,,,,,,,,,2.0,,1.0,,,,,,,,,,,,,
ausgestatten,False,,,,,,,,,,,,,,1.0,,,,,,,,,,,,,,
ausgestattet,False,,,1.0,,,,,,,,,,,,,,,1.0,,,2.0,,,,,,,
ausgetauscht,False,,,,,,,,,2.0,,,,,,,,,,,,,,,,,,,
ausgibst,False,,,,,,,,,,,,,1.0,,,,,,,,,,,,,,,
ausgleichen,False,1.0,,,,,,,,,,,,,,,,1.0,,,,,,,,,,,
ausgrenzen,False,,,,,,,,,,,,,,,,,,,,1.0,,,,,,,,
aushalten,False,,,,,,,,,,1.0,,,,,,,,,,,,,,,,,,
aushandeln,False,,,,,,,,,,5.0,,,,,,,,,,,,,,,,,,
aushebeln,False,,,,,,,,1.0,,,,,,,,,,,,,,,,,,,,
ausheilen,False,,1.0,,,,,,,,,,,,,,,,,,,,,,,,,,
ausholen,False,,,,,,,1.0,,1.0,,,,,,,,,,,,,,,1.0,,,,
aushändigen,False,,,,1.0,,,,,,,,,1.0,,,,,,,,,,,,,,,
auskennen,False,,,,,,,,1.0,,,,1.0,1.0,,,,1.0,,1.0,1.0,,,1.0,1.0,,,,
ausklammern,False,,,,,,,1.0,,,,,,,,,,,,,,,,,,,,,
auskunft,False,,,,,,1.0,,1.0,,1.0,,,,,,,,,,1.0,,,,,,1.0,,
auskunftspflichtig,False,,,,,,1.0,,,,,,,,,,,,,,,,,,,,,,
auskunftsrechte,False,,,,,,,,,,,,,,,,,,,,,,,1.0,,,,,
ausladen,False,,,1.0,,,,,,,,,,,,,,,,,,,,,,,,,
auslagern,False,,,,,,,,,,,,,,,,,1.0,,,1.0,,,,,,,,
ausland,False,,,,,,9.0,1.0,,,,,,3.0,1.0,,,,,,1.0,4.0,,1.0,,,,,
auslandsaufenthalt,False,,,,,,,,,,,,,,,,,,,,1.0,,,,,,,,
auslandsgeheimdienst,False,,,,,,1.0,,,,,,,,,,,,,,,,,,,,,,
auslandsträger,False,,,,,,1.0,,,,,,,,,,,,,,,,,,,,,,
auslassen,False,1.0,,,,,,,,,,,,1.0,,,,,,,,2.0,,,,,,,
auslassung,False,,,,,,,,,,,,,,,,,,,,,6.0,,,,,,1.0,
auslastung,False,,,,,,,,,,,,,,,,,,,,,,,,,,,1.0,
auslaufen,False,,1.0,,,,,,,,,,,,,,,,,,,,,,,,,,
auslege,False,,1.0,,,,,,,,,,,,,,,,,,,,,,,,,,
auslegen,False,1.0,,,1.0,,,,,,1.0,,,,1.0,,,,,,,,,1.0,2.0,,,,1.0
auslegung,False,,,,,,,,,,,,,,,,,,,,,,,,,,,,4.0
ausleihen,False,,,,,,,,,,,,,,,,,1.0,,,,,,,,,,,
ausleiten,False,,3.0,,,,,,,,,,,,,,2.0,,,,,4.0,,,,,,,
ausleitung,False,,,,,,,,,,,,,,,,,,,,,2.0,,,,,,,
auslesbar,False,,,,,,,,,,,,,,,,,,,,,2.0,,,,,,,
auslesen,False,,,,,,,,,1.0,,,,,,1.0,,,,,,,,,,,,,
ausleuchten,False,,,,,,,,,,,,,,,,,,,,,,,,1.0,,,,
ausliefern,False,,1.0,,,,,,,,,,,,,,,1.0,,,,,,,1.0,,1.0,,
auslieferung,False,,,,,,,,,,,,,,,,,,,,,,,,,,2.0,,
ausliesen,False,,,1.0,,,,,,,,,,,,,,,,,,,,,,,,,
ausländisch,False,,,,,,,,,,,,1.0,,,,,,,,,,,,,,,,
auslässen,False,,,,,,,,,,,,,,,,,,,,,2.0,,,,,,,
auslösen,False,,,1.0,,,,1.0,,,,,,,,,,,,,2.0,,1.0,,,,,1.0,
auslöser,False,,,,,,,,2.0,,,,,,,,,,,,,,,,,,,,
ausm,False,,1.0,,,,,,,,,,,,,,,,,,,,,,,,,,
ausmachen,False,,1.0,,1.0,,,,,,,,,1.0,,,,1.0,,,,,,,1.0,,,1.0,
ausmaß,False,,,,,,1.0,,,,,,,,,,,,1.0,,,,,,,,,1.0,
ausmn,False,,1.0,2.0,,,1.0,,,,,,,,,,,,,,,,,,,,,,
ausnahme,False,,2.0,1.0,,2.0,3.0,2.0,3.0,,1.0,,3.0,,1.0,3.0,,,1.0,1.0,,2.0,2.0,,1.0,1.0,1.0,,
ausnahmefall,False,,,1.0,,,,,,,,,,,,,,,,,,,,,,1.0,,,
ausnahmegenehmigung,False,,,,,,1.0,,,,,,,,,,,,,,,,,,,,,,
ausnahmeregelung,False,,,,,,,,,,,,,,,,,,,,,,,2.0,,,,,
ausnahmetatbestand,False,,,,,,,,,,,,,,1.0,,,,,,,,,,,,,,
ausnahmsweise,False,,,,,,,1.0,,,,,,,,,,,,,,,,,,,,,
ausnutzbar,False,,,,,,,1.0,,,,,,,,,,,,,,,,,,,,,
ausnutzen,False,,,1.0,,2.0,,1.0,,3.0,,,,,,,,,1.0,,,1.0,7.0,,,,,,
ausnutzung,False,,,1.0,,,,,,,,,,,,,,,,,,,,,,,,,
auspacken,False,,,,,,,,,,,,,,,,,,,,,,,,,,1.0,,
ausprobieren,False,1.0,,1.0,,,,,,,,1.0,,2.0,1.0,1.0,4.0,,,,,,,,1.0,1.0,,,
ausprogrammiert,False,1.0,,,,,,,,,,,,,,,,,,,,,,,,,,,
ausprägung,False,,,,,,,,,,,,,,,2.0,,1.0,,,,,1.0,,1.0,,1.0,,
ausrechnen,False,,,,,,1.0,,,,,,,,,2.0,,,,,,,,,,,,,
ausrede,False,,,,,,,,,,,,,,,,,1.0,,,,,,,,,,,
ausreferenziert,False,,,,,,,,,,,,,,,,,,,,,3.0,,,,,,,
ausreichen,False,,,,,,,1.0,,,,,,,,,,,,,,,,,,,,,
ausreichend,False,,3.0,1.0,,1.0,,1.0,1.0,,,,,,,,,,,,1.0,,1.0,1.0,,,,1.0,
ausreisen,False,,,,,,,,,,,,,1.0,,,,,,,,,,,,,,,
ausreizen,False,,,,,,,,,,,,,,,,,,2.0,1.0,,,,,,,,,
ausrichten,False,1.0,,,,,,,,,,,,,,,,,,,,,2.0,,,,,,
ausrichtung,False,,,,1.0,,,1.0,,,,,,,1.0,,,,,1.0,,,,,,,1.0,,
ausrollen,False,,,,,,,,,,,,,1.0,,,,,,,,,,,,,,1.0,1.0
ausrufen,False,,,,,,,,,,,,,,,,,,,,1.0,,,,,,,,
ausrufezeichen,False,,,,,,,1.0,,,,,,,,,,,,,,,,,,,,,
ausruhen,False,1.0,,,,,,,,,,,,,,,,,,,,,,,,,,,
aussage,False,1.0,,4.0,1.0,,3.0,,,2.0,,,,,,2.0,,,1.0,,,11.0,1.0,1.0,1.0,,,,1.0
aussagegenehmigung,False,,,,,,2.0,,,,,,,,,,,,,,,,,,,,,,
aussagekräftig,False,1.0,,,,,,,,,,,,,,,,,,,,,,,,,,,
aussagen,False,,,,1.0,2.0,1.0,,,,,,,,,,,,,,,,,,,,,,
ausschalten,False,,,,,,,,,1.0,,,,,,1.0,,,,,,2.0,,1.0,,,,,
ausschlag,False,,,,,,,,,,,,,,,,,,,,,2.0,,,,,,,
ausschlaggebend,False,,,,,,,,,,,,,,,,,,,,,,,1.0,,,,,
ausschließen,False,9.0,,,,,,2.0,,2.0,2.0,,,5.0,,4.0,,6.0,,2.0,4.0,2.0,,,,1.0,2.0,,
ausschließlich,False,,1.0,,,,,,,,1.0,,,1.0,,1.0,,,2.0,,,,2.0,,,,1.0,,1.0
ausschluss,False,,,,,,,,,,,,,,,,,,,,1.0,,,,,,,,
ausschnitt,False,2.0,,,,,,,1.0,,,,,,,,,,,,,,,,,,,,
ausschreiben,False,,,,,,,1.0,,,,,,,,,,,,,,,,,,,,,
ausschreibung,False,,,,,,,,,,,,,7.0,,,,,,,,,,,,,1.0,,1.0
ausschuss,False,,,,5.0,15.0,16.0,1.0,,2.0,,3.0,,,,,1.0,,5.0,7.0,,,,,,,1.0,,2.0
ausschussarbeit,False,,,,,,,,,,,,,,,,,,,1.0,,,,,,,,,
ausschussbericht,False,,,,,1.0,,,,,,,,,,,,,,,,,,,,,,,
ausschussbüro,False,,,,,,,,,,,,,,,,,,1.0,,,,,,,,,,
ausschussdelegation,False,,,,,1.0,,,,,,,,,,,,,,,,,,,,,,,
ausschussmitglieder,False,,,,,,1.0,,,,,,,,,,,,,,,,,,,,,,
ausschusssitzung,False,,,,,,1.0,,,,,,,,,,,,,1.0,,,,,,,,,
ausschuß,False,,,,8.0,1.0,6.0,,,1.0,,6.0,,,,,,,12.0,6.0,,,,,,,1.0,,1.0
ausschöpfen,False,,,,,,,,1.0,,,,,,,,,,,,,,,,,,,,
aussehen,False,2.0,2.0,,8.0,1.0,,1.0,1.0,4.0,1.0,2.0,3.0,1.0,1.0,1.0,5.0,2.0,1.0,1.0,3.0,,4.0,1.0,2.0,5.0,2.0,2.0,1.0
ausselektiert,False,,,,,1.0,,,,,,,,,,,,,,,,,,,,,,,
aussetzen,False,1.0,,,,,,1.0,,,1.0,,,1.0,,3.0,,,,,,4.0,,,,,,,
aussetzer,False,,,,,,,,,,,,,,,,,,,,,,,1.0,1.0,,,,
aussicht,False,,1.0,,,,,,,,,,,,,,,,,,,,,1.0,,,,,
aussortieren,False,,,,,,,,,,,,,,,,,,1.0,,,,,,,,,,
aussperren,False,,,,,,,,,,,,,1.0,,,,,,,,,,,,,,3.0,
aussprache,False,,,,,,,,,,,,,,,,,,,1.0,,,,,,,,,
aussprechen,False,1.0,,,,2.0,1.0,,1.0,1.0,,,1.0,,,,,,,,,,,,,,2.0,,
ausstatten,False,,,,,,,,,1.0,,,,1.0,,,1.0,,,,,,,1.0,,,,,
ausstattung,False,,,,,,,,,,,,,,,,1.0,,,,,,,,,,,,
ausstellen,False,,,,,,,3.0,,7.0,,1.0,,3.0,,,,1.0,,,,,,,,,,,
ausstellung,False,,,,,,,,,,,,,,,,,,,,,,,,,,,,1.0
ausstrichen,False,,,,,,,,,,,,,1.0,,,,,,,,,,,,,,,
aussuchen,False,,1.0,2.0,1.0,,1.0,,,,,,,1.0,,,,,,,1.0,3.0,,,,,1.0,,1.0
austausch,False,,3.0,,,,,,1.0,1.0,1.0,2.0,,,,,,,1.0,4.0,,,,,,,,,2.0
austauschbar,False,,,,,,,,,,,,,,,,,,,,,,2.0,,,,,,
austauschen,False,,7.0,1.0,,,,,1.0,11.0,2.0,,,,,1.0,,,,1.0,,,2.0,2.0,,,,,6.0
austauschstudent,False,,,,,,,,,,,,,,,,,,,,1.0,,,,,,,,
austen,False,1.0,,,,,,,,,,,,,,,,,,,,,,,,,,,
austesten,False,,,,,,,,,,,,1.0,,,,,,,,,,,,,,,,
austragen,False,,,,,,,,,,,,2.0,,,,,,,,,,,,,,1.0,1.0,
australien,False,,2.0,,,,,,,,1.0,,,,,,,,,,,10.0,,,,,,,
australisch,False,,,,,,,,,,,,,,,,,,,,,2.0,,,,,,,
austrocknen,False,,,,,3.0,,,,,,,,,,,,,,,,,,,,,,,
auswahl,False,,,,2.0,,,,,,,1.0,,1.0,,,,,,1.0,,,,,,,,,
auswahlmöglichkeit,False,,,,1.0,,,,,,,,,,,,,,,,,,,,,,,,
auswahlverfahren,False,,,,,,,,,,,,,,,,,,,,,,,,,,,,2.0
auswand,False,,,,,,,,,,,,,,,1.0,,,,,,,,,,,,,
auswechseln,False,,,,,,,,,,,,,,1.0,,,,,,,,,,,,,,
ausweichen,False,,,,,,,,,,,,,,,,,,,1.0,,,,,,,,1.0,
ausweichmöglichkeit,False,,,,,,,,,,,,,,,,,,,,1.0,,,,,,,,
ausweis,False,,,,,,,,,,,,,,,,,1.0,,,1.0,2.0,,,,,,,
ausweisen,False,,1.0,,,,,,,9.0,1.0,,,,,,,2.0,,,,2.0,,,,,,,
ausweispapier,False,,,,,,,,,,,,,1.0,,,,,,,,,,,,,,,
ausweiswese,False,,,,,,,,,,,,,,,,,,,,,,,,,1.0,,,
ausweiten,False,,2.0,,,,,,,,,,,1.0,,1.0,,,,,,,,3.0,,,,,
ausweitung,False,,,,,2.0,,1.0,,,1.0,,,,,1.0,,,,,,,,,,,1.0,,
auswendig,False,,,,,,,,1.0,1.0,,,,,,,,,,,,,,,,,1.0,,
auswertbar,False,,,,,,,,1.0,,,,,,,,,,,,,,,,,,,,
auswerten,False,,,,,,,,,,,,,,,1.0,,,,,,2.0,,1.0,,,,1.0,
auswertung,False,,,,,,,,,,,,,1.0,,1.0,,,,,,,,6.0,,,,,
auswertungsseite,False,,,,,,,,,,,,,,,1.0,,,,,,,,,,,,,
auswirken,False,1.0,,,,,,,,,,1.0,,,,,,,,,,,,,,,,,
auswirkung,False,,1.0,,3.0,3.0,,1.0,,2.0,1.0,2.0,,,,1.0,,,,,1.0,,2.0,1.0,,,,1.0,1.0
auswählen,False,,,,,,1.0,,,1.0,,,,,,,,,1.0,,,,,,,,,1.0,
auswärtig,False,,,,,,,,,,1.0,,,,1.0,,,,,,,,,,,,,,
auswärtiges,False,,,,,,,,,,1.0,,,,,,,,,,,,,,,,,,
auszahlen,False,,,,,,,2.0,,,,,,3.0,,,,,,,,,,,,,,,
ausziehen,False,,,,,,,,,,,,,,,,,,,,,2.0,,,,,,,
auszubauen,False,,,,,,,,,,,,,,,,,,,,,1.0,,,,,,,
auszudenken,False,,,,1.0,,,,,,,,,1.0,,,,,,,,,,,,,,,
auszudifferenziere,False,,,,1.0,,,,,,,,,,,,,,,,,,,,,,,,
auszulesen,False,,,,,,,,,,,,,,,,,,,,,,,,,,,1.0,
auszuloten,False,,,,,,,,,,,,,,,1.0,,,,,,,,,,,,,
auszuwerten,False,,,,,,,,,,,,,,,1.0,,,,,,,,,,,,,
ausüben,False,,1.0,,2.0,,,1.0,,,,,,,,1.0,1.0,,,,,,,,,,,1.0,
authentication,False,,,,,,,,,1.0,,,,,,,,,,,,,,,,,,,
authentifizieren,False,,,,,,,,,,,,,,,,,2.0,,,,,,,,,,,
authentifiziert,False,,,,,,,,,,,,,,,,,,,,,,,,,,,1.0,
authentifizierung,False,,,,,,,,,,,,,,,,,3.0,,,,,,,,,,,
authentifizierungsverfahren,False,,,,,,,,,,,,,,,,,1.0,,,,,,,,,,,
authentisiern,False,,,,,,,,,1.0,,,,,,,,,,,,,,,,,,,
authentisiert,False,,,,,,,,,1.0,,,,,,,,,,,,,,,,,,,
authentisierung,False,,,,,,,,,2.0,,,,,,,,,,,,,,,,,,,
authentizität,False,,,,,,,,,,,,2.0,,,,,,,,,,,,,,1.0,,
authority,False,,,,,,,,,2.0,,,,,,,,,,,,,,,,,,,
auto,False,,1.0,,,2.0,,,2.0,,,,1.0,,,,,,,,,,1.0,,1.0,,,,
autodidakt,False,,,,,,,,,,,,1.0,,,,,,,,,,,,,,,,
autodinger,False,,,,,,,,,,,,,,,,,,,,,,1.0,,,,,,
autohersteller,False,1.0,,,,,,,,,,,,,,,,,,,,,,,,,,,
autokratisch,False,,,,,,,,,,,,,,,,,,,,,,1.0,,,,,,
automat,False,,,,,,,,,,,,,1.0,,,,,,,1.0,,,,,,,,
automatisch,False,5.0,2.0,2.0,7.0,1.0,,1.0,,1.0,,2.0,,1.0,,2.0,,1.0,,1.0,2.0,,,,,,,,
automatisieren,False,,,,1.0,,,,,,,,,,,4.0,,1.0,,,,,,,1.0,,,2.0,
automatisiert,False,1.0,1.0,1.0,1.0,,,,,,,,,1.0,,5.0,1.0,1.0,,,,,,2.0,1.0,,1.0,,
automatisierung,False,,,,,,,,,,,,,,,,,,,,,,,1.0,1.0,1.0,,,3.0
automotiv,False,,,,,,,,,,,,,,,,,,,1.0,,,,,,,,,
autonom,False,,,,,,,,,,,,,,,,,,,,,,,,,,,,1.0
autopilot,False,,,,,,,,,,,,,,,,,,,,,,,,,,1.0,,
autor,False,,,,,,,,13.0,,,,1.0,,2.0,,,,,,,,2.0,,,,,,
autorin,False,,,,,,,,,,,,,,,,,,,,1.0,,1.0,,,,,,
autorität,False,,,,,,,,,,,,,,,1.0,,,,,,,,,,,,,
autosong,False,,2.0,,,,,,,,,,,,,,,,,,,,,,,,,,
autosäuregesetze,False,,,,,,,,,,,1.0,,,,,,,,,,,,,,,,,
außen,False,,1.0,1.0,,1.0,,2.0,,1.0,,,1.0,,1.0,3.0,,,1.0,1.0,3.0,4.0,2.0,,1.0,,2.0,2.0,1.0
außenansicht,False,,,,,,,,,,,,1.0,,,,,,,,,,,,,,,,
außenperspektive,False,,,,,,,,,,,,1.0,,,,,,,,,,,,,,,,
außenpolitik,False,,,,,1.0,,,,,,,,,,,,,,,,,,,,,,,
außenrum,False,,,,,,,,,,,,,,,,,,,,,2.0,,,,,,,
außensicht,False,,,,,,,,,,,,,,,,,,,,,,,,,1.0,,,
außenstehend,False,,,,,,,,,,,,,,,,,,,,,,,,1.0,,,,
außer,True,1.0,2.0,2.0,2.0,2.0,2.0,3.0,,7.0,,1.0,,1.0,1.0,1.0,,,,2.0,,2.0,1.0,4.0,,,1.0,1.0,
außerdem,True,,,1.0,1.0,,,2.0,,,,,,1.0,,,,,,,,1.0,,,,,,2.0,1.0
außerhalb,False,,1.0,,,1.0,,1.0,1.0,,1.0,1.0,,,,,,,,,1.0,4.0,,2.0,,,1.0,,1.0
avila,False,,,,,,,,,,,,,,,,,,,,,,2.0,,,,,,
aw,False,,1.0,,,,,,,,,,,,,,,,,,,,,,,,,,
awas,False,,,,,,,,,,,,,,,,,,,1.0,,,,,,,,,
axel,False,,,,,,,,,,,,,,,,,,,,,,,,,,1.0,,
axolotl,False,,,,,,,,1.0,,,,,,,,,,,,,,,,,,,,
b,False,1.0,,,,,,,1.0,,,1.0,,,,,,,,,1.0,,,,,1.0,1.0,,
babelfish,False,1.0,,,,,,,,,,,,,,,,,,,,,,,,,,,
baby,False,1.0,,,,,,,,,,,,,,,,,,,,,,,,,,,
babyfläschche,False,,,,,,,,,,,,,1.0,,,,,,,,,,,,,,,
babyfläschchenwärmer,False,,,,,,,,,,,,,1.0,,,,,,,,,,,,,,,
babylon,False,,,,,,,,,,,,1.0,,,,,,,,,,,,,,,,
bachrein,False,,,,,1.0,,,,,,,,,,,,,,,,,,,,,,,
backbar,False,,,2.0,,,,,,,,,,,,,,,,,,,,,,,,,
backbaue,False,,,1.0,,,,,,,,,,,,,,,,,,,,,,,,,
backboard,False,,,1.0,,,,,,,,,,,,,,,,,,,,,,,,,
backbountie,False,,,1.0,,,,,,,,,,,,,,,,,,,,,,,,,
backdoor,False,,,,,,,,,,,,,,,,,,,,,2.0,,,,,,,
backdoors,False,,1.0,,,,,,,,,,,,,,,,,,,,,,,,,,
backe,False,,,,,,,1.0,,,,,,,,,,,,,,,,1.0,,,,,
backen,False,,,,,,,,,,,,1.0,,,,,,,,,,,,,,,,
background,False,,,,,,,,,,,,,,,,,,,1.0,,,,,,,,,
backoffice,False,,,,,,,,,,,,,,,,,,,,,,,,1.0,,,,
backtracking,False,,,,,,,,,,,,,,,,,,,1.0,,,,,,,,,
backup,False,,,,,,,,,,,,,,,,,1.0,,,,,,,1.0,,,,
backupen,False,,,,,,,,,,,,,,,,,1.0,,,,,,,,,,,
backups,False,1.0,1.0,1.0,1.0,1.0,,1.0,,1.0,,,1.0,1.0,,1.0,,2.0,,,1.0,4.0,2.0,,2.0,,1.0,1.0,
bad,False,,,,,,3.0,,,,,,,,,,,,,1.0,,,2.0,,,,,2.0,
bagger,False,,,,,,,,,,,,,,,,,,,,,2.0,,,,,,,
bahn,False,2.0,,,,1.0,,,,,,,,,1.0,,,2.0,,,18.0,,,,,,,,
bahnbeispiel,False,,,,,,,,,,,,,,,,,,,,2.0,,,,,,,,
bahncard,False,,,,,,,,,,,,,,,,,,,,19.0,,,,,,,,
bahndat,False,1.0,,,,,,,,,,,,,,,,,,,,,,,,,,,
bahnfahren,False,,,,,,,,,,,,,,,,,,,,2.0,,,,,,,,
bahnhof,False,,,,,,,,,,,,,,,,,,,,,,,4.0,,,,,
bahnopfer,False,,,,,,,,,,,,,,,,,,,,1.0,,,,,,,,
bahnschalter,False,,,,,,,,,,,,,,,,,,,,2.0,,,,,,,,
balance,False,,,,,,,,,,,,,,,,,,,,,,,,1.0,,1.0,,
bald,True,,1.0,,,,,,,,2.0,,1.0,,1.0,1.0,,,,,,1.0,6.0,1.0,1.0,1.0,2.0,,1.0
ball,False,1.0,,,,,,,,,,,,,,,,,,,,,,,,,,,
ballast,False,,,,,,,,,,,,1.0,,,,,,,,,,,,,,,,
ballern,False,,,,,,,,,,,,,,1.0,,,,,,,,,,,,,,
bam,False,,,1.0,,,,,,,,,,,,,,,,,,,,,,,,,
bamberg,False,,,,,,,,,,,,,,,1.0,,,,,,,,,,,,,
bamf,False,,,,,,,,,,,,,,,,,,,,,,,,,1.0,,,
banal,False,,,,1.0,,,1.0,,,,,,,,,,,,,,,,,,,3.0,,
banalisier,False,,,,,,,,,,,,,,,,,,,,,2.0,,,,,,,
band,False,,2.0,,,,,,,,,,,,,,,,,,,,,,,1.0,,,
bandage,False,,,,,,1.0,,,,,,,,,,,,,,,,,,,,,,
bandbreite,False,1.0,,2.0,,,,1.0,,,,,,,,,1.0,,1.0,,,,,,,,,,
bande,False,,,,,,,,,,,,1.0,,,,,,,,,,,,,,,,
bank,False,2.0,,,,,,,,2.0,,,,3.0,,,,23.0,,,,4.0,,,,,,2.0,
bankautomat,False,4.0,,,,,,,,,,,,1.0,,,,,,,1.0,,,,,,,,
bankengeheimnis,False,,,,,,,,,,,,,1.0,,,,,,,,,,,,,,,
bankensektor,False,,,,,,,,,,,,,,,,,1.0,,,,,,,,,,,
bankensystem,False,,,,,,,,,,,,,1.0,,,,,,,,,,,,,,,
bankenversicherung,False,,,,,,,,,,,,,,,,,1.0,,,,,,,,,,,
bankgeheimnis,False,,,,,,,,,,,,,1.0,,,,,,,,,,,,,,,
banking,False,,,,,,,,,,,,,,,,,2.0,,,,,,,,,,,
bankkarte,False,,,,,,,,,,,,,,,,,1.0,,,,,,,,,,,
bankkontum,False,,,,,,,,,,,,,,,,,1.0,,,,,,,,,,,
bankomat,False,1.0,,,,,,,,,,,,,,,,,,,,,,,,,,,
banküberweisung,False,,,,,1.0,,,,,,,,,,,,,,,,,,,,,,,
banner,False,1.0,,,,,,,,,,,,,,,,,,,,,,,,,,,
bar,False,,,,,,,,,,,,,4.0,,,,,,,,,,,,,,,
bargeld,False,2.0,,,,,,,,,,,,19.0,,,,,,,,,,,,,,,
bargeldabhebung,False,,,,,,,,,,,,,1.0,,,,,,,,,,,,,,,
bargeldauszahlung,False,,,,,,,,,,,,,1.0,,,,,,,,,,,,,,,
bargeldbetrag,False,,,,,,,,,,,,,1.0,,,,,,,,,,,,,,,
bargeldeinschränkunge,False,,,,,,,,,,,,,1.0,,,,,,,,,,,,,,,
bargeldentzug,False,,,,,,,,,,,,,1.0,,,,,,,,,,,,,,,
bargeldersatz,False,,,,,,,,,,,,,1.0,,,,,,,,,,,,,,,
bargeldhandling,False,,,,,,,,,,,,,1.0,,,,,,,,,,,,,,,
bargeldlos,False,,,,,,,,,,,,,,,,,,,,1.0,,,,,,,,
bargeldtransport,False,,,,,,,,,,,,,1.0,,,,,,,,,,,,,,,
barleistung,False,,,,,,,,,,,,,3.0,,,,,,,,,,,,,,,
barley,False,,,,,4.0,,,,,,,,,,,,,,,,,,,,,,,
barriere,False,5.0,,,,,,,,,,,1.0,,,,,,,1.0,2.0,,,,,,,,
barrierearm,False,1.0,,,,,,,,,,,,,,,,,,,,,,,,,,,
barrierefrei,False,9.0,,,,,,,,,,,,,,,,,,,15.0,,,,,,,,
barrierefreie,False,1.0,,,,,,,,,,,,,,,,,,,,,,,,,,,
barrierefreier,False,1.0,,,,,,,,,,,,,,,,,,,,,,,,,,,
barrierefreiheit,False,12.0,,,,,,,,,,,,,,,,,,,43.0,6.0,,,,,,,
barrierefreiheitsanforderung,False,,,,,,,,,,,,,,,,,,,,2.0,,,,,,,,
barrierefreiheitsstärkungsgesetz,False,,,,,,,,,,,,,,,,,,,,2.0,,,,,,,,
barrierefreiheitstool,False,,,,,,,,,,,,,,,,,,,,,2.0,,,,,,,
bart,False,,2.0,,,,,,,,,,,,,,,,,,,1.0,,,,,,,
basel,False,,,,,,,,,,,,,,,1.0,,,,,,,,,,,,,
baseline,False,,,,,,,,,,,,,,,,,,,1.0,,,,,,,,,
basic,False,,,,,,,,,,,,,,,,1.0,,,,,,,,,,,1.0,
basics,False,,,,,,,1.0,,,,,,,,,,,,,,,2.0,,,,,,
basieren,False,,1.0,2.0,1.0,,,,,,,,2.0,2.0,,1.0,,,,,,,3.0,,,,1.0,3.0,
basierend,False,,,,,,,1.0,,1.0,,1.0,,,,,,,,1.0,,,,,,,,,
basiert,False,,1.0,,,,,,,,,,,,,,,,,,,,,,,,,,
basis,False,,,1.0,,,,1.0,1.0,,,,2.0,,,1.0,,,,,,,,,,,2.0,2.0,
basisinfrastruktur,False,,,,,,,2.0,,,,,,,,,,,,,,,,,,,,,
basiskonto,False,,,,,,,,,,,,,3.0,,,,,,,,,,,,,,,
basislayer,False,,,,,,,1.0,,,,,,,,,,,,,,,,,,,,,
basismitglied,False,,,,,,,,,,,,,,,,,,,1.0,,,,,,,,,
basisregel,False,,,,,1.0,,,,,,,,,,,,,,,,,,,,,,,
basisrohstoff,False,,,,,,,,,,,,,,,,,,,,,,1.0,,,,,,
basisstation,False,,,,,,,,,,,,,,,,,1.0,,,,,,,,,,,
baske,False,,,,,1.0,,,,,,,,,,,,,,,,,,,,,,,
baskisch,False,,,,,3.0,,,,,,,,,,,,,,,,,,,,,,,
bastellösung,False,1.0,,,,,,,,,,,,,,,,,,,,,,,,,,,
basteln,False,,,,,,,1.0,,,1.0,,1.0,,,,,,,,,,,,,,,,
bastelt,False,,,,,,,,,,,,1.0,,,,,,,,,,,,,,,,
batman,False,,,,,,,,,,,,1.0,,,,,,,,,,,,,,,,
batterie,False,,,,,,,,2.0,,,,,,,,,,,,,,1.0,,1.0,,,,
batteriefabrik,False,,,,,,,,,,,,,,,,,,,,,,1.0,,,,,,
batterieproduktion,False,,,,,,,,,,,,,,,,,,,,,,1.0,,,,,,
battle,False,,,,,,,,,,,,,,,,,,,,,,,,,2.0,,,
bauamt,False,,,,,,,2.0,,,,,,,,,,,,1.0,,,,,,,,,
bauaufsicht,False,,,,,,,1.0,,,,,,,,,,,,,,,,,,,,,
bauben,False,,,,1.0,,,,,,,,,,,,,,,,,,,,,,,,
bauch,False,1.0,,,,,,,,,,,,,,,,,,,,,,,1.0,,,,
bauchgefühl,False,,,2.0,,,,1.0,,,,,,,,,,,,,,,,,,,,,
bauchschmerz,False,,,,,,,1.0,,,,,,,,,,,,,,,,,,,1.0,,
bauchweh,False,,,,,,,,,,,,,,,1.0,,,,,,,,,,,,,
bauen,False,2.0,20.0,4.0,5.0,2.0,,7.0,2.0,5.0,,,3.0,,1.0,,1.0,1.0,1.0,3.0,1.0,10.0,18.0,3.0,7.0,2.0,4.0,5.0,
baukasten,False,,,,,,,,,,,,,,,,,,,,,,,,,,,2.0,
baum,False,,,,,,,,,1.0,,,,,,,,,,2.0,,,,,,,,,
baustein,False,,,,,,,1.0,,1.0,,,,2.0,2.0,,,,,1.0,,,,,,,,,
baustelle,False,,,,1.0,,,,,,1.0,,,,,,,,,,,,,,,,,,
baut,False,,,,,,,,,,,,,,,,,,,,,1.0,,,,,,,
bautrupp,False,,,,,,,2.0,,,,,,,,,,,,,,,,,,,,,
bayerisch,False,,,,,,,,,,,,,,,,,,1.0,,,,,,,3.0,,,
bayern,False,,,,,,,1.0,,,,,,1.0,,,,,3.0,,,2.0,,,,5.0,,,
bayernfahne,False,,,,,,,,,,,,,,,,,,,,,,,,,1.0,,,
bayonettverschluss,False,,,,,,,,,,,,,,,,,,,,,,,,1.0,,,,
bbc,False,,,,,,,,,,,,,,,,,,,,,,2.0,,,,,,
be,False,1.0,,,,,,1.0,,,,,1.0,,,,,,,,,,,,,,,,
bea,False,,,,,,,,,,,,,,,,,1.0,,,,,,,,,,,
beabsichtigen,False,,,,,,,,,,,,,1.0,,,,,,,,,,,,,,,
beachten,False,1.0,,1.0,1.0,,,,,,,,,,,,,,,,,2.0,,1.0,,,,1.0,
beackernd,False,,,,,,1.0,,,,,,,,,,,,,,,,,,,,,,
beamen,False,,,,,,,,,,1.0,,,,,,,,,,,,,,,,,,
beamtenamt,False,,,,,,,,,,,,,,,,,,,,,,,,,1.0,,,
beamtenhauptstadtansag,False,,,,1.0,,,,,,,,,,,,,,,,,,,,,,,,
beamter,False,,,,2.0,,3.0,,,,1.0,,,,2.0,1.0,,,,,,,,,,1.0,,,1.0
beamtete,False,,,,,,,,,,,,,,,,,,,,,,,,,1.0,,,
beamtetenstaatssekretär,False,,,,,,,,,,,,,,,,,,,,,,,,,1.0,,,
beanspruchen,False,,,,,,,,,,,,,,,,,,,,,,,,,,,1.0,
beanstandung,False,,,,,,,,,,,,,,,,,,,,,,,3.0,,,,,
beantragen,False,,,,,1.0,,3.0,,1.0,,,,,,,,,,,,,,,,,,,
beantworten,False,,1.0,,4.0,1.0,,,1.0,,,1.0,3.0,1.0,,2.0,1.0,2.0,3.0,3.0,1.0,,1.0,,,1.0,,2.0,1.0
beantwortesen,False,,,,,,,1.0,,,,,,,,,,,,,,,,,,,,,
beantwortet,False,,,,,,,,,,,1.0,,,,,,,,,,,,,,,,,
beantwortung,False,,,,,,,,,,,1.0,,,,,,,,1.0,,,,,,,,,1.0
bearbeiten,False,,,3.0,1.0,,,,2.0,,,,,,,,,,,2.0,,,,1.0,,,,1.0,5.0
beat,False,,1.0,,,,,,,,,,,,,,,,,,,,,,,,,,
beaufsichtigen,False,,,,,,,,,,,,,,,,7.0,,,,,,,,,,,,3.0
beauftragen,False,,,,,2.0,1.0,2.0,,,,,1.0,2.0,,,,,,1.0,,,,,1.0,,,,1.0
beauftragst,False,,,,,,,,,,,,,,,2.0,,,,,,,,,,,,,
beauftragter,False,,,,,,1.0,,,,,,,,,,,,,,,,,,,,,,
bebauen,False,,,,,,,,,,,,,,,,,,,,,,,1.0,,,,,
becke,False,,,,,,,1.0,,,,,,,,,,,,,,,,,,,,,
bedanken,False,,2.0,,1.0,1.0,2.0,,2.0,,,,,,,,,,,,,,,,,1.0,,,4.0
bedarf,False,,,,,,,,1.0,,2.0,,1.0,,,2.0,,,,,,,,,,,2.0,,1.0
bedarfe,False,,,,,,,,1.0,,,,,,,,,,,,,,,,,,,,
bedarfsträger,False,,,,,,,,,,,,,,,3.0,,,,,,,,,,,,,
bedauern,False,1.0,,,,,,,,,,,,,,,,,,,,,,,,,,,
bedenken,False,,1.0,,,1.0,,,,,3.0,,,,,,1.0,,,2.0,,,,,,1.0,,,1.0
bedeuten,False,7.0,4.0,1.0,5.0,,,2.0,2.0,7.0,5.0,,,1.0,3.0,5.0,,1.0,1.0,1.0,2.0,3.0,1.0,,1.0,,3.0,2.0,3.0
bedeutend,False,,,,,,,,,,,,,1.0,,,,,,,,,,,,,,,
bedeutung,False,,,,,,,1.0,,1.0,,,1.0,,,,,,,,,,,,,,,1.0,1.0
bedienbar,False,,,,1.0,,,,,,,,,,,,,,,,3.0,,,,,,,,
bedienbarkeit,False,1.0,,,,,,,,,,,,,,,,,,,1.0,,,,1.0,,,,
bedienen,False,2.0,,,,2.0,,,2.0,1.0,,,4.0,,,,,,,1.0,2.0,,,,5.0,,2.0,1.0,
bedingen,False,,,,,,,,,,,1.0,,,,,,,,,,,,,,,,,
bedingt,False,,,,1.0,,,,,,,1.0,,,,,,,,1.0,,,,,,,,,
bedingung,False,,,,3.0,1.0,1.0,,,1.0,,,,,,1.0,,,,,1.0,,13.0,,,,,,
bedrohen,False,,,,,2.0,,,,,,,,,,,,,,,,,,,,,,,
bedrohung,False,,,,,,,2.0,,,,,,,,,,,,,,,,,,,,,
bedrohungslage,False,,,,,,,1.0,,,,,,,,,,,,,,,,,,,,,
bedrängnis,False,,,,,,,,,,,,,,,,,,,,,,,,,,,,1.0
bedrückend,False,,,,,,,,,1.0,,,,,,,,1.0,,1.0,,,,,,,,,
bedrückt,False,,,,,,,,,,,,,,,,,,,,1.0,,,,,,,,
beduldigung,False,,,,,,,,,,,,,,,,,,,,1.0,,,,,,,,
bedächtig,False,1.0,,,,,,,,,,,,,,,,,,,,,,,,,,,
bedürfen,False,,,,,,,,,,1.0,,,,,,,,,,,,,,,,,,
bedürfn,False,,,,,,,,,,,,,,,,,1.0,,,,,,,,,,,
bedürfnis,False,1.0,,,1.0,,,1.0,1.0,,,,,,,1.0,1.0,,,,,,,,,,1.0,,
beehren,False,,,,,,,,,,,,,,,,,,,,,,,,,,1.0,,
beeindrucken,False,,,,,,,,,,,,1.0,2.0,1.0,,1.0,,,,,,,,,,,,
beeindruckend,False,,,,,1.0,,2.0,,,,,,,,,,,,,,,,1.0,,,,,
beeinflussen,False,,,1.0,1.0,,2.0,,,,,,2.0,,2.0,,1.0,,,,1.0,,,,,1.0,2.0,1.0,
beeinflussn,False,,,,,,,,,,,,1.0,,,,,,,,,,,,,,,,
beeinflussung,False,,1.0,,,,,,,,,,,,,,,,,,,,,,,,,,
beeinträchtigen,False,,,,,,,,,,,1.0,,,,,,,,,,,,,,,,,
beeinträchtigung,False,2.0,,,,,,,,,,,,,,,,,,,,,,,,,,,
beenden,False,1.0,1.0,,,1.0,2.0,,,,,,1.0,,,2.0,,2.0,,,1.0,2.0,,,,,,,
beerdigen,False,,,,,,,,,,,,,,,,,,,,1.0,,,,,,,,
beere,False,1.0,,,,,,,,,,,,,,,,,,,,,,,,,,,
befallen,False,,,,,1.0,,,,,,,,,,,,,,,,,,,,,,,
befassen,False,,,,,,,,,,1.0,1.0,2.0,,,2.0,1.0,,,,1.0,,,,,,1.0,,
befehl,False,,,,,,,,,,,,5.0,,,,,,,,,,,,,,,1.0,
befeuern,False,,,,,2.0,,,,,,,,,,,,,,,,,,,,,,,
befinden,False,3.0,1.0,,,,,3.0,1.0,,,1.0,,,,,,1.0,,,,4.0,1.0,,2.0,,,,
beforschen,False,,,,2.0,,,,,,,,,,,,,,,,,,,,,,,,
befragen,False,,,1.0,,4.0,3.0,1.0,,,,1.0,,,,,,,3.0,,,,,,,,,,
befragung,False,,,,,3.0,,,,,,,,,,,,,,,,,,,,,,,
befreie,False,,1.0,,,,,,,,,,,,,,,,,,,,,,,,,,
befremdlich,False,,,,,,,,1.0,,,,,,,,,,,,,,,,,,,,
befreundet,False,,,,,1.0,,1.0,,,1.0,,,,,,,1.0,,,,,,,1.0,,,,
befreundete,False,1.0,,,,,,,,,,,,,,,,,,,,,,,,,,,
befristen,False,,,,,,,,,,,,,,,,,,,,,,,2.0,,,,,
befristet,False,,,,,,,,,,,,,,,,,,,,,,,1.0,,,,,
befruchen,False,1.0,,,,,,,,,,,,,,,,,,,,,,,,,,,
befugnis,False,,,,,1.0,,1.0,,,,,,,,,,,,,,,,,,,,,
befund,False,,,,,1.0,,,,,,,,,,,,,,,,,,,,,1.0,,
befähigen,False,,2.0,,,,,1.0,,,,,,,,,,,,1.0,,,,,,,,,
befördern,False,,,,,,,,,,,,,1.0,,,,,,,,,,,,,,,
befüllen,False,,,,1.0,,,,,,,,,,,,,,,,,,,,,,,,
befürchten,False,1.0,,,,,,,,,,,,,,,,,,2.0,,2.0,,,,,,,
befürchtest,False,,,,,,,,,,,,,,,,,,,1.0,,,,,,,,,
befürchtung,False,,,,,,,,,4.0,,,,1.0,,1.0,,,,,,,,,,,,,
befürworten,False,,,,,,,,,,,,,,,,,,,,,2.0,,,,,,,
befürworter,False,,1.0,,,,,,,,,,,,,4.0,,,,,,,,,,,,,
befürworterin,False,,,,,,,,,,,,,,,1.0,,,,,,,,,,,,,
befürworterinn,False,,1.0,,,,,,,,,,,,,,,,,,,,,,,,,,
befürwortung,False,,,,1.0,,,,,,,,,,,,,,,,,,,,,,,,
begeben,False,,1.0,1.0,,,,,,,,,,1.0,,,,,,,,,,,1.0,,,,
begegnen,False,2.0,3.0,,,,,4.0,,,,,1.0,,,,,,,,1.0,,1.0,,,1.0,,,
begegnung,False,,,,,,,,,,,,1.0,,,1.0,,,,,,,,,,,,,
begehbar,False,1.0,,,,,,,,,,,,,,,,,,,,,,,,,,,
begehen,False,,,,1.0,1.0,,,,,,,,,,,,,,,,,,,,,,,
begehend,False,,,,,,,1.0,,,,,,,,,,,,,,,,,,,,,
begehren,False,,,,,,,,,,1.0,,,,,,,,,,,,1.0,,,,,,1.0
begehung,False,,,,,,,,,,,,,,,,,,,,,,,,1.0,,,,
begeistern,False,,,1.0,1.0,,,,,,,,,,,,,,,,,,1.0,,,,,,
begeistert,False,,,1.0,,,,,,,,,1.0,,,,,,,,,,,,1.0,,,1.0,
begeisterung,False,,,,,,,1.0,,,,,,,,,,,,,,,,,,,,,
beginn,False,,,,,1.0,,2.0,,1.0,2.0,1.0,,1.0,,2.0,1.0,,1.0,,,,2.0,,,,2.0,,1.0
beginnen,False,,,1.0,,,1.0,,,1.0,3.0,,2.0,1.0,,,,,,,1.0,4.0,,2.0,2.0,,4.0,1.0,4.0
beginnend,False,,,1.0,,,,,,,,,,,,,,,,,,,,,,,,,
begleitdat,False,,,,,,,,,,,,,,,1.0,,,,,,,,,,,,,
begleiten,False,,,,2.0,,6.0,2.0,,,,3.0,,,,,3.0,1.0,,1.0,,,,,,,,,
begleiterscheinung,False,,,,,,,,,,,,,,,,,,,,1.0,,,,,,,,
begleitumständ,False,,,,,,,,,,,,,,,1.0,,,,,,,,,,,,,
begleitumstände,False,,,,,,,,,,,,,,,1.0,,,,,,,,,,,,,
begleitung,False,,,,,,1.0,,,,,,,,,,,,,,,,,,,,,,
begraben,False,,,,,,,1.0,,,,,,,1.0,,,,,,,,,,,,,,
begreifen,False,,,,,,,2.0,,,,,,,,,,,,,,,,,,,,,
begreiflich,False,,,,,,,,,,,,1.0,,,,,,,,,,,,,,,,
begrenzen,False,,,,,2.0,1.0,1.0,,,,,,1.0,,1.0,1.0,,1.0,,,,,,,,,1.0,
begrenzt,False,,,,,1.0,,,,,,,,,,,1.0,1.0,,,,,,,,,,,
begriff,False,4.0,9.0,,,,1.0,2.0,4.0,3.0,3.0,1.0,5.0,2.0,,,,2.0,1.0,,16.0,4.0,4.0,,,,2.0,2.0,1.0
begrifflich,False,1.0,,,,,,,,,,,,,,,,,,,,,,,,,,,
begrifflichkeit,False,,,,,,,,1.0,,,,,,,,,,,,,,,,,,,,
begriffsbestimmung,False,,,,,,,,,,,,,,,,,,,,,,,,,,,,1.0
begriffsdefinition,False,,,,,,,,,,,,,,,,,,,,,,1.0,,,,,,
begründen,False,,1.0,,,,,,1.0,,,,,1.0,,3.0,,,,,,,,1.0,,,,,
begründet,False,,,,,,,,,,,,,,,1.0,,,,,,,,,,,,,
begründung,False,,,,,1.0,1.0,,,2.0,,,,3.0,,,,,,,,,,2.0,,,,,
begründungslinie,False,,,,,,,,,,,,,,,,,,,,,,,1.0,,,,,
begrüßen,False,1.0,1.0,,,1.0,,,,,,,,1.0,1.0,,,,,,,1.0,,,,,2.0,2.0,1.0
begrüßenswert,False,,,,,,,,,,,,,,,,,,,,1.0,,,,,,,,
begutachten,False,,,1.0,,,,,1.0,,,,,,,,,,,,,,,1.0,,,,,
begutachtung,False,,,,,,,,,,,,,,,,,,,,,,,,,,2.0,,
begünstigen,False,,,,,,,,,,,1.0,,,,,,,,,,,,,,,,,
behafteen,False,,,,,,,,,,,,,,,,,,,,,2.0,,,,,,,
behaften,False,,,,,,,,,,,,,,,,,,,,1.0,,,,,,,,
behaken,False,,,,,,,,,,,,,,,,,1.0,,,,,,,,,,,
behalten,False,,2.0,,1.0,1.0,,,,1.0,,,,,,1.0,1.0,,,1.0,1.0,2.0,1.0,,,1.0,,1.0,
behandeln,False,,,,,2.0,,,,,,,,,,1.0,1.0,,1.0,,1.0,4.0,3.0,2.0,,,1.0,,
behandelnd,False,,,1.0,,,,,,,,,,,,,,,,,,,,,,,,,
behandlung,False,,,1.0,1.0,,,,,,,,,,,,,,,,,,,,,,,,
behandlungskontext,False,,,,1.0,,,,,,,,,,,,,,,,,,,,,,,,
behaupten,False,,,,,5.0,,,,1.0,,,,,,,1.0,,,1.0,,,,,,,,,1.0
behauptung,False,,,,,1.0,,,,,,,,,,,,,,,,,,,,,,,
beheben,False,,,1.0,,,,1.0,,,,,,,,,,,,,,,,,1.0,,,,
beheimaten,False,,,,,,,,1.0,,,,,,,,,,,,,,,,,,,,
beherrschbar,False,1.0,,,,,,,,,,,,,,,,,,,,,,,,,,,
beherrschen,False,1.0,,,,1.0,,,,,,,2.0,,,,,,,,,,2.0,,,,,2.0,
behind,False,,,,,,,,,,1.0,,,,,,,,,,,,,,,,,,
behindern,False,1.0,,,,,,,,,,,,,,,,,,,,,,,,,,,
behindert,False,1.0,,,,,,,,,,,,,,,,,,,,,,,,,,,
behinderung,False,7.0,,,,,,,,,,,,,,,,,,,2.0,,,,,,,,
behring,False,,,,,,,,,,,,,,,,,,,,1.0,,,,,,,,
behringer,False,,,,,,,,,,,,,,,,,,,,,,,,3.0,,,,
behyar,False,1.0,,,,,,,,,,,,,,,,,,,,,,,,,,,
behörde,False,7.0,4.0,4.0,1.0,6.0,3.0,16.0,,1.0,1.0,,,5.0,4.0,18.0,5.0,1.0,,2.0,,2.0,,2.0,,2.0,,,8.0
behördenchef,False,,,,,,2.0,,,,,,,,,,,,,,,,,,,,,,
behördenkommunikation,False,,,,,,,1.0,,,,,,,,,,,,,,,,,,,,,
behördlich,False,,,,,,,1.0,,,,,,,,,,,,,,,,,,,,,
bei,True,76.0,66.0,62.0,57.0,42.0,37.0,66.0,55.0,35.0,55.0,25.0,33.0,18.0,21.0,65.0,27.0,33.0,46.0,36.0,53.0,202.0,48.0,33.0,33.0,25.0,80.0,53.0,36.0
beibehalten,False,,1.0,,,,,,,,,,,,,,,,,,,,,,,,,,
beibringen,False,1.0,,,,,,,,,,,,,,,,,,,,,,,,,,,
beichten,False,1.0,,,,,,,,,,,,,,,,,,,,,,,,,,,
beid,False,,,,,,,,,,,1.0,,,,,,,,,,,,,1.0,,,,
beide,False,4.0,10.0,8.0,7.0,5.0,2.0,3.0,4.0,2.0,4.0,1.0,12.0,,3.0,1.0,2.0,6.0,1.0,2.0,5.0,2.0,4.0,,3.0,4.0,4.0,4.0,7.0
beider,False,,,,,,,,,,,,1.0,,,,,,,,,,,,,,,,
beifang,False,,,,,1.0,,,,,,,,,,,,,,,,,,,,,,,
beigeladen,False,,,,,,,,,,,,,,,,,,,,,,,,,,,,1.0
beigeziehen,False,,,,,,1.0,,,,,,,,,,,,,,,,,,,,,,
beihilfe,False,1.0,,,,,,,,,,,,,,,,,,,,,,,,,,,
beiladen,False,,,,,,,,,,,,,,,,,,,,,,,,,,,,1.0
beileiben,False,,,,,,,,,,,,1.0,,,,,,,,,,,,,,,,
bein,False,1.0,,,,,,,,,,,,,,,,,,2.0,,2.0,,,,,,,
beinahe,False,,,,,,,,,,,,,,,,,,,,,,,,,,1.0,,
beinhalten,False,,,,,,,,,1.0,2.0,,,1.0,,1.0,,1.0,,,,,,,,,,,
beinkleidung,False,,,,,,,,,,,,1.0,,,,,,,,,,,,,,,,
beipackzettel,False,,,,,,,,,,,,,,,,,,,,,,,,,,1.0,,
beirat,False,,,,,,,,,,,,,,,,4.0,,,,,,,,,,,,
beiseite,False,,,,,,,1.0,,,,,,,,,,,,,,,,,,,,,
beispiel,False,9.0,32.0,16.0,39.0,22.0,17.0,16.0,10.0,32.0,26.0,8.0,37.0,21.0,9.0,25.0,44.0,16.0,15.0,11.0,49.0,42.0,33.0,12.0,17.0,11.0,26.0,32.0,27.0
beispielfall,False,,,,,,,,,,,,,,,,,,,,,,,,,,,,1.0
beispielhaft,False,,,,1.0,,,,,,,3.0,,,,,1.0,,,,,,,,,,,,
beispielsweise,False,1.0,,,,,,1.0,,,3.0,2.0,,1.0,,1.0,,,1.0,1.0,1.0,2.0,27.0,,,2.0,,1.0,
beisteuern,False,,,,,,,,,,,,,,,,1.0,,1.0,,,,,,,,,,
beitrag,False,,,,,,,,,,,,1.0,,,,,,,,,,,,,,2.0,,1.0
beitragen,False,4.0,,,,,,,2.0,,,,,,,1.0,,,1.0,,1.0,4.0,3.0,,,,2.0,2.0,
beitreten,False,,,,,,,,,,4.0,,,,,,,,,1.0,,,,,,2.0,,,
beiwerk,False,,,,,,,,,,,,2.0,,,,,,,,,,,,,,,,
beizubringen,False,,,,,,,,,,,,,,,,,,,,,,,,,,,,1.0
beißen,False,,,1.0,,,,,,,,,,,,,,,,,,,,,,,1.0,,
bejahen,False,,,,,,,,,,,,2.0,,,,,,,,,,,,,,,,
bejahung,False,,,,,,,,,,,,,,,,,,,,,3.0,,,,,,,
bekannt,False,,7.0,1.0,2.0,5.0,1.0,3.0,4.0,1.0,2.0,,5.0,1.0,1.0,5.0,3.0,3.0,3.0,,3.0,4.0,6.0,1.0,1.0,,3.0,1.0,7.0
bekannte,False,,1.0,,,,,,,,,,,,,,,1.0,,,,,,,,,,,
bekanntem,False,,1.0,,,,,,,,,,,,,,,,,,,,,,,,,,
bekanntmachung,False,,1.0,,,,,,,,,,,,,,1.0,,,,,,,,,,,,
bekennen,False,,,,,,,,,,,,,,,,,,,,,2.0,,,,,,,
bekennend,False,,,,,,,,,,,,,,,1.0,,,,,,,,,,,,,
beklagen,False,1.0,,,,,1.0,,,,,,,,,,,,,,,,,,,,,,2.0
beklagst,False,,,,1.0,,,,,,,,,,,,,,,,,,,,,,,,
beklemmend,False,,,,,,,,,,,,,,,,,,,,,,2.0,,,,,,
bekloppt,False,,,,,,,,,,,,,,,,,,,,,2.0,,,,,,,
bekommen,False,2.0,4.0,27.0,7.0,7.0,8.0,6.0,,,10.0,4.0,,22.0,10.0,3.0,4.0,3.0,7.0,1.0,7.0,13.0,7.0,8.0,7.0,3.0,9.0,5.0,4.0
bekommsen,False,,,,,,,,,,,,1.0,,,,,1.0,,,,,,,,,,,
bekriegen,False,,,,,,,,,,,,1.0,,,,,,,,,,,,,,,,
bekämpfen,False,,,,,1.0,,1.0,,,,,1.0,,,3.0,2.0,,,,,,,,,,1.0,,
bekämpfung,False,,,,,,,,,,,,1.0,,,,,,,1.0,,,,,,,,,
belangen,False,,1.0,,,,,,,,,,,,,1.0,,,,,,,,,,,1.0,,
belassen,False,,1.0,,1.0,,,,,,,,,,,,,,,,,,,1.0,,,,,
belastbar,False,,,,,,,,,,,,,,,,,,,,,6.0,,,,,,,
belasten,False,,,,,,,,,,,,,,,1.0,,,,,,,,,,,,,
belastungszeite,False,,,,,,,,,,,,,,,,,,,,,,,1.0,,,,,
beleg,False,,,,,,,,,,,,,2.0,,,,,,,,,,,,,,,
belegbar,False,,,2.0,,,,,,,,,,,,,,,,,,,,,,,,,
belegen,False,1.0,,,,,,,,1.0,,,,1.0,,,,1.0,1.0,,1.0,,,,,,,,
beleidigen,False,,,,,,,,,,,,,,,,1.0,,,,,,1.0,,,,,,
beleidigung,False,,,,,,,,,,1.0,,,,,2.0,,,,,,,,,,,,,
beleuchten,False,,,,,1.0,2.0,1.0,,,1.0,,,,1.0,,,,,2.0,,3.0,,1.0,,,,,
belgier,False,,,,,,,,,,,,,,,,,,,,,,1.0,,,,,,
belgisch,False,,,,,,,,,,,,,,,,,,,,,,2.0,,,,,,
beliebig,False,2.0,2.0,,3.0,,,2.0,,1.0,,1.0,,1.0,,1.0,,2.0,,1.0,,3.0,,,,,1.0,3.0,
beliebt,False,,,,,,1.0,,1.0,,,,2.0,,,,,,,,,,,,,,,,
belohnen,False,,,,,1.0,,,,,,,,,,,,,,,,,,,,,,,
belächeln,False,1.0,,1.0,,,,,,,,,,,,,,,,,,,,,,,,,
belächelt,False,,,,,,,,,,,,,,,,,,,,,,2.0,,,,,,
belästigen,False,,,,1.0,,,,,,,,,,,,,,,,,,,,,,,,
belügen,False,,,,,,1.0,,,,,,,,,,,,,,,,,,,,,,
bemerkbar,False,,,,,,,,,,,,,,1.0,,,,,,,,,,,,,,
bemerken,False,,,1.0,,2.0,2.0,,1.0,,,,,,,,1.0,,,,,,,,,,,,1.0
bemerkenswert,False,,,1.0,,,1.0,1.0,,,1.0,1.0,,,,,,,,,,4.0,,,,,,,
bemessen,False,,,,,,,,,,,,,,,1.0,,,,,,,,,,,,,
bemühen,False,2.0,,,,3.0,,2.0,,,2.0,,,,2.0,,2.0,,,,,,,,,1.0,,,1.0
bemühung,False,,,,,,,3.0,,,,,,,,,,,,,,,,,,,,1.0,
benachrichtigen,False,,,,,,,,,,,,,,,,1.0,,,,,,,,,,,,
benachrichtigung,False,,,,,,,,,,,,,,,,1.0,,,,,,,,,,,,
benachteiligen,False,,,,,,,,,,,,,,,,,,,,1.0,,,,,,,,
benehmen,False,,,,,,,,,1.0,,,,,,,1.0,,,,,2.0,,,,,,,
benenn,False,,,,,1.0,,,,,,,,,,,,,,,,,,,,,,,
benennen,False,,1.0,,1.0,2.0,,1.0,2.0,,,1.0,,,,1.0,5.0,3.0,4.0,3.0,,2.0,,,,5.0,,2.0,3.0
benennung,False,,,,,,,,,,,,,,,,,,,,1.0,,,,,1.0,,,
benimmn,False,,,,,,,,,,,,,,,,,,2.0,,,,,,,,,1.0,
benjamin,False,,,,,,,,,,,,8.0,,,,,,,,,,,,,,,,
benutzbar,False,,2.0,,,,,,,,,,,,,,,,,,,,,,,,,,
benutzbarkeit,False,,1.0,,,,,,,,,,,,,,,,,,,,,,,,,,
benutzen,False,12.0,7.0,6.0,5.0,6.0,3.0,7.0,4.0,10.0,1.0,,10.0,1.0,1.0,11.0,2.0,14.0,,2.0,13.0,8.0,5.0,2.0,8.0,,1.0,9.0,3.0
benutzend,False,,,,,,,,,,,,,1.0,,,,,,,,,,,,,,,
benutzer,False,1.0,,,,,,,,,,,1.0,,,,,1.0,,,1.0,,,,,,,,
benutzerin,False,,,,,,,1.0,,,,,,,,,,,,,,,,,,,,,
benutzerinnen,False,1.0,,,,,,,,,,,,,,,,,,,,,,,,,,,
benutzungssoftware,False,,1.0,,,,,,,,,,,,,,,,,,,,,,,,,,
benzin,False,,1.0,,,,,,,,,,,,,,,,,,,,,,,,,,
benötigen,False,,,,,,,,,,,,1.0,1.0,,,,,,,,,2.0,,,,,,
beobachten,False,,1.0,1.0,1.0,,,1.0,,1.0,,,,,1.0,,,1.0,1.0,2.0,1.0,,,2.0,,,,1.0,1.0
beobachter,False,,,,,,,,,,,,,,,,,,,,,,2.0,,,,,,
beobachterrolle,False,,,,,,,,,,,,,,,,,,,,,,,,,,,,1.0
beobachtung,False,,,,,,,,,,,,1.0,,,,,,,1.0,,,,1.0,1.0,,,,
beobachtungsplätz,False,,,,,,,,,,,,,,,,,,,,,,,1.0,,,,,
bequem,False,,1.0,,,,,,,1.0,,,,,,,,2.0,,,,,,,,,,,
bequemen,False,,1.0,,,,,,,,,,,,,,,,,,,,,,,,,,
bequemlichkeit,False,,,,,,,,,1.0,,,,,,,,1.0,,,,,,,,,,,
beraten,False,,,,,,,,,,,,7.0,,,,,1.0,1.0,,,,,,,1.0,1.0,,1.0
berateraffär,False,,,,,,1.0,,,,,,,,,,,,,,,,,,,,,,
beraterin,False,,,,,,,1.0,,,,,,,,,,,,,,,,,,,,,
beratertreppe,False,,,,,,,,,,,,,,,,,,,,,,,,,1.0,,,
beratung,False,,,,,,,1.0,,,,,1.0,,,,,,,,,,,,,,,,
beratungsbranche,False,,,,,,,,,,,,1.0,,,,,,,,,,,,,,,,
beratungsorganisationen,False,,,,,,,,,,,,,,,,1.0,,,,,,,,,,,,
beratungsstelle,False,,,,,,,,,,,,,,,,1.0,,,,,,,,,,1.0,,
beratungsunternehmen,False,,,,,,,,,,1.0,,,,,,,,,,,,,,,,,,
berechenbar,False,,,,,,,,,,,,,,,,,,,,,,,,,,,,1.0
berechenzentrum,False,,,,,,,1.0,,,,,,,,,,,,,,,,,,,,,
berechnen,False,,,,,,,,,1.0,,,,,,,1.0,,,,,,,,1.0,,1.0,3.0,
berechnung,False,,,,,,,,,,,,,,,,,,,,,,,,,,,6.0,
berechtigt,False,,,1.0,,,,,,,,,,,,,,,,,,,,,,,,,
berechtigung,False,,1.0,,,,,,,,,,,,,,,,,,,,,,,,,,
bereden,False,1.0,,,,,,,,,,,,,,,,,,,,,,,,,,,
bereich,False,19.0,3.0,9.0,13.0,1.0,4.0,12.0,8.0,3.0,5.0,7.0,,,1.0,5.0,13.0,1.0,4.0,3.0,26.0,26.0,5.0,11.0,,16.0,6.0,3.0,1.0
bereichern,False,,,,,,,,,,,,,,,,,,,,,,,,,,,,1.0
bereichernd,False,,,,,,,,,,,,,,,,,,,,,,,,,,1.0,,
bereichsausnahme,False,,,,,,,,,,,,,,1.0,,,,,,,,,,,,,,
bereisen,False,,,,,,,,,,,,,,,,,,,,,,,,,,,1.0,
bereit,False,2.0,,1.0,,,,,,,1.0,,,,,,1.0,,,,,3.0,,,,,1.0,,1.0
bereiten,False,,,,,2.0,,,,,,,2.0,,,,1.0,,,,1.0,,,,,,,,
bereithalten,False,,,,,,,,,,,,,,,,,,,,,,,,,,,1.0,
bereits,True,,1.0,2.0,2.0,1.0,1.0,,1.0,1.0,,,,,,2.0,,,,1.0,1.0,,,1.0,1.0,,,1.0,3.0
bereitstellen,False,,,,,,,,,,,1.0,,,,,2.0,1.0,1.0,,,5.0,,,,,,2.0,
bereuen,False,,,,,,,,1.0,,,,,,,,,,,1.0,,,,,,,,,
berg,False,,,,,,,,,,,,,1.0,,2.0,,,1.0,,,,,,,,,,
bergen,False,,,,1.0,,,,,,,,,,,1.0,,,,,,,,,,,,,
bergeweise,False,,,,,,,,,,,,,,,,,1.0,,,,,,,,,,,
bergspitze,False,,,,,,,,,,,,,,,,,,,,,,,,,,,1.0,
bericht,False,,,,4.0,10.0,5.0,,1.0,,,,,,,2.0,1.0,,,10.0,2.0,,,,,,1.0,,
berichten,False,1.0,1.0,14.0,2.0,8.0,4.0,1.0,,3.0,2.0,,1.0,,,1.0,,1.0,,2.0,2.0,,4.0,1.0,,,1.0,1.0,
berichter,False,,,,,,,,1.0,,,,,,,,,,,,,,,,,,,,
berichterstatter,False,,,,,,,,,,,,,,,1.0,,,,,,,,,,,,,
berichterstattung,False,,,1.0,1.0,5.0,,,,,,,,,,,,,,,,,1.0,1.0,,,,,
berichtig,False,,,,,,,,,,,,1.0,,,,,,,,,,,,,,,,
berichtspflicht,False,,,,,1.0,,,,,,,,,,,,,,,,2.0,,,,,,,
berichtstermin,False,,,,,,,,,,,,,,,,,,,1.0,,,,,,,,,
bering,False,,,,,,,,,,,,,,,,,,,,1.0,,,,,,,,
berka,False,,,,,,,,,,,1.0,,,,,,,,,,,,,,,,,
berlin,False,1.0,2.0,,3.0,,,1.0,1.0,1.0,,,8.0,2.0,1.0,1.0,1.0,2.0,1.0,2.0,4.0,1.0,2.0,1.0,,,,,1.0
berliner,False,,,,3.0,,,,,,,,1.0,1.0,1.0,,,,,,1.0,,,,1.0,,,,
berlinerin,False,,,,,,,,,1.0,,,,,,,,,,,,,,,,,,,
bernd,False,1.0,,,,,,,,,,,,,,,,,,,,,,,,,,,
beruf,False,1.0,,1.0,,,,,,,1.0,,,,,,,,1.0,,,,,,1.0,,,,
berufen,False,,,,,,1.0,,,,,,,,,,1.0,,3.0,,,,,,,,,,
berufend,False,,,,,,,,,,,,,,,,,,,,,,,,,,,1.0,
beruflich,False,2.0,1.0,1.0,,,,,3.0,,,,1.0,,,,,,1.0,,,,,,,,,1.0,1.0
berufsbild,False,,,,,,,,,,,,2.0,,,,,,,,,,,,,,,,
berufsbildhacker,False,,,,,,,,,,,,2.0,,,,,,,,,,,,,,,,
berufsgeheimnisträger,False,,,,,,,,,,,,,,,2.0,,,,,,,,,,,,,
berufsgruppe,False,,1.0,,,,,,,,,,,,,6.0,,,,,,,,,,,,,
berufsgruppenübergreifend,False,,,,,,,,,,,,,,,,,,1.0,,,,,,,,,,
berufsleben,False,,,,,,,,,,,,,,,,,,,,1.0,,,,,,,,
berufspendlerin,False,,,,,,,,,,,,,,,,,,,,1.0,,,,,,,,
berufspolitiker,False,,,,,,,,,,,,,,,,,,,1.0,,,,,,,,,
berufung,False,,,,,,,,,,,,,,,,,,,,,,,6.0,,,2.0,,
berufungsgründe,False,,,,,,,,,,,,,,,,,,,,,,,1.0,,,,,
berufungsverhandlung,False,,,,,,,,,,,,,,,,,,,,,,,1.0,,,,,
beruhigen,False,,,,,1.0,,,,,,,,,,,,,,,,,,,,,,,
beruhigend,False,1.0,,,,,,,,1.0,,,,,,,,,,,,,,,,,,,
beruhigung,False,,,,,,,,,,1.0,,,,,,,,,,,,,,,,,,
berücksichtigen,False,2.0,,,,,,,1.0,,,,,,,,,,,,1.0,,,,,,,,
berühmt,False,,,,1.0,,,,2.0,,,,1.0,,,,,1.0,,,,,,,,1.0,,,1.0
berühren,False,,,,,,,,,,,,2.0,,,,,,,,,2.0,,,,,,,
berührung,False,,,,,,,,,,,,,,,,,,,,,,1.0,,,,,1.0,
berührungsengtis,False,,,,,,,,,,,,,,,,,,,,,2.0,,,,,,,
berührungspunkt,False,,,,,,,,,,,,,,,,,,,,,1.0,,,,,,,
berührungsängst,False,1.0,,,,,,,,,,,,,,,,,,,,,,,,,,,
besagt,False,,,,,,,,,,,1.0,,,,1.0,,,,,,,,,,,,,
beschaffen,False,,,,,,,,,,,,,,,,,,,2.0,,,,,,,,,
beschaffung,False,,,,,,,1.0,,,,,,,,,,,,,,,,,,,,,
bescheid,False,,,2.0,,1.0,,,,,,,,,,,,,,,,,1.0,,,,,,
bescheißen,False,,,,,,,,,,,,,1.0,,,,,,,,,,,,,,,
bescheuert,False,1.0,,,,,,,,,,,,,,,,,,,,,,,,,,,
beschimpfen,False,,,,1.0,,,,,,,,,,,,,,,1.0,,,,,,,,,
beschissen,False,,,,,,,,,,,,,,,,,,,1.0,,,,,,,,,
beschlagnahme,False,,,,,,,,,,2.0,,,,,,,,,,,,,,,,,,
beschlechtigt,False,,,,,,,,,,,,,,,,,,,,,2.0,,,,,,,
beschleunigen,False,,,,,,,2.0,,,,,,,,,,1.0,1.0,2.0,,2.0,,,,,,,
beschließen,False,,,1.0,1.0,5.0,1.0,1.0,,1.0,,1.0,,,1.0,3.0,,1.0,3.0,6.0,,2.0,,2.0,,,5.0,,1.0
beschlossen,False,,1.0,,,,,,,,,,,,,,,,,1.0,,,,,,,1.0,,
beschluss,False,,,,,,1.0,,,,,,,,,1.0,,,,1.0,,2.0,,,,,,,
beschluß,False,,,,,1.0,,,,1.0,,,,,,,,,,,,,,,,,,,
beschneiden,False,,,,,,,,,,,,,1.0,,,1.0,,,,,,,,,,,,
beschreiben,False,3.0,2.0,1.0,3.0,2.0,2.0,6.0,5.0,2.0,1.0,,5.0,2.0,2.0,,2.0,2.0,1.0,3.0,5.0,4.0,5.0,2.0,,,1.0,4.0,
beschreibend,False,,,,,,,,,,,,,,,,,,,,,,,,,,,1.0,
beschreibst,False,,,,,,,,1.0,,,,,,,1.0,,1.0,,,,,,,,,,,
beschreibung,False,1.0,,,,,,1.0,,1.0,,,1.0,,1.0,,,1.0,,,,,,,,,,1.0,
beschreiten,False,,,,,,,,,1.0,,,,,,,,,,,,,2.0,,,,,,
beschriften,False,,,,,,,,,,,,,,,,,,,,,,,,1.0,,,,
beschränken,False,,,,,1.0,,1.0,,,,1.0,1.0,3.0,,6.0,,,3.0,,,,3.0,,1.0,1.0,,,1.0
beschränkt,False,,,,,,,,,,,,,,,,,,,,,,,,1.0,,,,
beschränkung,False,,,,,,,,,,,,,6.0,,,,,2.0,,,,,,,,,,
beschwerde,False,,,,,,,,,,,,,,,,10.0,,,,,,,,,,,,4.0
beschwerdefall,False,,,,,,,,,,,,,,,,,,,,,,,,,,,,1.0
beschwerdeformular,False,,,,,,,,,,,,,,,,1.0,,,,,,,,,,,,
beschwerdestelle,False,,,,,,,,,,,,,,,,2.0,,,,,2.0,,,,,,,
beschwerdewege,False,,,,,,,,,,,,,,,,1.0,,,,,,,,,,,,
beschweren,False,,,,,,1.0,1.0,,,,,,,,1.0,1.0,,,,,,,,,,,3.0,2.0
beschäftigen,False,6.0,6.0,4.0,2.0,3.0,3.0,2.0,2.0,4.0,3.0,3.0,3.0,12.0,,8.0,,1.0,4.0,6.0,3.0,3.0,4.0,5.0,3.0,1.0,2.0,6.0,5.0
beschäftigst,False,,,,,,,,,1.0,,,,,,,,,,,,,1.0,,,,,,
beschäftigstn,False,,,,,,,,,,,1.0,,,,,,,,,,,,,,,,,
beschäftigter,False,,,,,,,,,,,1.0,,,,,,,,,,,,,,,,,
beschäftigung,False,1.0,,,,,,,,,,,,,,,,,,,,,,,,,,,
beschützen,False,,,,,,,,,,,,,,,,,,,,,2.0,,,,,,,
besessen,False,,,,,1.0,,,,,,,,,,,,,,,,,,,,,,,
besessenheit,False,,,,,,,,,,,,1.0,,,,,,,,,,,,,,,,
besetzen,False,,,,3.0,,3.0,,,,,,1.0,,2.0,,,,,1.0,,,,,,,,,
besetzung,False,,,,2.0,,,,,,,,,,2.0,,,,,,,,,,,,,,
besitz,False,,1.0,,,,,,,,,,,,,,,1.0,,,,,,,,,,,
besitzen,False,,,,,2.0,,,,2.0,,,,,,,,1.0,,,,,2.0,,,,,,
besitzer,False,,,,,,,,,1.0,,,1.0,,,,,,,,,,,,,,,,
besitzstandswahrung,False,,,,,,,,,,,,,,,,,,,,,,,,,1.0,,,
besondere,False,,1.0,2.0,,,,,,,,,,2.0,1.0,,,,,,,,,1.0,,,,1.0,
besonderer,False,1.0,,1.0,1.0,1.0,1.0,1.0,2.0,1.0,1.0,,1.0,1.0,,2.0,2.0,1.0,1.0,,,,5.0,,1.0,,,,1.0
besonderes,False,,,,,,,,,,,,,,,,,,,,,1.0,,,,,,,
besonderheit,False,,,,,,2.0,,,,,,,,,,,,,,,,,,,,,,
besonders,True,4.0,4.0,8.0,11.0,3.0,4.0,3.0,4.0,,5.0,2.0,10.0,4.0,2.0,2.0,6.0,2.0,1.0,7.0,1.0,8.0,6.0,5.0,,2.0,2.0,4.0,1.0
besorgen,False,,,1.0,,,,,,,,,1.0,,2.0,,,1.0,,,,,,,1.0,,,,
besorgniserregend,False,,,,,,1.0,,,,,,,,,,,,,,,,,,,,,,
besorgt,False,1.0,,,,,,,,,,,,,,,,,,,,,,,,,,,
bespielen,False,,,,,,,3.0,,,,1.0,,,1.0,,,,,,,,,,1.0,,1.0,,
besprechen,False,3.0,,,4.0,2.0,3.0,,3.0,5.0,1.0,1.0,2.0,1.0,,1.0,1.0,,3.0,4.0,4.0,3.0,4.0,3.0,1.0,1.0,,1.0,1.0
besprichen,False,,,,1.0,,,,,,,,,,,,,,1.0,,,,,,,,,,
bess,False,,,,,,,,,,,,,,,,,,,,,,,,1.0,,,,
bessere,False,,1.0,,,,1.0,,,,,,,,,,,,,,,,,,,,,,
besseres,False,,,,,,,,,,,,,1.0,,,,,,,,,,,,,,,
besserung,False,,,,,,,,,1.0,,,,,,,,,,,,,,,,,,,
bestand,False,,,,,,,1.0,,,,,,,,,,,,,,,,,,,,1.0,
bestandsaufnahme,False,,,,,,,,,,,,,,,,,,,1.0,,,,,,,,,
bestandsdat,False,,,,,,,,,,,,,,,2.0,,,,,,,,,,,,,
bestandteil,False,,,,,,,,,,1.0,,,,,,,,,,,,,,,,1.0,,
bestechen,False,,,,,,,,,,,,,,,,,,,,,,1.0,,,,,,
bestehen,False,3.0,3.0,2.0,1.0,2.0,2.0,3.0,2.0,,,,3.0,1.0,1.0,4.0,4.0,1.0,2.0,3.0,5.0,2.0,,2.0,1.0,1.0,2.0,1.0,3.0
bestehend,False,,1.0,1.0,,1.0,1.0,1.0,,,,,,,,1.0,,,,1.0,,,,,,1.0,1.0,,
bestellen,False,2.0,,,,,,,,,,,,,1.0,,,1.0,,2.0,,,,,,,,,
bestens,False,,,,,1.0,1.0,1.0,,,,,,,,,,,,,,,,,,,,,
bester,False,,,,,,,,,,,,,,,,,,,,,,,,,,1.0,,
bestes,False,,,,,,,,,,,,,,1.0,,,,,,,,,,,,,,
bestimmen,False,1.0,2.0,1.0,1.0,3.0,5.0,1.0,2.0,1.0,4.0,,3.0,,,5.0,3.0,,2.0,3.0,4.0,2.0,1.0,1.0,,4.0,1.0,3.0,2.0
bestimmt,False,3.0,3.0,6.0,12.0,3.0,12.0,6.0,2.0,8.0,8.0,4.0,6.0,8.0,2.0,17.0,14.0,7.0,12.0,12.0,26.0,8.0,9.0,5.0,3.0,2.0,3.0,2.0,6.0
bestimmung,False,,,,,,,,,,12.0,,,,,,,,,,,,,,,,,,
bestmöglich,False,1.0,,,,,,1.0,,,,,,,,,,,,,,,,,,,,,
bestmögliche,False,,,,,,,,,,,,,,,,,,,,,,,,1.0,,,,
bestrafung,False,,,,,,,,,,1.0,,,,,,,,,,,,,,,,,,
bestrebung,False,,,,,,,,,,,,,,,,,,,,,4.0,3.0,1.0,,,1.0,,
bestreiten,False,,,,,,,,,,,,,,,1.0,,,,,,,,,,,,,
bestrengung,False,,,,,,,,,,,,,,,1.0,,,,,,,,,,,,,
beständig,False,,,,,,,,,,,,,,,,1.0,,,,,,,,,,,,
bestärken,False,,1.0,,,,,,,,,,,,,,,,,,,,,,,,,,
bestätigen,False,,,,,1.0,,,,5.0,,,1.0,,,,1.0,3.0,,,,,2.0,,,,,,
bestätigend,False,,,,,,,,,,,,,,,,,1.0,,,,,,,,,,,
bestätigung,False,,,,,,,,,1.0,,,,,,,,,,,,,,,,,,,
bestätigungsnachricht,False,,,,,,,,,,,,,,,,,1.0,,,,,,,,,,,
besuch,False,,1.0,,,,,,,,,,1.0,,1.0,,,2.0,,,,,,,,2.0,,,
besuchen,False,,,,,,1.0,,,,,,,,,,,,,,,,,,,1.0,,,
besucher,False,,,,,,,,,,,,,,,,,,,,,,,,,,,2.0,
besuchertribüne,False,,,,,,1.0,,,,,,,,,,,,,,,,,,,,,,
beteiligen,False,1.0,1.0,2.0,5.0,,,4.0,1.0,1.0,1.0,,,,,,12.0,,2.0,1.0,,2.0,,,,1.0,1.0,,
beteiligt,False,,,,,,,,,,1.0,,,,,,,,,,,,,,,,,,
beteiligter,False,,,,1.0,,,,,,,,,,,,,,,,,,,1.0,,,,,
beteiligung,False,,,,,,,,,,,,,,,,1.0,,2.0,1.0,,,,,,,,,
beteiligungsgesetz,False,,,,,,,,,,,,,,,,,,,1.0,,,,,,,,,
beteuerung,False,,,,,,,,,,,,,,,,,,,,,2.0,,,,,,,
betonen,False,,1.0,,1.0,1.0,1.0,1.0,,,1.0,1.0,1.0,,,,3.0,,,,1.0,8.0,5.0,1.0,,,,,
betonst,False,,,,,,,,,,,,,,,,,,,,,,,,,,1.0,,
betonung,False,,,,,,,,,,,,,,,,,,,,,,,,,,1.0,,
betracht,False,,,,,,,,,,,,,,,,,,,,,2.0,,,,,,,
betrachten,False,,2.0,,2.0,,1.0,,1.0,,1.0,,,1.0,,2.0,,4.0,2.0,,1.0,2.0,,3.0,,2.0,,,2.0
betrachtung,False,,,,,,,1.0,,,,,,,,,,,,,,,,,,1.0,,,
betrag,False,,,,,,,,,,,,,1.0,,,,1.0,,,,,,,,,,1.0,
betragen,False,,,,,,,,,,,,,,,,,,,1.0,,,,,,,,,
betreffen,False,4.0,2.0,3.0,6.0,7.0,8.0,9.0,2.0,,2.0,4.0,,1.0,2.0,2.0,3.0,6.0,2.0,3.0,13.0,10.0,5.0,1.0,,2.0,1.0,2.0,5.0
betreffend,False,,,,,1.0,,,,,1.0,,,,,,,,,,,2.0,,,,,,,
betreiben,False,1.0,3.0,,1.0,2.0,,12.0,2.0,2.0,,,,,1.0,2.0,,1.0,,,2.0,8.0,1.0,1.0,4.0,,1.0,13.0,
betreiber,False,,,,,,,1.0,1.0,,,,,,,,,,,,,,2.0,,,,,2.0,
betreten,False,,,,,,,1.0,,,,,,,,,,,,,,,,,,,,,
betreuen,False,,,,,,,,,,,,,,,,1.0,,,2.0,,,,,,,,,
betreuung,False,,2.0,,,,,,,,,,,,,,,,,,,,1.0,,,,,,
betrieb,False,,,2.0,,,,2.0,,,,,2.0,,,,,,,1.0,,,1.0,,,,5.0,1.0,
betrieben,False,,1.0,,,,,2.0,,,,,,,,,,,,,,,,,,,,,
betrieblich,False,,,,,,,,,,,,,,,,,,,,,,,,,,,,1.0
betriebssystem,False,1.0,,,,1.0,,,,4.0,,,,,,,,6.0,,,4.0,,,,,,,,
betriebssystemhersteller,False,,,,,,,,,,,,,,,,,2.0,,,,,,,,,,,
betriebswirtschaftlich,False,,1.0,,,,,,,,,,,,,,,,,,,,,,,,,,
betrimmen,False,,,,,,,,,,1.0,,,,,,,,,,,,,,,,,,
betroffen,False,,,2.0,,3.0,1.0,,,,,2.0,,1.0,,,,1.0,1.0,1.0,,,1.0,,,,,,
betroffener,False,,,2.0,1.0,3.0,2.0,,,,,1.0,1.0,2.0,,1.0,2.0,,,,,,,2.0,,1.0,,1.0,
betrug,False,,,,,,,,,,4.0,,,,,,,,,,,,,1.0,,,,,
bett,False,1.0,,,,,,,,1.0,,,,1.0,,,,,,,,,,,,,,,
bette,False,,,,,,,,,,,,,,,,,,,,,2.0,,,,,,,
bettelen,False,1.0,,,,,,,,,,,,,,,,,,,,,,,,,,,
bettig,False,,,,,,,,,,,,,,,,1.0,,,,,,,,,,,,
betätigen,False,,,1.0,,,,,,,,,,,,,,,,,,,,,,,,,
betätigungsfeld,False,,,2.0,,,,,,,,,,,,,,,,,,,,,,,,,
betäubungsmüllegesetz,False,,,,,1.0,,,,,,,,,,,,,,,,,,,,,,,
beugen,False,,,,,,,,,,,,,,,1.0,,,,,,,,,,,,,
beunruhigen,False,,,,,,,,,,,,,,,,,,,,,,,,,,,,1.0
beunruhigend,False,,,,,,,,,,1.0,,,,,,,,,,,,,,,,,,
beurteilen,False,1.0,,1.0,,,,,,,,,,,,,,,,,,,,,,,,,
beurteilung,False,,,,,,,,,,,,,,,,,,,,,,,,,,,1.0,
bevelenz,False,,,,,,,,,,,,1.0,,,,,,,,,,,,,,,,
bevor,False,,6.0,4.0,,2.0,1.0,4.0,3.0,2.0,1.0,1.0,7.0,1.0,1.0,,1.0,2.0,,7.0,1.0,8.0,2.0,2.0,3.0,1.0,7.0,6.0,6.0
bevorratsdatensprechung,False,,,,,,,,,,,,,,,1.0,,,,,,,,,,,,,
bevorstehen,False,,,,,,,,,,,1.0,,,,,,,,,,,,,,,,,
bevorzugen,False,,,,,,,,,,1.0,,,,,,,,,,,,,,,,,,
bevölkerung,False,,,,,,,3.0,,,1.0,,1.0,,,6.0,,1.0,,,3.0,,4.0,,,,3.0,,
bevölkerungsgruppe,False,,,,,,,,,,,,,,,,,,,,1.0,,,,,,,,
bevölkerungsschicht,False,,,,,,,1.0,,,,,,,,,,,,,,,,,,,,,
bevölkerungsweit,False,,,,,,,,,,,,,,,2.0,,,,,,,,,,,,,
bewachungsgesamtrechnung,False,,,,,,,1.0,,,,,,,,,,,,,,,,,,,,,
bewaffnet,False,,,,,1.0,,,,,,,,,,,,,,,,,,,,,,,
bewegen,False,4.0,1.0,1.0,,1.0,,2.0,,,,1.0,,,,,1.0,,,2.0,1.0,,4.0,1.0,1.0,2.0,,1.0,
bewegtbild,False,,,,,,,,,,,,2.0,,,,,,,,,,,,2.0,,,,
bewegung,False,,,,,,,1.0,,2.0,,,,,1.0,1.0,1.0,,,,,2.0,4.0,,,,2.0,,
bewegungsdat,False,,,,,,,1.0,,,,,,,,,,,,,,2.0,,,,,,,
beweis,False,,,1.0,,4.0,,,,,,,,,,,2.0,,,,,,,,,,,,
beweisen,False,,,1.0,,2.0,,,2.0,,,,,,,,,3.0,,,,,,,,,,1.0,
bewerben,False,,,,,,,,1.0,,1.0,,1.0,,,,,,,,,,,,,,1.0,,1.0
bewerber,False,,,,,,,,,,,,,,,,,,,,,,,,,,,,1.0
bewerbungsprozess,False,,,,,,,,,1.0,,,,,,,,,,,,,,,,,,,
bewerkstelligen,False,,,,1.0,,,,,,,,,,,,,,,,,,,,,,,,
bewerten,False,,,,,,,1.0,,1.0,,,,,,1.0,1.0,,2.0,,1.0,2.0,,,,,,,
bewertung,False,,,,,2.0,,,,,,,,,1.0,,,,,,,2.0,,,,,,,
bewilligen,False,1.0,,,,,,,,,,,,,,,,,,,,,,,,,,,
bewirben,False,,,,,1.0,,,,,,,,,,,,,,,,2.0,,,,,,,
bewirken,False,,,1.0,,,,1.0,,,,,,,,1.0,,,,,,,,,,1.0,,,
bewundern,False,,,,,,,,,,,,1.0,,,,,,,,,,,,,,,,
bewusst,False,2.0,4.0,,2.0,2.0,,1.0,,,4.0,,,,,,,,,,1.0,,,,,,4.0,3.0,
bewusstsein,False,,1.0,,,,1.0,,1.0,,1.0,,1.0,,1.0,,,,,,1.0,,4.0,,,,,,
bewusstseinsverändernd,False,,,,,1.0,,,,,,,,,,,,,,,,,,,,,,,
bewältigen,False,,,,,,,,1.0,,,,,,,,,,,,,,,,,,,,
bezahldate,False,,,,,,,,,,,,,,,1.0,,,,,,,,,,,,,
bezahlen,False,2.0,,8.0,,,,,1.0,1.0,,,,16.0,,2.0,,1.0,,1.0,4.0,2.0,,2.0,,,4.0,3.0,
bezahlend,False,,,,,,,,,,,,,,,,,,,,,,,,1.0,,,,
bezahlkart,False,,,,,,,,,,,,,2.0,,,,,,,,,,,,,,,
bezahlkarte,False,,,,,,,,,,,,,32.0,,,,,,,1.0,,,,,,,,
bezahlkarten,False,,,,,,,,,,,,,15.0,,,,,,,1.0,,,,,,,,
bezahlkartenanbieter,False,,,,,,,,,,,,,1.0,,,,,,,,,,,,,,,
bezahlkartendebatte,False,,,,,,,,,,,,,1.0,,,,,,,,,,,,,,,
bezahlkartengeschäft,False,,,,,,,,,,,,,1.0,,,,,,,,,,,,,,,
bezahlkarter,False,,,,,,,,,,,,,1.0,,,,,,,,,,,,,,,
bezahlsystem,False,,,,,,,,,,,,,1.0,,,,,,,,,,,,,1.0,,
bezahlt,False,,,,,,,,,,,,,,,,,,,,,,,,,,3.0,,
bezahlungsmittel,False,,,,,,,,,,,,,1.0,,,,,,,,,,,,,,,
bezahlvariante,False,,,,,,,,,,,,,,,,,,,,,,,,1.0,,,,
bezeichnen,False,,1.0,,,2.0,,,1.0,1.0,1.0,,3.0,,,,,,,,,4.0,6.0,,2.0,,,1.0,
bezeichnesen,False,,,,,,,,,,,,,,,,,,,1.0,,,,,,,,,
bezeichnet,False,,,,,,,,,,,,,,,,,,,,,,,,,1.0,,,
bezeichnung,False,,,,,,,,,,,,1.0,,,,,,,,,1.0,,,1.0,,,,
beziehbar,False,,,,1.0,,,,,,,,,,,,,,,,,,,,,,,,
beziehen,False,5.0,3.0,,,1.0,,1.0,,4.0,6.0,,5.0,1.0,,3.0,,,2.0,1.0,3.0,6.0,,2.0,,,,,1.0
beziehung,False,,,,,,,,,,,,4.0,,,1.0,,,,,,,10.0,,,,,,
beziehungsweise,False,,1.0,,2.0,1.0,,,,1.0,2.0,,,1.0,1.0,,6.0,1.0,,2.0,1.0,2.0,,1.0,2.0,2.0,1.0,3.0,
bezug,False,,,,1.0,1.0,,,,1.0,2.0,,6.0,,2.0,3.0,2.0,2.0,2.0,,,2.0,,2.0,,,1.0,,1.0
bezugsperson,False,,,,,,,,,,,,,,,,,,,,,,,,,,1.0,,
bezuschusst,False,,,,,,,,,,,,,,,,,1.0,,,,,,,,,,,
bezweifeln,False,,1.0,,,,,,,,,,,,,,,,,,,,,,,,,,
bezüglich,False,,,,,,,,,,,,,,,,,,,,,2.0,,,,,,,
beängstigend,False,,,,,,,,1.0,,,,,,,,,,,,,,,,,,,,
beömmeln,False,,,,,,1.0,,,,,,,,,,,,,,,,,,,,,,
bfa,False,,,1.0,,,,,,,,,,,,,,,,,,,,,,,,,
bfam,False,,,1.0,,,,,,,,,,,,,,,,,,,,,,,,,
bfdi,False,,,,,,,,,,,,,,,,2.0,,,,,,,,,,,,1.0
bgh,False,,,,,,,,,,,,,,,,,,,,1.0,,,,,,,,
bh,False,,,,,,,,,,,,,,,,,,,,,,,,1.0,,,,
bianca,False,,,,17.0,,,,,,,6.0,,,,,,,,,,,,,,1.0,,,
bias,False,,,,,,,1.0,,,,,,,,,,,,,,,,,,,,,
bibliothek,False,,,,,,,1.0,,,,,1.0,,,,,,,,,,,,,,,,
biden,False,,,,,,,,,,,,,,,,,,,,,,1.0,,,,,,
biegen,False,,,,,,,,,,,,,,,,,,,,,,,,,,,,1.0
bier,False,,,,1.0,,,,,,,,,2.0,,,,,,,,,,,,,,,
bierkrug,False,,,,,,,,,,,,,,,,,,,,,,,,,1.0,,,
bieten,False,1.0,1.0,1.0,3.0,,,,,2.0,,,,1.0,1.0,,,2.0,,,,,1.0,,1.0,,,1.0,1.0
bietet,False,,,,,,,,,,,,,1.0,,,,,,,,,,,,,,,
big,False,,,,1.0,,,1.0,,,,,,,,,,,,,2.0,,9.0,,1.0,,,,
bigbluebutton,False,,,,,,,,,,,,,,,,,,,1.0,,,,,,,,,
bild,False,22.0,21.0,,,3.0,2.0,,,,,,5.0,,,,1.0,,1.0,1.0,,,7.0,1.0,12.0,,,5.0,
bildabgleich,False,,,,,,,,,,,,,,,,,,,,,2.0,,,,,,,
bildauswahl,False,,,,,,,,,,,,,,,,,,,,,,,,1.0,,,,
bildbeschreibung,False,1.0,,,,,,,,,,,,,,,,,,,,,,,,,,,
bilddat,False,,,,,,,,,,,,,,,,,,,,,,,,1.0,,,,
bilddateie,False,,,,,,,,,,,,,,,,1.0,,,,,,,,,,,,
bilddatenbank,False,,1.0,,,,,,,,,,,,,,,,,,,,,,,,,1.0,
bilden,False,,,,1.0,1.0,,,1.0,,,,,,,3.0,,,1.0,2.0,,4.0,3.0,,1.0,1.0,1.0,1.0,1.0
bilderkennung,False,,,,,,,,,,,,,,,,,,,,1.0,,,,,,,,
bildetbanden,False,,,,,,,,,,,,,,,,,,,,,,,1.0,,,,,
bildh,False,,1.0,,,,,,,,,,,,,,,,,,,,,,,,,,
bildherrschesuche,False,,1.0,,,,,,,,,,,,,,,,,,,,,,,,,,
bildlich,False,,,,,,,,,,,,,,,1.0,,,,,,,,,,,,,
bildmaterial,False,,1.0,,,,,,,,,,,,,,,,,,,2.0,,,,,,1.0,
bildmaterialie,False,,1.0,,,,,,,,,,,,,,,,,,,,,,,,,,
bildmodelle,False,,,,,,,,,,,,,,,,,,,,,,1.0,,,,,,
bildraum,False,,,,,,1.0,,,,,,,,,,,,,,,,,,,,,,
bildschirm,False,5.0,,,,,,,,,,,6.0,,,,,1.0,,1.0,,,,1.0,,,,,
bildschirmgerat,False,2.0,,,,,,,,,,,,,,,,,,,,,,,,,,,
bildschirmgerät,False,1.0,,,,,,,,,,,,,,,,,,,,,,,,,,,
bildschirmtext,False,1.0,,,,,,,,,,,,,,,,,,,,,,,,,,,
bildsprache,False,,,,,1.0,,,,,,,,,,,,,,,,,,,,,,,
bildspur,False,,,,,,,,,,,,,,,,,,,,,,,,1.0,,,,
bildung,False,,,,,,,,,,,,,,,,,,,4.0,1.0,10.0,,,,,1.0,,
bildungsabhängig,False,,,,,,,,,,,,,,,,,,,,1.0,,,,,,,,
bildungsfreiheit,False,,,,,,,,,1.0,,,,,,,,,,,,,,,,,,,
bildungspolitik,False,,,,,,,,,,,,,,,,,,,,,2.0,,,,,1.0,,
bildungssystem,False,,,,,,,,,,,,,,,,,,,,,,2.0,,,,,,
bildungsveranstaltung,False,,,,,,,,,,,,,,,,,,,,,,,,1.0,,,,
bildzeitung,False,,,,,,,1.0,,,,,,,,,,,,,,,,,,,,,
bildzeitungsfrei,False,,,,,,,1.0,,,,,,,,,,,,,,,,,,,,,
bill,False,,,,,,,1.0,,,,,,,,,,,,,,,,,,,,,
billig,False,,,,,,,1.0,,,,,1.0,,1.0,,,1.0,,,,,2.0,,,,1.0,,
billigste,False,,,,,,,2.0,,,,,,,,,,,,,,,,,,,,,
billion,False,,,,,,,,,,,,15.0,,,,,,,,,,,,,,,,
bin,True,,,,,,1.0,1.0,,,,,,,,1.0,,1.0,,2.0,2.0,,,,,,,,1.0
binden,False,1.0,,,,,,2.0,,5.0,,,,,,,,,,,1.0,,,1.0,,,,,
bindend,False,,,,,1.0,,,,,,,,,,,,,,,,,,,,,,,
bindest,False,,,,,,,1.0,,,,,,,,,,,,,,,,,,,,,
bindung,False,,,,,,,1.0,,3.0,,,,,,,,,,,,,,,,,,,
bing,False,,,,,,,,,,,,,,,,1.0,,,,,,,,,,,,
binnen,False,,,,,,,1.0,,,,,,,,,,,,,,,,,,,,,
binnenbeziehunge,False,,,,,,,,,,,,,,,,,,,,,,2.0,,,,,,
binnenmarkt,False,,,,,,,,,,,,,,,,,,,,,2.0,,,,,,,
binnenverhältnis,False,,,,,,,,,,,,,,,,,1.0,,,,,,,,,,,
binär,False,,,,,,,,,1.0,,,,,,,,,,,1.0,,,,,,,,
bio,False,,,,,,,,1.0,,,,,,,,,,,,,,,,,,,,
biodiversität,False,,,,,,,,,,,,,,,,,,,,,,1.0,,,,,,
biografie,False,,,,,,,,,,,,1.0,,,,,,,,,,,,,1.0,,,
biohacker,False,,,,,,,,,,,,1.0,,,,,,,,,,,,,,,,
biologin,False,,,,,,,,,,,,,,,,,,,,,,,,,1.0,,,
biometrie,False,,,,,,,,,,,,,,,,,1.0,,,,4.0,,,,,,,
biometriedat,False,,,,,,,2.0,,,,,,,,,,,,,,,,,,,,,
biometrisch,False,,,,,,,,,,,,,,,,,,2.0,,,,,1.0,,,,,
birds,False,,,,,,,,2.0,,,,,,,,,,,,,,,,,,,,
bis,True,8.0,10.0,9.0,3.0,8.0,5.0,8.0,9.0,6.0,9.0,5.0,5.0,9.0,4.0,18.0,7.0,2.0,3.0,7.0,4.0,8.0,11.0,7.0,12.0,5.0,8.0,14.0,2.0
bisher,True,1.0,1.0,,,2.0,2.0,8.0,,2.0,1.0,,3.0,6.0,3.0,1.0,,,2.0,2.0,1.0,4.0,,1.0,1.0,,1.0,1.0,
bisherig,False,,1.0,,,,,,,,,,,,,,,,,,,,,,,,,,
bislang,False,,,,,,,,,,1.0,,,,,,,,,,2.0,,2.0,,,,,1.0,
bisschen,False,34.0,34.0,44.0,35.0,35.0,27.0,42.0,32.0,25.0,42.0,36.0,37.0,16.0,30.0,28.0,36.0,31.0,72.0,35.0,29.0,109.0,26.0,93.0,33.0,14.0,45.0,35.0,20.0
bist,True,,,1.0,,,,,,,,,2.0,,,,,,,,,,,,,,1.0,,
bit,False,,,,,,,,,,,,,,,,,,,,,,,,,1.0,,,
bitcoin,False,,,,,,,,,,,,,,,,,,,,,9.0,,,,,,,
bitkom,False,,,,,,,,,,,1.0,,,,,,,1.0,,,,,,,,,,
bitorin,False,,1.0,,,,,,,,,,,,,,,,,,,,,,,,,,
bitte,False,8.0,6.0,2.0,5.0,5.0,,6.0,2.0,6.0,2.0,1.0,3.0,1.0,3.0,7.0,1.0,,,5.0,4.0,2.0,2.0,2.0,1.0,,6.0,6.0,2.0
bitten,False,,,3.0,,2.0,,,,1.0,,,,,,,,,,,1.0,,,1.0,,,1.0,,1.0
bitter,False,,,,,,,,,,,2.0,,,,,,,,,,,,,,,,,
bitteschön,False,,,,,,,,,,,,2.0,,,,,,,,,,,,,,,,
bizarr,False,,,,,1.0,,,,,,,,,,,,,,,,,,,,,,,
bjarke,False,,,,1.0,,,,,,,,,,,,,,,,,,,,,,,,
björn,False,,,,,,,,,,,1.0,,,,,,,,,,,,,,,,,
bk,False,,,,,,,,,,,,,,,,,,,,,2.0,,,,,,,
bka,False,,,,,4.0,2.0,,,,,,,,,3.0,,,,,,2.0,,,,,,,
bla,False,,,,,,,,,,,,,,,3.0,,,,,,,,,,,,,
blackhead,False,,,,,,,,,,,,1.0,,,,,,,,,,,,,,,,
blackmagic,False,,,,,,,,,,,,,,,,,,,,,,,,1.0,,,,
blackout,False,,,,,1.0,,,,,,,,,,,,,,,,,,,,,,,
blankertz,False,,,,,,,,,,,,,,,,,,1.0,,,5.0,,,,,,,
blasen,False,,,,,,,,,,,,,,,,,,,,,2.0,,,,,,,
blasphemie,False,,,,,,,,,,2.0,,,,,,,,,,,,,,,,,,
blatt,False,,,,,,,,,1.0,,,,,,,,,1.0,,,,,,,,,,
blau,False,,,,,,,,,,,,,,1.0,,1.0,,,,,6.0,,,,,,,
blaulicht,False,,,1.0,,,,,,,,,,,,,,,,,,,,,,,,,
blechen,False,,,1.0,,,,,,,,,,,,,,,,,,,,,,,,,
bleiben,False,5.0,8.0,2.0,5.0,6.0,2.0,6.0,2.0,6.0,1.0,2.0,2.0,2.0,4.0,5.0,1.0,1.0,,4.0,3.0,8.0,2.0,,4.0,6.0,7.0,3.0,3.0
bleibst,False,,,,,,,,1.0,,,,,,,,,,,,,,,,,,,,
blick,False,,,,,2.0,,2.0,,2.0,,2.0,,,1.0,1.0,1.0,1.0,1.0,,1.0,4.0,10.0,4.0,,,,1.0,
blicken,False,,,,,1.0,1.0,,1.0,,,1.0,,2.0,,,1.0,,,,,8.0,2.0,,,,1.0,,1.0
blickst,False,,,,,,,,,,,,,,,,1.0,,,,,,,,,,,,
blickwinkel,False,,,,,,,1.0,,,,,,,,,,,,,,1.0,,,,,,,
blind,False,1.0,,1.0,,1.0,,1.0,,,,,,,,,,,,,1.0,,,,,,,,
blinde,False,,,,,,,,,,,,,,,,,,,,3.0,,,,,,,,
blindheit,False,2.0,,,,,,,,,,,,,,,,,,,,,,,,,,,
blinkend,False,,,,,,,,,,,,,,,,,2.0,,,,,,,,,,,
blob,False,,,,2.0,,,,,,,,,,,,,,,,,,,,,,,,
block,False,,,,1.0,,,1.0,,,,,,,,,1.0,,,,,2.0,,,,,,,
blockbuster,False,,,,,,,,,,,,4.0,,,,,,,,,,,,,,,,
blockchain,False,2.0,,,,,,1.0,,,,,,2.0,,,,,,,,,,,,,,,
blockchains,False,,,,,,,1.0,,,,,,,,,,,,,,,,,,,,,
blocken,False,,1.0,,,,,,,,,,,,,1.0,,,,,,,,,,,,9.0,
blockieren,False,,,,,,1.0,,,,,,,,,,1.0,,,,,,,,,,,1.0,
blockiern,False,,,,,,,,,,,,,,,,,,,1.0,,,,,,,,,
blog,False,,,1.0,,,,1.0,,,,,,,3.0,,1.0,,,2.0,,,2.0,,,,1.0,,
blogbeitrag,False,,,,,,,,,,,,,,,,,,,,,,,,,,,1.0,
blogbeiträg,False,,,,,,,,,,,,1.0,,,,,,,,,,,,,,,,
bloggen,False,,,,,,,,,,,,1.0,,,,,,,,,,,,,,,,
blogpost,False,,,1.0,,,,,,,1.0,,1.0,,,,,,,,,,,,,,1.0,,
blogs,False,,,,,1.0,,,,,,,,,,,,,,,,,,,,,,,
bloß,False,,,,,,,,,,1.0,1.0,,1.0,,1.0,,2.0,1.0,1.0,,2.0,2.0,,1.0,,,,
blue,False,,,,,,,,,,,,,,,,,,,,,,,,,,3.0,,
blueprint,False,,,,,,,,,,1.0,,,,,,,,,,,,,,,,,,
blume,False,,,,,,,,,2.0,,,,,,,,,,,,,,,,,,,
blumentopf,False,,1.0,,,,,,,,,,,,,,,,,,,,,,,,,,
blumig,False,,,,,,,,,,,1.0,,,,,,,,,,,,,,,,,
blut,False,,,,,,1.0,,,,,,,,,,,,,,,,,,,,,,
blutbild,False,,,,1.0,,,,,,,,,,,,,,,,,,,,,,,,
blutdruck,False,,,,,,,,,,,,,1.0,,,,,,,,,,,,,,,
bluthochdruck,False,,,,1.0,,,,,,,,,,,,,,,,,,,,,,,,
blutsauger,False,,,1.0,,,,,,,,,,,,,,,,,,,,,,,,,
blutsbruder,False,,,,,,,,,,,,,,,,,,,,,,,,,1.0,,,
blutwiese,False,,,,,,,,,,,,,,,,,,,,,,,,,,1.0,,
blöd,False,2.0,1.0,,,1.0,1.0,,,1.0,,,2.0,,1.0,,,,,,1.0,,,,2.0,,,1.0,
blöde,False,,,,,1.0,,,,,,,,,,1.0,,,,,,,,,,,,1.0,
blödsinn,False,,,,,,,,,,,,,,,,,,,,,,,,,,,3.0,
blühen,False,,,,,,,,,,,,,,1.0,,,,,,,,,,,,,,
blühend,False,,,,,,,1.0,,,,,,,,,,,,,,,,,,,,,
bmds,False,,,,,,,,,,,,,,,,,,,,,,,,,2.0,,,
bmdv,False,,,,,,,,,,,,,,,,,,,,,,,,,1.0,,,
bmg,False,,,1.0,,,,,,,,,,,,,,,,,,,,,,,,,
bmi,False,,,,,,,5.0,,,,,,,,,,,,,,,,,,1.0,,,
bmj,False,,,,,,,1.0,,,,,,,,,,,,,,,,,,,,,
bmu,False,,,,,,,,,,,,,,,,,,,,,,,,,1.0,,,
bmuv,False,,,,,,,,,,,,,,,,,,,,,,,,,1.0,,,
bnd,False,,,,,1.0,30.0,,,,,,1.0,,6.0,,,,,,,,,,,,,,
bndler,False,,,,,,1.0,,,,,,,,,,,,,,,,,,,,,,
bnetz,False,,,,,,,,,,,,,,,,1.0,,,,,,,,,,,,
bnsa,False,,,,,,,,,,,,,,,,4.0,,,,,,,,,,,,
bnz,False,,,,,,,,,,,,,,,,1.0,,,,,,,,,,,,
boah,False,,1.0,,,,1.0,2.0,,,,,2.0,,1.0,,,,,,,,,,,,,,
board,False,,,,,,,,,,,,,,,,1.0,,,,,,,,1.0,,,,
bob,False,,1.0,,,,,,3.0,,,,,,,,,,,,,,,,,,,,
bock,False,4.0,1.0,,,,4.0,,,,,,,,2.0,,,,,,,,2.0,,1.0,,,,
bockmist,False,,,,,,,,,,,,,1.0,,,,,,,,,,,,,,,
boden,False,,,,,1.0,,,,,,,,,,,,,,,,,,,,4.0,,,
bof,False,,,,,,,,1.0,,,,,,,,,,,,,,,,,,,,
boff,False,,,,,,,,2.0,,,,,,,,,,,,,,,,,,,,
bogen,False,,1.0,,,,,1.0,,,,,,,,1.0,,,,,1.0,,,,,,,,
bohren,False,,,,,,1.0,,1.0,,1.0,1.0,,,1.0,,,,,1.0,,,,1.0,,,,,
bolivien,False,,,,,,,,,,,,,,,,,,,,,,1.0,,,,,,
bollwerk,False,,,,,,,1.0,,,,,,,,,,,,,,,,,,,,,
bollywood,False,,,,,,,,,,,,3.0,,,,,,,,,,,,,,,,
bombe,False,,,,,,,,,,,,1.0,,,,,,,,,,,,,,,,
bootstrappen,False,,,,,,,,,1.0,,,,,,,,1.0,,,,,,,,,,,
bord,False,1.0,,,,,,,,,,,,,,,,,,,,,,,,,,,
bordstein,False,9.0,,,,,,,,,,,,,,,,,,,,,,,,,,,
bot,False,,,,,,,,,,,,,,,,,,,,,,,,,,,4.0,
bots,False,,,,,,,,,,,,,,,,,,,,,,,,,,,3.0,
botschaft,False,,,,,1.0,,,,,,,,,1.0,,,,,1.0,,,,,,,,,
botschafter,False,,,,,,,,,,1.0,,,,,,,,,,,,,,,,,,
botschafterin,False,,,,,,,,,,1.0,,,,,,,,,,,,,,,,,,
botte,False,,,,,,,1.0,,,,,,,,,,,,,,,,,,,,,
bottem,False,,1.0,,,,,,,,,,,,,,,,,,,,,,,,,,
boulevard,False,,,,,,,,,,,,,,,,,,,,,,,,,,1.0,,
boulevardjournalist,False,,,,,,,,,,,,,,,,,,,,,,,,,,1.0,,
bounty,False,,,,,,,1.0,,,,,,,,,,,,,,,,,,,,,
box,False,,,,,,,,,,,,,,,,,,,,,,,,,,,1.0,
boxen,False,,,,,,,,,,,,,,1.0,,,,,,,,,,,,,,
brachial,False,,1.0,,,,,,,,,,,,,,,,,,,,,,,,,,
branche,False,1.0,,,,3.0,,3.0,,3.0,,,,,,,,,,,,,,,,,,,
brand,False,2.0,,,,,,,,,,,,,,,,,,,,,,,,,,,
brandaktuell,False,,1.0,,,,,,,,,,,,,,,,,,,1.0,,,,,,,
brandenburg,False,,,,,,,1.0,,,,,,,2.0,,,,,,,,,,,,,,
brandgemelden,False,,,1.0,,,,,,,,,,,,,,,,,,,,,,,,,
brandherd,False,,,1.0,,,,,,,,,,,,,,,,,,,,,,,,,
brandmauer,False,,,,,,,,,,,,,,2.0,,,,,,,,,,,,,,
brandy,False,1.0,,,,,,,,,,,,,,,,,,,,,,,,,,,
brasilien,False,,,,,,,,,,1.0,,,,,1.0,,,,,,,5.0,,,,,,
brauchbar,False,,,,,,,1.0,,,,,,,,,,1.0,,,,,,1.0,,,,,
brauchbarem,False,,,,,,,,,,,,,1.0,,,,,,,,,,,,,,,
brauchen,False,7.0,5.0,6.0,11.0,2.0,2.0,9.0,7.0,9.0,7.0,,12.0,9.0,3.0,19.0,4.0,5.0,1.0,2.0,18.0,17.0,12.0,4.0,13.0,3.0,5.0,4.0,7.0
brauchst,False,1.0,1.0,,3.0,4.0,2.0,,,,,1.0,,1.0,,4.0,,1.0,,,,4.0,,,,,,,
braun,False,,,,,,,,,,,,,1.0,,,,,,,,,,,,,,,
breach,False,,,,1.0,,,,,,,,,,,,,,,,,,,,,,,,1.0
breaches,False,,,,,,,,,1.0,,,,,,,,,,,,,,,,,,,
brechen,False,,,,,2.0,,1.0,1.0,,,1.0,1.0,,,,,,,1.0,,,,,,,,,
bredouille,False,,,,,,,,,,,,,,,,,,,,,,,,,1.0,,,
brei,False,1.0,,,,,,,,,,,,,,,,,,,,,,,,,,,
breier,False,,1.0,,,,,,,,,,,,,,,,,,,,,,,,,,
breiers,False,,1.0,,,,,,,,,,,,,,,,,,,,,,,,,,
breilzeil,False,,,,,,,,,,,,,,,,,,,,1.0,,,,,,,,
breit,False,1.0,2.0,3.0,,2.0,,2.0,1.0,1.0,3.0,1.0,,2.0,3.0,2.0,,,1.0,,,2.0,1.0,,,,2.0,,3.0
breitband,False,,,,,,,,,,,,,,,,,,,1.0,,,6.0,,,,,,
breitbandausbau,False,,,,,,,7.0,,,,,,,,,,,,4.0,,4.0,2.0,,,2.0,,,
breitbandkabel,False,,,,,,,,,,,,,,,,,,,,,,2.0,,,,,,
breitbandversorgung,False,,,,,,,,,,,,,,,,,,,,,2.0,,,,,,,
breite,False,1.0,,3.0,,,,2.0,,,,,,,1.0,,,,,,,,,,,,2.0,,1.0
breittreten,False,,,,,,,,,,,,,,,,1.0,,,,,,,,,,,,
breittun,False,,,,,,,,,1.0,,,,,,,,,,,,,,,,,,,
bremen,False,1.0,,,,,,,,,,,,,,,,,,,,,,,,,,,
bremse,False,,,,,,,,,,,,1.0,,,,,,,,,,,,1.0,,,,
brennen,False,,,,,,,1.0,,,,,,,,,2.0,,,,,,,,,,1.0,,
breslauer,False,,,,,,,,,,,,,,,,,,,,,,,2.0,,,,,
breslauerplatz,False,,,,,,,,,,,,,,,,,,,,,,,1.0,,,,,
bresse,False,,,,,,,,,,,,,,,,,,,1.0,,,,,,,,,
breton,False,,,,,,,,,,,,,,,,2.0,,,,,,,,,,,,
brett,False,,,,,1.0,2.0,1.0,4.0,,2.0,6.0,,,4.0,1.0,2.0,1.0,3.0,5.0,,,,10.0,,3.0,,,3.0
bretter,False,,,,1.0,1.0,1.0,,1.0,,,1.0,,,3.0,,1.0,1.0,2.0,1.0,1.0,,,2.0,,,,,
bretterwerte,False,,,,,,1.0,,,,,,,,,,,,,,,,,,,,,,
brettler,False,,,,,,,,,,1.0,,,,,,,,,,,,,,,,,,
brexit,False,,,,,,,,,,,,,,,,,,,1.0,,,,,,,,,
breyell,False,1.0,,,,,,,,,,,,,,,,,,,,,,,,,,,
brichen,False,,,,,,,,,,,,,,,,,,,,,,,,,,1.0,,
bridge,False,,,1.0,,,,,,,,,,,,,,,,,,,,,,,,,
brief,False,2.0,1.0,,,,,1.0,,19.0,3.0,3.0,,,1.0,1.0,1.0,2.0,2.0,,1.0,1.0,,,,,3.0,,
briefgeheimnis,False,,,,,,,,1.0,,,,,,,,,,,,,,,,,,,,
brieftasche,False,,,,,,,,,1.0,,,,,,,,,,,,,,,,,,,
brieföffner,False,,,,,2.0,,,,,,,,,,,,,,,,,,,,,,,
brille,False,,,,,,,,,,,,,,,,,,,,,,2.0,,,,,,1.0
bringen,False,,4.0,7.0,9.0,3.0,5.0,2.0,3.0,2.0,4.0,5.0,5.0,4.0,8.0,4.0,1.0,1.0,2.0,4.0,4.0,5.0,22.0,,4.0,6.0,8.0,4.0,5.0
brings,False,,,,,,,,,,,,1.0,,,,,,,,,,,,,,,,
bringsen,False,,,,1.0,,,,,,,,,,,,,,,,,,,,,,,,
bringt,False,,,,,,,,,,,,,,,,,,,,,,,,,,1.0,,
brinreingen,False,,,,,,,,,,1.0,,,,,,,,,1.0,,,,,,,,,
brisant,False,,,,,,,,,,,,,,3.0,,,,,,,2.0,,,,,1.0,,
brite,False,,,,,,,,,,,,,,,,,1.0,,,,,,,,,,,
britisch,False,,1.0,,,,,,,,,,,,,,,1.0,,,,,4.0,,,,,,
bro,False,,,,,,,,,,,,,,,,,,,,,,,,,,1.0,,
broadcast,False,1.0,,,,,,,,,,,,,,,,,,,,,,,,,,,
brocklin,False,,,,,,,,,,,,,,,,,,,,,,,,1.0,,,,
brooklyn,False,,,,,,,,,,,,,,,,,,,,,,,,2.0,,,,
bros,False,,,,,,,,,,,,,,,,,,,,,,,,,,1.0,,
brot,False,,,,,,,,,,,,,,,,,,,,,,1.0,,,,,,1.0
brotkrumennavigation,False,1.0,,,,,,,,,,,,,,,,,,,,,,,,,,,
browser,False,6.0,2.0,,,,,,,16.0,,,,,,,,2.0,,,,,,,1.0,,,6.0,
browserbreite,False,1.0,,,,,,,,,,,,,,,,,,,,,,,,,,,
browserhersteller,False,,,,,,,,,6.0,,,,,,,,,,,,,,,,,,,
browserherstellern,False,,,,,,,,,1.0,,,,,,,,,,,,,,,,,,,
browsern,False,,,,,,,1.0,,3.0,,,,,,,,,,,,,,,,,,,
bruchteil,False,,,,,,,,,,,,,,,,,,,,,2.0,,,,,,,
bruder,False,,1.0,,,,1.0,,,,,,,,1.0,,,,,1.0,,,,,,,,,
brunnen,False,,,,,1.0,,,,,,,,,,,,,,,,,,,,,,,
brust,False,,,,,,,,,,,,,1.0,,,,,,,,,,,,,,,
brustkrebs,False,,,1.0,,,,,,,,,,,,,,,,,,,,,,,,,
brustkrebspatientin,False,,,1.0,,,,,,,,,,,,,,,,,,,,,,,,,
brut,False,1.0,,,,,,,,,,,,,,,,,,,,,,,,,,,
brutal,False,,,,,,,,,,1.0,,,,,,,,,,,,2.0,,,,,,
brutforce,False,,1.0,,,,,,,,,,,,,,,,,,,,,,,,,,
bräuchen,False,,,,,1.0,,,,1.0,,,,1.0,,,,,,,,,,,,,1.0,,
bräuchte,False,3.0,,,,,,,,,,,,,,1.0,,,,,,,,,,,1.0,,
bräuchten,False,,,,,,,1.0,,,,,,,,,,,,,,,,,,,,,
bräuchtest,False,,1.0,,,,,,,,1.0,,,,,,,,,,,,,,,,,,
brötchen,False,,,,,,,,,,,,,,,,,,,,,,,,,,,2.0,
brücke,False,,,,1.0,,,,,,,,,,,,,,,,,,,,,,,,
brüdere,False,,1.0,,,,,,,,,,,,,,,,,,,,,,,,,,
brüderstaat,False,,,,,1.0,,,,,,,,,,,,,,,,,,,,,,,
brüssel,False,,1.0,,1.0,3.0,,,,2.0,2.0,,,,,,1.0,,,,,1.0,,,,,5.0,,10.0
brüsseler,False,,,,,,,1.0,,,,,,,,,,,,,,,,,,,,,1.0
brüsten,False,,,,,,,,,,,,,,,,1.0,,,,,,,,,,1.0,,
bsd,False,,,,,,,,1.0,,,,,,,,,,,,,,,,,,,,
bsi,False,,,2.0,,1.0,,5.0,,,,,,,,,,,,,,2.0,,,,1.0,,,
bsr,False,,,,,,,,,,,,,,,,,,,,,,1.0,,,,,,
bsw,False,,,,,,,,,,,,,,,,,,2.0,5.0,,12.0,,,,,,,
btv,False,2.0,,,,,,,,,,,,,,,,,,,,,,,,,,,
bubble,False,,2.0,1.0,,,,1.0,,,,,,,1.0,,,,,,1.0,,,,,,1.0,3.0,
buch,False,1.0,,,,,,,,,,1.0,21.0,2.0,8.0,1.0,,,,,,,25.0,,,,,3.0,
buchautor,False,,,,,,,,,,,,,,1.0,,,,,,,,,,,,,,
buchbar,False,,1.0,,,,,,,,,,,,,,,,,,,,,,,,,,
buchen,False,,1.0,1.0,,,,,,,,,,,,1.0,,,,,1.0,,,,1.0,,,,
buchform,False,,,,,,,,,,,,1.0,,,,,,,,,,,,,,,,
buchmesse,False,,,,,,,,,,,,,,2.0,,,,,,,,,,,,,,
buchprojekt,False,,,,,,,,,,,,1.0,,,,,,,,,,,,,,,,
buchse,False,2.0,,,,,,,,,,,,,,,,,,,,,,,,,,,
buchstabe,False,1.0,2.0,,1.0,,,,,,,,,,,,,,,,,,,,2.0,,,,
buchstäblich,False,,,,,,,,,,,,,,,,,,,,,,,,,1.0,,,
bucket,False,,,,,,,,,,,,,,,,,9.0,,,,,,,,,,,
budapest,False,,,,,,,,,,4.0,,,,,,,,,,,,,,,,,,
budapester,False,,,,,,,,,,6.0,,,,,,,,,,,,,,,,,,
buddeln,False,,,,,,,6.0,,,,,,,,,,,,,,,,,,,,,
bude,False,,,,,2.0,,,,,,,,,,,,,,,,,,,,,,,
budget,False,,,,,,,,1.0,,,,,,,1.0,,,,1.0,,,,,1.0,,2.0,,
buff,False,,,,,,,,1.0,,,,,,,,,,,,,,,,,,,,
bug,False,,,,,,,4.0,,,,,,,,,,,,,,,,2.0,4.0,,,,
bullshit,False,,,,,,,,,,,,,3.0,,1.0,,,,,,,,,,,,,
bumerang,False,,,,,,1.0,,,,,,,,,,,,,,,,,,,,,,
bund,False,,,2.0,,3.0,2.0,5.0,,,,,,,1.0,,,,,2.0,1.0,2.0,,1.0,,1.0,,,1.0
bunde,False,,,,,,,,,,,,1.0,,,,,,,,,,,,,,,,
bundesamt,False,,,1.0,,,,,,,,,,,,,,1.0,,,1.0,,,,,1.0,,,
bundesanzeiger,False,,,,,,,,,,,,,,,,1.0,,,,,,,,,,,,
bundesbeauftragter,False,,,,,,,,,,,,,,,,1.0,,1.0,,,,,,,,,,
bundesbehörde,False,,,1.0,,,,,,,,,,,,,,,,,,,,,,1.0,,,
bundesbrauspotential,False,,1.0,,,,,,,,,,,,,,,,,,,,,,,,,,
bundesdatenschutzbeauftragte,False,,,,,,,,,,,,,,,,,,,,,,,,,,,,3.0
bundesdatenschutzbeauftragten,False,,,,,,,,,,,1.0,,,,,,,,,,,,,,,,,1.0
bundesdatenschutzbeauftragter,False,,,,1.0,,,,,,,,,,,,,,2.0,,,,,,,,,,3.0
bundesdatenschutzgesetz,False,,,,,,,,,,,,,,,,,,2.0,,,,,,,,,,
bundesdeutsch,False,,,,,,,,,,,,,,,,,,,,,,,1.0,,,,,
bundesdigitalisierungsministerium,False,,,,,,,,,,,,,,,,,,,,,,,,,1.0,,,
bundesebene,False,,,1.0,,,1.0,,,,,,,,1.0,1.0,,,1.0,1.0,,,,,,2.0,,,
bundeseinheitlich,False,,,,,,,,,,,,,1.0,,,,,,,,,,,,,,,
bundesgesetz,False,,,,,,,,,,,,,,,,1.0,,,,,,,,,,,,
bundesgesundheitsministerium,False,,,1.0,,,,,,,,,,,,,,,,,,,,,,,,,
bundeshaushalt,False,,,,,,,1.0,,,,,,,,,,,,,,,,,,,,,
bundesinnenministerium,False,,,,,,,,,,,,,,,4.0,,,,,,,,,,,,,
bundesinstitut,False,,,,1.0,,,,,,,,,,,,,,,,,,,,,,,,
bundesjustizministerin,False,,,,,1.0,,,,,,,,,,,,,,,,,,,,,,,
bundeskanzler,False,,,,,,1.0,3.0,,,,,,,,,,1.0,,,,,1.0,,,2.0,,,
bundeskanzleramt,False,,,,,,1.0,,,,,,,,,,,,,,,,,,,2.0,,,
bundeskanzleramtchef,False,,,,,,1.0,,,,,,,,,,,,,,,,,,,,,,
bundeskanzlerinn,False,,,,,,,1.0,,,,,,,,,,,,,,,,,,,,,
bundeskaste,False,,,,,,,,,,,,,,,1.0,,,,,,,,,,,,,
bundeskastenweißbrot,False,,,,,,,,,,,,,,,1.0,,,,,,,,,,,,,
bundeskriminalamt,False,,,,,1.0,,,,,,,,,,,,,,,,,,,,,1.0,,
bundesland,False,,,,1.0,,3.0,,,,,,,1.0,2.0,,,1.0,2.0,11.0,,,,2.0,,1.0,2.0,,1.0
bundesländerebene,False,,,,,,,,,,,,,,,,,,,,,,,,,,1.0,,
bundesmessenger,False,,,,,,,1.0,,,,,,,,,,,,,,,,,,,,,
bundesministerin,False,,,,,,,,,,,,,,3.0,,,,,,,,,,,,,,
bundesministerinn,False,,,,,,,,,,,,,,,,,,,,,,,,,1.0,,,
bundesministerium,False,,,,,,,,,,,1.0,,,4.0,,,,,,,,,1.0,,12.0,,,
bundesnachrichtendienst,False,,,,,,2.0,,,,,,,,,,,,,,,,,,,,,,
bundesnachrichtsendienstes,False,,,,,,,,,,,,,,,,,,,,,,,,,1.0,,,
bundesnetzagentur,False,,,,,,,,,,,,,,,1.0,6.0,,,,,,,,,,,,
bundespolitisch,False,,,,,,2.0,1.0,,,,,,,,,,,,,,,,,,,,,
bundespolizeie,False,,,,,,,,,,,,,,,,,,,,,,,,,,1.0,,
bundespräsident,False,,,,,,1.0,,,,,,,,,,,,,,,,,,,,,,
bundesrat,False,,,,4.0,,,,,,,,,,,1.0,,,,,,,,,,1.0,,,
bundesregierung,False,,1.0,,6.0,1.0,1.0,3.0,,,1.0,1.0,,2.0,2.0,3.0,,,,,,,,,,2.0,,,
bundesrepublik,False,,,,,,2.0,,,,,,,,,,,,,1.0,,,,,,,,,
bundesrepublikanisch,False,,,,,,,1.0,,,,,,,,,,,,,,,,,,,,,
bundestag,False,,1.0,,,4.0,24.0,,,,,7.0,1.0,,1.0,1.0,2.0,,20.0,7.0,,15.0,,,,6.0,,,
bundestagsabgeordneter,False,,,,,,1.0,,,,,,,,,,,,,,,2.0,,,,1.0,,,
bundestagsbüro,False,,,,,,1.0,,,,,,,,,,,,,,,,,,,,,,
bundestagsfraktion,False,,,,1.0,,,,,,,,,,,,,,,,,,,,,,,,
bundestagsgesetzgebungsprozesse,False,,,,,,,,,,,,,,,,,,,,,,,,,,,,1.0
bundestagshack,False,,,,,,,1.0,,,,,,,,,,,,,,,,,,,,,
bundestagskantin,False,,,,,,1.0,,,,,,,,,,,,,,,,,,,,,,
bundestagswahl,False,,,,,,,,,,,,,,,2.0,,,,1.0,,13.0,1.0,1.0,,,,,
bundestreuer,False,,,,,,,,,,,,,,,,,,,,,,,,,,1.0,,
bundestrojaner,False,,,,,1.0,,,,,,,,,,,,,,,,,,,,,3.0,,
bundesverfassungsgericht,False,,,,,3.0,1.0,,,,,,,7.0,,3.0,,,1.0,,,,,2.0,,,1.0,,2.0
bundesverwaltung,False,,,,,,,1.0,,,,,,,3.0,,,,,,,,,,,1.0,,,
bundesverwaltungsgericht,False,,,,,,,,,,,,,,4.0,3.0,,,,,,,,1.0,,,,,
bundeswehr,False,,,,,1.0,,,,,,,,,2.0,,,,,,,,,,,,,,
bundesweit,False,,,,,,,,,,,,,3.0,1.0,,,,1.0,,,,,,,,1.0,,
bundeszentrale,False,,,,,,,,,,,,,,,,1.0,,,,,,,,,,,,
bundeszentren,False,,,,,,,1.0,,,,,,,,,,,,,,,,,,,,,
bunt,False,,1.0,,,,,,,,,1.0,,,,,,1.0,,,,,,,,,,,
burschenschaft,False,,,,,,,,,,,,,,1.0,,,,,,,,,,,,,,
bus,False,,,,,,,,,,,,,,1.0,,,,,,1.0,,,,,,,,
busch,False,,,,,,,,,,,,,,,,,,,1.0,,,,,,,,,
buschmann,False,,,,,,,2.0,,,,,,,,,,,,,,,,,,,,,
bushman,False,,,,,,,1.0,,,,,,,,,,,,,,,,,,,,,
business,False,,,,,,,,,,,,3.0,,,,,1.0,,1.0,,,,,2.0,,,1.0,1.0
businessmodell,False,,,,,,,,,1.0,,,,,,,,,,,,,,,,,,,
butter,False,,,,,,,,,,,,1.0,,,,,,,,,,,,,,,,
button,False,11.0,,,,,,,,,,,,,,1.0,,,,,,,,,,,,,
buy,False,,1.0,,,,,,,,,,,,,,,,,,,,,,,,,,
buzzword,False,,,,,,,,,,,1.0,,,,,,,,,,2.0,,,,,,,
bußgeld,False,4.0,,,,,,,,,,,,,,,,3.0,,,4.0,,,,,,,,
bußgelderhöhung,False,,,,,,,,,,,,,,,,,,,,1.0,,,,,,,,
bvg,False,,,,,,,,,,,,,,,,,,,,1.0,,,,,,,,
bvmz,False,,,1.0,,,,,,,,,,,,,,,,,,,,,,,,,
by,False,5.0,1.0,,2.0,,,,,,,,,,,,,,,,,,,,,1.0,,,
bydesign,False,3.0,,,,,,,,,,,,,,,,,,,,,,,,,,,
bytedance,False,,,,,,,,,,,,,,,,,,,,,,,,,,,1.0,
bywar,False,,,,,1.0,,,,,,,,,,,,,,,,,,,,,,,
bzkj,False,,,,,,,,,,,,,,,,2.0,,,,,,,,,,,,
bzw,False,,,,,,,,,,,1.0,,,,,,,,,,,,,,,,,
bäm,False,,,,,,,,,,,,,,1.0,,,,,,,,,,,,,,
bär,False,,,1.0,,,,,,,,,,,,,,,,,,,,1.0,,2.0,,,
bärchen,False,1.0,,,,,,,,,,,,,,,,,,,,,,,,,,,
böes,False,,,,,,,,,,,,,,,1.0,,,,,,,,,,,,,
börse,False,,,,,,,,,,,,,,,,,,,,,,1.0,,,,,,
bös,False,,1.0,,,1.0,,1.0,,1.0,,,1.0,1.0,,1.0,,,,,,,,,,,,,
bösartig,False,,,,,,,,,,,,,,,,,,,,,,,,,,,2.0,
böse,False,,3.0,,,,,,,2.0,,,2.0,1.0,,3.0,,2.0,,1.0,,,,,,,1.0,1.0,
böser,False,1.0,,,,,,,,,,,,,,,,,,,,,,,,,,,
bösewicht,False,,,,,,,,,,,,3.0,,,,,,,,,,,,,,,,
böswilliget,False,,,,,,,,,,,,,,,,,2.0,,,,,,,,,,,
bühne,False,,,,,,,,,,,,,,,,,,1.0,,,,,,9.0,,3.0,,
bühnenmikrofon,False,,,,,,,,,,,,,,,,,,,,,,,,1.0,,,,
bündeln,False,,,,,,,,,,,,,,,,2.0,1.0,,,,,,,,2.0,,,
bündnis,False,,,,1.0,,,,,,1.0,,,,,,,,1.0,,,,,,,,,,
bündnisgrün,False,,,,,,,,,,,,,,,,,,,2.0,,,,,,,,,
bürger,False,,,,,2.0,,2.0,,1.0,,,,,,1.0,,,,2.0,1.0,,1.0,,,,,,2.0
bürgeramtstermin,False,,,,,,,,,,,,,,,,,,,,1.0,,,,,,,,
bürgerdat,False,,,,,,,,,,,,,,,,,,,,,1.0,,,,,,,
bürgerdate,False,,,,,,,,,,,,,,,,,,,,,1.0,,,,,,,
bürgergeldempfänger,False,,,,,,,,,,,,,2.0,,,,,,,,,,,,,,,
bürgergeldempfängerinnen,False,,,,,,,,,,,,,1.0,,,,,,,,,,,,,,,
bürgerin,False,,,,1.0,1.0,,2.0,,2.0,1.0,1.0,,,,,,,,2.0,,,2.0,,,,,,2.0
bürgerinnen,False,,,,,1.0,,,,,,,,,,,,,,,,2.0,,,,,,,
bürgerinneninitiative,False,,,,,,,,,,,,,,,,,,,,,,,,,,1.0,,
bürgerkontakt,False,,,,,,,1.0,,,,,,,,,,,,,,,,,,,,,
bürgerkrieg,False,,,,,,,,,,,,,,,,,,,,,,1.0,,,,,,
bürgerlich,False,,,,,,,,,1.0,,,,,,,,,,,,,,,,,,,
bürgermeister,False,,,,,1.0,,,,,,,,,,,,,,,,,,,,,,,
bürgermeisterin,False,,,,,,,,,,,,,,1.0,,,,,,,,,,,,,,
bürgerrecht,False,,,,,,,,,,,,,,,2.0,,,,,,4.0,,,,,,,
bürgerrechtlich,False,,,,,,,,,,,,,,,1.0,,,,,,,,,,,,,
bürgerrechtsorganisation,False,,,,,,,,,,,,,,,1.0,,,,,,,,,,,,,
bürgerzentriert,False,,,,,,,,,,,,,,,,,,,,,,,,,1.0,,,
büro,False,,,,,2.0,,,,,,2.0,,,,,,,,1.0,,2.0,,,2.0,,2.0,,1.0
bürojob,False,,,,,,,,,,,,,,,,,,,,,,,,1.0,,,,
büroklammer,False,,,,,,,,,,,,1.0,,,,,,,,,,,,,,,,
bürokratie,False,,,,,,,1.0,,,,,,,,,,,,,,12.0,,,,,,,
bürokratieabbau,False,,,,,,,,,,,,,,,,,,,,,4.0,,,,2.0,,,
bürokratisch,False,,,,,,,,,,,,,,,,1.0,,,,,,,,,,,,
bürokratisierung,False,,,,,,,,,,,,,,,,,,,,,,,,,1.0,,,
büroverschlag,False,,,,,,,,,,,,,,,,,,,,,,1.0,,,,,,
bütchen,False,,,,,,,,,,,,,,,,,,,,1.0,,,,,,,,
c,False,1.0,,,,,,,,,,,,,,,,,,,,,,,,,,1.0,
ca,False,,,,,,,,,4.0,,,,,,,,,,,,,,,,,,,
cable,False,,,,1.0,,,,,,,,,,,,,,,,,,,,,,,,
cactus,False,,,,,,,,,,,,1.0,,,,,,,,,,,,,,,,
café,False,,,,,,,,,,1.0,,,,,,,,,,,,,,,,,,
call,False,,,,,,,,1.0,,2.0,,,,,,,,,,,,,,,,,,
callen,False,,,,,,,1.0,,,,,,1.0,,,,,,,,,,,,,,,
camcorder,False,,,,,,,,,,,,,,,,,,,,,,,,2.0,,,,
camp,False,,,,,,,,,,,,,,,,,,,,,,2.0,,1.0,,,,
campact,False,,1.0,,,,,,,,,,,,,,,,,,,,,,,,,,
campaigning,False,,,,,,,,,,,,,,1.0,,,,,,,,,,,,,,
campus,False,,,,,1.0,,,,,,,,,,,,,,,,,,,,,,,
cancado,False,,,1.0,,,,,,,,,,,,,,,,,,,,,,,,,
cancel,False,,,,,,,,,,,,,,,,,,,,,2.0,,,,,,,
canyon,False,,,,,,,,,,,,1.0,,,,,,,,,,,,,,,,
cao,False,,,1.0,,,,,,,,,,,,,,,,,,,,,,,,,
capital,False,,,,,,,,,,,,,,,,,,,,,,,,,,,1.0,
card,False,,,,,,,,,,,,,1.0,,,,,,,,,,,,,,,
carlo,False,,,1.0,,,,,,,,,,,,,,,,,,,,,,,,,
carosocial,False,,,,,,,,,,,,,,,,,,,,,,,,,,,1.0,
carrie,False,,,,,,,,,,,,1.0,,,,,,,,,,,,,,,,
carriernet,False,,,,,,,,,,,,,,,,,,,,,2.0,,,,,,,
carsten,False,,,,,,,,,,,,1.0,,,,,,,,,,,,,2.0,,,
cas,False,,,,,,,,,5.0,,,,,,,,,,,,,,,,,,,
case,False,,,,,,,,,1.0,,,3.0,,,,,,,,,,,,2.0,,,,
cases,False,,,,,,,,,,,,,,,,,,,,,,,,9.0,,,,
casino,False,,,,,,1.0,,,,,,,,,,,,,,,,,,,,,,
category,False,,,,,,,,,,,,,1.0,,,,,,,,,,,,,,,
ccc,False,,2.0,,,5.0,,3.0,,6.0,,,6.0,,,1.0,,1.0,2.0,,,4.0,6.0,2.0,4.0,,8.0,,
cccv,False,,,,,,,,,,,,,,,,,,,,,,,,2.0,,,,
cdn,False,,,,,,,,,,,,,,,,,,,,,,,,3.0,,,,
cdns,False,,,,,,,,,,,,,,,,,,,,,,,,,,,1.0,
cdu,False,,,,2.0,1.0,2.0,2.0,,,,,,1.0,,2.0,,,,13.0,,59.0,,,,5.0,1.0,,
ce,False,,,,,,,,,3.0,,,,,,,,,,,,,,,,,,,
cent,False,,,,,,,,,,,,,,,,,1.0,,,,,,,,,,1.0,
center,False,,,,,,,,,,,,,,,,6.0,,,,3.0,3.0,,,5.0,,,,
certificate,False,,,,,,,,,3.0,,,,,,,,,,,,,,,,,,,
cetera,False,,2.0,,,,,,,,,,,,,,,,,,,,,,,,,,
chair,False,,,,,,,,8.0,,,,,,,,,,,,,,,,,,,,
chairing,False,,,,,,,,1.0,,,,,,,,,,,,,,,,,,,,
chance,False,1.0,4.0,2.0,1.0,,,,1.0,,,1.0,,,,,1.0,,8.0,,2.0,8.0,,1.0,,,,,
change,False,,,,,,,,,,,,,,,,,,,,,,,,,,1.0,,
changer,False,,,,,,,,1.0,,,,,,,,,,,,,,,,,,,,
channelst,False,,,,,,,,,,,,,,,1.0,,,,,,,,,,,,,
chaos,False,9.0,6.0,,8.0,4.0,,6.0,,7.0,1.0,,13.0,1.0,,3.0,,4.0,1.0,3.0,5.0,5.0,2.0,1.0,12.0,1.0,10.0,10.0,
chaoscom,False,,,,,,,,,,,,,,,,,,,,,,,,1.0,,,,
chaosnah,False,,,,,,,,,,,,,1.0,,,,,,,,,,,4.0,,,,
chaosrad,False,,,,,,,,,,,,,,,1.0,,,,,,,,,,,,,
chaosradio,False,4.0,7.0,1.0,2.0,,2.0,1.0,,,1.0,1.0,1.0,5.0,2.0,7.0,,6.0,,,2.0,2.0,1.0,,1.0,,,2.0,
chaosradioart,False,,1.0,,,,,,,,,,,,,,,,,,,,,,,,,,
chaosradiofolg,False,,1.0,,,,,,,,,,,,,,,,,,,,,,,,,,
chaosradiofolge,False,,1.0,,,,,,,,,,,,,,,,,,,,,,,,,,
chaosradiomoderator,False,,1.0,,,,,,,,,,,,,,,,,,,,,,,,,,
chaosradioteam,False,,1.0,,,,,,,,,,,,,,,,,,,,,,,,,,
chaosrado,False,,,1.0,,,,,,,,,,,,,,,,,,,,,,,,,
chaosreale,False,,,,,,,,,1.0,,,,,,,,,,,,,,,,,,,
chaosumfeld,False,,,,,,,,,,,,,,,,,,,,,,,,1.0,,,,
chaosveranstaltunge,False,,,,,,,,,,,,,,,,,,,,,,,,1.0,,,,
chaotisch,False,,,,,,,1.0,,,,1.0,5.0,,,,,,,,,,,,,,,,
charakter,False,,,,,1.0,,,,,,,5.0,,,,,,,,,,,,,,,1.0,
charakterlich,False,,,,,,,,,,,,,,,,,,1.0,,,,,,,,,,
charismatisch,False,,,,,,,,,,,,1.0,,,,,,,,,,,,,,,,
charlie,False,,,,,,,,2.0,,,,,,,,,,,,,,,,,,,,
charta,False,,,,,,,,1.0,,,,,,,,,,,,,,,,,,,,
charter,False,,,,,,,,6.0,,,,,,,,,,,,,,,,,,,,
chat,False,,6.0,,,1.0,,1.0,,,,,,,,,1.0,,,,,,,,,,,,
chatbot,False,,,,,,,,,,,,,,,,,,,,,,,,,,,1.0,
chatgpt,False,,,,,,,,,,,,,,,,,,,,,,9.0,,,,,4.0,
chatgruppe,False,,,,,,,,,,,,,,,,,,,,,2.0,,,,,,,
chatkontrolle,False,,20.0,,4.0,,2.0,4.0,,,1.0,1.0,,,,,5.0,,,1.0,,16.0,,1.0,,,4.0,,3.0
chatnachricht,False,,3.0,,,,,,,,,,,,,,,,,,,,,,,,,,
chatnachrichten,False,,1.0,,,,,,,,,,,,,,,,,,,,,,,,,,
chaträum,False,,,,,,,,,,,,,,,1.0,,,,,,,,,,,,,
chatverlauf,False,,1.0,,,,,,,,,,,,,,,,,,,,,,,,,,
check,False,,,,1.0,,,,,1.0,,,,,,,,,,,,,,,1.0,,,,
checken,False,1.0,1.0,1.0,1.0,,,,,,,,,,,,,,,,3.0,,,,,,,,
checklist,False,,,1.0,,,,,,,,,,,,,,,,,,,,,,,,,
chef,False,,,,,2.0,,,,,,,,,,,,1.0,,,,,,,,,3.0,,
chefin,False,,,,,,,,,,,,,,,,,,,,,,,,,1.0,,,
chefredaktion,False,,,,,,,,,,,,,1.0,,,,,,,,,,,,,,,
chemieverband,False,,,,,,,,,,,,,,2.0,,,,,,,,,,,,,,
chernobyl,False,,,,,,,,,,,,1.0,,,,,,,,,,,,,,,,
chile,False,,,,,,,,,,1.0,,,,,,,,,,,,4.0,,,,,,
china,False,,,,,,1.0,,,,2.0,,,,,,,,,,,4.0,4.0,,,,,,
chinese,False,,,,,,,,,1.0,,,,,,,,,,,,4.0,,,,,,,
chinesisch,False,1.0,,,,,,,,,1.0,,,,,,,,,,,,3.0,,,,1.0,,
chip,False,,,,,,,,,,,,,,,,,,,,,,1.0,,,,,,
chipkarte,False,,,,1.0,,,,,1.0,,,,,,,,,,,,,,,,,,,
cholera,False,,,,,,,,,,,,,,,,,,,,,,,,2.0,,,,
choreografisch,False,,,,,,,1.0,,,,,,,,,,,,,,,,,,,,,
christ,False,,1.0,,,,,,,,,,,,,,,,,,,,,,,,,,
christdemokrat,False,,,,,,,,,,,,,,,,,,,1.0,,,,,,,,,
christian,False,,,,,,,,,,,,1.0,,,,,,,,,4.0,,,,,,,
christina,False,,,,,,,,,,,,,,,,,,,,,,,,,2.0,,,
christkind,False,,,,,,,,,,2.0,,,,,,,,,,,,,,,,,,
chrologisch,False,,,1.0,,,,,,,,,,,,,,,,,,,,,,,,,
chronisch,False,,,,,,,,,,,,,,,,,,,,,,,,1.0,,,,
chronologisch,False,,1.0,,,,,,,,,,,,,,,,,,,,,,,,,,
cia,False,,,,,,,,,,,,,,,,,,,,,,2.0,,,,,,
ciao,False,,,,,,,,,,2.0,,,,,,2.0,,,,2.0,,,,,,,,
cineast,False,,,,,,,,,,,,1.0,,,,,,,,,,,,,,,,
circa,False,,,,,,,,1.0,,,,,,,,,,,,,,,,,,,,
cisam,False,,,,,,,,1.0,,,,,,,,,,,,,,,,,,,,
cisco,False,,,,,,,,1.0,,,,,,,,,,,,,,,,,,,,
cites,False,,,,,3.0,,,,,,,,,,,,,,,,,,,,,,,
citize,False,,,,,1.0,,,,,,,,,,,,,,,,,,,,,,,
citizen,False,,,,,1.0,,,,,,,,,,,,,,,,,,,,,,,
claude,False,,,,,,,,,,,,,,,,,,,,,,,,,,,1.0,
claßen,False,,,,,,,,,,,,,1.0,,,,,,,,,,,,,,,
clear,False,,1.0,,,,,,,,,,,,,,,,,,,,,,,,,,
clemens,False,,,,,,,,,,,,1.0,,,,,,,,,,,,,,,,
clev,False,,,,,,,,,1.0,,,,,,,,,,,,,,,,,,,
cliant,False,,1.0,,,,,,,,,,,,,,,,,,,,,,,,,,
click,False,,,,,1.0,,,,,,,,,,,,,,,,,,,,,,,
clickworker,False,,,,,,,,,,,,,,,,,,,,,,1.0,,,,,,
client,False,,2.0,,,,,,,5.0,1.0,,,,,,,,,1.0,,,,,,,1.0,1.0,
closed,False,,,,,,,,,,,,,,,,,,,,,,,,,,,1.0,
closer,False,,,2.0,,,,,,,,,,,,,,,,,,,,,,,,,
cloud,False,,1.0,,2.0,1.0,,,,,,,,,,1.0,,,,1.0,,4.0,,,,,,2.0,
cloudbot,False,,,,,,,,,,,,,,,,,,,,,,,,,,,1.0,
cloudfair,False,,,,,,,,,,,,,,,,,,,,,,,,,,,1.0,
cloudflare,False,,,,,,,,1.0,,,,,,,,,,,,,,,,,,,2.0,
clouds,False,,,,,,,,,,,,,,,,,,,,,,,,,,,1.0,
cloudware,False,,,,,,,,,,,,,,,,,,,,,,,,,,,1.0,
club,False,1.0,1.0,,1.0,,,5.0,,1.0,,,9.0,,,1.0,,1.0,,1.0,1.0,2.0,1.0,1.0,4.0,,1.0,,
clunky,False,,,,,,,,,,,,,,,,,1.0,,,,,,,,,,,
cm,False,3.0,,,,,,,,,,,,,,,,,,,,,,,,,,,
cms,False,,,,,,,,,,,,,,,1.0,,,,,,,,,,,,,
co,False,,1.0,,,,,,,,,,,,,,,,,,,,,,,,,,
code,False,,,1.0,1.0,,,1.0,22.0,1.0,,,17.0,2.0,,,,7.0,,,,,2.0,,,,,,
codes,False,,,,,,,,,,,,,1.0,,,,1.0,,,,,,,,,,,
com,False,,,,,,,,,,,,4.0,,,,,,,,,,,,,,,,
come,False,,,,,,,1.0,,,,,1.0,,,,,,,1.0,,2.0,,,,,,,
comic,False,,,,,,,,,,,,1.0,,,,,,,,,,,,,,,,
comment,False,,,,,,,,1.0,,,,,,,,,,,,,,,,,,,,
comments,False,,,,,,,,1.0,,,,,,,,,,,,,,,,,,,,
committ,False,,,,,,,1.0,,,,,,,,,,,,,,,,,,,,,
committet,False,,,,,,,,,,,,,,,,,,,,,2.0,,,,,,,
common,False,,,,,,,,,,,,,,,,,,,,,,,,,,1.0,,
communication,False,,,,,,,,,,1.0,,1.0,,,,,,,,1.0,,,,2.0,,,,
communitie,False,,,,,,,,1.0,,,,,,1.0,,,,,,,,,,,,,,
communities,False,1.0,2.0,,,,,,,,,,,,,,,,,,,,,,,,,1.0,
community,False,1.0,1.0,,,,1.0,,,6.0,,,,,1.0,,,,,1.0,2.0,,1.0,,,,3.0,3.0,
company,False,,,,,,,,,,,,3.0,2.0,,,,,,,,,,,,,,,
compensate,False,,,,,,,,1.0,,,,,,,,,,,,,,,,,,,,
competence,False,1.0,,,,,,,,,,,,,,,,,,,,,,,,,,,
compliance,False,1.0,,,,,,,,,,,,,,,1.0,,,,,,,,,,,,
compliant,False,,,,,,,,,,,,,,,,1.0,,,,,,,,,,,,
computation,False,,,,1.0,,,,,,,,,,,,,,,,,,,,,,,,
computer,False,4.0,2.0,2.0,,2.0,,2.0,,5.0,2.0,,29.0,,,2.0,,9.0,,1.0,3.0,2.0,2.0,1.0,4.0,,1.0,4.0,1.0
computerbenutzer,False,,,,,,,,,,,,,,,,,1.0,,,,,,,,,,,
computerbezogen,False,,,,,,,,,,3.0,,,,,,,,,,,,,,,,,,
computerbild,False,,,,,,,,,,,,1.0,,,,,,,,,,,,,,,,
computerclub,False,,1.0,,,,,,,,,,,,,,,,,,,,,,,,,,
computerdate,False,,,,,,,,,,3.0,,,,,,,,,,,,,,,,,,
computergestützt,False,1.0,,,,,,,,,,,,,,,,,,,,,,,,,,,
computerhack,False,,,,,,,,,,,,1.0,,,,,,,,,,,,,,,,
computerkriminalität,False,,,,,,,,,,8.0,,,,,,,,,,,,,,,,,,
computerleute,False,,1.0,,,,,,,,,,,,,,,,,,,,,,,,,,
computermodem,False,,,,,,,,,,,,1.0,,,,,,,,,,,,,,,,
computernetz,False,,,,,,,,,,,,1.0,,,,,,,,,,,,,,,,
computerprogramm,False,,,,,,,,,,1.0,,,,,,,,,,,,,,,,,,
computerspiel,False,1.0,,,,,,,,,,,,,,,,,,,,,,,,,,1.0,
computersystem,False,,,,,,,,,,10.0,,1.0,,,,,,,,,,,,,,,,
computertechnik,False,,,,,,,,,,,,2.0,,,,,,,,,,,,,,,,
computerzeitalter,False,,,1.0,,,,,,,,,,,,,,,,,,,,,,,,,
con,False,,,,,,,1.0,,,,,,,,,,,,,,,,,,,,,
confident,False,,,,,,,1.0,,,,,,,,,,,,,,,,,,,,,
congress,False,,,,,,,,,,,,,,,,,,,,,,,,1.0,,,,
connect,False,,,,,,,,,,,,,,,,1.0,,,,,,,,,,,,
connected,False,,,,,,,,,,,,,,,1.0,,,,,,,,,,,,,
cons,False,,,,,,1.0,,,,,,,,,,,,,,,,,,,,,,
consensus,False,,,,,,,,2.0,,,,,,,,,,,,,,,,,,,,
constanza,False,,,,,,,,,,,,1.0,,,,,,,,,,,,,,,,
constanze,False,,,,2.0,1.0,,,1.0,3.0,2.0,,7.0,,1.0,3.0,2.0,,1.0,,,,1.0,,,,1.0,,
construction,False,,,,,,,,,,,,,,,,,,,,,2.0,,,,,,,
contact,False,,,,,,,,,,,,,,,,,,,,,,,,,,1.0,,
container,False,,,,,,,,,,,,,,,,,,,1.0,,,,,,,,,
content,False,1.0,,,,,,,,,,,,,,,1.0,,,,1.0,,3.0,,2.0,,,5.0,
contest,False,,,,,,,,,,,,,,,,,1.0,,,,,,,,,,,
contractor,False,,,,,,,,1.0,,,,,,,,,,,,,,,,,,,,
convenience,False,,,,2.0,,,,,,,,,,,,,,,,,,,,,,,,
convenient,False,,,,1.0,,,,,,,,,,,,,2.0,,,,,,,1.0,,,,
convention,False,,,,,,,,,,5.0,,,,,,,,,,,,,,,,5.0,,
conz,False,,,,,,,,,,,,,,,,,,,,,,2.0,,,,,2.0,
cookie,False,1.0,,,,,,,,,,,,,,,,,,,,,,,,,,,
cool,False,2.0,12.0,4.0,1.0,1.0,1.0,,,2.0,1.0,,4.0,1.0,1.0,,,,2.0,2.0,,3.0,,,,,2.0,1.0,
coordinator,False,,,,,,,,,,,,,,,,5.0,,,,,,,,,,,,
copingmechanismus,False,,,,,,1.0,,,,,,,,,,,,,,,,,,,,,,
copy,False,1.0,,,,,,,,,,,,,,,,,,,,,,,,,,,
copyright,False,,,,,,,,,,,,,,,,,,,,,,,,,,,2.0,
core,False,,,,,,,,,,3.0,,,,,,,,,,,,,,,,1.0,,
corona,False,,,2.0,,,,,,,,,,,,,1.0,,,,1.0,,,,,,,,1.0
corporations,False,,,,,,,,,,,,1.0,,,,,,,,,,,,,,,,
cory,False,,,,,,,,,,,,,1.0,,,,,,,,,,,,,,,
costa,False,,,,,,,,,,1.0,,,,,,,,,,,,,,,,,,
countering,False,,,,,,,,,,1.0,,,,,,,,,,,,,,,,,,
counterpart,False,,,,,,,,,,,,,,,,1.0,,,,,,,,,,,,
courage,False,,,,,,,,,,,,,,,,,,,,,,,,,,1.0,,
cousin,False,,,,,,,,,,,,,,,,,,,1.0,,,,,,,,,
covid,False,,,1.0,,,,,,,,,,,,,,,,,,,,,,,,,
cpu,False,,,,,,,,,,,,,,,,,,,,,,,,1.0,,,,
cr,False,,,,,,,,,,,,,,,,,,,,,2.0,,,,,,,
cra,False,,,,,,,,,,,,,,,,,,,,,2.0,,,,,,,
crack,False,,,,,,,,,,,,1.0,,,,,,,,,,,,,,,,
crappy,False,,,,,,,,,1.0,,,,,,,,,,,,,,,,,,,
crashen,False,,,,,,,,,,,,1.0,,,,,,,,,,,,,,,,
crater,False,1.0,,,,,,,,,,,,,,,,,,,,,,,,,,,
crawlen,False,,,,,,,,,,,,,,,,,,,,,,,,,,,9.0,
crawler,False,,,,,,,,,,,,,,,,,,,,,,,,,,,43.0,
crawling,False,,,,,,,,,,,,,,,,,,,,,,,,,,,3.0,
crawlout,False,,,,,,,,,,,,,,,,,,,,,,,,,,,1.0,
crawlst,False,,,,,,,,,,,,,,,,,,,,,,,,,,,1.0,
crawlt,False,,,,,,,,,,,,,,,,,,,,,,,,,,,2.0,
crazy,False,,1.0,,,,,,,,,,,,,,,,,,,,,,,,,,
creative,False,,,,,,,,,,,,,,,,,,,,,,,,,,1.0,,
credits,False,,,,,,,,,1.0,,,,,,,,,,,,,,,,,,,
credo,False,,,,,,,,1.0,,,,,,,,,,,,,,,,,,,,
crew,False,,1.0,,,,1.0,,,,,,,,,,,1.0,2.0,1.0,,,,,,1.0,,,
crime,False,,,,,,,,,,1.0,,,,,,,,,,,,,,,,,,
crimes,False,,,,,,,,,,6.0,,,,,,,,,,,,,,,,,,
criminal,False,,,,,,,,,,1.0,,,,,,,,,,,,,,,,,,
critical,False,,,,,,,,,,,,,,,,,,,,,2.0,1.0,,,,,,
crowd,False,,,,,,,,,,,,,,,,,,,1.0,,,,,,,,,
crypto,False,,,,,,,,1.0,,,,,,,,,,,,,,,,,,,,
csi,False,,,,,,,,,,,,1.0,,,,,,,,,,,,,,,,
csu,False,,,,,1.0,,1.0,,,,,,,,,,,,,,8.0,,,,,1.0,,
ctc,False,,,,,,,,,,,,1.0,,,1.0,,,,,,,,,,,,,
currywurst,False,,,,,,1.0,,,,,,,,,,,,,,,,,,,,,,
cv,False,,,,,,,1.0,,,,,,,,,,,,,,,,,,,,,
cyber,False,,,,,3.0,,2.0,,2.0,2.0,,,,,,,,,,,2.0,,,,,1.0,,
cybercrack,False,,,,,,,,,,,,,,,,,,,,,,,,,,1.0,,
cybercrime,False,,,,,,,,,,13.0,,,,,1.0,,,,,,,,,,,4.0,1.0,
cybercrimes,False,,,,,,,,,,1.0,,,,,,,,,,,,,,,,,,
cybercriminal,False,,,,,,,,,,1.0,,,,,,,,,,,,,,,,,,
cyberdependent,False,,,,,,,,,,4.0,,,,,,,,,,,,,,,,,,
cybergrooming,False,,,,,,,,,,1.0,,,,,,,,,,,,,,,,,,
cyberkriminalität,False,,,,,,,,,,1.0,,,,,,,,,,,,,,,,,,
cyberkriminellen,False,,,,,,,,,,,,,,,,,1.0,,,,,,,,,,,
da,True,144.0,180.0,138.0,159.0,171.0,146.0,212.0,135.0,147.0,90.0,75.0,102.0,139.0,82.0,183.0,106.0,110.0,112.0,148.0,127.0,446.0,129.0,126.0,83.0,61.0,121.0,150.0,94.0
dabei,True,12.0,7.0,4.0,7.0,6.0,3.0,7.0,6.0,6.0,15.0,5.0,10.0,,1.0,9.0,4.0,3.0,8.0,8.0,7.0,10.0,3.0,9.0,6.0,2.0,4.0,4.0,1.0
dach,False,,,,,,,,,,,,,,,,,,,,,,,,1.0,,1.0,,
dachraum,False,,,,,,,,,,,,,,,,,,,,,,,,,,1.0,,
dachverband,False,,,,,,,,,,,,,,,,,,,,,,,,,,1.0,,
dachwitz,False,,,,,,,,,,,,,,,,,,,,,,3.0,,,,,,
dadrauf,False,,1.0,,,,,,,,,,,,,,,,,,,,,,,,,,
dadrin,False,,1.0,,,,,,,,,,,,,,,,,,,,,,,,,,
dadrüber,False,,8.0,,,,1.0,,,,,,,,,,,,,,,,,,,,,,
dadurch,True,1.0,7.0,1.0,5.0,1.0,2.0,,,4.0,,1.0,5.0,3.0,2.0,2.0,,1.0,4.0,1.0,1.0,4.0,,1.0,2.0,2.0,3.0,6.0,3.0
dafür,True,12.0,14.0,12.0,14.0,19.0,5.0,16.0,15.0,17.0,9.0,7.0,8.0,7.0,5.0,14.0,17.0,5.0,4.0,8.0,12.0,37.0,7.0,5.0,18.0,3.0,9.0,16.0,8.0
dagegen,True,1.0,11.0,,12.0,1.0,,4.0,,1.0,2.0,3.0,1.0,2.0,4.0,6.0,5.0,,,1.0,1.0,14.0,4.0,3.0,,,7.0,4.0,
daher,True,1.0,1.0,1.0,,,,,,2.0,,,1.0,,,4.0,1.0,1.0,,7.0,5.0,15.0,,,2.0,,1.0,,7.0
dahin,True,2.0,,2.0,,,1.0,3.0,7.0,1.0,,1.0,2.0,,1.0,2.0,,2.0,1.0,1.0,,6.0,,1.0,1.0,,1.0,,
dahingegen,False,,,,,,,,,,,,,,,,,1.0,,,,,,,,,,,
dahingeschicken,False,,1.0,,,,,,,,,,,,,,,,,,,,,,,,,,
dahingesetzen,False,,,,,,1.0,,,,,,,,,,,,,,,,,,,,,,
dahinstellen,False,,,,,,,,,,,,1.0,,,,,,,,,,,,,,,,
dahinter,True,,,2.0,3.0,2.0,,1.0,1.0,6.0,2.0,2.0,2.0,6.0,1.0,4.0,,1.0,,,1.0,8.0,6.0,3.0,4.0,,3.0,6.0,
dahinterstehen,False,,,,,,,,,,,,,,,,,,,,,,,,,1.0,,,
dallmeyer,False,,,,,,,,,,,,,,,,,,,,,,,1.0,,,,,
damalig,False,,,,,,1.0,,,,,,5.0,,,,,,1.0,,,,,,,,2.0,,
damals,True,1.0,1.0,,2.0,2.0,8.0,1.0,10.0,2.0,2.0,,12.0,6.0,,12.0,,1.0,4.0,7.0,1.0,,2.0,4.0,1.0,3.0,12.0,1.0,5.0
dame,False,,,,,,,,,,1.0,,,,,,,,,,,,,,,,1.0,,
damit,True,27.0,17.0,23.0,21.0,26.0,12.0,26.0,10.0,20.0,14.0,7.0,16.0,32.0,16.0,23.0,16.0,37.0,12.0,10.0,17.0,48.0,24.0,19.0,3.0,6.0,13.0,23.0,7.0
dammbruch,False,,,,,,,1.0,,,,,,,,6.0,,,,,,,,,,,,,
damn,False,,,,,,,,,,,,,1.0,,,,,,,,3.0,,,,,,,
danach,True,1.0,2.0,1.0,2.0,9.0,4.0,,1.0,3.0,3.0,2.0,,2.0,5.0,4.0,2.0,3.0,2.0,3.0,,4.0,2.0,1.0,4.0,,1.0,2.0,1.0
daneben,True,3.0,,,,,,,,,1.0,,,,,1.0,,,,,,,,,1.0,,,1.0,
daniel,False,,,,,,,,,,,,,,,14.0,,,,6.0,,,,,2.0,,,,
danimo,False,,1.0,,,,,,,,,,,,,,,1.0,,,,,,,4.0,,,,
dank,True,5.0,2.0,3.0,1.0,1.0,1.0,1.0,1.0,2.0,8.0,2.0,8.0,2.0,2.0,1.0,5.0,,3.0,8.0,5.0,4.0,2.0,6.0,1.0,2.0,1.0,2.0,
dankbar,False,1.0,,,,1.0,,,,,,,,,,1.0,,,,,1.0,,,,,,,,
danke,False,1.0,,1.0,2.0,1.0,,,1.0,,,1.0,,,2.0,1.0,1.0,,,,1.0,,2.0,,,,1.0,1.0,1.0
danken,False,1.0,1.0,3.0,3.0,2.0,1.0,,,,,,,,1.0,4.0,,1.0,2.0,,,,2.0,,,,,1.0,
dankenswerterweise,False,,,,,1.0,,,,,,1.0,,,,,,,,1.0,,,,,,,,,
dankeschön,False,,,,,,,1.0,,,,,,,,2.0,,,,,,,,2.0,,,,1.0,
dann,True,148.0,168.0,232.0,185.0,122.0,148.0,114.0,113.0,132.0,103.0,100.0,95.0,123.0,96.0,190.0,68.0,139.0,103.0,139.0,127.0,227.0,127.0,104.0,132.0,43.0,131.0,205.0,139.0
danny,False,,,,,,,,,,,,,,,,,,,,,,,,1.0,,,,
dante,False,,,,,,,,,,,,,,,,,,,,,,,,5.0,,,,
dar,False,,,,1.0,,,,,,,,1.0,1.0,,,,,,,1.0,,,,,,,,
daran,True,8.0,5.0,4.0,11.0,9.0,6.0,10.0,10.0,6.0,8.0,6.0,9.0,4.0,3.0,3.0,6.0,4.0,2.0,5.0,10.0,2.0,9.0,3.0,1.0,,3.0,8.0,
darauf,True,5.0,2.0,4.0,6.0,6.0,7.0,4.0,6.0,5.0,9.0,4.0,4.0,14.0,2.0,12.0,7.0,8.0,6.0,5.0,9.0,6.0,8.0,3.0,2.0,1.0,3.0,11.0,6.0
daraufhin,False,1.0,1.0,,,,,,,,,,,,,,,,,,1.0,2.0,,,,,,,
daraus,True,,1.0,2.0,3.0,4.0,1.0,,2.0,1.0,1.0,3.0,,,,3.0,2.0,1.0,1.0,,1.0,2.0,,,3.0,,1.0,1.0,
darfen,True,,,,,,,,,1.0,,,,1.0,,,,,,,,,,,,,,,
darfst,True,1.0,2.0,1.0,,,,2.0,,,1.0,,,5.0,,3.0,,1.0,,,,4.0,,,,,1.0,3.0,
darin,True,,1.0,,3.0,2.0,,,,,3.0,1.0,,,,1.0,1.0,3.0,1.0,,,,1.0,1.0,,,2.0,2.0,
dark,False,1.0,,,,1.0,,,,,,,2.0,,,,,,,,,,,,,,,,
darkland,False,,1.0,,,,,,,,,,,,,,,,,,,,,,,,,,
darknet,False,,11.0,,,,,,,,,,12.0,,,,,,,,,,,,,,,,
darlegen,False,,,,1.0,,,1.0,,1.0,,1.0,,,,,,,,,,,,,,,,,
darstellen,False,1.0,2.0,,,1.0,1.0,,,6.0,2.0,,33.0,,,2.0,1.0,,2.0,,3.0,,,2.0,,1.0,,4.0,1.0
darstellst,False,,,,,,,,,,,1.0,,,,,,,,,,,,,,,,,
darstellung,False,,3.0,,,,,,1.0,3.0,1.0,,16.0,,,2.0,,,,,,,,,,,,,
dartbank,False,,1.0,,,,,,,,,,,,,,,,,,,,,,,,,,
darum,True,7.0,2.0,5.0,3.0,3.0,3.0,2.0,9.0,2.0,10.0,,3.0,1.0,6.0,16.0,5.0,2.0,3.0,2.0,7.0,12.0,4.0,8.0,,1.0,2.0,4.0,2.0
darunter,True,1.0,,,,2.0,,,1.0,,1.0,,,2.0,,,3.0,,,,1.0,,,,,1.0,1.0,,
darwins,False,1.0,,,,,,,,,,,,,,,,,,,,,,,,,,,
darzubieten,False,,,,,1.0,,,,,,,,,,,,,,,,,,,,,,,
darzulassen,False,,,,,,,,1.0,,,,,,,,,,,,,,,,,,,,
darüber,True,10.0,5.0,8.0,13.0,16.0,4.0,9.0,8.0,7.0,11.0,2.0,10.0,13.0,4.0,13.0,11.0,8.0,10.0,5.0,8.0,19.0,11.0,3.0,3.0,5.0,5.0,8.0,8.0
dashboard,False,,,,,,,,,,,,,,,,,,,2.0,,,,,,,,,1.0
dass,True,109.0,185.0,136.0,132.0,142.0,67.0,156.0,78.0,148.0,102.0,84.0,115.0,101.0,68.0,169.0,98.0,104.0,70.0,98.0,143.0,297.0,122.0,82.0,58.0,53.0,115.0,125.0,73.0
dasselbe,True,2.0,2.0,1.0,1.0,,,1.0,,4.0,,,2.0,,,2.0,,1.0,,,,,1.0,,,,,1.0,
dastehen,False,,,,,,,,,,,,,,,,,,,,,,,,,,,,1.0
data,False,1.0,,1.0,3.0,1.0,,1.0,,1.0,,1.0,,,,,,,1.0,3.0,,11.0,6.0,,,,1.0,,1.0
datacenter,False,,,,,,,,,,,,,,,,,,,,,3.0,,,,,,,
datanaut,False,,,,,,,,,,,,,,,,,,1.0,,,,,,,,,,
datasett,False,,,,,,,,,,,,1.0,,,,,,,,,,,,,,,,
datei,False,,1.0,,,,,,,,,,,,,,,8.0,,,,,,,1.0,,,1.0,
dateiablage,False,,,,,,,,,,,,,,,,,1.0,,,,,,,,,,,
dateinamen,False,,,,,,,,,,,,,,,,,1.0,,,,,,,,,,,
daten,False,1.0,,,,,,,,,,,,,,1.0,,2.0,,,,,,,,,,,1.0
datenabfluss,False,,,,1.0,,,,,,,,,,,,,,,,,,,,,,,,
datenabflusskanal,False,,,,2.0,,,,,,,,,,,,,,,,,,,,,,,,
datenabgleich,False,,,,,,,1.0,,,,,,,,,,,,,,4.0,,,,,,,
datenarbeiterinnen,False,,,,,,,,,,,,,,,,,,,,,,2.0,,,,,,
datenausleitunge,False,,,,,,,,,,,,,,,,1.0,,,,,,,,,,,,
datenautobahn,False,,,,,,,,,,,,2.0,,,,,,,,,,,,,,,,
datenbank,False,,5.0,1.0,3.0,,,,,,,,1.0,,,1.0,,3.0,,,,4.0,,,,,1.0,5.0,
datenbankmodell,False,,,,,,,1.0,,,,,,,,,,,,,,,,,,,,,
datenbereichen,False,,,,1.0,,,,,,,,,,,,,,,,,,,,,,,,
datenbereithaltung,False,,,,,,,,,,,,,,,,,,,,,2.0,,,,,,,
datenberg,False,,,,,,,,,,,,,,,3.0,,,,,,,,,,,,,
datenbestand,False,,,,1.0,,,,,,,,,,1.0,,,,,,,,,,,,,3.0,
datenbeständ,False,,,,,,,1.0,,,,,,,,,,,,,,,,,,,,,
datenbetagung,False,,,,1.0,,,,,,,,,,,,,,,,,,,,,,,,
datenblob,False,,,,1.0,,,,,,,,,,,,,,,,,,,,,,,,
datenblock,False,,,,1.0,,,,,,,,,,,,,,,,,,,,,,,,
datenblätter,False,,,,,,,,,,,,,,,,,,,,,,,3.0,,,,,
datenchancenpolitik,False,,,,,,,,,,,,,,,,,,,,,2.0,,,,,,,
datendatz,False,,,,1.0,,,,,,,,,,,,,,,,,,,,,,,,
datenextraktivismus,False,,,,,,,,,,,,,,,,,,,,,,2.0,,,,,,
datenfeld,False,,,,,,,,,,,,,,,1.0,,,,,,,,,,,,,
datengeber,False,,,,2.0,,,,,,,,,,,,,,,,,,,,,,,,
datenkekse,False,,,,,,1.0,,,,,,,,,,,,,,,,,,,,,,
datenkolonialismus,False,,,,,,,,,,,,,,,,,,,,,,2.0,,,,,,
datenkonzerne,False,,,,1.0,,,,,,,,,,,,,,,,,,,,,,,,
datenkurieren,False,,,,,,,,,,,,1.0,,,,,,,,,,,,,,,,
datenlage,False,1.0,,,,,,,,,,,,,,,,,,,,,,,,,,,
datenleck,False,,,2.0,,,,,,,,,,,,,,3.0,,,1.0,,,,,,,,
datenleitung,False,,,,,,,,,,,,,,,,,,,,,,2.0,,,,,,
datenlokalisierung,False,,,,,,,,,,,,,,,,,,,,,,2.0,,,,,,
datenmanagement,False,,,,,,,1.0,,,,,,,,,,,,,,,,,,,,,
datenmarkt,False,,,,,,,,,,,1.0,,,,,,,,,,,,,,,,,
datenmeng,False,,,,,,,1.0,,,,,,,,,,,,,,,1.0,,,,,1.0,
datenminimierung,False,,,3.0,,,,,,,,,,,,,,,,,1.0,,,,,,,,
datenmüll,False,,,1.0,,,,,,,,,,,,,,,,,,,,,,,,,
datennetz,False,,,,,,,,,,,,,,,,,1.0,,,,,,,,,,,
datennutzung,False,,,,,,,,,,,,,,,,,,,,,,,,,2.0,,,
datenpaket,False,,1.0,,,,,,,,,,,,,,,,,,,,,,,,,,
datenpolitik,False,,,,,,,,,,,,,,,,,,,,,,,,,1.0,,,
datenpool,False,,,,,,,,,,,,,,,2.0,,,,,,,,,,,,,
datenpunkt,False,,1.0,,,,,,,,,,,,,,,,,,,,,,,,,,
datenrahma,False,,,,1.0,,,,,,,,,,,,,,,,,,,,,,,,
datenraum,False,,,,12.0,,,,,,,,,,,,,,,,,,,,,,,,
datenreichtum,False,,,,1.0,,,,,,,,,,,,,,,,,,,,,,,,
datenräumen,False,,,,1.0,,,,,,,,,,,,,,,,,,,,,,,,
datensammel,False,,,,,,,,,,,,,,,,,,,,,2.0,,,,,,,
datensammelstelle,False,,,,1.0,,,,,,,,,,,,,,,,,,,,,,,,
datensammlung,False,,,,2.0,,,1.0,,,,,,,,1.0,,,,,,,,,,,,,
datensatz,False,,,1.0,8.0,,,,,,,,,,,,,,,,,,,,,,,1.0,
datenschutz,False,7.0,5.0,2.0,3.0,,,,,3.0,,,1.0,3.0,,1.0,4.0,,6.0,,14.0,26.0,,,,,2.0,,19.0
datenschutzaufsicht,False,,,,,,,,,,,,,,,,,,,,,,,,,,,,1.0
datenschutzaufsichtsbehörd,False,,,,,,,,,,,,,,,,,,,,,,,,,,,,5.0
datenschutzaufsichtsbehörde,False,,,,,,,,,,,,,,,,,,,,,,,3.0,,,,,2.0
datenschutzausschuss,False,,,,,,,,,,,,,,,,,,,,,,,,,,,,18.0
datenschutzausschuß,False,,,,,,,,,,,,,,,,,,,,,,,,,,,,1.0
datenschutzband,False,,2.0,,,,,,,,,,,,,,,,,,,,,,,,,,
datenschutzbeauftrag,False,,,,,,,,,,,,,,,,,,,,,,,,,,,,1.0
datenschutzbeauftragte,False,,,,,,,,,,,,,,,,,,,,,,,3.0,,,,,13.0
datenschutzbeauftragter,False,,,,1.0,,,,,3.0,,,,,,,,,,,,,,4.0,,,,,41.0
datenschutzbedingung,False,,,2.0,,,,,,,,,,,,,,,,,,,,,,,,,
datenschutzbehörd,False,,,1.0,,,,,,,,,,,,,,,,,,,,,,,,,1.0
datenschutzbehörde,False,,,3.0,,,,,,,,,,,,,,2.0,,,,,,2.0,,,,,22.0
datenschutzbestimmung,False,,,,,,,,,,1.0,,,,,,,,,,,,,,,,,,
datenschutzdebatte,False,,,,,,,,,,,,,,,,,,2.0,,,,,,,,,,
datenschutzdiskussion,False,,,,,,,,,,,,,,,,,,,,,,,,,,,,1.0
datenschutzextrem,False,,,,,,,,,,,,,,,,,,,,,,,,,,1.0,,
datenschutzfolgeabschätzung,False,,,,,,,,,1.0,,,,,,,,,,,,,,,,,,,
datenschutzfolgenabschätzung,False,,,,,,,,,,,,,,,,,,,,,,,,,,1.0,,
datenschutzfrag,False,,,,,,,,,,,,,1.0,,,,,,,,,,,,,,,
datenschutzfrage,False,,,,,,,,,,,,,,,,,,,,,,,,,,1.0,,3.0
datenschutzgesetz,False,,,1.0,,,,,,,,,,,,,,,,,,,,,,,,,
datenschutzgesetze,False,,,,,,,,,,,,,,,,,1.0,,,1.0,,2.0,,,,,,1.0
datenschutzgesetzgebung,False,,,,,,,,,,,,,,,,,,,,1.0,,,,,,,,
datenschutzgrundverordnung,False,1.0,,,,,,,,,,,,1.0,,,1.0,3.0,,,,,,,,,,,8.0
datenschutzgrundverordnungsexportfunktion,False,,,1.0,,,,,,,,,,,,,,,,,,,,,,,,,
datenschutzgrundveränderung,False,,,,,,,,,,,,,,,,,,,,,,,,,,,,1.0
datenschutzgründen,False,,,,,,,,,,,,,,,,,,,,1.0,,,,,,,,
datenschutzheld,False,,,,,,,,,,,,,,,,,,,,,,,,,,,,1.0
datenschutzklage,False,,,,,,,,,,,,,,,,,,1.0,,,,,,,,,,
datenschutzkommissare,False,,,,,,,,,,,,,,,,,,,,,,,,,,,,1.0
datenschutzkonferenz,False,,,,,,,,,,,,,,,,,,,,,,,,,,,,1.0
datenschutzkonform,False,,,,,,,,,,,,,,,,,,,,,,,,,,1.0,,
datenschutzkreisen,False,,,,,,,,,,,,,,,,,,,,,,,,,,,,1.0
datenschutzmissbräuch,False,,,,,,,,,,,,,,,,,,,,1.0,,,,,,,,
datenschutzmäßig,False,,,,,,,,,2.0,,,,,,,,,,,,,,,,,,,
datenschutzorganisation,False,,1.0,,,,,,,,,,,,,,,,,,,,,,,,,,
datenschutzpolitik,False,,,,,,,,,,,,,,,,,,,,,2.0,,,,,,,
datenschutzproblemen,False,,,,,,,,,,,,,,,,,,,,,2.0,,,,,,,
datenschutzrecht,False,,,,1.0,,,,,,,,,,,,,,,,,,,,,,,,2.0
datenschutzregel,False,,,,,,,,,,,,,1.0,,,,,,,,,,,,,,,1.0
datenschutzregelung,False,,,1.0,,,,,,,,,,,,,,,,,,,,,,,,,
datenschutzrichtlinie,False,,,,,,,,,,,,,,,,,,,,,,,,,,,,1.0
datenschutzsachen,False,,,,,,,,,,,,,,,,1.0,,,,,,,,,,,,
datenschutztauglich,False,,,,,,,,,,,,,,,,,,,,,,,,,,1.0,,
datenschutzverein,False,,1.0,,,,,,,,,,,,,,,,,,,,,,,,,,
datenschutzvorschrift,False,,,,,,,,,,,,,,,,,,,,1.0,,,,,,,,1.0
datenschutzvorschriftum,False,,,,,,,,,,,,,,,,,,,,,,,,,,,,2.0
datenschutzwiss,False,,,,,,,,,,,,,,,,,,,,,,,,,,,,1.0
datenschützer,False,,,,,,,,,,,2.0,,,,,,,,,,,,,,,,,2.0
datenschützerinnen,False,,1.0,,,,,,,,,,,,,,,,,,,,,,,,,,
datenset,False,,,,,,,,,,,,,,,1.0,,,,,,,,,,,,,
datensicherheit,False,,,4.0,1.0,,,,,,,,,,,,1.0,,,,1.0,,,,,,,,
datenskandal,False,,,,,,,,,,,,,,,,,,,,,,,,,,1.0,,
datenspeicherung,False,,,,,,,1.0,,,,,,,,1.0,,,,,,,,,,,,,
datenspend,False,,,,1.0,,,,,,,,,,,,,,,,,,,,,,,,
datensphäre,False,,,,,,,,,,,,,,,,,,,,,,,,,,,,2.0
datenspur,False,,,,,,,,,,,,,,,,,,1.0,2.0,,,,,,,,,
datenstrom,False,,,,,,,,,,,,,,,,,,,,,4.0,,1.0,,,,,
datensätz,False,1.0,,1.0,7.0,,,1.0,,,,,,,,,,,,,,,2.0,,,,,,
datentransfer,False,,,,,,,,,,,,,,,1.0,,,,,,,,,,,,,
datentrittsgrundverordnung,False,,,,,,,,,,,,,,,,,,,,,,,,,,1.0,,
datenverarbeiter,False,,,,,,,,,,,,,,,,,1.0,,,,,,,,,,,
datenverarbeitung,False,,,,,,,,,,,,,,,,,,,,,,,,,,,,2.0
datenverbrauch,False,,,,,,,,1.0,,,,,,,,,,,,,,,,,,,,
datenverfügbarkeit,False,,,,,,,,,,,,,,,,,,,,,,,,,4.0,,,
datenverkehr,False,,,,,,,,,,,,,,,,,2.0,,,,,,,,,1.0,,
datenvolumen,False,,,,,,,,,,,,,,,,,,,,,,,,,,2.0,,
datenvolumina,False,,,,,,,,,,,,,,,,,,,,,,,,,,1.0,,
datenvorhabe,False,,,,1.0,,,,,,,,,,,,,,,,,,,,,,,,
datenvorhaltung,False,,,,,,,1.0,,,,,,,,,,,,,,,,,,,,,
datenzentr,False,,,,,,,,,,,,,,,,,,,,,,2.0,,,,,,
datenzentralisierung,False,,,,1.0,,,,,,,,,,,,,,,,,,,,,,,,
datenökonomie,False,,,,,,,,,,,,,,,,,,,1.0,,,,,,,,,
datenübertragung,False,,,,1.0,,,,,1.0,,,,,,,,,,,,,,,1.0,,,,
dating,False,,,,,,,,,,,,,,,,,,,,1.0,,,,,,,,
datum,False,10.0,7.0,38.0,125.0,6.0,1.0,14.0,,1.0,6.0,1.0,2.0,11.0,,71.0,5.0,16.0,,3.0,4.0,38.0,19.0,2.0,3.0,,3.0,19.0,5.0
datung,False,,,,,,,,,,,,,,,1.0,,,,,,,,,,,,,
dauer,False,1.0,,,,,1.0,,,,,,,,,,,,,,,,,,,,,,
dauerhaft,False,2.0,,,,1.0,,,,,,,,,,,,,,,1.0,,,,2.0,,,1.0,
dauern,False,1.0,6.0,2.0,,2.0,2.0,1.0,3.0,,1.0,1.0,,4.0,1.0,6.0,3.0,1.0,1.0,,,6.0,2.0,2.0,4.0,1.0,,5.0,
dauernd,False,,,,,,,2.0,,,,,,,,,,,,,,,,,,,,,
dauerzulassung,False,,,1.0,,,,,,,,,,,,,,,,,,,,,,,,,
daumen,False,,,,,,,1.0,,,,,,1.0,,,,,1.0,,,,,,,,,,
daumenregel,False,,,,,,,,,,,,1.0,,,,,,,,,,,,,,,,
david,False,,,,,,,,,,,,2.0,,,,,,,,,,1.0,,,,,,
davon,True,6.0,19.0,12.0,16.0,12.0,9.0,6.0,5.0,12.0,4.0,7.0,11.0,7.0,4.0,6.0,6.0,9.0,3.0,7.0,11.0,33.0,15.0,6.0,5.0,3.0,12.0,13.0,2.0
davor,True,3.0,1.0,,,1.0,,2.0,2.0,1.0,1.0,1.0,,3.0,3.0,1.0,3.0,,1.0,1.0,3.0,2.0,,1.0,1.0,2.0,1.0,2.0,
dayjob,False,,,,,,,,,,,,1.0,,,,,,,,,,,,,,,,
dazu,True,8.0,30.0,20.0,14.0,22.0,18.0,23.0,15.0,15.0,24.0,8.0,14.0,12.0,8.0,13.0,15.0,6.0,16.0,19.0,23.0,43.0,17.0,5.0,9.0,6.0,14.0,16.0,11.0
dazugehören,False,1.0,,,,,1.0,,2.0,,,,,,,,,1.0,,,1.0,,,2.0,,,,,1.0
dazukommen,False,,,,,,1.0,,1.0,,,,,,,,,,,,1.0,3.0,,,1.0,,1.0,,
dazunehmen,False,,,,,,,1.0,,,,,,,,,,,,,3.0,,1.0,,,,,,
dazusagen,False,,,,,,,,,,,,,,,,,,,,,,,,,,1.0,,
dazustellen,False,,,,,,,,,,,,,,,,,,,,,,,1.0,,,,,
dazustoßen,False,,,,,,,,,,,,,,,,,,,,,,,,1.0,,,,
dazuzählen,False,,,,,,,,,,,,,,,,,1.0,,,,,,,,,1.0,,
dazwischen,True,2.0,,,,,1.0,,,3.0,,,1.0,,,1.0,,2.0,1.0,,,,,,2.0,1.0,1.0,1.0,
dazwischenhäng,False,,,,,,,,,2.0,,,,,,,,,,,,,,,,,,,
dazwischensetzt,False,,,,,,,,,,,,,,,,,,,,,,,,,,,1.0,
daß,True,,,,2.0,,,2.0,,1.0,,,,1.0,,2.0,2.0,,,1.0,2.0,2.0,2.0,,2.0,,3.0,,1.0
dbsv,False,,,,,,,,,,,,,,,,,,,,2.0,,,,,,,,
dc,False,,,,,,,1.0,,,,,,,,,,,,,,,,,,,,,
ddg,False,,,,,,,,,,,,,,,,1.0,,,,,,,,,,,,
ddos,False,,,,,,,,,,,,,,,,,,,,,,,,,,,1.0,
de,False,,2.0,,,,1.0,,,,,,,,,2.0,,,,,,,,,,,,,
deadline,False,,2.0,,1.0,,,,,,,,,,,,,,,1.0,,,,,,,,,
deadlock,False,,,,,,,,,,,,,,,,,,,,,,,,,,,,2.0
deal,False,1.0,,,,,,,,,,,,,,1.0,,,,,,,,,,,,,
debated,False,,,,,,,1.0,,,,,,,,,,,,,,,,,,,,,
debatte,False,,1.0,3.0,4.0,,1.0,14.0,10.0,,,,1.0,4.0,,9.0,,,,1.0,10.0,6.0,4.0,1.0,,,15.0,1.0,1.0
debattierclub,False,,,,,,,,,,,,,,,,,,,,,2.0,,,,,,,
debattieren,False,,,,2.0,1.0,,6.0,1.0,,,,1.0,,,,,,,,1.0,2.0,,,,,1.0,,1.0
debit,False,,,,,,,,,,,,,1.0,,,,,,,,,,,,,,,
debitkarte,False,,,,,,,,,,,,,4.0,,,,,,,,,,,,,,,
debunk,False,,,,,,,,,,,,1.0,,,,,,,,,,,,,,,,
debus,False,,1.0,,,,,,,,,,,,,,,,,,,,,,,,,,
decke,False,,,1.0,,,,,,,,,,,,,,,,,,,,,,,,,
decken,False,,,,,,2.0,,,,1.0,,,1.0,1.0,,,,,,,,,,,,2.0,,
deckmantel,False,,,,,,,,,,1.0,,,,,,,,,,,,,,,,,,
deckungsgleich,False,,,,,,,,,,,,,,,,,,,,1.0,,,,,,,,
dediziert,False,,,,,,,,,,,,,,,,,,,,,,,,1.0,,,,
deepreen,False,1.0,,,,,,,,,,,,,,,,,,,,,,,,,,,
deepseek,False,,,,,,,,,,,,,,,,,,,,,,,,,,,1.0,
defaced,False,,,,,,,,,,,,2.0,,,,,,,,,,,,,,,,
default,False,,,1.0,2.0,,,,,,,,,,,,,,,,,,,,,,,1.0,
defaultmäßig,False,,,,,,,,,,,,,1.0,,,,,,,,,,,,,,,
defense,False,,,,,,,,,,,,1.0,,,,,,,,,,,,,,,,
defensiv,False,,,,,,,1.0,,,,,,,,2.0,,,,,,,,,,,,,
defensive,False,,,,,1.0,,,,,,,2.0,,,,,,,,,,,,,,,,
definieren,False,1.0,,,,1.0,,1.0,3.0,,1.0,,2.0,,,,3.0,,,3.0,2.0,,3.0,,,2.0,,,
definiert,False,,,,1.0,1.0,,,1.0,,,,,,,,,,,,,,,,,,,3.0,
definition,False,6.0,2.0,,1.0,1.0,,,,1.0,5.0,,4.0,,1.0,,1.0,,,,3.0,7.0,,,,,,,
definitiv,False,3.0,1.0,1.0,,,2.0,1.0,1.0,,,1.0,,2.0,,,,2.0,,3.0,,,1.0,,,1.0,2.0,,
definitorisch,False,,,,,,,,,,,,,,,,,,1.0,,,,,,,,,,
defizit,False,,,,,1.0,,,3.0,,1.0,,,,,,,,,,,,,,,,,,1.0
dehnen,False,,,,,,,,,,1.0,,,,,,,,,,,,,,,,,,
dein,True,8.0,11.0,6.0,19.0,11.0,4.0,3.0,3.0,7.0,,4.0,7.0,8.0,9.0,9.0,4.0,32.0,11.0,13.0,7.0,7.0,3.0,4.0,,5.0,4.0,8.0,1.0
deine,True,,,,1.0,,,2.0,,,,,,1.0,,,,2.0,,,,,,,,,,,
deins,False,,,,,1.0,,,,,,,,,,,,,,,,,,,,,,,
dekadenprojekt,False,,,,1.0,,,,,,,,,,,,,,,,,,,,,,,,
dekolonialisierung,False,,,,,,,,,,,,,,,,,,,,,,1.0,,,,,,
dekonkretisier,False,,,,1.0,,,,,,,,,,,,,,,,,,,,,,,,
dekret,False,,,,,,,,,,,,,,,7.0,,,,,,,,,,,,,
delegitimierung,False,,,,,1.0,,,,,,,,,,,,,,,,,,,,,,,
deliberativ,False,,,,,1.0,,,,,,,,,,,,,,,,,,,,,,,
delikt,False,,,,,,,,,,,,,,,1.0,,,,,,,,,,,,,
deliktsbereichen,False,,,,,,,,,,,,,,,1.0,,,,,,,,,,,,,
delivery,False,,,,,,,,,,,,,,,,,,,,,,,,1.0,,,2.0,
dell,False,,,,,,,,,,,,,,,,,,,,,,1.0,,,,,,
dementsprechend,True,1.0,1.0,1.0,1.0,,1.0,,1.0,,5.0,,1.0,,,,,,,,,,,1.0,,,,,
demgegenüber,True,,,,,,,1.0,,,,,,,,,,,,,,,,,,,,,
demjenigen,False,,,,,,,,,,,,,,,1.0,,,,,,,,,,,,,
demnächst,False,,,,,,,,1.0,,,,,,,,,1.0,,,1.0,,,,,,,,1.0
demo,False,,1.0,,4.0,,,,,,,,,,1.0,1.0,,,,,,,,,,,1.0,,
demoaufruf,False,,2.0,,,,,,,,,,,,,,,,,,,,,,,,,,
demografie,False,,,,,,,,,,,,,,,,,,,,,,,,,,1.0,,
demografisch,False,,,,,,,,5.0,,,,,,,,,,,,,,,,,,,,
demokratie,False,2.0,,,4.0,4.0,,,,2.0,,,,1.0,1.0,,,,1.0,1.0,,,2.0,,,,3.0,,
demokratieübung,False,,,,,,,,,,,,,,,,,,,1.0,,,,,,,,,
demokratisch,False,,1.0,,,2.0,1.0,,,1.0,,,,,4.0,1.0,2.0,,,,,2.0,5.0,,,,1.0,,
demokratisierung,False,,,,,,,,,,1.0,,,,,,,,,,,,,,,,,,
demonetarisieren,False,,,,,,,,,,,,,,,,,,,,,,,,1.0,,,,
demonstration,False,,,,,,,,,,,,,,,1.0,,,,,,,,,,,,1.0,
demonstrieren,False,,1.0,,,,,,,,,,1.0,,1.0,,,,,,,,,,,,,,
demontieren,False,,,,,,,1.0,,,,,,,,,,,,,,,,,,,,,
demos,False,,3.0,,,,,,,,,,,,,,,,,,,,,,,,2.0,,
denen,True,,,,,,,,,,,,,,,1.0,,,,,,,,,,,,,
denk,False,1.0,,,,,1.0,,,,,,,,,,,,,,,,,,,,,,
denkanstöße,False,,,,,,,,,,,,,,,,,,,,,,,,,1.0,,,
denkbar,False,,,1.0,1.0,,,1.0,,,,,,,,,,,,,,,,,,,,,
denke,False,1.0,,,,,1.0,,,,,,,,,,,,1.0,,,,,,,1.0,,,
denken,False,23.0,17.0,16.0,23.0,4.0,19.0,17.0,4.0,20.0,14.0,5.0,31.0,14.0,7.0,11.0,19.0,5.0,8.0,6.0,13.0,38.0,14.0,4.0,5.0,8.0,5.0,11.0,15.0
denker,False,,,,,,,,,,1.0,,,,,,,,,,,,,,,,,,
denkfehler,False,,,,,,,,,,,,,,,1.0,,,,,,,,,,,,,
denkrichtung,False,1.0,,,,,,,,,,,,,,,,,,,,,,,,,,,
denkschule,False,,,,,,,,,,,,,,,,,,,,,,,,,1.0,,,
denkst,False,,1.0,,,,,,,,,,,1.0,,1.0,,1.0,,,,3.0,,,,,,,
denkweise,False,1.0,,,,,,,,,,,1.0,,,,,,,,,,,,,,,,
denn,True,18.0,29.0,18.0,27.0,29.0,25.0,22.0,16.0,21.0,33.0,10.0,14.0,13.0,22.0,28.0,13.0,36.0,17.0,17.0,12.0,28.0,15.0,16.0,2.0,13.0,19.0,20.0,14.0
dennis,False,12.0,,,,,,,,,,,,,,,,,,,,,,,,,,,
dennoch,False,,,,,1.0,3.0,,,1.0,3.0,,1.0,1.0,,2.0,,1.0,,,,,2.0,,,,,,
deo,False,,1.0,,,,,,,,,,,,,,,,,,,,,,,,,,
department,False,,,1.0,,,,,,,,,,,,,,,,,,,,,,,,,
dependance,False,,,,,,,,,1.0,,,,,,,,,,,,,,,,,,,
dependent,False,,,,,,,,,,2.0,,,,,,,,,,,,,,,,,,
deployed,False,,,,,,,,,,,,,,,,,,,,,,2.0,,,,,,
depression,False,,,8.0,,,,,,,,,,,,,,,,,,,,,,,,,
depressionspart,False,,,1.0,,,,,,,,,,,,,,,,,,,,,,,,,
depressionstagebüchern,False,,,1.0,,,,,,,,,,,,,,,,,,,,,,,,,
depressiv,False,,,1.0,,,,,,,,,,,,,,,,,,,,,,,,,
deprimierend,False,,,,,,,,,2.0,,,,1.0,,,,,,,,,,,,,,,
der,True,1194.0,1439.0,1184.0,1507.0,1587.0,920.0,1375.0,950.0,1330.0,874.0,577.0,1372.0,899.0,674.0,1651.0,881.0,799.0,676.0,1044.0,1077.0,3285.0,1442.0,777.0,879.0,576.0,1069.0,1116.0,920.0
derart,False,,,,,,,2.0,,,,,,,,,,,,,,4.0,,,,,,,
derartig,False,,1.0,,,,,,,,,,,,,,,,,,,,,,,,1.0,,
derjenige,True,3.0,1.0,,2.0,1.0,1.0,1.0,,4.0,1.0,,1.0,,,5.0,1.0,,,2.0,5.0,2.0,3.0,1.0,,,1.0,5.0,1.0
dermaßen,True,,,,,,,,,,1.0,,,,,1.0,,,,,,,,,,,,,
derselbe,True,1.0,1.0,3.0,5.0,3.0,,1.0,,3.0,1.0,,1.0,,1.0,,,6.0,2.0,,2.0,1.0,1.0,1.0,,,1.0,1.0,
derzeit,False,,,,2.0,1.0,,,,,,,,,,2.0,,,,,,,,2.0,,2.0,,,3.0
derzeitig,False,1.0,,1.0,,,,,,,,,,,,,,,,,,,,,,,,,4.0
desaster,False,,,,,,,,,1.0,,,,,,,,,,,,,,,,,,,
description,False,,,,,,,,,,,,,,,,,,,,,,,,1.0,,,,
deshalb,True,1.0,11.0,3.0,,1.0,4.0,2.0,,1.0,,,1.0,2.0,,1.0,,,,1.0,2.0,2.0,6.0,8.0,,,,2.0,
design,False,10.0,3.0,,1.0,,,,,,,,,,,,2.0,,,,,,,,,,,,
designabteilung,False,1.0,,,,,,,,,,,,,,,,,,,,,,,,,,,
designen,False,1.0,,,,,,,,,,,,,,,,,,,,,,,,,,,
designiert,False,,,,,,,,,,1.0,,,,,,,,,,,,,,,1.0,,,
designprinzipie,False,1.0,,,,,,,,,,,,,,,,,,,,,,,,,,,
designprozess,False,1.0,,,,,,,,,,,,,,,,,,,,,,,,,,,
designprozesse,False,1.0,,,,,,,,,,,,,,,,,,,,,,,,,,,
designschwierigkeit,False,,1.0,,,,,,,,,,,,,,,,,,,,,,,,,,
desinformation,False,,,,,,,,,,1.0,,,,,,12.0,,,,,2.0,,,,,,,
desjenigen,False,,,,,,,,,,,,,,,,,,,,,2.0,,,,,,,
desktop,False,1.0,,,,,,,,,,,,,,,,,,,,,,,,,,,
despektierlich,False,,,,,,,,1.0,,,,,,,,,,,,,,,,,,,,
dessert,False,,,,,,,1.0,,,,,,,,,,,,,,,,,,,,,
desto,False,,,,2.0,,,2.0,,,,,1.0,,,,,,,,,,,1.0,1.0,,,,
destruktiv,False,,,,,,,,,,,,,,,,,,,,,2.0,,,,,,,
deswegen,True,12.0,11.0,11.0,16.0,13.0,4.0,11.0,9.0,10.0,2.0,12.0,24.0,7.0,7.0,12.0,14.0,2.0,5.0,5.0,12.0,39.0,5.0,4.0,7.0,7.0,12.0,5.0,3.0
detail,False,2.0,,,2.0,2.0,,2.0,,2.0,2.0,,3.0,2.0,,7.0,,,1.0,1.0,,6.0,,1.0,3.0,,,3.0,2.0
detailfrage,False,,1.0,1.0,1.0,,,,,,,,,,,1.0,,,,,,2.0,,,,,,1.0,
detaillieren,False,,,,,,,1.0,,,,,,,,,,,,,,,,,,,,,
detailliert,False,,,,,1.0,,,,1.0,,,,,,1.0,,,1.0,,,,1.0,,,,,,1.0
detaillierter,False,,,,,,,,,1.0,,,,,,,,,,,,,,,,,,,
detailliertheit,False,,,,,,,,,,,,,,,,,,1.0,,,,,,,,,,
detaillreich,False,,,,,,,,,,,,,,,,,,,,,,,,,,,1.0,
detailverbesserunge,False,,,,,,,,,,,2.0,,,,,,,,,,,,,,,,,
detektieren,False,,1.0,,,,,,,,,,,,,,,,,,,,,,,,,,
detektiv,False,,,,,,,,,,,,1.0,,,,,,,,,,,,,,,,
detektivgeschichte,False,,,,,,,,,,,,1.0,,,,,,,,,,,,,,,,
deuten,False,,,,,,,,,,1.0,,,,,,,1.0,,,,,,,,,,,
deutlich,False,4.0,2.0,2.0,3.0,3.0,3.0,1.0,9.0,1.0,2.0,,4.0,1.0,3.0,3.0,3.0,3.0,1.0,2.0,1.0,23.0,10.0,4.0,2.0,1.0,3.0,3.0,
deutsch,False,8.0,4.0,7.0,11.0,23.0,5.0,7.0,4.0,7.0,11.0,7.0,62.0,4.0,3.0,5.0,8.0,1.0,,,9.0,11.0,5.0,,,2.0,11.0,1.0,11.0
deutsche,False,,1.0,1.0,1.0,2.0,1.0,,,1.0,,,3.0,,,1.0,,1.0,,,,2.0,,,,,2.0,,
deutschland,False,4.0,11.0,4.0,36.0,36.0,15.0,13.0,1.0,11.0,6.0,7.0,25.0,13.0,4.0,24.0,16.0,5.0,,,,28.0,12.0,,1.0,1.0,40.0,1.0,19.0
deutschlandgesundheitswese,False,,,,1.0,,,,,,,,,,,,,,,,,,,,,,,,
deutschlandweit,False,,,,,,,,,,,,,,,1.0,,,,,,,,,,,,,
deutschschlimm,False,,,,,1.0,,,,,,,,,,,,,,,,,,,,,,,
deutschsprachig,False,,1.0,,,,,,,,1.0,,,,,,,,,,,,,,,,,,
deutschsprachige,False,,,,,,,,,,,,,,,,,,,,,,,,,,1.0,,
deutschstudentinn,False,,,,,,,,,,,,1.0,,,,,,,,,,,,,,,,
developer,False,1.0,,,,,,,,,,,,,,,,,,,,,,,1.0,,,,
device,False,,,,,,,,,,,,,,,,,1.0,,,,,,,,,,,
devices,False,,,,,,,,,,1.0,,,,,,,,,,,,,,,,,,
devise,False,,,,,,,,,,,,,,,,,,,,,,,,,1.0,,,
dezember,False,,,,,,,,,3.0,2.0,4.0,,,,,,,,,,2.0,,,,,1.0,,1.0
dezentral,False,,7.0,,,,,,,,,,,,,,,,,,,,,,,,,,
dezentrale,False,,,,,,,,,,,,,,,,,,,2.0,,,,,,,,,
dhl,False,,,,,,,,,,,,,,,,,2.0,,,,,,,,,,,
dia,False,,,1.0,,,,,,,,,1.0,,,,,,,,,,,,,,,,
diabet,False,,,,1.0,,,,,,,,,,,,,,,,,,,,,,,,
diagetisch,False,,,,,,,,,,,,2.0,,,,,,,,,,,,,,,,
diagnose,False,,,1.0,,,,,,,,,,,,,,,,,,,1.0,,,,2.0,,
dialekt,False,,,,,,,,,,,,,,,,,,,,,,,,,,1.0,,
dialekterkennung,False,,,,,,,,,,,,,,,,,,,,,,,,,1.0,,,
dialog,False,,,,,,,,,,,,2.0,,,,,,2.0,,,,,,,,,,
dialogisch,False,,,,,,1.0,,,,,,,,,,,,1.0,,,,,,,,,,
dica,False,,,1.0,,,,,,,,,,,,,,,,,,,,,,,,,
dich,True,6.0,4.0,4.0,10.0,5.0,1.0,2.0,5.0,5.0,7.0,3.0,14.0,8.0,5.0,10.0,2.0,8.0,7.0,6.0,9.0,11.0,2.0,1.0,,1.0,5.0,3.0,4.0
dick,False,1.0,1.0,1.0,2.0,1.0,5.0,1.0,3.0,,3.0,8.0,,2.0,5.0,2.0,2.0,1.0,3.0,6.0,,,,12.0,1.0,3.0,,4.0,3.0
dicke,False,,1.0,,,1.0,,,2.0,,1.0,,,,2.0,,,1.0,2.0,1.0,1.0,,,,,,,,
dicker,False,,,1.0,,,,,,,,,,,,,,,,,,,,,,,,,
dickerer,False,,,,,,,,,1.0,,,,,,,,,,,,,,,,,,,
did,False,1.0,,,,,,,,,,,,,,,,,,,,,,,,,,,
didaktisch,False,,,,,,,,,,,1.0,,,,,,,,,,,,,,,,,
didi,False,,,,,,,,,,,,,,,,1.0,,,,,,,,,,,,
diejenige,True,1.0,,,,,,,,,,,,,,,,,,,,,,,,,,,
dienen,False,,,,,1.0,,1.0,,,,1.0,,,,,,,1.0,,,2.0,2.0,,,,,,
dienend,False,,,,,,,,,,,,,,,,,,,,,,,,,,1.0,,
dienlich,False,,,,,,,,,,,,,,,,,,,,,,,,,1.0,,,
dienst,False,3.0,5.0,,,2.0,2.0,1.0,1.0,,1.0,,,,,1.0,2.0,16.0,,,4.0,8.0,3.0,,,,1.0,,
dienstag,False,,,,,,,1.0,,,,,,,,,,,,,,,1.0,,,,1.0,,
dienstanbieter,False,,,,,,,,,2.0,,,,,,,,,,,,,,,,,,,
dienste,False,,,,,,,,,,,,,,,,,1.0,,,,,,,,,,,
diensteanbieter,False,,,,,,,,,,,,,,,,,2.0,,,,,,,,,,,
dienstegesetz,False,,,,,,,,,,,,,,,,2.0,,,,,,,,,,,,
dienstgesetz,False,,,,,,,,,,,,,,,,,,,,,2.0,,,,,,,
dienstleister,False,1.0,,,3.0,,,,,,,,,,,1.0,,3.0,,,2.0,,,,3.0,,,,
dienstleistung,False,,,1.0,,2.0,,1.0,,,,,,3.0,,1.0,,5.0,,,16.0,4.0,,,2.0,,,2.0,
dienstleistungnehmer,False,,,,,,,,,,,,,,,,,,,,1.0,,,,,,,,
dienstleistungspersonal,False,,,,,,,,,,,,,,,,,,,,1.0,,,,,,,,
dienstleiter,False,,,,,,,,,,,,,,,1.0,,,,,,,,,,,,,
dienstläster,False,,,,,,,,,,,,,,,,,1.0,,,,,,,,,,,
dienstvorschrift,False,,,,,,,,,,,,,,,1.0,,,,,,,,,,,,,
dienstweg,False,,,,,,,1.0,,,,,,,,,,,,,,,,,,,,,
diesejenig,False,,,,,,,,,,,1.0,,,,,,,,,,,,,,,,,
dieser,True,94.0,172.0,114.0,149.0,143.0,60.0,122.0,63.0,136.0,112.0,53.0,115.0,68.0,60.0,153.0,66.0,121.0,57.0,67.0,74.0,207.0,104.0,83.0,58.0,44.0,92.0,94.0,77.0
diesmal,False,,1.0,1.0,1.0,,,,,,1.0,,,,1.0,,,,1.0,1.0,,,,1.0,,2.0,,1.0,4.0
diff,False,,,,,,,,,,,,,,,,,,,,,,,,,,,2.0,
diffamieren,False,,,,,,,,,,,,,,,,,,,1.0,,,,,,,,,
differential,False,,,,14.0,,,,,,,,,,,,,,,,,,,,,,,,
differenz,False,,,,,,,,,,,,,,,,,,,,,,,,,,,,2.0
differenzieren,False,,,,,,,,,,,,,,,,,,1.0,,1.0,,,,,,,,
differenziert,False,2.0,,,2.0,1.0,,,,,,,,,,,,,,,,,,,,,,1.0,
diffus,False,,1.0,,,,,,,,,,,,,,,,,,,,,,,,,,
diffusion,False,,,,,,,,,,,,,,,1.0,,,,,,,,,,,,,
dig,False,,,,,,,1.0,,,,,,,,,,,,,,,,,,,,,
diga,False,,,2.0,,,,,,,,,,,,,,,,,,,,,,,,,
digas,False,,,4.0,,,,,,,,,,,,,,,,,,,,,,,,,
digaz,False,,,1.0,,,,,,,,,,,,,,,,,,,,,,,,,
digga,False,,,2.0,,,,,,,,,,,,,,,,,,,,,,,,,
diggas,False,,,1.0,,,,,,,,,,,,,,,,,,,,,,,,,
digiconnect,False,,,,,,,,,,,,,,,,1.0,,,,,,,,,,,,
diginota,False,,,,,,,,,1.0,,,,,,,,,,,,,,,,,,,
digital,False,21.0,10.0,19.0,13.0,2.0,1.0,28.0,,17.0,6.0,8.0,6.0,2.0,1.0,1.0,10.0,5.0,5.0,12.0,65.0,89.0,27.0,,4.0,20.0,10.0,1.0,11.0
digitalagentur,False,,,,,,,,,,,,,,,,,,,1.0,,,,,,,,,
digitalausschuss,False,,,,,,,,,,,7.0,,,,,,,1.0,,,,,,,,,,
digitalbereich,False,,,,,,,1.0,,,,,,,,,,,,,,,,,,,,,
digitalbudget,False,,,,,,,2.0,,,,,,,,,,,,,,,,,,,,,
digitalcheck,False,,,,,,,1.0,,,,,,,,,,,,,,,,,,,,,
digitalcourage,False,,1.0,,,,,,,,,,,,,,,,,,,,,,,,,,
digitale,False,,,,,,,5.0,,,,,1.0,,,,,,,1.0,5.0,4.0,4.0,,,4.0,1.0,,
digitalem,False,,,,,,,1.0,,,,,,,,,,,,,,,,,,,,,
digitalen,False,,,,2.0,,,2.0,,,,1.0,,,,,,,,,2.0,,,,1.0,,,,
digitaler,False,,,,,,,,,,,,,,,,,,,,,,3.0,,,,,,
digitales,False,1.0,,4.0,1.0,,,1.0,,,,1.0,,,,,1.0,,1.0,1.0,2.0,9.0,,,,8.0,,,
digitalexpertin,False,,,,,,,,,,,,,,,,,,,,,1.0,,,,,,,
digitalfachfrau,False,,,,,,,,,,,,,,,,,,,,,1.0,,,,,,,
digitalfragen,False,,,,,,,,,,,,,,,,,,,,,2.0,,,,,,,
digitalgedöns,False,,,,,,,1.0,,,,,,,,,,,,,,,,,,,,,
digitalgerät,False,,,,,,,,,,,,,,,,,,,,,,1.0,,,,,,
digitalgesetz,False,,,,,,,,,,,6.0,,,,,,,,,,,,,,,,,
digitalgesetzen,False,,,,,,,,,,,1.0,,,,,,,,,,,,,,,,,
digitalgesetzgebung,False,,,,,,,,,1.0,,,,,,,,,,,,,,,,,,,
digitalgipfel,False,,,,,,,,,,,,,,,,,,,,,,,,,2.0,,,
digitalheit,False,,,,,,,,,,,,,1.0,,,,,,,,,,,,,,,
digitalie,False,,,,,,,,,,,,,,,,,,,,1.0,,,,,,,,
digitalien,False,,,,,,,,,,,,,,,,,,,,,3.0,,,,,,,
digitalisierbar,False,,,,,,,,,,,,,,,,,,,,1.0,,,,,,,,
digitalisieren,False,,,,,,,1.0,,2.0,,,,,,,,,,2.0,4.0,4.0,,,,,,,
digitalisiert,False,,,,,1.0,,,,,,,1.0,,,1.0,,,,,2.0,2.0,,,,,,,
digitalisierung,False,4.0,,,17.0,1.0,,11.0,,1.0,,6.0,,2.0,1.0,1.0,,,,7.0,41.0,34.0,7.0,,,10.0,2.0,,2.0
digitalisierungsangebot,False,,,,,,,,,,,,,,,,,,,,1.0,,,,,,,,
digitalisierungsfan,False,,,,,,,,,,,,,,,,,,,,1.0,,,,,,,,
digitalisierungsfrag,False,,,,1.0,,,,,,,,,,,,,,,,,,,,,1.0,,,
digitalisierungsgesetzgebung,False,,,,,,,,,1.0,,,,,,,,,,,,,,,,,,,
digitalisierungsministerium,False,,,,,,,,,,,,,,,,,,,,,,,,,4.0,,,
digitalisierungsopfer,False,,,,,,,,,,,,,,,,,,,,4.0,,,,,,,,
digitalisierungsproblem,False,,,,,,,,,,,,,,,,,,,,1.0,,,,,,,,
digitalisierungsprojekt,False,,,,,,,,,,,,,,,,,,,1.0,3.0,,,,,,,,
digitalisierungsprozessen,False,,,,,,,,,1.0,,,,,,,,,,,,,,,,,,,
digitalisierungsvorhaben,False,,,,,,,,,,,,,,,,,,,,,,,,,1.0,,,
digitalisierungszuständigkeit,False,,,,,,,,,,,,,,,,,,,,,,,,,1.0,,,
digitalisierungszwäng,False,,,,,,,,,,,,,,,,,,,,1.0,,,,,,,,
digitalität,False,,,,,,,,,,,,,,,,,,,,,2.0,,,,,,1.0,
digitalkompetenz,False,,,,,,,1.0,,,,,,,,,,,,,,4.0,,,,,,,
digitalkomponent,False,,,,,,,,,,,,,,,,,,,,,2.0,,,,,,,
digitalkomponente,False,,,,,,,,,,,,,,,,,,,,,2.0,,,,,,,
digitalkonzern,False,,,,,,,,,,,,,,,,,,,,,4.0,,,,,,,
digitalkonzerne,False,,,,,,,,,,,,,,,,,,,,,5.0,,,,,,,
digitallastig,False,,,,,,,,,,,1.0,,,,,,,,,,,,,,,,,
digitalminister,False,,,,,,,,,,,,,,,,,,,,,,,,,3.0,,,
digitalministeri,False,,,,,,,,,,,,,,,,,,,,,,,,,2.0,,,
digitalministerin,False,,,,,,,,,,,,,,,,,,,,,,,,,2.0,,,
digitalministerium,False,,,,,,,,,,,,,,,,,,,1.0,,2.0,,,,26.0,,,
digitalos,False,,,,,,,,,,,,,,,,,,,,,,,,,2.0,,,
digitalpolitik,False,,,,,,,5.0,,,,,,,,,1.0,,,4.0,,8.0,1.0,,1.0,3.0,,,
digitalpolitiker,False,,,,,,,,,,,,,,,,,,,1.0,,2.0,,,,,,,
digitalpolitisch,False,,,,,,,,,,,1.0,,,,,,,,3.0,,15.0,,,,1.0,1.0,,
digitalpreis,False,,,,,,,,,,,,,,,,,,,2.0,,,,,,,,,
digitalproblem,False,,,,,,,,,,,,,,,,,,,,1.0,,,,,,,,
digitalprogramm,False,,,,,,,,,,,,,,,,,,,,,4.0,,,,,,,
digitalprojekt,False,,,,,,,1.0,,,,,,,,,,,,,,,,,,,,,
digitalquellen,False,,,,,,,,,,,,,,,,,,,,1.0,,,,,,,,
digitalrechtsorganisatio,False,,,,,,,,,,,,,,,,,,,,,,,,,,,,1.0
digitalregulierung,False,,,,,,,,,,,,,,,,,,,,,2.0,,,,,,,
digitalservice,False,,,,,,,,,,,,,,,,,,,,,,,,,1.0,,,
digitalsfall,False,,,,,,,,,,,,,,,,,,,,1.0,,,,,,,,
digitalswang,False,,,,,,,,,,,,,,,,,,,,2.0,,,,,,,,
digitaltechnik,False,,,,,,,,,,,,1.0,,,,,,,,,,,,,,,,
digitalthema,False,,,,,,,,,,,,,,,,,,,,,6.0,,,,,,,
digitalthemen,False,,,,,,,,,,,,,,,,,,,,,1.0,,,,,,,
digitalunion,False,,,,,,,,,,,,,,,,,,,,,2.0,,,,,,,
digitalwaff,False,,,,,1.0,,,,,,,,,,,,,,,,,,,,,,,
digitalwirtschaft,False,,,,,,,,,,,,,,,,,,,,,2.0,,,,,,,
digitalzwang,False,,,,,,,,,,,,,,,,,,,,33.0,,,,,,,,
digitalzwangs,False,,,,,,,,,,,,,,,,,,,,1.0,,,,,,,,
digitalzwangsproblem,False,,,,,,,,,,,,,,,,,,,,1.0,,,,,,,,
dijkstra,False,,,,,,,,,,,,,,,,,,,1.0,,,,,,,,,
diktator,False,,,,,1.0,,,,,,,,,,,,,,,,,,,,,,,
diktatur,False,,2.0,,,7.0,,,,,,,,,,,,,,,,,1.0,,,,,,
dilemma,False,,,,1.0,,,,,,,,,,,,,,1.0,,1.0,,,,,,,,
dimension,False,,,2.0,,,,,1.0,,,,,,,2.0,,,,,6.0,,2.0,3.0,,,1.0,,
dimensionieren,False,,,,,,,,,,,,,,,,,,,,,,,,,,,2.0,
dimensionierung,False,,,,,,,,,,,,,,,,,,,,,,,,,,,1.0,
din,False,,,,,,,,,,,,,,,,,,,,,,,,2.0,,,,
ding,False,27.0,43.0,12.0,30.0,24.0,6.0,32.0,16.0,29.0,9.0,17.0,15.0,21.0,1.0,29.0,18.0,10.0,6.0,24.0,13.0,62.0,23.0,11.0,31.0,5.0,16.0,13.0,3.0
dinger,False,,,,1.0,1.0,,,,,,,,,,,,,,,,,,,,,,,
dings,False,,1.0,,,,,,,,,,,,,,,,,,,,,,,,,,
dini,False,,,,,,,,,,,,,,,,,,,,,,1.0,,,,,,
diplomat,False,,,,,,,,,,4.0,,,,,,,,,,,,,,,,1.0,,
diplomatenbericht,False,,,,,,,,,,,,,,,1.0,,,,,,,,,,,,,
diplomatie,False,,,,,1.0,,,,,,,,,,,,,,,,,,,,,,,
diplomatisch,False,,,,1.0,1.0,,1.0,,,,,,,,,,,,,,,,,,1.0,,,
dir,True,16.0,10.0,4.0,13.0,12.0,5.0,4.0,3.0,14.0,4.0,2.0,12.0,5.0,4.0,15.0,1.0,16.0,12.0,16.0,5.0,17.0,11.0,3.0,1.0,3.0,11.0,8.0,3.0
directive,False,,,,,,,,,,1.0,,,,,,,,,,,,,,,,,,
director,False,,,,,,,,1.0,,,,,,,,,,,,,,,,,,,,
direkt,False,,5.0,4.0,2.0,3.0,5.0,2.0,2.0,7.0,2.0,1.0,4.0,,1.0,2.0,4.0,9.0,1.0,5.0,1.0,6.0,7.0,4.0,7.0,2.0,3.0,1.0,2.0
direktnachrichter,False,,1.0,,,,,,,,,,,,,,,,,,,,,,,,,,
dirty,False,1.0,,,,,,,,,,,,,,,,,,,,,,,,,,,
disagree,False,,,,,,,,,,,,,,,,,,,,,,,,,,1.0,,
disclosure,False,,,,,,,,,1.0,,,,,,,,,,,,,,,,,4.0,,
disco,False,,,,,,,,,,,,,2.0,,,,,,,,,,,,,,,
disintereß,False,,,,,,,,,1.0,,,,,,,,,,,,,,,,,,,
diskothek,False,,,,,,,,,,,,,1.0,,,,,,,,,,,,,,,
diskrepanz,False,,,,,,,2.0,,,,,2.0,,,,,,,,,,,,,,,,1.0
diskriminieren,False,,,,,,,2.0,,,,,,,,,,,,,1.0,,,,,,,,
diskriminierend,False,,,,,,,1.0,,,,,,,,,,,,,,,,,,,,,
diskriminierung,False,,,1.0,,,,,,,,,,,,,,,,,1.0,,,,,,,,
diskriminierungsfrage,False,,,,,,,1.0,,1.0,,,,,,,,,,,,,,,,,,,
diskriminierungsfrei,False,,,,,,,1.0,,,,,,,,,,,,,,,,,,,,,
diskriminierungsmuster,False,,,,,,,,,,,,,,,,,,,,,2.0,,,,,,,
diskriminierungsmäßig,False,,,,,,,,,,,,,,,,,,1.0,,,,,,,,,,
diskurs,False,1.0,,,1.0,,,2.0,,,,,,,2.0,3.0,1.0,,1.0,,,,,,,,2.0,,
diskursiv,False,,,,,,,,,,,,,,,,,,,,,,2.0,,,,,,
diskurszeit,False,,,,,,,,,,,,,,,2.0,,,,,,,,,,,,,
diskussion,False,3.0,7.0,3.0,3.0,3.0,,4.0,4.0,2.0,5.0,1.0,2.0,3.0,,13.0,2.0,,9.0,3.0,9.0,15.0,4.0,1.0,,,5.0,,
diskussionsbedarf,False,,,,,,,,,,1.0,,,,,,,,,,1.0,,,1.0,,,,,
diskussionspartnerinnen,False,,,,,,,,,,,,,1.0,,,,,,,,,,,,,,,
diskussionsprozess,False,,,,,,,,,,,,,,,,,,,,,,,,,,,1.0,
diskussionspunkt,False,,,,,,,,,,,,,1.0,,,,,,,,,,,,,,,
diskutabel,False,,,,,,,,,,,,,,,,,,,,1.0,,,,,,,,
diskutieren,False,,3.0,3.0,4.0,2.0,,1.0,2.0,,2.0,4.0,,3.0,,3.0,1.0,1.0,1.0,,1.0,9.0,4.0,1.0,,,,,2.0
diskutiert,False,,,,,,,,,,,,,,,1.0,,,,,,,,,,,,,
display,False,2.0,,,,,,,,,,,,,,,,,,,,,,,,,,,
disse,False,,,,,,,,,,,,,1.0,,,,,,,,,,,,,,,
dissemination,False,,,,,,,,,,1.0,,,,,,,,,,,,,,,,,,
dissidentinnen,False,,,,,2.0,,,,,,,,,,,,,,,,,,,,,,,
dissidenzen,False,,,,,,,,,,,,,,,,,,,,,,2.0,,,,,,
distanziert,False,,,,,,,,,,,,,,,,,,1.0,,,,,,,,,,
distributed,False,,,,,,,1.0,,,,,,,,,,,,,,,,,,,,,
diszipliniern,False,,,1.0,,,,,,,,,,,,,,,,,,,,,,,,,
diszipliniert,False,,,,,,,,,,,,,,,,,,2.0,,,,,,,,,,
divergierend,False,,,,,,1.0,,,,,,,,,,,,,,,,,,,,,,
divers,False,,,,,,,,,,4.0,,,,,,,,,,,,,,,,1.0,,
diverse,False,,,,,,,,,,1.0,,,,,,,,,,,,,,,,,,
diverser,False,,4.0,,,,,,2.0,,2.0,,,2.0,,,1.0,4.0,,1.0,1.0,4.0,2.0,,1.0,2.0,1.0,1.0,
diverseste,False,,,,,,,,,,,,,,,,,,,,,,,,,,1.0,,
diversester,False,,,,,,,,,,,,,1.0,,,,,,,,,,,,,,,
diversifizieren,False,,,,,,,,,1.0,,,,,,,,,,,,,,,,,,,
diversifizierst,False,,,,,,,,,,,,,,,,,1.0,,,,,,,,,,,
diversität,False,,,,,,,1.0,,,1.0,,,,,,,,,,,,,,,,,,
diversitätsfrage,False,,,,,,,,,,,,,,,,,,1.0,,,,,,,,,,
dividieren,False,,,,,,,1.0,,,,,,,,,,,,,,,,,,,,,
dlt,False,,,,,,,1.0,,,,,,,,,,,,,,,,,,,,,
dm,False,,,1.0,,,,,,,,,,,,,,,,,,,,,,,,,
dma,False,,,,,,,,,,,,,,,,,,,,,2.0,,,,,,,
dna,False,,,,2.0,,,1.0,,,,,,,,,,,,,,,,,,,,,
do,False,,,,,,,,,1.0,,,,,,,,,,,,,,,,,,,
dobrindt,False,,,,,,,,,,,,,,,,,,,,,,,,,,2.0,,
doch,True,23.0,28.0,25.0,13.0,23.0,7.0,24.0,12.0,17.0,9.0,8.0,26.0,22.0,11.0,29.0,18.0,10.0,14.0,10.0,19.0,50.0,22.0,8.0,13.0,8.0,9.0,15.0,11.0
doctin,False,,,,1.0,,,,,,,,,,,,,,,,,,,,,,,,
doctorow,False,,,,,,,,,,,,,1.0,,,,,,,,,,,,,,,
doktor,False,,,,,,,,,,,,,,,,,,2.0,,,,,,,,1.0,,
doktorand,False,,,,,,,,,,,,,,,,,,,,,,,,,,,,1.0
doktorarbeit,False,,,,,,,,,,,,,,,2.0,,,,,,,,,,,,,
doktrin,False,,,,1.0,,,,,,,,,,,,,,,,,,,,,,,,
doku,False,,,,,,,,,,,,,,,,,,,,,,2.0,,,,,,
dokument,False,,,,,2.0,,,11.0,3.0,3.0,,,,7.0,,,,1.0,2.0,2.0,,,1.0,,,,,
dokumentarfilm,False,,,,,,,,,,,,1.0,,,,,,,,,,,,,,,,
dokumentarische,False,,,,,,,,,,,,1.0,,,,,,,,,,,,,,,,
dokumentation,False,,1.0,1.0,,,,,1.0,,,,,,,,,,,,,,,1.0,,,,,
dokumentieren,False,,,1.0,,,1.0,1.0,1.0,,,,,,,,,,,,,,,,,,,,
doll,False,1.0,1.0,,1.0,,,1.0,1.0,,,,1.0,2.0,,1.0,1.0,1.0,,1.0,,4.0,2.0,,,,1.0,,1.0
dollar,False,,,,,,,,,,,,15.0,,,,,,,,,,6.0,,,,,1.0,
dolle,False,,,,,1.0,3.0,,,,,,,,,,,,,,,,,,,,,,
dolmetscherin,False,3.0,,,,,,,,,,,,,,,,,,,,,,,,,,,
dom,False,,,,,,,,,,,,,,,,,,,,,,,5.0,,,,,
domain,False,,,,,,,,,6.0,,,,,,,,,,1.0,,,,,,,,1.0,
dombrind,False,,,,,,,,,,,,,,,,,,,,,,,,,1.0,,,
dominant,False,,,,,,,,,,,,,,,,,,,,,,,,,,1.0,,
dominieren,False,,,,,,,1.0,,,,,,,,,,,,,,,,1.0,,,,,
dominierend,False,,,,,,,,,,,,,,,,,,1.0,,,,,,,,,,
dominiert,False,,,,,,,,,,,,,,,,,,1.0,,,,,,,,,,
domplatte,False,,,,,,,,,,,,,,,,,,,,,,,1.0,,,,,
domptier,False,,,,,,,,,,,,,,,,,,1.0,,,,,,,,,,
domän,False,,,,,,,,,1.0,,,,,,,,,,,,,,,,,,,
domäna,False,,,,,,,,,1.0,,,,,,,,,,,,,,,,,,,
domäne,False,,,,,,,,,3.0,,,,,,,,,,,,,,,,,,,
domänenbesitzer,False,,,,,,,,,2.0,,,,,,,,,,,,,,,,,,,
donald,False,,,,,,,,,,,,,,,,,1.0,,1.0,,,,,,,,,1.0
donnerstag,False,,,,,,1.0,,,,,,,,,,,,,,,,1.0,,,,,,
doof,False,3.0,4.0,,,,1.0,,,1.0,,,,1.0,1.0,2.0,,,,,,,,,,,,,
doppel,False,1.0,,,,,,,,,,,,,,,,,,,,,,,,,,,
doppelaufgabe,False,,,,,,,,,,,,,,,,,,,,,,,,,,,,1.0
doppelhaushalt,False,,,,,,,,,,,,,,,,,,,1.0,,,,,,,,,
doppelpunkt,False,1.0,,,,,,,,,,,,,,,,,,,,,,,,,,,
doppelt,False,,,,,2.0,,,,,,,1.0,,,1.0,,,,1.0,,,,1.0,,,,,
doppelung,False,,,,,,,,,,,,,,,,,,,,,,,1.0,,,,,
dorf,False,,,,,,,1.0,,,,,1.0,,,,,1.0,,,1.0,,,,,,,,
dorn,False,,,,,1.0,,,,,,,,,,,,,,,,,,,,,,,
doro,False,,,,,,,,,,,,,,,,,,,,,,,,,1.0,,,
dorothee,False,,,,,,,,,,,,,,,,,,,,,,,,,1.0,,,
dort,True,2.0,,8.0,,3.0,1.0,20.0,4.0,1.0,2.0,,3.0,3.0,,5.0,5.0,23.0,2.0,1.0,7.0,12.0,34.0,8.0,5.0,3.0,11.0,,6.0
dorthin,False,,,,,,,,,,,,,,,,,1.0,,,,,2.0,,,,1.0,1.0,
double,False,,,,,,,,1.0,,,,,,,,,,,,,,,,,,,,
dr,False,1.0,,,1.0,1.0,,,,,,,,,,,,,,,,,,,,,,,
draft,False,,,,,,,,7.0,,9.0,,,,,,,,,,,,,,,,,,
dragons,False,,,,,,,,,,,,1.0,,,,,,,,,,,,,,,,
drahtbericht,False,,,,1.0,,,,,,,,,,,,,,,,,,,,,,,,
drahtberichte,False,,,,1.0,,,,,,,,,,,,,,,,,,,,,,,,
drakonisch,False,,1.0,,,,,,,,,,,,,,,,,,,,,,,,,,
dramatisch,False,,1.0,1.0,,,,,,,,,1.0,,,,,,1.0,,,,,,,,,,
dramatisieren,False,,,,,,,,,,,,1.0,,,,,,,,,,,,,,,,
dramaturgie,False,,,,,,,,,,,,1.0,,,,,,,,,,,,,,2.0,,
dramaturgisch,False,,,,,,,,,,,,,,,,,,,,,,,,1.0,,,,
dran,False,9.0,6.0,4.0,6.0,,1.0,2.0,1.0,2.0,,4.0,2.0,2.0,3.0,4.0,3.0,5.0,,8.0,2.0,12.0,5.0,1.0,,,3.0,4.0,1.0
dranbleiben,False,,,,,,,1.0,,,,,,,,,,,,,,,,,,,,,
drang,False,,,,,,,,,,,,,,,,,,,,1.0,,,,,,,,
drangsalieren,False,,,,,,,,,,,,,1.0,,,,,,,,,,,,,,,
dranhängen,False,1.0,,,,,,,,,,,,,,,,,,,,,,2.0,,,,,
drankommt,False,,,,,,,,1.0,,,,,,,,,,,,,,,,,,,,
drastisch,False,,,,,,,,,,,,,,,,1.0,,,1.0,,,,,,,,,
drauf,False,20.0,10.0,7.0,3.0,6.0,5.0,2.0,4.0,2.0,3.0,10.0,2.0,5.0,6.0,5.0,8.0,4.0,3.0,2.0,1.0,15.0,3.0,,2.0,1.0,2.0,7.0,
draufgeschauen,False,,,1.0,,,,,,,,,,,,,,,,,,,,,,,,,
draufgeschaut,False,,,1.0,,,,,,,,,,,,,,,,,,,,,,,,,
draufgesprungen,False,,,,,,,1.0,,,,,,,,,,,,,,,,,,,,,
draufgucken,False,,1.0,,,,1.0,,,,,,,,,1.0,,,,,,,,,,,,,
draufhalten,False,,,,,,,,,,,,,,,,,,,,,,,,1.0,,,,
draufhauen,False,,,1.0,,,,,,,,,,,,,,,,,,,,,,,,,
draufklicken,False,,,,,,,,,,,,,,,,,3.0,,,,,,,,,,,
drauflegen,False,,,,,,,,,,,,,,,,,1.0,,,,,,,,,,,
draufschauen,False,,,1.0,,,,,,,,,,,,,,,,,,,,,,,,,
draufstehen,False,1.0,1.0,,,,,,1.0,,,,,1.0,,,,1.0,,,,,,1.0,1.0,,,,
draufwerfen,False,,,,,,,1.0,,,,,,,,,,,,,,2.0,,,,,,,
draufwirft,False,,,,,,,,,,,,,,,,,,,,,,,,,,,1.0,
draufzulegen,False,,,,,,,,,,,,,,,,,,,1.0,,,,,,,,,
draus,False,,,2.0,,,,,,1.0,,,1.0,,,,1.0,1.0,,,1.0,,2.0,,,,,,
draushauen,False,,,,,,,,1.0,,,,,,,,,,,,,,,,,,,,
draußen,False,2.0,1.0,,1.0,4.0,1.0,4.0,1.0,,,,,,1.0,1.0,,6.0,,,,2.0,2.0,,2.0,,,,
dreckig,False,,,,,,,,,,,,,,,,,,,,,,,,1.0,,,,
drehen,False,4.0,,1.0,,,,,1.0,2.0,,,2.0,,,1.0,1.0,,,1.0,3.0,,,2.0,,,1.0,1.0,
drehung,False,,,,,,,1.0,,,,,,,,,,,,,,,,,,,,,
drei,True,4.0,8.0,10.0,6.0,6.0,5.0,7.0,2.0,2.0,13.0,5.0,14.0,1.0,6.0,6.0,7.0,4.0,5.0,11.0,,6.0,7.0,,10.0,,5.0,3.0,5.0
dreien,False,,,,,,,,,,,,,,,,,,1.0,,,,,,,,,,
dreierteam,False,,,,,,,,1.0,,,,,,,,,,,,,,,,,,,,
dreihundert,False,,,2.0,,,,,,,,,,,,,,,,,,,,,,,,,
dreimal,False,1.0,,,,,,,1.0,,,,,,,1.0,,,,,,,,,,,,,
dreiminütig,False,,,,,,,,,,,,,,,,,,1.0,,,,,,,,,,
dreist,False,,,,1.0,,,,,,,,,2.0,,,,,,,,,1.0,,,,,,
dreistellig,False,,,,,,,,1.0,,,,,,,,,,,,,,,,,,,,
dreistigkeit,False,,,,1.0,,,,,,,,,,,,,,,,,,,,,,,,
dreistufig,False,,,,,,,,,,,,,,,1.0,,,,,,,,,,,,,
dreiundzwanzig,False,,,1.0,,,,,,,,,,,,,,,,,,,,,,,,,
dreizehn,False,,,,,,,,,,,,,,1.0,,,,,,,,,,,,,,
dresden,False,,,,,,,,,,,,,,,,,,2.0,6.0,,,,,,,,,
drin,True,5.0,14.0,5.0,14.0,8.0,5.0,20.0,1.0,26.0,4.0,2.0,6.0,7.0,4.0,10.0,4.0,9.0,1.0,11.0,7.0,68.0,2.0,5.0,9.0,1.0,3.0,10.0,2.0
dringen,False,,,,,1.0,,,1.0,,1.0,1.0,,,,,,,,,,,,,,,1.0,1.0,
dringend,False,,,,,,,,,,,,1.0,,,,,2.0,,,1.0,,,,1.0,,1.0,,
dringlich,False,,,,,1.0,,,,,,,,,,,,,,,,,,,,,,,
dringst,False,,,,,1.0,,,,,,,,,,,,,,,,,,,,,,,
drinks,False,,,,,,,,,,,,,,,,,,,,,2.0,,,,,,,
drinne,False,,,1.0,,,1.0,,,,,,,,,,,,,,,,,,,,,,
drinnen,False,,1.0,,,,,1.0,,2.0,5.0,,,1.0,,,,,,,,,,,1.0,,,,
drinstecken,False,,,,1.0,,,1.0,,1.0,,,,,,,,,,,,2.0,2.0,,,,,1.0,
drinstehen,False,,1.0,,2.0,,,,1.0,3.0,,,,1.0,,1.0,1.0,2.0,,1.0,,6.0,,,,,,1.0,1.0
dritt,False,,,,,,,,,,,,,,,,2.0,,,,1.0,,,,,,,,
drittel,False,,2.0,,,,,1.0,,,,,,,,,,,,,,,,1.0,,,1.0,,
drittens,False,,,,,1.0,,,,,,,,,,,,,,,,,,,,,,,
dritter,True,2.0,,,,2.0,,1.0,,,,,,,2.0,4.0,3.0,4.0,,,1.0,2.0,3.0,,1.0,,2.0,2.0,
drittletzter,False,,,,,,,,,,,,,,,,,,,,,4.0,,,,,,,
drittmittelprogramm,False,,,,,1.0,,,,,,,,,,,,,,,,,,,,,,,
drittplattformen,False,,,,,,,,,,,,,,,,,,,,,,,,1.0,,,,
driven,False,,,,,,,,,,,,,,,,1.0,,,,,,,,,,,,
droge,False,1.0,,,,1.0,,,,,,,2.0,,,,,,,,,,,,,,,,
drogendealer,False,,,,,1.0,,,,,,,,,,,,,,,,,,,,,1.0,,
drogendelikt,False,,1.0,,,,,,,,,,,,,,,,,,,,,,,,,,
drogendelikte,False,,,,,1.0,,,,,,,,,,,,,,,,,,,,,,,
drogenhandel,False,,,,,,,,,,,,,,,,,,,,,,,,,,1.0,,
drogenhändler,False,,,,,,,1.0,,,,,,,,,,,,,,,,,,,,,
drogenkonsum,False,,,,,1.0,,,,,,,,,,,,,,,,,,,,,,,
drogenkriminalität,False,,,,,,,,,,,,,,,,,,,,,,,2.0,,,,,
drohen,False,,1.0,,,,,1.0,,,,,,,,1.0,1.0,,,,,,4.0,,,,,,
drohnenpilot,False,,,,,,1.0,,,,,,,,,,,,,,,,,,,,,,
drohnensach,False,,,,,,1.0,,,,,,,,,,,,,,,,,,,,,,
drohung,False,,,,,,1.0,,,,,,,,,,,,1.0,,,,,,,,,,
droite,False,,,,,,,,,,,,,,,1.0,,,,,,,,,,,,,
drollig,False,,,,,,,1.0,,,,,,,,,,,,,,,,,,,,,
droppen,False,,,,,,,,,,,,,,,,,,,,,,,,,,,,1.0
drops,False,,1.0,,,,,,,,,,,,,1.0,,,,,,,,,,,,,
druck,False,,1.0,,,4.0,,3.0,,2.0,,,1.0,1.0,6.0,1.0,,,1.0,,3.0,,8.0,,,2.0,,,1.0
drucken,False,,,,,,,,,,,,,,,,,1.0,,,,,,,,,,,
drucker,False,,,,,1.0,,,,,,,,,,,,,,,1.0,,,,,,,,
druckerzeugnis,False,,,,,,,,,,,,,,1.0,,,,,,,,,,,,,,
druckfrischheit,False,,,,,,,,,,,1.0,,,,,,,,,,,,,,,,,
druckmittel,False,,,,,,,,,,,,,1.0,,,,,,,,,,,,,,,
drugs,False,,,,,,,,,,,,2.0,,,,,,,,,,,,,,,,
drum,False,2.0,,2.0,1.0,1.0,,1.0,1.0,,,,,,1.0,1.0,,,1.0,2.0,,,,1.0,,,1.0,,
drumherum,False,,,,,,,,2.0,,,,,,,,,,1.0,,,4.0,2.0,,3.0,,,,
drumrum,False,,,,,,1.0,,,,,,,,,,,,,,,,,,,,,,
drunter,False,3.0,1.0,1.0,,,,,1.0,,,,,,,,5.0,,,,2.0,,1.0,,,,1.0,,
drängen,False,,,,,,,,,,,,,,,,,,1.0,,,2.0,1.0,,,,,,
drängend,False,,,,,,,,,,,,,,,,,,,,,,,,,1.0,,,
drängst,False,,,,,,,,,,,,,,,1.0,,,,,,,,,,,,,
drög,False,,,,,,,,,,,,,,,,,,,,,,,,1.0,,,,
drösch,False,,,,,,,1.0,,,,,,,,,,,,,,,,,,,,,
drüben,False,,,,,1.0,,,,,,,,,,,,,,,,,,,,,,,
drüber,False,4.0,9.0,12.0,8.0,3.0,3.0,5.0,1.0,2.0,1.0,1.0,4.0,9.0,3.0,6.0,3.0,4.0,1.0,1.0,1.0,16.0,9.0,3.0,4.0,3.0,3.0,3.0,1.0
drüberfilzt,False,,,,,,,1.0,,,,,,,,,,,,,,,,,,,,,
drücken,False,4.0,,1.0,1.0,,,3.0,,,,,,3.0,1.0,1.0,,1.0,,,2.0,,,,,,,,
drücker,False,,,,,,,,,,,,,,,,,,1.0,,,2.0,,,,,,,
drückt,False,,,,,,,2.0,,,,,,,,,,,,,,,,,,,,,
dsa,False,,,,1.0,,,,,,,1.0,,,,,54.0,,,,,4.0,,,,,,,
dsgvo,False,,,5.0,,,,,,,,,,,,,3.0,2.0,,,,6.0,,,,,,,3.0
dslr,False,,,,,,,,,,,,,,,,,,,,,,,,1.0,,,,
dslrs,False,,,,,,,,,,,,,,,,,,,,,,,,2.0,,,,
du,True,51.0,75.0,38.0,140.0,76.0,56.0,94.0,71.0,90.0,38.0,36.0,122.0,83.0,48.0,118.0,48.0,106.0,68.0,70.0,57.0,131.0,49.0,35.0,15.0,18.0,62.0,49.0,29.0
dual,False,,,,,1.0,,,,,,,,,,,,,,,,,,,,,,,
dualität,False,,,,,,,,4.0,,,,,,,,,,,,,,,,,,,,
dudududu,False,1.0,,,,,,,,,,,,,,,,,,,,,,,,,,,
duell,False,,,,,,,,,,,,1.0,,,,,,,,,,,,,,,,
dumm,False,,,1.0,,,,,,,,,,,,,,,,1.0,,,,1.0,,,1.0,,
dummerweise,False,,,,,,,,,,,,,,,,,1.0,,,,,,,,,,,
dungeon,False,,,,,,,,,,,,1.0,,,,,,,,,,,,,,,,
dunkel,False,1.0,,,,,,1.0,,,,,,,,,,,,,,,,1.0,,,,,
dunkeln,False,,,,,,,,,,,,,,,,,,,,,,,1.0,,,,,
duopol,False,,,,,,,,,,,,,,,,,2.0,,,,,,,,,,,
durch,True,6.0,15.0,9.0,10.0,5.0,11.0,9.0,1.0,15.0,8.0,5.0,15.0,5.0,3.0,9.0,8.0,5.0,5.0,2.0,6.0,43.0,16.0,12.0,3.0,6.0,1.0,6.0,8.0
durchaus,True,,5.0,,3.0,1.0,3.0,,6.0,4.0,3.0,3.0,,1.0,1.0,5.0,2.0,4.0,3.0,,5.0,2.0,7.0,5.0,1.0,1.0,3.0,6.0,1.0
durchbekommen,False,,1.0,,1.0,,1.0,,,,,,,,,,,,,,,,,,,,,,
durchblicken,False,,,,1.0,,,,,,,,,,,,,,,,,,,,,,,,
durchbohren,False,,,,,,1.0,,,,,,,,,,,,,,,,,,,,,,
durchbringen,False,,,,,,,,,1.0,2.0,,,,,,,,1.0,,,,,,,,,,
durchdachen,False,,,,,,,,,,,,,,,,,,,,1.0,,,,,,,,
durchdacht,False,,,,,,,,,,,,,,,,,,,,2.0,,,,,,,,
durchdeklinieren,False,,,,,,,,,,,,,,,,,,,1.0,,,,,,,,,
durchdiskutieren,False,,1.0,,,,,,,,,,,,,,,,,,,,,,,,,,
durchdringen,False,,,,,,,,,,,,,,,,,,,,,,,,,,1.0,,
durchdringend,False,,,,,,,,,1.0,,,,,,,,,,,,,,,,,,,
durchdrücken,False,,,,,,,,,1.0,,1.0,,,,,,,,,,,2.0,,,,,,
durcheinander,False,,,,2.0,,,,,,,1.0,,,,,,,1.0,,,,,,,,,,
durchexcessieren,False,,,,,,,,,,,,,,,,,,,1.0,,,,,,,,,
durchexerzieren,False,,,,1.0,,,,,,,,,,,,,,,,,,,,,,,,
durchfallen,False,,,,,,,4.0,,,,,,,,,,,,,,,,,,,,,
durchfließen,False,,,,,,,,,,,,1.0,,,,,,,,,,,1.0,,,,,
durchführbar,False,,,,,,,,,,1.0,,,,,,,,,,,2.0,,,,,,,
durchführen,False,,1.0,1.0,,3.0,,1.0,,1.0,4.0,,,,,1.0,1.0,3.0,1.0,,1.0,2.0,,,,,,1.0,1.0
durchgangen,False,,,,,,1.0,,,,1.0,,,,,,,,,,,,,,,,,,
durchgearbeiten,False,,,,,,,,,,,,,,,,,,,,,,,,,,1.0,,1.0
durchgedrückt,False,,,,,,,,,,,,,,,,,,,,1.0,,,,,,,,
durchgefalle,False,,,,,,,1.0,,,,,,,,,,,,,,,,,,,,,
durchgegangen,False,,,,,,,,,,1.0,1.0,,,,,,,,,,,,,,,,,
durchgehalten,False,,,,,,,,,,,,,,,,,,,,,,,1.0,,,,,
durchgehangeln,False,,,,,,,,,,,,,,,,,,,,,,,,,,,1.0,
durchgehen,False,,1.0,,,,,,1.0,,2.0,,1.0,,,2.0,2.0,1.0,,,,,1.0,,,1.0,,1.0,
durchgehend,False,,,,,,,,,,,,,,,,,,,,,,,,,,,1.0,
durchgeschlag,False,,,,,,1.0,,,,,,,,,,,,,,,,,,,,,,
durchgescrollt,False,,,1.0,,,,,,,,,,,,,,,,,,,,,,,,,
durchgesickeren,False,,,,,,,1.0,,,,,,,,,,,,,,,,,,,,,
durchgespielt,False,,,,,,,,,,,,,,,,,,,,,,,,1.0,,,,
durchgestanden,False,1.0,,,,,,,,,,,,,,,,,,,,,,,,,,,
durchgestochen,False,,,,,,1.0,,,,,,,,,,,,,,,,,,,,,,
durchging,False,,,,,,,,1.0,,,,,,,,,,,,,,,,,,,,
durchgängig,False,,,,,,,,1.0,,,,,,,,,,,,,,,,2.0,,,,
durchhaben,False,,,,,,,,,,,,,,,,,,1.0,,,,,,,,,,
durchhalten,False,,1.0,,,,,,,,,,,,,,,,,,,,,,1.0,,,,
durchhangeln,False,,,,,,,,,,,,,,,,,,,,,,,,,,,1.0,
durchklang,False,,,,,,,,,,,,,,,1.0,,,,,,,,,,,,,
durchklicken,False,,,,,,,,,,,,,,1.0,,,,,,,,,,,,,,
durchklingen,False,,,,,,,,,,,,,,,,,,,,,,,1.0,,,,,
durchkommen,False,,,,,,,,,,,,,,,,3.0,,,1.0,,,,1.0,,,1.0,,
durchkriegen,False,,,,,,,,,,,,,,,,,,,1.0,,,,,,,,,
durchlaufen,False,,,1.0,,,,,,,,,,,,,,,,,,,,,1.0,,,,
durchleiten,False,,,,,,,,,,,,1.0,,,,,,,,,,,,,,,1.0,
durchlesen,False,,,,,2.0,,,,,,,,,,,,,,,,1.0,1.0,,,,,,
durchleuchten,False,,,,,,,,,,,,,,,,,,,,,2.0,,,,,1.0,,
durchliesen,False,,,,,,,,,,,,,,,1.0,,,,,,,,,,,,,
durchmachen,False,,,,,,,,,,,,,,,,,,,1.0,,,,,,,,,
durchnummerieren,False,,,,,,,,1.0,,,,,,,,,,,,,,,,,,,,
durchprobieren,False,,,,,,,,,,,,1.0,1.0,,,,,,,,,,,,,,,
durchrechnen,False,,,,1.0,,,,,,,,,,,,,,,,,,,,,,,,
durchregier,False,,,,,,,,,,,1.0,,,,,,,,,,,,,,,,,
durchreichen,False,,,,,,,,,,,,,,,,,1.0,,,,,,,,,,,
durchringen,False,,,,,2.0,,,,,,,,,,,,,,,,,,,,,,,
durchrutschen,False,,,,,,,1.0,,,,,,,,,,,,,,,,,,,,,
durchschießen,False,,,,,,,1.0,,,,,,,,,,,,,,,,,,,,,
durchschlagskräftig,False,,,,,,,,,,,,,,,,1.0,,,,,,,,,,,,
durchschnitt,False,1.0,,,,,,,,,,,,,,,,,,,,,,,,,,,
durchschnittlich,False,,,1.0,,,,,,,,,,,,,,,,,,,,,,,,,
durchschnittsnote,False,,,,,,,1.0,,,,,,,,,,,,,,,,,,,,,
durchsehen,False,,,,,,,,,,,,,,,,,,1.0,,,,,,,,,,
durchsetzen,False,2.0,4.0,1.0,,1.0,1.0,,,1.0,1.0,,,,1.0,,8.0,,,4.0,5.0,4.0,3.0,,,,,1.0,
durchsetzt,False,,,,,,,,,,,,,,,,,,,,,,,,1.0,,,,
durchsetzung,False,,,,,,,,,,,,,,,,10.0,,,2.0,1.0,,,,,,,,1.0
durchsetzungsmechanismus,False,,,,,,,,,,,,,,,,,,,,1.0,,,,,,,,
durchsetzungsstark,False,,,,,,,,,,,,,,,,,,,,1.0,,,,,,,,
durchsichtig,False,,,,,1.0,,,,,,,,,,,,,,,,,,,,,,,
durchsiehen,False,,,,,,1.0,,,,,,,,,,,,,,,,,,,,,,
durchspielen,False,,,,1.0,,,,,,,,,,,,,,,,,,,,,,,,
durchspring,False,,,,,1.0,,,,,,,,,,,,,,,,,,,,,,,
durchsprochen,False,,,,,,,,,,,,,,,,,,,,,2.0,,,,,,,
durchsteigen,False,,,,,,,,,,,,1.0,,,,,,,,,,,,,,,,
durchsuchen,False,,,,,1.0,,1.0,,,,,,,,,,,,,,,,,,,,1.0,
durchsuchung,False,,,,,,,,,,2.0,,,,,,1.0,,,,,,,,,,,,
durchsurf,False,,,,,,,,,,,,,,,,,,,,,,,,,,,1.0,
durchweg,False,,,,,,,,,,,,,,,1.0,,,,,,,,,,,,,
durchwühlen,False,,,,,1.0,,,,,,,,,,,,,,,,,,,,,,,
durchziehen,False,,,,,,1.0,1.0,,,,1.0,,,1.0,,,,,,,4.0,,,1.0,,,,
durchzudenken,False,,,,,,,,,,,,,,,,,,1.0,,,,,,,,,,
durchzugehen,False,,,,,,,,,,,,,,,,,,,,,,,,1.0,,,,
durchzukauen,False,,,,,,,1.0,,,,1.0,,,,,,,,,,,,,,,,,
durchzuklagen,False,,,,,,,,,,,,,,,,,,,,,,1.0,,,,,,
durchzulaufen,False,,,,,,,,,,,,,,,,,,,,,,,,1.0,,,,
durchzuraten,False,,1.0,,,,,,,,,,,,,,,,,,,,,,,,,,
durchzuscrollen,False,,,,,,,1.0,,,,,,,,,,,,,,,,,,,,,
durchzusehen,False,,,,,,,,,1.0,,,,,,,,,,,,,,,,,,,
durchzögen,False,,,,,,,1.0,,,,,,,,,,,,,,,,,,,,,
durftest,False,,,,,,,,,,,,,,,,,,,,1.0,,,,,,,,
dutchenschutzausschuss,False,,,,,,,,,,,,,,,,,,,,,,,,,,,,1.0
dutzend,False,,,,,1.0,,,,,,,,,,,,1.0,,,,2.0,,,,,,1.0,1.0
dutzenden,False,,,,,,,,1.0,,,,,,,,,,,,,,,,,,,,
dynamik,False,,,,,,,,,,,,,,,,,,,,,2.0,2.0,,,,,,
dynamisch,False,,,,,,,,,,,,,,,1.0,1.0,,,,,,,,,1.0,,3.0,
dz,False,,,,,,,1.0,,,,,,,,,,,,,,,,,,,,,
dämlich,False,,,1.0,,,,,,,,,,,,,,,,,,,,,,,,,
dämonisieren,False,,,,,,,,,,,,1.0,,,,,,,,,,,,,,,,
dänemark,False,,,,,,,,,1.0,,,,,,,1.0,,,,,,,,,,,,
dörsen,False,,,,,,,,,,,1.0,,,,,,,,,,,,,,,,,
düdeln,False,,1.0,,,,,,,,,,,,,,,,,,,,,,,,,,
dümem,False,,,,,,,,,,,,,,,,,,,,,,,,,,1.0,,
dümmer,False,,,,,,,,,,,,,,,,,,,,,,,1.0,,,,,
dündner,False,,,,,,,,,,,,,,,,,,,,,4.0,,,,,,,
düng,False,,,,,,,,,,,,,,,,,,,,1.0,,,,,,,,
dünn,False,,,,,,,1.0,,,,2.0,,,,,,,,,,,,,,,,,
dürfen,True,10.0,6.0,13.0,7.0,11.0,15.0,12.0,4.0,6.0,6.0,,9.0,18.0,3.0,25.0,,6.0,5.0,9.0,9.0,28.0,5.0,3.0,4.0,1.0,7.0,2.0,1.0
dürre,False,,,,,,,,,,,,1.0,,,,,,,,,,,,,,,,
düster,False,,,,,,,,,,,2.0,,,,,,,,,,,,,,,,1.0,
e,False,1.0,,,,,,,2.0,,,,,,,,,,,,,,,,,,,,
eads,False,,,,1.0,,,,,,,,,,,,,,,,,,,,,,,,
earth,False,,,,,,,,,,,,3.0,,,,,,,,,,,,,,,,
east,False,,,,,,,,,,,,,,,,,,,,,,1.0,,,,,,
easy,False,,,,1.0,,,,,,,,,,,,,,,,,,,,,,,,
ebag,False,,,,,,,,,,,,,,,,1.0,,,,,,,,,,,,
ebay,False,,,,,,,,,2.0,,,,,,,,,,,,,,,,,,,
eben,True,30.0,28.0,41.0,14.0,18.0,24.0,11.0,51.0,62.0,39.0,6.0,15.0,9.0,6.0,38.0,18.0,6.0,10.0,6.0,31.0,52.0,78.0,6.0,12.0,4.0,40.0,56.0,38.0
ebene,False,7.0,1.0,,14.0,4.0,4.0,8.0,,1.0,3.0,,2.0,1.0,1.0,4.0,7.0,,1.0,1.0,5.0,12.0,3.0,2.0,1.0,,2.0,3.0,2.0
ebenfalls,False,,1.0,,,,,1.0,,,1.0,,,,,,,1.0,1.0,,,,,,,1.0,,,
ebenso,True,1.0,,,,,,,,,,,,,,,,,,,,,,,,,,,2.0
ebertplatz,False,,,,,,,,,,,,,,,,,,,,,,,3.0,,,,,
ebook,False,1.0,,,,,,,,,,,,,,,,,,,,,,,,,,,
ebv,False,1.0,,,,,,,,,,,,,,,,,,,,,,,,,,,
echt,False,5.0,3.0,3.0,5.0,6.0,2.0,6.0,5.0,5.0,1.0,6.0,14.0,1.0,5.0,3.0,2.0,5.0,3.0,,2.0,15.0,,3.0,,2.0,5.0,,1.0
echtzeit,False,,,,,,,,,,2.0,,,1.0,,,,,,,,2.0,,,4.0,,3.0,,
echtzeitbild,False,,,,,,,,,,,,,,,,,,,,,,,,1.0,,,,
echtzeitüberwachung,False,,,,,,,,,,1.0,,,,,,,,,,,,,,,,,,
echtzeitüberweisung,False,,,,,,,,,,,,,,,,,,,,,2.0,,,,,,,
ecke,False,1.0,,3.0,,1.0,,1.0,,,,,,2.0,,,,2.0,,,1.0,4.0,,,1.0,,1.0,1.0,
eckpunkt,False,,,,,,,1.0,,,,,,,,,,,,,,,,,,,,,
eckpunktepapier,False,,,,,,,,,,,1.0,,,,,,,,,,,,,,,,,
eco,False,,,,,,,,,,,,,,,1.0,,,,,,1.0,,,,,,,
ecole,False,,,,,,,,,,1.0,,,,,,,,,,,,,,,,,,
ecosystem,False,,,,,1.0,,,,,,,,,,,,,,,,,,,,,,,
ecula,False,,,,,,,,,,,,,,,,,,,1.0,,,,,,,,,
edathi,False,,,,,,2.0,,,,,,,,,,,,,,,,,,,,,,
edati,False,,,,,,3.0,,,,,,,,,,,,,,,,,,,,,,
eddadi,False,,,,,,1.0,,,,,,,,,,,,,,,,,,,,,,
edeltrechtlich,False,,,,,,,,,,,,,,,,,,,,,,,,,,,1.0,
edgar,False,,,,,,,1.0,,,,,,,,,,,,,,,,,,,,,
edgars,False,,,,,,,1.0,,,,,,,,,,,,,,,,,,,,,
edith,False,,,,,,,,,,,,1.0,,,,,,,,,,,,,,,,
editor,False,,,,,,,,1.0,,,,,,,,,,,,,,,,,,,,
edpr,False,,,,,,,,,,,,,,,,,,,,,,,,,,,,1.0
edps,False,,,,,,,,,,,,,,,,,,,,,,,,,,,,5.0
edri,False,,,,,,,,,1.0,,,,,,,,,,,,,,,,,2.0,,3.0
eds,False,,,,,,,,,,,1.0,,,,,,,,,,,,,,,,,
edward,False,,2.0,,,,1.0,,,,,,,,,,,,,,,,,,,,,,1.0
effekt,False,1.0,2.0,2.0,,1.0,,,,,,,,,,,,,,,,2.0,,,,,1.0,2.0,
effektiv,False,,1.0,,,,,,2.0,1.0,1.0,,,,,,,,,1.0,,2.0,,,,,,,
effizient,False,,,,,,,1.0,4.0,,,,,,,1.0,,,,,,,,,,,1.0,4.0,3.0
effizienz,False,,,,,,,,1.0,,2.0,,,,,,,,,,,,,,,,,,2.0
effizienzgewinn,False,,,,,,,,,,,,,,,,,,,,1.0,,,,,,,,
effizienzkostenoptimierung,False,,,,,,,,,,,,,,,,,,,,1.0,,,,,,,,
egal,False,6.0,4.0,,5.0,2.0,1.0,2.0,,4.0,1.0,,5.0,2.0,2.0,2.0,1.0,,1.0,2.0,4.0,40.0,1.0,1.0,1.0,1.0,2.0,4.0,1.0
ego,False,,,,,,,,,,,,1.0,,,,,,,,,,,,,,,,
egoistisch,False,,,,,,,,,,,,,1.0,1.0,,,,,,,,,,,,,,
egozentrisch,False,,,,,,,,,,,,,,,,,,1.0,,,,,,,,,,
eh,False,2.0,4.0,2.0,5.0,1.0,1.0,3.0,,4.0,,,,1.0,4.0,5.0,,6.0,1.0,,,7.0,3.0,1.0,1.0,,3.0,1.0,
ehds,False,,,,13.0,,,,,,,2.0,,,,,,,,,,,,,,,,,
ehemalig,False,,,,1.0,2.0,,2.0,,,,,,,,,,,,,,,1.0,,,1.0,2.0,,1.0
ehemals,False,,,,,,,1.0,,,,,,,1.0,,,,,,,,,,,,,,
ehepaar,False,,,,,,,,,,,,,1.0,,,,,,,,,,,,,,,
eher,False,,8.0,6.0,6.0,6.0,8.0,13.0,7.0,10.0,5.0,3.0,15.0,2.0,10.0,19.0,11.0,7.0,5.0,12.0,21.0,35.0,8.0,16.0,9.0,3.0,20.0,10.0,6.0
ehesten,False,,,,,,,,,,,,,,1.0,,,,,,,,,,,,,,1.0
ehre,False,1.0,1.0,,,,1.0,,,,,,,,1.0,,,,1.0,1.0,,,,,,,,,
ehrenamt,False,,,1.0,,,,,,,,,,,,,,,1.0,,,,,,,,,,
ehrenamtlich,False,,,2.0,,,,,,,,,1.0,,,,,,1.0,,,,,,,,6.0,,
ehrenamtliche,False,,,,,,,,,,,,,,,,,,,,,,,,,,1.0,,
ehrenamtlicher,False,,,,,,,,,,,,,,,,,,,,,,,,,,1.0,,
ehrengelt,False,,,,,,,,,,,,,,,,1.0,,,,,,,,,,,,
ehrenrettung,False,,,,,,,,,,,,,1.0,,,,,,,,,,,,,,,
ehrenwert,False,1.0,,,,,,,,,,,,,,,,,,,,,,,,,,,
ehrenwort,False,,,,,3.0,,,,,,,,,,,,,,,,,,,,,,,
ehrfurcht,False,,,,,,,,,,,,1.0,,,,,,,,,,,,,,,,
ehrlich,True,4.0,1.0,1.0,1.0,,,3.0,,2.0,,2.0,1.0,1.0,,2.0,1.0,,8.0,3.0,2.0,4.0,3.0,2.0,1.0,3.0,6.0,4.0,
ehrlicherweise,False,,,,,,,,,,,,,,1.0,,,,,,,5.0,,,,,,,
ehrlichkeit,False,,,,,,,1.0,,,,,,,,,,,,,,,,,,,,,
ei,False,,,,,1.0,,,,,,,1.0,,,,,1.0,,,1.0,,,1.0,,,,,
eickstedt,False,,,,,,1.0,,,,1.0,1.0,,,2.0,,,,,,,,,,,,,,
eid,False,,,,,,,,,3.0,,,,,,,,,,,,2.0,,,,,,,
eidas,False,,,,,,,,,3.0,,1.0,,,,,,,,,,,,,,,2.0,,
eidigen,False,,,,,,,,,,,,,,,,,,,,,,,,,,,1.0,
eifer,False,,,,,,,,,,,,,,,1.0,,,,,,,,,,,,,
eigen,True,7.0,3.0,4.0,5.0,8.0,4.0,10.0,3.0,4.0,5.0,2.0,6.0,1.0,6.0,4.0,1.0,5.0,7.0,3.0,,16.0,13.0,3.0,5.0,3.0,8.0,7.0,3.0
eigenart,False,,,,,,1.0,,,,,,,,,,,,,,,,,,,,,,
eigenentwicklung,False,,,,,,,1.0,,,,,,,,,,,,,,,,,,,,,
eigengestaltung,False,,,,,,1.0,,,,,,,,,,,,,,,,,,,,,,
eigennutz,False,,,,,,,,,,,,,1.0,,,,,,,,,,,,,,,
eigenregie,False,,,,,1.0,,,,,,,,,,,,,,,,,,,,,,,
eigens,False,,,,,,,,,,1.0,,,,,,,,,,,,,,1.0,,,,
eigenschaft,False,,,1.0,2.0,,,,,,,,,2.0,,,,1.0,1.0,,,,,,,,,,
eigenständig,False,,,,,,,,,,,,1.0,,,,,,,,,,2.0,,,,,,
eigentlich,False,31.0,50.0,47.0,34.0,28.0,28.0,27.0,55.0,32.0,34.0,43.0,30.0,26.0,33.0,35.0,54.0,29.0,42.0,18.0,39.0,146.0,41.0,31.0,33.0,26.0,20.0,30.0,15.0
eigentümer,False,,,,,,,,,,,,,,,1.0,,,,,,,,,,,,,
eigenverantwortung,False,,,,,,1.0,,,,,,,,,,,,,,,,,,,,,1.0,
eight,False,1.0,,,,,,,,,,,,,,,,,,,,,,,,,,,
eignen,False,,,,,,,,,,,1.0,,,,,,,,,,,,,,1.0,,,
eilig,False,,,,,,1.0,,,,,,,,,,,,1.0,,,,,,,,,,
eilverfahren,False,,,,,,,,,,,,,,,,,,,,,,,6.0,,,,,
ein,True,265.0,360.0,336.0,367.0,378.0,257.0,359.0,260.0,369.0,224.0,149.0,417.0,274.0,200.0,429.0,194.0,252.0,237.0,268.0,320.0,735.0,327.0,245.0,275.0,144.0,333.0,374.0,218.0
einander,True,,,,,,,,1.0,,,,1.0,,,,,,1.0,,,,,,,,,,
einarbeiten,False,,,,,,,,,,,,1.0,,,,,,2.0,,,,,,,,,,
einarbeitungszeit,False,,,,,,,,,,,,,,,,,,,1.0,,,,,,,,,
einatmen,False,,,,,,,,,,,,,,,,,,,,,,1.0,,,,,,
einbauen,False,1.0,2.0,,,,,1.0,1.0,1.0,,,,,,1.0,2.0,,,,,2.0,,,,,,1.0,1.0
einbausen,False,,,,1.0,,,,,,,,,,,,,,,,,2.0,,,,,,,
einberufen,False,,,,,1.0,1.0,,,,1.0,,,,,,,,,,,,,,,,,,
einbetten,False,,,,,,,,,,,,,,,,,,,,,2.0,,,,,,,
einbettung,False,,,,,,,,,,,,,,,,,,,,,2.0,,,,,,,
einbeziehen,False,,,,1.0,,,1.0,,1.0,1.0,3.0,,,,,,,2.0,,,,,,,,,,
einbeziehung,False,,,,,,,,,,,1.0,,,,,,,,,,,,,,,,,
einbinden,False,,,,,,,2.0,,,1.0,,,,,,,,2.0,,,2.0,2.0,,1.0,1.0,1.0,,
einbindung,False,,,,,,,,,,,,,,,,,,,,,2.0,,,,2.0,,,
einblenden,False,,,,,,,,,,,,,,,,,,,,,,,,1.0,,,,
einblick,False,1.0,,,1.0,,4.0,,,1.0,2.0,,1.0,,1.0,1.0,,1.0,1.0,,,,4.0,,1.0,,1.0,,3.0
einbrechen,False,,,,,1.0,,1.0,,,,,2.0,,,,,1.0,,,,2.0,,,,,,,
einbrichen,False,,,,,,,,,,,,1.0,,,,,,,,,,,,,,,,
einbringen,False,,2.0,,,1.0,,1.0,4.0,,1.0,2.0,,1.0,3.0,,,,6.0,2.0,,,,1.0,,,2.0,1.0,2.0
einbringstn,False,,,,,,,,,,,,,,1.0,,,,,,,,,,,,,,
einbruch,False,,,,,,,,,,,,1.0,,,,,,,,,,,,,,,,
einchecken,False,1.0,,,,,,,,,,,,,,,,,,,,,,,,,,,
eindeutig,False,2.0,1.0,1.0,7.0,2.0,,2.0,,5.0,,,1.0,,1.0,,,,,,,6.0,,,2.0,,,,
eindringen,False,,,1.0,,3.0,,,,,,,,,,,,,,,,,,,,,,,
eindruck,False,1.0,2.0,2.0,1.0,2.0,,4.0,3.0,3.0,2.0,5.0,4.0,2.0,3.0,,4.0,3.0,15.0,6.0,2.0,2.0,3.0,,,,5.0,3.0,1.0
eindrücklich,False,,,,,1.0,,,,,,,,,,,,,,,,,,,,,,,
eindämmen,False,,,,,,,,,,,,,,,,,,,,,2.0,,1.0,,,,1.0,
eine,True,,,1.0,,,,,,,,,,,,,,,,,,,,,,,,,
eineindeutig,False,,,,,,,,,,,,,,,,,,,,,,,,,,,1.0,
eineinhalb,False,,,,,,,,,1.0,,,,1.0,,,1.0,,,,,,,,1.0,,,,
einen,False,,,,,,,,,,,,,,,,,,,1.0,,,,,,,,,
einer,False,8.0,16.0,11.0,17.0,16.0,9.0,12.0,11.0,8.0,8.0,2.0,20.0,4.0,3.0,20.0,3.0,2.0,6.0,9.0,11.0,38.0,20.0,6.0,18.0,4.0,8.0,15.0,3.0
einerseits,False,6.0,1.0,2.0,7.0,3.0,,,1.0,4.0,,1.0,2.0,1.0,,3.0,,,,,3.0,6.0,4.0,3.0,4.0,1.0,2.0,,
einfach,False,40.0,52.0,56.0,41.0,28.0,24.0,31.0,27.0,49.0,15.0,16.0,40.0,31.0,27.0,34.0,14.0,31.0,42.0,13.0,66.0,100.0,19.0,16.0,21.0,8.0,44.0,39.0,15.0
einfaktor,False,,,,,,,,,,,,,,,,,1.0,,,,,,,,,,,
einfallen,False,1.0,1.0,1.0,,,,1.0,,1.0,,,6.0,1.0,,,,,,,,2.0,,,,,1.0,,
einfallstor,False,,,,,,,,,,1.0,,,,,1.0,,,,,,,,,,,,,
einfinden,False,,,,,,,,,,,,,,,,,,,1.0,,,,,,,,,
einfluss,False,,,,1.0,,2.0,,,,,1.0,1.0,,1.0,,4.0,,,1.0,,,1.0,,,,,,1.0
einflussmöglichkeit,False,,,,,,,,,1.0,,,,,,,,,,,,,,,,,,,
einflussnahme,False,,,,,,,,,,,,,,1.0,,,,,,,,,,,,,,
einfordern,False,1.0,,,1.0,,,,,,,2.0,,,,,2.0,,,,,,,,,,,,1.0
einfrieren,False,,,,,,,,,,,,,,,5.0,,,,,,,,,,,,,
einfriern,False,,,,,,,1.0,,,,,,,,,,,,,,,,,,,,,
einfrierst,False,,,,,,,,,,,,,,,1.0,,,,,,,,,,,,,
einfrierung,False,,,,,,,,,,,,,,,1.0,,,,,,,,,,,,,
einfräg,False,,,,,,,,,,,,,,,1.0,,,,,,,,,,,,,
einfrägerei,False,,,,,,,,,,,,,,,1.0,,,,,,,,,,,,,
einfängen,False,,,,,,,,,,,,,,,,,,,,,,,,1.0,,,,
einfügen,False,,,,,,,,,,,,,,,,,,,1.0,,,,,,,,,
einführen,False,,1.0,,1.0,1.0,,2.0,,1.0,5.0,1.0,,13.0,2.0,3.0,,,,1.0,2.0,4.0,,3.0,,2.0,,,1.0
einführung,False,,,,1.0,,,1.0,,,,,,1.0,,1.0,,,,,,2.0,,,,,,,
eingabe,False,,,,,,,,,,,,,,,,,,,,,,,,,,,,1.0
eingabeformat,False,1.0,,,,,,,,,,,,,,,,,,,,,,,,,,,
eingabegerät,False,3.0,,,,,,,,,,,,,,,,,,,,,,,,,,,
eingang,False,,,,,,,,,1.0,1.0,,,,,,,,,,,,,,,,,,
eingangs,False,1.0,,,,,,2.0,,,,,,,,,1.0,,,,,2.0,,,,,,,
eingangsstatement,False,,,,,,2.0,,,,,1.0,,,,,,,6.0,,,,,,,,,,
eingangsstatements,False,,,,,,1.0,,,,,,,,,,,,1.0,,,,,,,,,,
eingangszentrum,False,,,,,,1.0,,,,,,,,,,,,,,,,,,,,,,
eingeben,False,,1.0,1.0,,3.0,,,,,,,,,,,,5.0,,,2.0,,,,,1.0,,,
eingedrungen,False,,,,,1.0,,,,,,,,,,,,,,,,,,,,,,,
eingeegben,False,,,,,,,,,,,,,,1.0,,,,,,,,,,,,,,
eingeflossen,False,,,,,,,,,,,,,,,,,,,1.0,,,,,,,,,
eingefroren,False,,,,,,,,,,,,,,,1.0,,,,,,,,,,,,,
eingeführt,False,,,,,,,1.0,,,,,,,,,,,,,,,,,,,,,
eingegeben,False,,,,,1.0,,,,,,,1.0,,,,,,,,,,,,,,,,
eingegrenzt,False,,,,,,,,,,,,,1.0,,,,,,,,,,,,,,,
eingehen,False,1.0,,,1.0,1.0,,,1.0,3.0,5.0,,1.0,,,1.0,3.0,,1.0,3.0,1.0,,,2.0,,,,1.0,
eingehend,False,,,,,,,,,,,,,,,,,1.0,,,,,,,,,,,
eingeladen,False,,,,,,,,,,,,,,,,,,,,,,,1.0,,,,,
eingeloggt,False,,,,,1.0,,,,,,,,,,1.0,,3.0,,,,,,,,,,,
eingemachte,False,,,,,,1.0,,,,,,,,,,,,,,,,,,,,,,
eingescannt,False,,,,,,,,,,,,,,,,,,,,,2.0,,,,,,,
eingescennen,False,,,,,,,,,,,,,,,,,,,1.0,,,,,,,,,
eingeschlafen,False,,,,,,,,,,,,2.0,,,,,,,,,,,,,,,,
eingeschlichen,False,,,,,,,,,,,,,,,,,,,,1.0,,,,,,,,
eingeschränkt,False,1.0,,,,,,,,,1.0,,,1.0,,2.0,,,,,,,,,,,,,
eingesetzt,False,,,,1.0,,,,,,,,,,,,,,,2.0,,,,,,,,,
eingespielen,False,,,,,,,,,,,,,,,,,,,,,,,,,,,,1.0
eingesprungen,False,,,,,,,,,,,,,,,,,1.0,,,,,,,,,,,
eingestehen,False,,,,,,,,,,,,,,,1.0,,,,,,,,,,,,,
eingetrichteren,False,,,,,,,,,,,,,,,,,,,1.0,,,,,,,,,
eingezogen,False,,,,,,,,,,1.0,,,,,,,,,,,,,,,,,,
eingiben,False,,,1.0,,,,,,,,,1.0,,,,,1.0,,,,,,,,,,,
eingreifen,False,1.0,1.0,,1.0,,,,,,,,,,2.0,,3.0,,,,,,,,,,,1.0,
eingreifend,False,,,,,,,,,,2.0,,,,,,,1.0,,,,,,1.0,,,,,
eingreifst,False,,,,,1.0,,,,,,,,,,,,,,,,,,,,,,,
eingrenzen,False,,,,,,,,,,,,,,,,1.0,,,,2.0,,,,,,,,
eingriff,False,,,,,1.0,,,,1.0,4.0,,,,,,,,,,,,,,,,,,
eingriffsmöglichkeit,False,,,,1.0,,,,,,,,,,,,,,,,,,,,,,,,
eingroov,False,,,,,,,,,,,,,,,,,,,1.0,,,,,,,,,
eingänglich,False,,,,,,,,,,,,,,,,,,,,,,,,,,,1.0,
einhacken,False,,,,,1.0,,,,,,,,,,,,,,,,,,,,,,,
einhaken,False,,1.0,,,,,,,,1.0,,,,,,,,,,1.0,,,1.0,,,,,
einhalten,False,2.0,1.0,,,,,,1.0,,1.0,1.0,,1.0,,,2.0,,1.0,1.0,2.0,,,,,,1.0,1.0,1.0
einhaltung,False,,,,,,1.0,,,,,,,,,,,,,,2.0,2.0,,,,,,,
einhandeln,False,,,,,,,,,,,,,,,,,,,,,,,,,,,1.0,
einhegen,False,,,,,,1.0,,,,,,,,,,,,,,,,,,,,,,
einheit,False,,,,,,,,,1.0,,,,,,,,,,,,,,,,1.0,,,
einheitlich,False,,,,,,,,,,,,,1.0,,,,1.0,,,,9.0,,,1.0,,,,2.0
einheitlichen,False,,,,,,,,,,,,,,,,,,,,,,,,,,,,1.0
einhellige,False,,,,,,,,,,,,,,,,,,,,,2.0,,,,,,,
einher,False,,,,,,,,,,,,,,,,,1.0,1.0,,,2.0,,,,,,,
einhergehen,False,,,,,,,,1.0,,,,,2.0,,,1.0,,,,,,,,,,,,
einhergiben,False,,,,,,,,,,1.0,,,,,,,,,,,,,,,,,,
einholen,False,,,,,2.0,,,,,,,,,,1.0,,,,,,,,,,,,,3.0
einig,False,1.0,,,,,,1.0,1.0,1.0,,3.0,,,1.0,1.0,,,,1.0,,,,,,,1.0,,
einige,True,,3.0,2.0,,3.0,3.0,1.0,4.0,1.0,1.0,,1.0,1.0,,1.0,2.0,6.0,3.0,,2.0,4.0,,5.0,3.0,,3.0,2.0,
einigen,True,,4.0,,1.0,,5.0,1.0,1.0,1.0,4.0,2.0,1.0,2.0,,,,2.0,,1.0,,2.0,,,,,,2.0,5.0
einiger,True,3.0,2.0,3.0,1.0,6.0,3.0,5.0,3.0,5.0,2.0,,1.0,2.0,1.0,4.0,2.0,5.0,5.0,2.0,,21.0,3.0,8.0,1.0,2.0,3.0,2.0,2.0
einigermaßen,False,2.0,,,,,,,,,1.0,,,,,,,2.0,,,,,,2.0,,,,1.0,
einigung,False,,,,,,,,,,,,,,,4.0,,,,,,,,,,,1.0,,2.0
einjähriger,False,,,1.0,,,,,,,,,,,,,,,,,,,,,,,,,
einkalkulieren,False,,,,,,,,,,,,,,,,,,,,,,1.0,,,,,,
einkassieren,False,,,,,,,,,,,,,,,2.0,,,,,,,,,,,,,
einkassiern,False,,,,,,,,,,,,,,,1.0,,,,,,,,,,,1.0,,
einkassierung,False,,,,,,,,,,,,,,,1.0,,,,,,,,,,,,,
einkauf,False,,,,,,,1.0,,,,,,,,,,,,,,,,,,,,,
einkaufen,False,,,,,,,,,,,,,2.0,,2.0,,1.0,,1.0,,,,,,,,,
einklagen,False,,,,,,,,,,,,,,,,1.0,,,,,,,,,,,,
einklang,False,,,,,,,,,,,,,,,,,,,,,,,,,1.0,,,1.0
einklinken,False,,,,,,,,,,,,,,,,,,,,,,,,,,,,1.0
einkommensabhängig,False,,,,,,,,,,,,,,,,,,,,1.0,,,,,,,,
einkommensdiskriminierung,False,,,,,,,,,,,,,,,,,,,,1.0,,,,,,,,
einkommensschwäch,False,,,,,,,,,,,,,,,,,,,,1.0,,,,,,,,
einladen,False,,1.0,,,5.0,2.0,,,,1.0,10.0,1.0,,,1.0,1.0,,15.0,4.0,,,,2.0,,3.0,1.0,,
einladend,False,,,,,,,,1.0,,,,,,,,,,,,,,,,,,,,
einladung,False,,,2.0,,1.0,3.0,,,,1.0,1.0,,,1.0,,,,2.0,2.0,1.0,,,1.0,,,,,
einlassen,False,,,,,,,,,,,,1.0,,,,,,,,,,,,,,,,
einlaufen,False,,1.0,,,,,,,,,,,,,,,,,,,,,,,,,,
einlegen,False,,,,,,,,,,,,,,,,1.0,,,,,,,5.0,,,,,
einleiten,False,,,,,,,,,,,,,,,1.0,,,,,,2.0,,1.0,,,,,
einleitung,False,,,,,,,,,,,,,,,,,,,,,,,,,2.0,,,1.0
einlesen,False,,,,,,,1.0,,,,,,,,,,,,,,,2.0,,,,,,
einleuchten,False,,,,,,,,,,,,,,,1.0,,,,,,,,,,,,,
einleuchtend,False,,,,1.0,,,,,,,,,1.0,,,,,,,,,,,,,,,
einlogge,False,,,,,,,,,1.0,,,,,,,,,,,,,,,,,,,
einloggen,False,,,,,,,,,,,,,,,2.0,,3.0,,,,,,,,,,,
einlädn,False,,,,,,,,,,,,,,,,,,,,,,,,,,1.0,,
einlösen,False,,,,2.0,,,,,,,,,,,,,,,,,,,,,,,,
einmal,True,7.0,18.0,6.0,8.0,5.0,5.0,7.0,8.0,8.0,9.0,5.0,3.0,5.0,4.0,8.0,5.0,10.0,7.0,6.0,2.0,9.0,6.0,7.0,5.0,1.0,9.0,8.0,5.0
einmalig,False,,1.0,,2.0,,,,,,,,,,,,,,,,,,,,,,,,
einmalkode,False,,,,,,,,,,,,,,,,,1.0,,,,,,,,,,,
einmalpasswörter,False,,,,,,,,,,,,,,,,,3.0,,,,,,,,,,,
einmischen,False,1.0,,,,,,,,,,,1.0,,,,,,,,,,,,,,,,
einnehmen,False,1.0,,,,,,,,,,,,1.0,,2.0,,,,2.0,,,,,,,1.0,,
einordnen,False,,,1.0,,,,,,,,,,,2.0,,,,,,2.0,,,,1.0,,,,
einordnung,False,,1.0,,,,,,,,,,,,,,,,,,,,,,,,,,
einprügelt,False,,,,,,,,,,,,,,,,,,,,,,,,,,,1.0,
einreechen,False,,,,,,,,,,,,,,,,,,,1.0,,,,,,,,,
einreichen,False,,,,,1.0,,,,,,1.0,,,,1.0,8.0,,,,,,,3.0,,,,,
einreisen,False,,,,,,1.0,,,,,,,,,,,,,,,,,,,,,,
einrichten,False,,,,,,,,,,,,,,,2.0,,,,,,,,,,,,2.0,2.0
einrichtung,False,,,,,,,,,1.0,,,,,,,,,,,,,,,,,2.0,,9.0
einräumen,False,,,,,1.0,,,,,1.0,,,,,,,,,,,,,,,,,,
eins,False,,3.0,2.0,,,,2.0,,1.0,,,,,,3.0,,,,,,3.0,,1.0,1.0,2.0,1.0,,1.0
einsammeln,False,,,,,,,,,,,,,,,,,,,,,,,,,,1.0,,
einsatz,False,,1.0,,1.0,3.0,,1.0,1.0,,,,,,,1.0,,,,,,,,,1.0,,2.0,2.0,
einsatzempfehlung,False,,,,,,,1.0,,,,,,,,,,,,,,,,,,,,,
einschalten,False,,,,,,,,,,,,,,,,,,1.0,1.0,,,,,,,,,
einschlafen,False,,,,,,,,,,,,1.0,,,,,,,,,,,,,,,,
einschlag,False,,,,,,,,,,,,,,,,,,1.0,1.0,,,,,,1.0,,,
einschlagen,False,,,,,,,,,,,,,,1.0,,,,,,,,,,,,,,
einschleichen,False,,1.0,,,,,,,,,,,,,,,,,,,,,,,,,,
einschleusen,False,,,,,2.0,,,,,,,,,,,,,,,,,,,,,,,
einschließen,False,,,,,,,,,,,,,,,,,,,,1.0,,,,,,,,
einschlägig,False,,,,,,,1.0,,,,,,1.0,,,,,,,,,,,,,,,
einschlägst,False,,1.0,,,,,,,,,,,,,,,,,,,,,,,,,,
einschneiden,False,,,,,,,,,,,,,,,,1.0,,,,,,,,,,,,
einschneidend,False,,,,,,,,,,,,,,,,,,,1.0,,,,,,,,,
einschnitt,False,,,,,1.0,,,,,,,,,,,1.0,,,,,,,,,,,,
einschränken,False,,2.0,,,,,1.0,2.0,1.0,2.0,,,6.0,,1.0,1.0,,,,,,,6.0,1.0,,1.0,1.0,
einschränkend,False,,,,,,,1.0,,,,,,,,,,,,,,,,,,,,,
einschränkung,False,9.0,,,,1.0,,,1.0,,,,,5.0,,6.0,,,,,3.0,,,,,,,,
einschätzen,False,1.0,1.0,,,,,,,,,,,,,,,1.0,,1.0,,,,,,,,,
einschätzung,False,,,,,,,,,,,,,,,4.0,2.0,,2.0,1.0,,,,,,2.0,1.0,,1.0
einse,False,,,,,,,1.0,,,,,1.0,,,,,,,,,,,,,,,,
einsehbar,False,,1.0,,1.0,,,1.0,,,,,,,1.0,,,1.0,,1.0,,,,,,,,,
einsehen,False,,,1.0,,,,,,,,,,2.0,,1.0,,1.0,,3.0,,,,,,,,,
einseitig,False,,,,,,,,,,,,,,,,,,,,,,,,,,1.0,,
einsetzbar,False,,,,,,,,,,,,,1.0,,,,,,,,,,,,,,,
einsetzen,False,,,,,28.0,7.0,,1.0,2.0,5.0,2.0,,9.0,2.0,5.0,1.0,,1.0,4.0,,6.0,,1.0,2.0,1.0,7.0,6.0,1.0
einsetzung,False,,,,,,1.0,,,,,,,,,,,,,,,,,,,,,,
einsicht,False,,,,1.0,,,,,,,,,,,,,,,,,,,,,,1.0,,
einsichtnahme,False,,,,1.0,,,,,,,,,,,,,,,,,,,,,,,,
einsortieren,False,,,,,,,1.0,,,,,,,,,,,,,1.0,,,,,,1.0,,
einsparen,False,,,,,,,,,,,,,,,,,,,,2.0,,,,,,,,
einspeisen,False,,,,,,,,,,,,,,,,,,,,,,2.0,,,,,,
einspezifisch,False,,,,,,,,,,,,,,,1.0,,,,,,,,,,,,,
einspielen,False,,,,,,,3.0,,,,,,,,,,,,,,,,,,,,,
einstampfen,False,,,,,,,,,,,,,1.0,,,,,,,,,,,,,,,
einstecken,False,1.0,,,,,,,,,,,,,,,,,,,,,,,1.0,,,,
einsteigen,False,,6.0,,,1.0,,,,,1.0,,2.0,,,,,2.0,1.0,,1.0,,2.0,1.0,,,,,
einstellen,False,3.0,,,,,,1.0,,1.0,,,1.0,,,,1.0,,,,,,2.0,1.0,2.0,,,1.0,1.0
einstellig,False,,,,,,,,1.0,,,,,,,,,,,,,,,,,,,,
einstellung,False,2.0,,,,,,,,,,,,,,,,1.0,,,,,,,,,2.0,,
einstieg,False,1.0,,,,,,,,,,,,,,,,,,,,,3.0,,,1.0,,,
einstiegsdrog,False,,,,,,,,,,,,,,1.0,,,,,,,,,,,,1.0,,
einstiegsdroge,False,,,,,,,,,,,,,,1.0,,,,,,,,,,,,,,
einstiegshilfe,False,,,,,,,,1.0,,,,,,,,,,,,,,,,,,,,
einstiegshilfen,False,,,,,,,,1.0,,,,,,,,,,,,,,,,,,,,
einstig,False,,,,,,,,,,,,,,,,,,,,1.0,,,,,,,,
einstimmig,False,,,,,,,,,,,,,,,,,,,1.0,,,,,,,,,
einstreuen,False,,,,,,,1.0,1.0,,,,,,,,,,,,,,,,,,,,
einstufen,False,,,,,,,,,,,,,,1.0,1.0,,,,,,,,,,,,,
eintauschen,False,,,,,,,,,,,,,,,1.0,,,,,,,,,,,,,
einteilen,False,,,,,,,,,,1.0,,,,,,,,,,,,,,,,,,
eintippen,False,,,,,,,,,,,,,,,,,,,,,,,,,,,1.0,
eintrag,False,,,,,,,,,,,,,,,,1.0,,,1.0,,,,,,,2.0,,
eintragen,False,,,3.0,,1.0,,,,,,,,,,,,,,,,,,,,,,,
eintreten,False,,,,,,,,,,,,,,,,,,,,,,2.0,,,1.0,,,
einträg,False,,,,,,,,,,,,,,,,,,,1.0,,,,,,,,,
einvernehmen,False,,,,,,,,,,,,,,,,,,,,,,,,,,,1.0,2.0
einverstanden,False,,1.0,,3.0,1.0,,,,1.0,,,,,,,,,,,,,,1.0,,,,,1.0
einverständniserklärung,False,,,,,,,,,,,,,,,,,,,,,2.0,,,,,,,
einverändern,False,,,,,,,,,,,,,,,,,,,,1.0,,,,,,,,
einwand,False,,,,,,,,1.0,,,,,,,,,,,1.0,,,,,,,,,
einwandfrei,False,,,,,,,,1.0,,,,,,,,,,,,,,,,,,,,
einwechseln,False,,,,,,,,,,,,,,,,,,,1.0,,,,,,,,,
einwenden,False,,,,,,,,,,,,,1.0,,1.0,,,,,,,,,,,,,
einwerfen,False,,,,,,,,,,1.0,,,,,,,,,,,,,,,,,,
einwilligen,False,,,,1.0,,,,,,,,,,,,,,,,,,,,,,,,
einwilligung,False,,,,2.0,,,,,,,2.0,,,,,,,,,,,,,,,,,
einwirken,False,,,,1.0,,,,,,,,,,,,,,,,,,,,,,,,
einwohner,False,,,,,1.0,,,,,,,,,,,,,,,,,,,,,1.0,,
einwohnerinnen,False,,,,,,,,,,,,,,,,,,,,,,,,,,1.0,,
einworben,False,,,,,,,,,,,,,,,,,,,,,,,,,,1.0,,
einwortbeschreibung,False,,,,,,,,,,,,,,,,,,,,,,,,,,1.0,,
einzahlen,False,,,,,,,,,,,,,1.0,,,,,,,,,,,,,,,
einzelaktion,False,,1.0,,,,,,,,,,,,,,,,,,,,,,,,,,
einzelfall,False,,1.0,1.0,3.0,,,,,,,,,,,,,,,,,,,,,,,,1.0
einzelgänger,False,,,,,,,,,,,,1.0,,,,,,,,,,,,,,,,
einzelinitiativ,False,,,,,,,,,,,,,,,,,,,,,,,,1.0,,,,
einzelkanälen,False,,,,,,,,,,,,,,,,,,,,,,,,,,1.0,,
einzeln,False,1.0,2.0,2.0,8.0,12.0,7.0,1.0,3.0,5.0,8.0,1.0,3.0,4.0,4.0,4.0,5.0,2.0,2.0,13.0,3.0,13.0,3.0,1.0,4.0,4.0,3.0,2.0,4.0
einzelne,False,,,,,,,3.0,,,,,,,,,,,,,,,,,,,,,
einzelnen,False,,,,,,,,,,,,,,,,,,,,,2.0,,,1.0,,,1.0,
einzelner,False,,1.0,1.0,,,,,,,,,,,,,1.0,,,,1.0,,1.0,,,,,,
einzelperson,False,,,,1.0,1.0,,,,1.0,,1.0,,,,,,,,,,4.0,,,,,1.0,,
einzelpunkt,False,,,,,,,,,,,,,,,,,,,1.0,,,,,,,,,
einzelstaat,False,,,,,,,,,,1.0,,,,,,,,,,,,,,,,,,
einzelunternehmen,False,,,,,,,,,,,,,,,,,,,,,,,,,,,1.0,
einziehen,False,1.0,,,,,,,,,,,,,,,,,,,,,,,,2.0,,,
einzig,False,,3.0,,1.0,3.0,3.0,,1.0,3.0,,1.0,1.0,1.0,1.0,,,2.0,2.0,,2.0,4.0,2.0,,1.0,2.0,2.0,2.0,
einzigartig,False,,,,,,,,,,,,1.0,,,,,,,,,,,,,,1.0,,
einzige,False,,2.0,1.0,,,1.0,1.0,,,,,1.0,1.0,1.0,,,,,,,,,,1.0,,,,1.0
einziger,False,1.0,,,,1.0,,,,,,,,,,,,,1.0,1.0,,4.0,,,,,,,
einzudämmen,False,,,,,1.0,,,,,,,,,,,,,,,,,,,,,,,
einzuhak,False,,,,,,,,,,1.0,,,,,,,,,,,,,,,,,,
einzuhaken,False,,,,,,,,,,1.0,,,,,,1.0,,,,,,,,,,,,
einzuschleuse,False,,1.0,,,,,,,,,,,,,,,,,,,,,,,,,,
einüben,False,,,,,,,,,,,,,,2.0,,,,,,,,,,,,,,
eis,False,1.0,,,,,1.0,,,,,,,,,,,,,,,,,,,1.0,,,
eisenberg,False,,,,,,1.0,,,,,,,,,,,,,,,,,,,,,,
eiskalt,False,,,,,,,,,,,,,,,,,,,,,,,,,,,1.0,
eitel,False,,,,,,,,,,,,,,,,,,1.0,,,,,,,,,,
ekelhaft,False,,,,,,,,,,,,,,,,,,,,,,,,,,1.0,,
eklatant,False,,,,,,,,,,,,,,,,,,,,1.0,,,,,,,,
eklig,False,,,,,,,,,,,,,1.0,,,,,,,,,,,,,,,
eko,False,,,,,,,,,,,,,,,,,,,,,2.0,,,,,,,
electronic,False,,,,,,,,,,,,,,,,1.0,,,,,,,,,,1.0,,
elefant,False,,,,,,,,,,,,,,,,,,,,,8.0,,,,,,,
elektivität,False,,,,,,,,,,,,,1.0,,,,,,,,,,,,,,,
elektrifizierung,False,,,,,,,,,,,,,,,,,,,,,2.0,,,,,,,
elektrisch,False,,,,,,,,,,,1.0,,,,,,,,,,,,,,,,,
elektro,False,,1.0,,,,,,,,,,,,,,,,,,,,,,,,,,
elektroauto,False,,,,,,,1.0,,,,,,,,,,,,,,,,,,,,,
elektromüll,False,,,,,,,,,,,,,,,,,,,,,,1.0,,,,,,
elektronerverordnung,False,,,,,1.0,,,,,,,,,,,,,,,,,,,,,,,
elektronikbauteil,False,,,,,,,,,,,,,,,,,,,,,,,,1.0,,,,
elektronisch,False,,,,7.0,,,1.0,,5.0,,1.0,,1.0,,,,1.0,,,,10.0,,,,1.0,1.0,,1.0
elektronischen,False,,,,,,,,,,,,,,,,,1.0,,,,,,,,,,,
elektroschot,False,,,,,,,,,,,,,,,,,,,,,,1.0,,,,,,
elektroschrott,False,,,,,,,1.0,,,,,,,,,,,,,,,12.0,,,,,,
elektroschrottmüllheide,False,,,,,,,,,,,,,,,,,,,,,,1.0,,,,,,
element,False,1.0,,,,,,,1.0,,1.0,,5.0,,,,1.0,,,,,,,,1.0,,,1.0,1.0
elementar,False,,,,,,,,,,,,,,,,,,,,,2.0,,1.0,,,,,
elend,False,,,,,,,,,,,,,,,,,,1.0,,,,,,,,,,
elf,True,,,,,1.0,,,,,,,,,,,1.0,,,,,,,,,,,,
elffluss,False,,,,,,,,,,,,,,,,,,,,,,,,,,,,1.0
elfshilfe,False,,,,,,,,,,,1.0,,,,,,,,,,,,,,,,,
elina,False,,,,,,1.0,,,,1.0,1.0,,,2.0,,,,,1.0,,,,2.0,,4.0,,,
elisa,False,,,,,,2.0,4.0,1.0,,1.0,5.0,,,6.0,,1.0,,5.0,1.0,,,,1.0,,6.0,,,
elitär,False,,,,,,,,1.0,,,,,,,,,,,,,,,,4.0,,,,
elon,False,,,,,,,,,,,,,,,,,,,,1.0,,7.0,,,,,,
eloquent,False,,,,,,,,,,,,,,,,,1.0,,,,,,,,,,,
elster,False,,,,,1.0,,,,,,,,,,,,,,,,,,,,,,,
eltern,False,1.0,,,,,,1.0,,1.0,,,,,,1.0,,,,,,,,,,,,,
elterngeld,False,,,,,,,2.0,,,,,,,,,,,,,,,,,,,,,
elva,False,,1.0,,,,,,,,,,,,,,,,,,,,,,,,,,
emanuel,False,,,,,1.0,,,,,,,,,,,,,,,,,,,,,,,
embedden,False,,,,,,,,,,,,,,,,,,,,,,,,2.0,,,,
eminem,False,,,,,,,1.0,,,,,,,,,,,,,,,,,,,,,
eminent,False,,,,,,,1.0,1.0,,,,,,,,,,,,,,,,,,,,
emoji,False,,,,,,,,,,,3.0,,,,,,,,,,,,,,1.0,,,
emotion,False,,,,,,,,,,,1.0,,,,,,,,,,,,,,,,,
emotional,False,,,,,2.0,,1.0,,,,,1.0,,,,,,,,1.0,,,,,,,,
empathisch,False,,,,,,,,,,,,1.0,,,,,,,,,,,,,,,,
empfangen,False,,,,,,1.0,,,,,,,,,,,1.0,,,1.0,,,,,,,1.0,
empfangend,False,,,,,,,,,1.0,,,,,,,,,,,,,,,,,,,
empfehlen,False,,,2.0,1.0,4.0,,,1.0,,,1.0,,,,,,2.0,1.0,2.0,2.0,4.0,8.0,,,,,1.0,
empfehlenswert,False,,,,,,,,,,,,,,,,,1.0,,,,,,,,,,,
empfehlung,False,,,,1.0,17.0,4.0,1.0,,,,,2.0,,,,,1.0,,,,,,,,,,,1.0
empfehlungssystem,False,,,,,,,,,,,,,,,,1.0,,,,,,,,,,,,
empfinden,False,,,,,,1.0,2.0,,,,,1.0,,,1.0,,,3.0,2.0,,4.0,1.0,,,,,,
empfindlich,False,1.0,,1.0,,,,,,,,,,,,1.0,,,,,,,,,,,,,
empfänger,False,,,,,,,,1.0,,,,,,,,,,,,,,,,,,,,
empfängsen,False,,,,,,,,,,,,,,,,,1.0,,,,,,,,,,,
empirisch,False,,,,,1.0,,,,,,,,,,1.0,,,,,,,,,,,,,
empörend,False,,,,,,1.0,,,,,,,,,,,,,,,,,,,,,,
empört,False,,,,,,1.0,,,,,,,,,,,,,,,,,,,,,,
emulieren,False,1.0,,,,,,,,,,,,,,,,,,,,,,,,,,,
en,True,,,,,,,,,,,,,,,,,,,,3.0,,,,,,,,
enabled,False,,,,,,,,,1.0,,,,,,,,,,,,,,,,,,,
enabler,False,,,,,,,,2.0,,,,,,,,,,,,,,,,,,,,
enclave,False,,,,,,,,,,,,,,,,,1.0,,,,,,,,,,,
encoded,False,,,,,,,,,,,,,,,,,,,,,,,,1.0,,,,
encoder,False,,,,,,,,,,,,,,,,,,,,,,,,1.0,,,,
encoding,False,,,,,,,,,,,,,,,,,,,,,,,,1.0,,,,
encrypt,False,,,,,,,,,15.0,,,,,,,,,,,,,,,,,,,
encrypted,False,,,,,,,,,,,,,,,,,,,,,2.0,,,,,,,
endanwend,False,,,,,,,,,1.0,,,,,,,,,,,,,,,,,,,
endbos,False,,,,,,,1.0,,,,,,,,,,,,,,,,,,,,,
ende,False,7.0,50.0,7.0,4.0,7.0,8.0,13.0,13.0,12.0,3.0,7.0,7.0,9.0,1.0,,5.0,10.0,5.0,9.0,8.0,17.0,5.0,10.0,4.0,8.0,8.0,6.0,5.0
endeffekt,False,,2.0,,,4.0,,,,1.0,,,,1.0,,,,,,,,2.0,,,2.0,,,1.0,
enden,False,,,2.0,,1.0,,,,,,,1.0,,1.0,,,,,,,,1.0,,,1.0,1.0,,
endergebnis,False,,,,,,,,1.0,,,,,,,,,,,,,,,,,,,,
endesty,False,,,,,,,,,,,,,,,,,,,,,,1.0,,,,,,
endgerat,False,,,,,,,,,,,,,,,,,,,,,2.0,,,,,,,
endgerät,False,1.0,,,,,,5.0,3.0,,,,,,,1.0,,3.0,,,,,,,1.0,,,,
endgültig,False,,,2.0,,,,,,,,1.0,,,,,,,,,,,,1.0,,,,,
endjahreszeugnis,False,,,,,,,1.0,,,,,,,,,,,,,,,,,,,,,
endkund,False,,,,,,,,,,,,,,,,,,,,,,,,,,1.0,1.0,
endlich,True,2.0,,3.0,,,2.0,2.0,,,,,3.0,,,,,1.0,,,,1.0,,1.0,2.0,2.0,,,
endnutzer,False,,,,,,,,,,,,,,,,,,,,,,1.0,,,,,,
endnutzerinn,False,,,,,,,,,,,,,,,,,,,,,,2.0,,,,,,
endnutzerinnen,False,,,,,,,,,1.0,,,,,,,,,,,,,,,,,,,
endpartei,False,,,,,,,,,1.0,,,,,,,,,,,,,,,,,,,
endpunkt,False,,,,,,,,,,,,,,,,,,,1.0,,,,,,,,,
endrunde,False,,,,,,,,,,,,,,,,,,,,,,2.0,,,,,,
endspurt,False,,,,,,,1.0,,,,,,,,,,,,,,,,,,,,,
endverbraucher,False,,,,,,,,1.0,,,,,,,,,,,,,,,,,,,,
endverbraucherdienst,False,,,,,,,,,,,,,,,,,1.0,,,,,,,,,,,
endverbraucherprodukt,False,,,,,,,,,,,,,,,,,,,,,2.0,,,,,,,
endziel,False,,,,,,,,,,,,,,,,,,,,,,,1.0,,,,,
energetisch,False,,,,,,,,,,,1.0,,,,,,,,,,,,,,,,,
energie,False,1.0,,,,,,2.0,,,,,,1.0,1.0,,,,,2.0,,9.0,,1.0,,,1.0,2.0,
energieeffizient,False,,,,,,,1.0,,,,,,,,,,,,,,,,,,,,1.0,
energieeffizienz,False,,,,,,,1.0,,,,,,,,,,,,,,,,,,,,,
energiekonzept,False,,,,,,,,,,,,,,,,,,,,,3.0,,,,,,,
energieministerium,False,,,,,,,,,,,,,,,,,,,,,,,,,1.0,,,
energiepauschal,False,,,,,,,1.0,,,,,,,,,,,,,,,,,,,,,
energiepolitik,False,,,,,,,,,,,,,,,,,,,2.0,,,,,,,,,
energiepreis,False,,,,,,,,,,,,,,,,,,,1.0,,,,,,,,,
energietransition,False,,,,,,,,,,,,,,,,,,,,,,1.0,,,,,,
energieverbrauch,False,,,,,,,,,,,,,,,,,,,,,,1.0,,,,,,
energieversorger,False,,,,,,,,,,,,,,,,,,,,,3.0,,,,,,,
enforcement,False,,,,,,,,,,,,,,,,1.0,,,,,,,,,,,,
eng,False,2.0,,,,,2.0,,1.0,,1.0,,2.0,4.0,,2.0,,,1.0,,,,6.0,2.0,1.0,,2.0,,
engagement,False,1.0,1.0,,,,1.0,,4.0,,,,,,1.0,,,,1.0,1.0,,,,,,,,,
engagieren,False,,,,,,,2.0,1.0,,1.0,1.0,,,2.0,,,,,3.0,,,,4.0,,,1.0,,
engagiern,False,,1.0,,,,,,,,,,,,,,,,,,,,,,,,,,
engagiert,False,1.0,1.0,,,,,,1.0,,,2.0,,,,,,,,,,,,,,,,,
enge,False,,,,,,,,,,,,,,,,,,,,,2.0,,,,,,,
engel,False,,,,,,,,,,,,,,,,,,,,,,,,5.0,,,,
engeljobs,False,,,,,,,,,,,,,,,,,,,,,,,,1.0,,,,
engelschulung,False,,,,,,,,,,,,,,,,,,,,,,,,2.0,,,,
engelt,False,,,,,,,,,,,,,,,,,,,,,,,,2.0,,,,
engineering,False,,,,,,,,5.0,,,,1.0,,,,,,,,,,,,,,,,
engineers,False,,,,,,,,1.0,,,,,,,,,,,,,,,,,,,,
england,False,,1.0,,,,,,,,,,,,,,,,,,,,,,,,,,
englisch,False,6.0,,1.0,,2.0,,1.0,4.0,1.0,3.0,,5.0,,,,,,,,,,,,,1.0,7.0,,6.0
englische,False,,,,,,,,,,,,,,,,,,,,,2.0,,,,,,,
englischkenntnis,False,,,,,,,,1.0,,,,,,,,,,,,,,,,,,,,
englischsprachig,False,,,,,1.0,,,,,,,,,,,,,,,,,4.0,,,,1.0,,
english,False,,,,,,,,,,,,,,,,,,,,,,,,,,2.0,,
engmaschig,False,,,,,,,,,,,,,,,,1.0,,,,,,,,,,,,
enhanced,False,,,,,,,,,1.0,,,,,,,,,,,,,,,,,,,
enkel,False,,,,,,,,,,,,,,,,,,,,,2.0,,,,,,,
enkelkind,False,,,,,,,,,,,,,,,,,,,,1.0,,,,,,,,
enkelsohn,False,,,,,,,,,,,,,,,,,,,,1.0,,,,,,,,
enoch,False,,,,,,,,,,,,,,,,,,1.0,,,,,,,,,,
enorm,False,,,,1.0,,3.0,,1.0,,,,3.0,,2.0,1.0,,1.0,,,2.0,2.0,2.0,1.0,,,4.0,,
enquete,False,,,,,,2.0,,,,,,,,,,,,,,,,,,,,,,
enquetes,False,,,,,,1.0,,,,,,,,,,,,,,,,,,,,,,
ensemble,False,,,,,,,,,,,,1.0,,,,,,,,,,,,,,,,
entbrennen,False,,,,,,,,,,1.0,,,,,,,,,,,,,,,,,,
entbürokratisierung,False,,,,,,,,,,,,,,,,,,,,,,,,,1.0,,,
entdeck,False,,,,,,1.0,,,,,,,,,,,,,,,,,,,,,,
entdecken,False,1.0,,1.0,,,,1.0,,,,,,,,,1.0,,2.0,,,6.0,,,,,1.0,,
entfachen,False,,,,,1.0,,,,,,,,,,,,,,,,,,,,,,,
entfalten,False,,,,,,,,,,,,,1.0,,,2.0,,,,,2.0,,,,,,,1.0
entfernen,False,,,,,,,1.0,,1.0,,,,,1.0,,2.0,,,,1.0,,,,,,,,
entfernt,False,,,1.0,,1.0,,,2.0,,,,,,,,,,,,,1.0,1.0,,,,,,
entfesselt,False,,,,,,,,,,,,,,,,,,,,,,1.0,,,,,,
entfielst,False,,,,,,,1.0,,,,,,,,,,,,,,,,,,,,,
entforcen,False,,,,,,,,,,,,,,,,1.0,,,,,,,,,,,,
entfristen,False,,,,,,,,,,,,,,,,,,,,,,,2.0,,,,,
entgegen,False,,,,,1.0,1.0,,,,,,,1.0,,,,1.0,,,,,,,,,,,
entgegengesetzt,False,,,,,,,,,,,,,,,,,,,,,2.0,,,,,,,
entgegenkommen,False,,,,,,,,,,,,,,,,,,1.0,,,,,,,,,1.0,
entgegennehmen,False,,,,,,,1.0,,,,,,,,,,2.0,,,,,,,,,1.0,,
entgegenschlagen,False,,,,,,,,,,,,,,,,,,,,,,1.0,,,,,,
entgegensetzen,False,,,,,,,,,,,,,,,,,,,,,,1.0,,,,,,
entgegenstellen,False,,,,,,,2.0,,,,,,,,,,,,,,,,,,,,,
entgegentreten,False,,,,,,,1.0,,,,,,,,,,,,,,,,,,,,,
entgegenwirken,False,,,1.0,,,,,,,,,,,,,,,,1.0,,,,,,,,,
entgegenzuarbeien,False,,,,,,1.0,,,,,,,,,,,,,,,,,,,,,,
entgegenzustellen,False,,,,,,,1.0,,,,,,,,,,,,,,,,,,,,,
entgehen,False,,,,,1.0,,,,,,,,,,,,,,,,,,,,,,,
enthalten,False,,,,,,,1.0,,2.0,4.0,,,,,,,,,,1.0,,1.0,,,,,1.0,
enthaltung,False,,,,,,,,,,1.0,,,,,,,,,,,,,,,,,,
enthusiastisch,False,,,,,,,,,,,,,,,,,,,,,,,,,1.0,,,
enthüllung,False,,,,,,1.0,,,,,,,,,,,,,,,,,,,,,,
entity,False,,,,,,,,,,,,,,,,,,,,,2.0,,,1.0,,,,
entität,False,,,,,,,,,2.0,,,1.0,,,,,,,,,,,,,,1.0,,
entkoppelt,False,,,,,,,,,,,,,,,,1.0,,,,,,,,,,,,
entkriminalisierung,False,,,,,,,,,,,,,,2.0,,,,,,,,,,,,,,
entlang,False,,,,,,,,,,,,,,,,,,,,,,2.0,,,,,,
entlass,False,,,,,,,,,,,,,,,1.0,,,,,,,,,,,,,
entlassen,False,,,,,,,,,,,,,1.0,,1.0,,,,,,,,,,1.0,,,
entlasten,False,,,,,,,,,,,,,,,,,,,,,2.0,,,,1.0,,,
entlastest,False,,,,,,,,,,,,,1.0,,,,,,,,,,,,,,,
entlegen,False,,,,,,,,,,,,,,,,,,,,,,2.0,,,,,,
entlohnen,False,,,4.0,,,,,,,,,,,,,,,,,,,,,,,,,
entlohnung,False,,,1.0,,,,,,,,,,,,,,,,,,,,,,,,,
entnehmen,False,,,1.0,,1.0,1.0,,,,,,1.0,,,,,,,,,,,,1.0,,,1.0,
entnormalisierung,False,,,,,,,,,,,,,,,,,,,,,,2.0,,,,,,
entreißen,False,,,,,,,,,,,,,,,,,,,,,,2.0,,,,,,
entscheiden,False,1.0,8.0,3.0,16.0,1.0,2.0,1.0,2.0,7.0,3.0,1.0,1.0,3.0,1.0,4.0,1.0,,1.0,1.0,1.0,11.0,2.0,8.0,6.0,,4.0,1.0,8.0
entscheidend,False,,2.0,,1.0,2.0,,,,,,,1.0,,,,,,,,,13.0,,,,,,,
entscheidende,False,1.0,,,,,,,,,,,,,,,,,,,,,,,,,,,
entscheiderinnen,False,,,,,,,,,,,,,,,,,,,,,,,,,,1.0,,
entscheidest,False,,,,,1.0,,,,,,,,,,,,,,,,,,,,,,,
entscheidung,False,,1.0,,4.0,,1.0,5.0,2.0,2.0,1.0,,,1.0,3.0,1.0,1.0,,1.0,1.0,1.0,2.0,,5.0,1.0,1.0,4.0,4.0,7.0
entscheidungsgremium,False,,,,1.0,,,,,,,,,,,,,,,,,,,,,,,,
entscheidungslage,False,,,,,,,1.0,,,,,,,,,,,,,,,,,,,,,
entscheidungsprozeß,False,,,,,,,,,,,,,,,,,,,,,,,,,,,,1.0
entschließen,False,,,,,,,,,,,,,,,,,,,,,,,,,,1.0,,
entschließung,False,,1.0,,,,,,,,,,,,,,,,,,,,,,,,,,
entschlüssel,False,,2.0,,,,,,,,,,,,,,,,,,,,,,,,,,
entschlüsseln,False,,2.0,,,,,,2.0,1.0,,,,,,,,,,,,2.0,,,,,,,
entschuldigen,False,,,1.0,,,,2.0,,,,2.0,,,,,,,,,,,,,,,1.0,,
entschuldigung,False,,2.0,4.0,3.0,1.0,,1.0,,2.0,,2.0,3.0,1.0,,2.0,1.0,,,3.0,2.0,8.0,4.0,,,,2.0,1.0,
entschädification,False,,,,,,,,,,,,,1.0,,,,,,,,,,,,,,,
entschärfen,False,,,,,,,,,,,,,,,,,,,,,,,,,,1.0,,
entschärfung,False,,,,,,,,,,,,,,,1.0,,,,,,,,,,,,,
entsenden,False,,,,,,,,,,,,,,,,,,,,,,,,,,,,1.0
entsetzt,False,,,,,,,,,,,,1.0,,,,,,,,,,,,,,,,
entsinnen,False,,,,,,,,,,,,,,,,,,1.0,,,,,,1.0,,,,
entspannen,False,,,1.0,,,,,,,,,,,,,,,,,,,,,,,,,2.0
entspannt,False,,,1.0,,,,,,,,,,,,,1.0,,,,,,,,,,,,
entspannung,False,,,,,,,,,,,,,,,,,,,,,,,,,,1.0,,1.0
entspinnen,False,,,,,,,,,,,,1.0,,,,,,,,,,,,,,,,
entsprechen,False,,,1.0,3.0,,,1.0,,1.0,,,,,,,,,,,,5.0,,,,,,,
entsprechend,False,1.0,9.0,2.0,4.0,,3.0,1.0,,2.0,10.0,4.0,,,,2.0,2.0,,,,3.0,,8.0,1.0,1.0,2.0,,,
entsprechung,False,,,,,,,,,,,,,,,,,,,,,,,,1.0,,,,
entspringen,False,,,,,,,,,,1.0,,,,,,,,,,,,,,,,,,
entstehen,False,1.0,3.0,,2.0,,4.0,2.0,8.0,5.0,3.0,,3.0,,1.0,4.0,,5.0,2.0,3.0,2.0,6.0,3.0,,6.0,,5.0,4.0,3.0
entstehung,False,,,,,,,,,,,,,,,,,,,,,,2.0,,,,1.0,,
entstehungsgeschichte,False,,,,,,,,,,1.0,,,,,,,,,,,,,,,,,,
entstehungsmoment,False,,,,,,,,,,,,,,,,,,,,,,,,1.0,,,,
entstehungsprozess,False,,,,,,,,1.0,,,,,,,,,,,,,,,,,,,,
enttäuschen,False,,,,,,,1.0,,,,,,,,,,,,,1.0,,,,,,,,
enttäuschend,False,,,,,1.0,,1.0,,,,,,,,,,,,,,,,,,,,,
enttäuschung,False,,,,,,1.0,,,,,,,,,,,,,1.0,,,,,,,,,
enttäuschungsgefühl,False,,,,,,,1.0,,,,,,,,,,,,,,,,,,,,,
entweder,True,2.0,3.0,1.0,3.0,3.0,1.0,,1.0,2.0,1.0,2.0,,2.0,,3.0,,5.0,,2.0,1.0,2.0,2.0,1.0,3.0,,1.0,3.0,
entwerfen,False,,,,,,,,,,,,,,,,,,,,,2.0,,,,1.0,,,
entwickeln,False,1.0,2.0,3.0,1.0,1.0,,2.0,,1.0,,,,2.0,1.0,,1.0,1.0,,4.0,2.0,2.0,2.0,,4.0,,3.0,3.0,8.0
entwickler,False,1.0,,1.0,,,,,,,,,,,,,,,,,,,,,1.0,,,,
entwicklerinn,False,,,,,,,1.0,,,,,,,,,,,,,,,,,,,,,
entwicklerinnen,False,,,,,,,,,,,,1.0,,,,,,,,,,,,,,,,
entwicklertreff,False,,,,,,,,,,,,,,,,,,,,,,,,1.0,,,,
entwicklung,False,3.0,3.0,,,,,2.0,2.0,2.0,,,1.0,,,,,1.0,,,3.0,8.0,,1.0,,1.0,4.0,,2.0
entwicklungsauftrag,False,,,,,,,1.0,,,,,,,,,,,,,,,,,,,,,
entwicklungskosten,False,,,1.0,,,,,,,,,,,,,,,,,,,,,,,,,
entwurf,False,,4.0,,,,,3.0,,,2.0,3.0,,,3.0,1.0,,,3.0,,,2.0,,,,,,,5.0
entwurfsfassunge,False,,,,,,,,,,,1.0,,,,,,,,,,,,,,,,,
entwurfsvariante,False,,,,,,,,,,,1.0,,,,,,,,,,,,,,,,,
entwürf,False,,,,,,,,,,1.0,,,,,,,,,,,,,,,,,,
entzeigen,False,,,,,,,,,1.0,,,,,,,,,,,,,,,,,,,
entzerren,False,,,,,,1.0,,,,,,,,,,,,,,,,,,,,,,
entzeugnis,False,,,,,,,1.0,,,,,,,,,,,,,,,,,,,,,
entziehen,False,,,,,,,,,,,,,1.0,,,,,,,,,,1.0,,,1.0,,
entzünden,False,,1.0,,,,,,,,,,,,,,,,,,,,,,,,,,
epa,False,,,,,,,,,,,,,,,,,1.0,,,,,,,,,,,
epicenter,False,,1.0,,,,,,,,6.0,,,,,,,,,,,,,,,,8.0,,
epicenterwork,False,,,,,,,,,,3.0,,,,,,,,,,,,,,,,2.0,,
epilepsie,False,1.0,,,,,,,,,,,,,,,,,,,,,,,,,,,
episch,False,,,1.0,,,,,,,,,,,,,,,,,,,,,,,,,
episode,False,,,,,,,,,,,,,,,,,,,,,,,1.0,,,,,
epistemisch,False,,,,,,,,,,,,,,,,,,,,,,2.0,,,,,,
epistemologisch,False,,,,,,,,,,,,1.0,,,,,,,,,,,,,,,,
epizent,False,,,,,,,,,,,,,,,,,,,,,,,,,,1.0,,
equal,False,,,,,,,,,,,,,,,,1.0,,,,,,,,,,,,
equipment,False,,,,,,,,,,,,,,,3.0,,,,,,,,,3.0,,,,
er,True,22.0,7.0,11.0,8.0,13.0,28.0,16.0,10.0,6.0,7.0,2.0,47.0,4.0,2.0,23.0,4.0,11.0,6.0,3.0,2.0,24.0,5.0,3.0,3.0,20.0,6.0,4.0,11.0
erachten,False,1.0,,,,1.0,,,,,,,,4.0,,1.0,,,,,,,,,,,,,
erahnen,False,,,,,,,1.0,,,,,,,,,,,,,,,,,,,,,
erarbeiten,False,,,,,,,,,,1.0,,,,,,1.0,,,,,,,,,2.0,,,3.0
erbe,False,,,,,,,,,,,,,,,,,,,,,,3.0,,,,,,
erbeuten,False,,,,,,,,,,,,1.0,,,,,,,,,,,,,,,,
erbittert,False,,,,,,,,,,,,,,,,,,,,,,,,,,,1.0,
erbringen,False,,,,,,,,,,,,,1.0,,3.0,,,,,,,,,,,,,
erde,False,1.0,1.0,,,1.0,1.0,,,,,,,,,,,,,,,,2.0,,,,,,
erdenken,False,,,,,,,,,1.0,,,,,,,,,,,,,,,,,,,
erdenklich,False,,1.0,,,,,,,,,,,,,,,,,,,,,,,,,1.0,
erdgeist,False,,,,,,,4.0,,,,,,,,,,3.0,,1.0,,,,,,,,,
erdrutsch,False,,,,,,,,,,,,,,,,,,,,,4.0,,,,,,,
erdrutschsieg,False,,,,,,,,,,1.0,,,,,,,,,,,,,,,,,,
ereignis,False,,,,,,,1.0,,,,,,,,,,,,,,,,,,,,,
ereilen,False,,,,,,,,,,,,,,,,,,,,,1.0,,,,,,,
erfahren,False,,,3.0,3.0,3.0,,3.0,,2.0,4.0,,,1.0,,,,,,,,6.0,,,2.0,,,,
erfahrung,False,3.0,,4.0,,1.0,1.0,,2.0,,,5.0,1.0,1.0,1.0,,3.0,,23.0,6.0,6.0,5.0,,2.0,,1.0,2.0,,
erfahrungsgemäß,False,,,,,,,,,,,,,,,,,,,,,,,,1.0,,,,
erfahrungsweitergabe,False,,,,,,,,,,,,,,,,,,,,,,,1.0,,,,,
erfassen,False,,,2.0,1.0,,,1.0,,,,,,,,,,,,,,2.0,,1.0,,,,,
erfassung,False,,,,,,,,,,,,,,,1.0,,,,,,,,,,,,,
erfinden,False,,,,,,,1.0,,1.0,,1.0,,,,,,,,1.0,1.0,,2.0,,,,,,
erfindung,False,,,,,1.0,,,,,,,,,,,,,,,,,,,,,,,
erfolg,False,1.0,2.0,1.0,,,,,,,1.0,3.0,2.0,,3.0,1.0,1.0,,1.0,5.0,,,,1.0,,1.0,1.0,,
erfolgen,False,,2.0,,,,1.0,,,1.0,,,,,,1.0,,,,,1.0,,,,,,,,1.0
erfolgreich,False,1.0,,,,1.0,,1.0,1.0,1.0,,2.0,2.0,,1.0,2.0,2.0,,1.0,8.0,,,4.0,,,,4.0,,1.0
erfolgserlebnis,False,,,,,,,,,,,1.0,,,,,,,,,,,,,,,,,
erfolgsformel,False,,,,,,,,,,,,,,,,,,,,,,,,,,1.0,,
erfolgskriterium,False,,,,,,,,,,,,,,,,,,,,2.0,,,,,,,,
erfolgsversprechend,False,,,,,,,,,1.0,,,,,,,,,,,,,,,,,,,
erforderlich,False,,,,,,,,1.0,,1.0,,,,,,,,,,,,,,,,,,
erforderung,False,,,,,1.0,,,,,,,,,,,,,,,,2.0,,,,,,,
erforschen,False,,,,,,,,,,,,,1.0,,,,,,,,,,,,,,,
erforschung,False,,,4.0,,,,,,,,,,,,,,,,,,,,,,,,,
erfragen,False,,,,,,,,,,,,,,,,,,,,,,,1.0,,,,,
erfreulich,False,,,,,,,,,,,,,,,,,,,1.0,,,,,,,,,
erfreut,False,,,2.0,,,,,,,,,,,,,,,,,,,,,,,,,
erfüllen,False,3.0,,1.0,2.0,2.0,,,1.0,2.0,2.0,,,,1.0,1.0,4.0,1.0,,1.0,3.0,6.0,,1.0,,,,1.0,
erfüllsen,False,,,,,,,,,,,,,,,,,1.0,,,,,,,,,,,
ergaunern,False,,,,,,,,,1.0,,,,,,,,,,,,,,,,,,,
ergeben,False,,,1.0,1.0,,2.0,,,,,,,1.0,1.0,1.0,2.0,,2.0,1.0,1.0,4.0,2.0,2.0,3.0,3.0,1.0,2.0,
ergebnis,False,1.0,1.0,1.0,2.0,4.0,7.0,2.0,2.0,1.0,,,,2.0,,,,,,,2.0,,,3.0,2.0,3.0,3.0,2.0,2.0
ergebnisbericht,False,,,,,,1.0,,,,,,,,,,,,,,,,,,,,,,
ergehend,False,,,,,,,,,,,,,,,,,,,,,,1.0,,,,,,
ergo,False,,,,,,,,,,,,,,,,,,,,,,,,,,,1.0,
ergreifen,False,,2.0,1.0,,,,,,,1.0,,,,,,2.0,,,,,,,,,,,,
ergründen,False,,,,,,,,,,,,3.0,,,,,1.0,,,,,,,,,,,
ergründung,False,,,,,,,,,,,,1.0,,,,,,,,,,,,,,,,
ergänzen,False,2.0,4.0,1.0,,1.0,,,,,,,,,,,,,,,2.0,,,1.0,,,,2.0,1.0
ergänzend,False,,,,,,,,,,,,,,,,,,1.0,,1.0,,,,,,,,
ergänzung,False,,,,,3.0,,,,1.0,1.0,,,,,,,,,,,,,1.0,,1.0,1.0,,
erhalt,False,,,,,,,,,,1.0,,,,,,,,,,,,,,,,,,
erhalten,False,,,,1.0,1.0,,,,,,,,,,,,,,,2.0,2.0,1.0,,,3.0,2.0,2.0,
erhaltung,False,,,,,,,,,,,,,,,,,1.0,,,,,,,,,,,
erheben,False,2.0,,1.0,1.0,,,1.0,1.0,,,,,,,,,,,,2.0,12.0,,,,,1.0,,
erheblich,False,,,,,,,,,,1.0,,,,,,1.0,,,,,2.0,,,,,,,
erhebung,False,,,,,,,,,,2.0,,,,,1.0,,,,1.0,1.0,,,,,,,,
erhoben,False,,1.0,,,,,,,,,,,,,,,,,,,,,,,,,,
erhoffen,False,,,,,,,1.0,,,,2.0,,,,,,,,,,,,,,1.0,,,
erhöhen,False,,,1.0,,,,,,1.0,,,,,,1.0,,,,,,2.0,,,,,,1.0,
erhöht,False,,1.0,1.0,,,,,,,,,,,,,,,,,,,,,,,,,
erhören,False,,,,,,,,,1.0,,,,,,,,,,,,,1.0,,,,,,
erinneren,False,,,,,,1.0,,,,,,,,,2.0,,,2.0,,,,,,,,,,
erinnern,False,,4.0,2.0,2.0,5.0,6.0,4.0,5.0,2.0,2.0,2.0,7.0,1.0,1.0,2.0,1.0,1.0,1.0,2.0,2.0,,,1.0,1.0,1.0,3.0,4.0,1.0
erinnerung,False,,,,,1.0,,,,2.0,1.0,,2.0,,,,1.0,,1.0,,,,,,,,1.0,,1.0
erkaufen,False,1.0,,,,,,,,,,,,,,,,,,,,,,,,,,,
erkennbar,False,,,,,,,,1.0,,,1.0,,,,,,,,,,,,,,,,,
erkennen,False,2.0,7.0,1.0,1.0,,,1.0,,,,,3.0,,,6.0,,,1.0,,,6.0,,3.0,1.0,,,5.0,1.0
erkenntnis,False,1.0,,,,,2.0,,1.0,,,,,,,,,,,,,,,,,,1.0,,1.0
erkenntnisgewinn,False,,,,,,,,,,,,,,,,,,1.0,,,,,,,,,,
erkenntnisinteresse,False,,,,,,,,,,,,,,,,,,3.0,,,,,,,,,,
erkennungsalgorithme,False,,,,,,,,,,,,,,,,,,,,,,,,,,,1.0,
erkennungssysteme,False,,1.0,,,,,,,,,,,,,,,,,,,,,,,,,,
erklär,False,,,,,,,,,,,,1.0,,,,,1.0,,,,,,,,,,,
erklärbar,False,,,,,,,,,,,,,,,1.0,,,,,,,,,,,,,
erklärbär,False,,,,,,,,1.0,,,,,,,,,,,,,,,,,,,,
erklärbärmäßig,False,,,,,,,,,1.0,,,,,1.0,,,,,,,,,,,,,,
erklären,False,5.0,17.0,8.0,15.0,9.0,6.0,8.0,6.0,10.0,1.0,5.0,6.0,4.0,5.0,22.0,,1.0,3.0,7.0,1.0,6.0,3.0,1.0,13.0,4.0,3.0,14.0,11.0
erklärend,False,,,,,1.0,,,,,,,,,,,,,,,,,,,,,,,
erklärmodell,False,,,,,,,,,,,,,,,1.0,,,,,,,,,,,,,
erklärt,False,,,,,,,,,,,,,1.0,,,,,,,,,,,,,,,
erklärung,False,,1.0,1.0,1.0,,1.0,,,1.0,1.0,,,,,,1.0,,,3.0,,,,,,,,2.0,
erklärungsideen,False,,,,,,,,,,,,,,,,,,,,,,,1.0,,,,,
erklärungsmodell,False,,,,,,,,,,,,1.0,,,,,,,,,,,,,,,,
erkommt,False,,,,,,,,,,,,,,,,,,,,,,,,,,1.0,,
erkrankung,False,1.0,,3.0,,,,,,,,,,,,,,,,,,,,,,,,,
erkunden,False,,,,,,,,1.0,,,,,,,,,,,,,,,,,,,,
erkämpfen,False,,,,1.0,,,,,,,,,,,1.0,,,,1.0,,,,,,,1.0,,
erlangen,False,,,,,,1.0,,,,,,,,,,,,,,,,,,,,,,
erlarmen,False,,,,,,1.0,,,,,,,,,,,,,,,,,,,,,,
erlassen,False,,1.0,,,,,,1.0,,,,,,,1.0,,,,,,,5.0,,,,,,
erlauben,False,,2.0,1.0,,1.0,,2.0,,2.0,,,,,,9.0,1.0,4.0,,,,,1.0,,1.0,,,,
erlaubnis,False,,,,,1.0,,,,,,,,,,,,,,,,,,,,,2.0,,
erlebbar,False,,,,,,,,,,,,1.0,,,,,,,,,,,,,,,,
erleben,False,2.0,,,,,3.0,,,,2.0,,4.0,2.0,,,,,9.0,1.0,,2.0,7.0,2.0,3.0,,2.0,,2.0
erlebnis,False,,,,,,,,,,,,1.0,,,,,,,1.0,,,,,,,,,
erledigen,False,,1.0,,,,,,,,,,,1.0,,1.0,,,,1.0,,,,,,,,1.0,1.0
erleichtern,False,,,,,,,1.0,,,,,,,,,,,,,,,,,,,,,
erlernen,False,,,1.0,,,,,,,,,,,,,,,,,,,,,,,,,
erlässen,False,,,,,,,,,,,,,,,,,,,,,,,,,,,,2.0
erläutern,False,,1.0,,,,,,,,,,,,,1.0,,,,,1.0,,,1.0,,,,,
erlöser,False,,,,,,,,,,,,1.0,,,,,,,,,,,,,,,,
ermahnung,False,,,,,,1.0,,,,,,,,,,,,,,,,,,,,,,
ermessensspielraum,False,,1.0,,,,,,,,,,,,,,,,,,,,,,,,,,
ermitteln,False,,1.0,,,,,,,,,,,,,,,,,,,,,,,,,1.0,
ermittlung,False,,,,,2.0,1.0,,,,,,,,,,,,,,,,,,,,1.0,,
ermittlungsakt,False,,,,,,,,,,,,,,,,,,,,,,,,,,1.0,,
ermittlungsbeauftragter,False,,,,,,1.0,,,,,,,,,,,,,,,,,,,,,,
ermittlungsbehörde,False,,4.0,,,,,1.0,,,,,,,,1.0,,,,,,,,,,,,,
ermittlungserfolge,False,,1.0,,,,,,,,,,,,,,,,,,,,,,,,,,
ermittlungsmaßnahm,False,,,,,,,,,,,,,,,,,,,,,,,,,,1.0,,
ermittlungsmethode,False,,,,,,,,,,,,,,,,,,,,,,,,,,1.0,,
ermittlungsverfahren,False,,,1.0,,,,,,,,,,,,,,,,,,,,,,,,,
ermittlungswerkzeug,False,,,,,,,,,,1.0,,,,,,,,,,,,,,,,,,
ermittlungszweck,False,,1.0,,,,,,,,,,,,,,,,,,,,,,,,,,
ermorden,False,,,,,2.0,,,,,,,,,,,,,,,,,1.0,,,,,,
ermutigen,False,,1.0,,,,,,2.0,,,,,,,,,,,,,,,,,,,,
ermächtigung,False,,,,,,,,,,,,,,,,1.0,,,,,,,,,,,,
ermächtigungstool,False,,,,,,,,,,,,,,,,,,,,,,,1.0,,,,,
ermöglichen,False,1.0,2.0,,,,,,2.0,3.0,1.0,1.0,,,2.0,1.0,,,,1.0,1.0,4.0,2.0,,,,2.0,1.0,
ermüdend,False,,,,,,,,,,,,,,,,,,,,,,,,,,1.0,,
ermüdung,False,,,1.0,,,,1.0,,,,,,,,,,,,,,,,,,,,,
ermüdungseffekt,False,,,1.0,,,,,,,,,,,,,,,,,,,,,,,,,
ermüdungsgefahr,False,,,1.0,,,,,,,,,,,,,,,,,,,,,,,,,
ernehmen,False,,,,,,,,,,,,,,,,,,,,,,,,,1.0,,,
ernennen,False,,,,,,,,,,,,,,,1.0,,,,,,,,,,,,,
ernennung,False,,,,,,,,,,,,,,,,,,,,,,,,,3.0,,,
erneuern,False,,,,,,,,,,,,,,,,,1.0,,,,,,,,,,,
erneut,False,,,,,,,,,,,,,1.0,,,,,,,,,,,,,,,
ernst,False,,,1.0,,,1.0,1.0,1.0,1.0,,2.0,,,1.0,,,,1.0,,,,,1.0,1.0,1.0,2.0,,
ernsthaft,False,,,,2.0,,,,1.0,1.0,,1.0,1.0,1.0,,1.0,,2.0,,,,4.0,,1.0,,,1.0,,
ernstzunehmend,False,,,,,,,,,,,1.0,,,,1.0,,,,,,,,,,1.0,,,
ernähren,False,,,,,,,,1.0,,,,,,,,,,,,,,,,,,,,
ernährung,False,,,1.0,,,,,,,,,,,,,,,,,,,,,,,,,
ernährungsministerium,False,,,,,,,,,,,,,,1.0,,,,,,,,,,,,,,
ernüchternd,False,,,,,,,,,1.0,,,,,,,,,,,,,,,,,,,
erobern,False,,,,,,,,,,,,1.0,,,,,,,,,,,,,,,,
erobert,False,,,,,,,,,,,,,,,,,,,,,,2.0,,,,,,
eroberung,False,,,,,,,,,,,,,,,,,,,,,,2.0,,,,,,
erosion,False,,,,,,,,,,,,,,,,,,,,,,1.0,,,1.0,,,
erraten,False,,1.0,,,,,,,,,,,,,,,,,,,,,,,,,,
erregungsabnahme,False,,,1.0,,,,,,,,,,,,,,,,,,,,,,,,,
erregungsschleif,False,,,1.0,,,,,,,,,,,,,,,,,,,,,,,,,
erreichbar,False,,2.0,,,1.0,,,,,,,,,,,,1.0,,1.0,,,,,,,,1.0,
erreichbares,False,1.0,,,,,,,,,,,,,,,,,,,,,,,,,,,
erreichbarkeitsanalyse,False,,,,,,,,,,,,,,,,,,,1.0,,,,,,,,,
erreichen,False,9.0,2.0,5.0,,3.0,1.0,,6.0,2.0,,3.0,2.0,1.0,1.0,1.0,,1.0,,1.0,1.0,6.0,1.0,2.0,2.0,1.0,5.0,3.0,5.0
errichten,False,,,,,,,1.0,,,,,,,,,,,,,,,,,,,,,
erringen,False,,,,,,,,,,,,,,1.0,,,,,,,,,,,,,,
error,False,,,,,,,,,,,1.0,,,,,,,,,,,,,,,,,
ersatz,False,,,,,,,1.0,1.0,,,,,,,,,,,,,,,,,,,,
erscheinen,False,1.0,,,,4.0,1.0,,1.0,,1.0,,2.0,1.0,,2.0,,,,1.0,2.0,,3.0,1.0,,,,1.0,1.0
erschlaffen,False,,,,,,,,,,,,,,,,,,,,,,2.0,,,,,,
erschlagen,False,1.0,,,3.0,,,,3.0,,,1.0,,,,1.0,,,,1.0,,,,,,,,,
erschließe,False,,,,,,1.0,,,,,,,,,,,,,,,,,,,,,,
erschließen,False,1.0,,,,,,,,,,,,,,,,,,,,2.0,,,,1.0,,,
erschlösse,False,,,,,,,1.0,,,,,,,,,,,,,,,,,,,,,
erschreckend,False,,,,,,,,,,,,,,,,,,,,,2.0,2.0,,,,,,
erschweren,False,,,,2.0,,,,,,1.0,,,,,,,,,,,,,,,,,,
erschöpfen,False,,,,,,1.0,,,,,,,,,,,,,,,,,,,,,,1.0
erschöpfung,False,,,,,,2.0,,,,,,,,,,,,,,,,,,,,,,
erschüttern,False,,,,,,,,,,,,,,,,,,,1.0,,,,,,,,,
ersetzen,False,2.0,,4.0,2.0,,,,,,,,,1.0,,,,,,,,,,,1.0,,,,
erst,True,4.0,13.0,9.0,10.0,10.0,12.0,10.0,13.0,11.0,2.0,7.0,6.0,1.0,6.0,13.0,,8.0,1.0,6.0,1.0,14.0,7.0,2.0,4.0,,10.0,4.0,4.0
erstatten,False,,,2.0,,,,,,,,,,,,,,,,,,,,,,,,1.0,
erstaufnahmeeinrichtung,False,,,,,,,,,,,,,1.0,,,,,,,,,,,,,,,
erstaunen,False,,,,,,1.0,,,,,,,,,,,,,,,,,,,,,,
erstaunlich,False,,,,,1.0,,,,,1.0,,,,,,,,,,,,,,,1.0,2.0,,
erstaunt,False,,,,,,,,,1.0,,,,,,,,,,,,,,,,,2.0,,
erstellen,False,,,1.0,,2.0,,,2.0,2.0,,,,,,,,,,1.0,,,,1.0,,,1.0,1.0,1.0
erstellung,False,,,,,,,,,,,,,1.0,,,,,,,,,,,,,,,
erstens,False,,2.0,,1.0,1.0,,1.0,,,,,,,,1.0,,,,,,,,,,,1.0,1.0,
erster,True,7.0,7.0,12.0,4.0,4.0,3.0,5.0,9.0,5.0,10.0,11.0,19.0,6.0,8.0,16.0,11.0,6.0,5.0,8.0,8.0,3.0,16.0,3.0,12.0,13.0,8.0,13.0,6.0
erstmal,False,11.0,19.0,12.0,22.0,12.0,4.0,10.0,10.0,5.0,6.0,8.0,4.0,7.0,5.0,11.0,14.0,11.0,8.0,3.0,7.0,22.0,7.0,5.0,7.0,9.0,1.0,13.0,4.0
erstmalig,False,,,,,,,,,,,,,,,,,,,,2.0,,,,,,,,
erstrebenswert,False,1.0,,,,,,,,,,,,,,,,,,,,,,,,,,,
erstreiten,False,,,,,,,,,,,,,,,1.0,,,,,,,,,,,,,
erstritten,False,,,,,,,,,,,,,,,1.0,,,,,,,,,,,,,
ertastbar,False,1.0,,,,,,,,,,,,,,,,,,,,,,,,,,,
erteilen,False,,,,,,,,,,,,,1.0,,,,,,,,2.0,,,,1.0,,,1.0
erträglich,False,,,,,,,,,,,,,,,,,,,,,,1.0,,,,,,
erwachsen,False,,,1.0,,,,,,,,,,,,,,,,,,,,,1.0,,,,
erwachsene,False,,1.0,,,,,,,,,,,,,,,,,,,,,,,,,,
erwachsenensendung,False,,,,,,,,,2.0,,,,,,,,,,,,,,,,,,,
erwartbar,False,,,,,,,,,,,,,,,,,,,,,2.0,,,,,,,
erwartbarkeit,False,2.0,,,,,,,,,,,,,,,,,,,,,,,,,,,
erwarten,False,,1.0,4.0,2.0,,1.0,1.0,,,1.0,4.0,,2.0,,,,3.0,,3.0,1.0,2.0,,1.0,,4.0,,,
erwartest,False,1.0,,,,,,,,,,,,,,,,,,,,,,,,,,,
erwartung,False,,,,,,,1.0,,,,,,,,,1.0,,,,,,,,,,,,
erwartungshaltung,False,,,,,,,1.0,,,,,,,,,2.0,,,,,,,,1.0,,,,
erwecken,False,,,,,,,,,,,,,,,,,,,,,,,,,1.0,,,
erweckung,False,,,,,,,,,,,,,,,,,,,,,,,,1.0,,,,
erwehren,False,,,,,,,,,,,,,,,,,,,,,,,,,,,1.0,
erweitern,False,1.0,,,,2.0,3.0,,,,1.0,,2.0,,,,1.0,1.0,,,,,,5.0,,1.0,,,
erweiterung,False,,,,,,,1.0,1.0,,,,,,,,,,,,,,,,,,,,
erwerben,False,,,,,,,,,,,,,,,,,,,,1.0,,,,,,,,
erwerbsarbeit,False,,,,,,,,,,,,,,,,,,,,,,,,,,1.0,,
erwidern,False,1.0,,,,,,,,,,,,,,,,,1.0,,,,,,,,,,
erwiderung,False,,,,,,,,,,,,,,,,,,,1.0,,,,,,,,,
erwirken,False,,,,,,,,,,,,,,,,,,1.0,,1.0,,,,,,,,
erwischen,False,,1.0,,,,1.0,,,,,,2.0,,,,,,,,,,,,,,,,
erwächst,False,,,,,,,,,,,,,,,,,,,,,,,,,,1.0,,
erwägen,False,,,,,,,,,,,,,,,,,,,,,2.0,,,,,,,
erwähnen,False,1.0,,,1.0,3.0,3.0,4.0,4.0,5.0,1.0,1.0,10.0,2.0,,2.0,6.0,5.0,2.0,4.0,1.0,49.0,,11.0,5.0,2.0,5.0,2.0,5.0
erwähnenswert,False,1.0,,,,,,,,,,,,,,,,,,,,2.0,,,,,,,
erwähnt,False,,,,,,,,,,,,,,,1.0,,,,,,2.0,,,,,,,
erwähnung,False,,,,,,,,,,,,1.0,,,,,,,,,5.0,,,,,,,
erzeugen,False,,,,,,1.0,,,1.0,,1.0,,2.0,,,,3.0,1.0,,,2.0,5.0,,,,,,
erzeugt,False,1.0,,,,,,,,,,,,,,,,,,,,,,,,,,,
erzgebe,False,,,,,,,,,1.0,,,,,,,,,,,,,,,,,,,
erzgebirge,False,,,,,,,,,,,,,,,,,,,1.0,,,,,,,,,
erziehen,False,,,,,,,,,1.0,,,,,,,,,,,,,,,,,,,
erzielen,False,,,,,,,,,,,,,,,,,,,,,,,1.0,,,1.0,,
erzwingen,False,,,,,,,,,1.0,,,,,,,,,,,,,,2.0,,,,,
erzähl,False,,,,,,,,1.0,,,,,,,,1.0,,1.0,,,,,,,,,,
erzählen,False,9.0,6.0,4.0,,6.0,1.0,1.0,,,3.0,3.0,13.0,1.0,3.0,1.0,5.0,,2.0,,6.0,1.0,5.0,,9.0,1.0,3.0,,
erzählerisch,False,,,,,,,,,,,,2.0,,,,,,,,,,,,,,,,
erzählt,False,,,,,,,,,,,,1.0,,,,,,,,,,,,,,,,
erzählung,False,,,,,,,,,,1.0,,1.0,,,,,,,,,,,,,,,,
eröffnen,False,,1.0,,,,1.0,,,,1.0,,,2.0,,,,,,,,,,,,,,,
erörtern,False,,,,,,,,,,,,,,,,,,,,,,,1.0,,,,,
erübrigen,False,,,,,,,1.0,,,,,,,,1.0,,,,,,,,,,,,,
es,True,183.0,289.0,169.0,358.0,253.0,106.0,223.0,198.0,282.0,226.0,153.0,287.0,219.0,105.0,335.0,177.0,124.0,150.0,162.0,266.0,631.0,301.0,112.0,141.0,97.0,251.0,221.0,150.0
escher,False,,,,,,,,,,,,,,,,,,,,,,,,,,,1.0,
esim,False,,,,,,,,,,,,,,,1.0,,1.0,,,,,,,,,,,
esims,False,,,,,,,,,,,,,,,,,1.0,,,,,,,,,,,
eskalationsstufe,False,1.0,,,,,,,,,,,,,,,,,,,,,,,,,,,
eskalieren,False,,,,,,,,,,,,,,,1.0,,,,1.0,,,,1.0,,,1.0,,
esken,False,,,,,,,,,,,,,,,,,,,,,2.0,,,,,,,
essen,False,1.0,,,,,1.0,,,,,,,1.0,1.0,,,,,,,,,,,,,1.0,
essenspause,False,,,,,,,,,,,,,,,,,,,,,,1.0,,,,,,
essensversorgung,False,,,,,,1.0,,,,,,,,,,,,,,,,,,,,,,
essentiell,False,,,,,,,,,,,2.0,,,,,,,,,,,,1.0,,1.0,1.0,,
essenz,False,,,,,1.0,,,1.0,,,,,,,,,,,,,,,,,,,,
essenziell,False,,,,,,,1.0,,,,,,,,,,,,,,,,,,,,,
et,False,,2.0,,,,,,,,,,,,,1.0,,,,,,,,,,,,,
etablieren,False,,,,,1.0,,,1.0,,,,,1.0,2.0,1.0,,1.0,,,2.0,,,1.0,,,,1.0,
etabliert,False,,,,,,,,,1.0,,1.0,,,,,,,,,,,,,,1.0,,,
etablierung,False,,,,,,,,,1.0,,,,,,,,,,,,,,,,,,,
etappe,False,,1.0,,,,,,,,,,,,,,,,,,,,,,,,,,
etappensieg,False,,,,,,,,,,,,,,,,,,,,,,,1.0,,,,,
etc,False,,,,,,,,,,1.0,,,,,,,,,,,,,,,,,,
etepiden,False,,,,,,,,,,,,,,,,,,,,,,1.0,,,,,,
ethernete,False,,,,,,,,,,,,,,,,,,,,,,,,1.0,,,,
ethik,False,,,1.0,,,,,,,,,1.0,,,,,,,,,,,,,,,,
ethiker,False,,,,1.0,,,,,,,,,,,,,,,,,,,,,,,,
ethisch,False,,,2.0,1.0,,,,,,1.0,,1.0,,,,,,,,,,,,,,,,
ethri,False,,1.0,,,,,,,,,,,,,,,,,,,,,,,,,,
etsa,False,,,,,,,,,,,,,,,,,,,,,,,,,,,,1.0
etsi,False,,,,,,,,,1.0,,,,,,,,,,,,,,,,,,,
etwa,True,,1.0,,5.0,3.0,7.0,2.0,,4.0,2.0,,1.0,,,3.0,,1.0,,,2.0,,4.0,1.0,,,2.0,,1.0
etwaig,False,,,,,,,,,1.0,,,,,,,,,,,,,,,,,,,
etwas,True,8.0,10.0,5.0,2.0,3.0,2.0,2.0,6.0,9.0,2.0,1.0,25.0,3.0,2.0,5.0,4.0,6.0,,,6.0,25.0,4.0,3.0,2.0,2.0,18.0,2.0,8.0
eu,False,3.0,8.0,,6.0,8.0,6.0,4.0,,7.0,5.0,2.0,,,,2.0,3.0,3.0,,7.0,2.0,8.0,11.0,,,,6.0,,3.0
euch,True,7.0,20.0,14.0,16.0,10.0,2.0,7.0,7.0,5.0,7.0,3.0,21.0,7.0,5.0,10.0,13.0,7.0,6.0,10.0,8.0,36.0,13.0,12.0,14.0,6.0,27.0,15.0,4.0
euer,False,,1.0,,,,,,,1.0,,,1.0,,,,2.0,2.0,,,,,,1.0,2.0,,,1.0,
eugen,False,,,,1.0,,,,,,,,,,,,,,,,,,,,,,,,
eugh,False,,,,2.0,1.0,,,,1.0,,,,,,10.0,,,,,,,,1.0,,,1.0,,
eugha,False,,,,,1.0,,,,,,,,,,,,,,,,,,,,,,,
eulenspiegelei,False,,,,,,,,,,,,1.0,,,,,,,,,,,,,,,,
eur,False,1.0,6.0,4.0,2.0,4.0,1.0,3.0,2.0,2.0,,2.0,5.0,2.0,3.0,3.0,1.0,3.0,1.0,5.0,1.0,9.0,3.0,3.0,2.0,1.0,4.0,3.0,3.0
eure,False,,,,,1.0,,,,,,,,,,1.0,,,,,,,,,,,,,
euren,False,,,,,,,,,,1.0,,,,,,,,,,,,,,1.0,,,,
eurer,False,,1.0,1.0,,,,,1.0,1.0,,1.0,,,2.0,,,,1.0,,,,,1.0,,,2.0,,
euro,False,,,16.0,,,,2.0,,,,,,6.0,1.0,1.0,,3.0,,,4.0,,4.0,,1.0,,4.0,1.0,
europa,False,,2.0,,16.0,19.0,2.0,2.0,2.0,6.0,6.0,1.0,1.0,1.0,,9.0,2.0,2.0,1.0,2.0,,20.0,10.0,,,1.0,15.0,,19.0
europaabgeordneter,False,,,,,2.0,,,,,,,,,,,,,,1.0,,,,,,,1.0,,
europaebene,False,,,,1.0,1.0,,,,,,,,,,,,,,,,,,,,,,,
europakommissar,False,,,,,1.0,,,,,,,,,,,,,,,,,,,,,,,
europaparlament,False,,,,,3.0,,,,,,,,,,,,,,,,,,,,,5.0,,
europapolitik,False,,,,1.0,,,,,,,,,,,,,,,,,,,,,,,,
europarat,False,,,,,,,,,,4.0,,,,,,,,,,,,,,,,,,
europaratsmitglieder,False,,,,,,,,,,1.0,,,,,,,,,,,,,,,,,,
europaratsmitgliedstaat,False,,,,,,,,,,1.0,,,,,,,,,,,,,,,,,,
europarechtlich,False,,,,6.0,,,,,,,,,,,,,,,,,,,,,,1.0,,1.0
europarechtskonform,False,,,,,,,,,,,,,,,1.0,,,,,,,,,,,,,
europarechtswidrig,False,,,,,,,,,,,,,,,2.0,,,,,,,,,,,,,
europawahl,False,,,,,,,,,2.0,,,,,,,2.0,,,,,2.0,,,,,1.0,,
europawahlkampf,False,,,,,,,1.0,,,,,,,,,,,,,,,,,,,,,
europaweit,False,,,,,,,,,,,,,,,,,,1.0,,,,,,,,1.0,,
european,False,1.0,1.0,,,,,,,1.0,,1.0,,,,,,,,,,,,,,,,,1.0
europol,False,,2.0,,,,,,,,,,,,,,,,,,,,,,,,,,2.0
europäer,False,,,,,,,,,1.0,,,,,,,,,,,,2.0,3.0,,,,,,
europäerinnen,False,,,,,,,,,,,,,,,,,,,,,,1.0,,,,,,
europäisch,False,5.0,3.0,,31.0,11.0,3.0,5.0,,20.0,12.0,3.0,,,1.0,9.0,16.0,1.0,,,1.0,34.0,8.0,,,,7.0,1.0,128.0
eurovision,False,,,,,,,,,,,,,,,,,1.0,,,,,,,,,,,
evaluation,False,,1.0,,,,,,,,,,,,,,,,,,,,,,,,,,
evaluieren,False,,1.0,,,,,2.0,,,,,,,,,,,,,,,,,,,,,
evaluierung,False,,,,,,,,,,,,,,,2.0,,,,,,,,,,,,,1.0
eve,False,,,,,,,,2.0,,,,,,,,,,,,,,,,,,,,
event,False,,,,,,,,,,,,,,,,,,1.0,,,,,,32.0,,,,
eventdienstleister,False,,,,,,,,,,,,,,,,,,,,,,,,1.0,,,,
eventkalender,False,,,,,,,,,,,,,,,,,,,,,,,,1.0,,,,
eventuell,False,1.0,,,,,2.0,,,1.0,,,,2.0,,,,4.0,,,,,,1.0,1.0,,,,
evident,False,,,,,,,,,,,,,1.0,,,,,,,,,,,,,,,
evidenz,False,1.0,,4.0,,,,2.0,,,,,,,,,,,,,,,,,,,,,
evidenzbasiern,False,,,,,,,,,,,,,,,,1.0,,,,,,,,,,,,
evil,False,,,,,1.0,,,,,,,2.0,,,,,,,,,,,,,,,,
ewig,False,,,,1.0,1.0,,,,,1.0,,,,1.0,4.0,,2.0,,,,,,,,,1.0,2.0,
ewigkeit,False,,,,,,,,,,,,,,1.0,,,,,,,1.0,,,1.0,,,1.0,
ex,False,,,,,,1.0,,,,,,,,,,,,,,,,2.0,,,,,,
exactly,False,,,,,,,,,,,,,,,,,1.0,,,,,,,,,,,
exakt,False,1.0,1.0,1.0,1.0,,,2.0,,1.0,,1.0,,,,,1.0,,,,,4.0,1.0,,,,,,
exaltiert,False,,,,,,,,,,,,,,,,,,,,,2.0,,,,,,,
exekutiv,False,,,1.0,,,1.0,,,,,,,,,,,,,,,,,,,,,,
exekutive,False,,1.0,,,1.0,2.0,,,,,,,,,,1.0,,,,,,,,,,,,
exempel,False,,,,,,,,,,,,,,,,,,,,,,,,,,1.0,,
existenzabgrund,False,,,,,,,,,,,,,,,,,,,,,,,,,,1.0,,
existenziell,False,,,,,,,,,,,,3.0,,,,,,,,,,,,,,,,
existenzminimum,False,,,,,,,,,,,,,3.0,,,,,,,,,,,,,,,
existieren,False,,,3.0,2.0,1.0,1.0,2.0,,1.0,,,,,,1.0,2.0,,,1.0,,,,,,,,,1.0
existierend,False,,,,,,,,,,,,,1.0,,,,,,,,,,,,,,,
exkludiert,False,,,,,,,,,,,,,,,,,,,,1.0,,,,,,,,
exklusion,False,,,,,,,,,,,,,,,,,,,,3.0,,,,,,,,
exklusiv,False,,,,,1.0,1.0,,,,,,,,,2.0,2.0,,,,,,,,,,,,
exklusivität,False,,,,,,,,,1.0,,,,,,,,,,,,,,,,,,,
expandieren,False,,,,,,,,,,,,,,,,,,,,,,,,,,1.0,,
expandierend,False,,,,,,,,,,,,,,,,,,,,,,,,,,1.0,,
experiment,False,1.0,,,,,,,,,,,1.0,,,,,,,,,,,,,,,,
experimentieren,False,,,,,,,,,,,,2.0,,,,,,,,,,,,,,,,
experimentierfeld,False,,,,,,,,,,,,,1.0,,,,,,,,,,,,,,,
experte,False,1.0,,1.0,,,1.0,1.0,2.0,1.0,,,,,,,,,5.0,1.0,,4.0,,,,,1.0,,1.0
expertenanhörunge,False,,,,,,,,,,,,,,,,,,,,,1.0,,,,,,,
expertenbereich,False,,,,,,,1.0,,,,,,,,,,,,,,,,,,,,,
expertengremium,False,,,,,,,1.0,,,,,,,,,,,,,,,,,,,,,
expertengruppe,False,,,,,,,,,,,,,,,,,,,,,,,,,,,,7.0
expertin,False,1.0,2.0,1.0,,1.0,2.0,1.0,,,,,,,,,,,3.0,,2.0,1.0,1.0,,,3.0,,,
expertinnenforderung,False,,,,,,,1.0,,,,,,,,,,,,,,,,,,,,,
expertise,False,,,1.0,2.0,,1.0,,,,,2.0,,,,1.0,8.0,,7.0,,,,,2.0,,,2.0,,7.0
expertokratie,False,,,,,,,,,,,,,,,,,,1.0,,,,,,,,,,
experts,False,,,,,,,,,,,,,,,,,,,,,,,,,,,,1.0
explizieren,False,,,,,,,,,,,,,,,,,,,,,4.0,,,,,,,
expliziern,False,,,,,,,,,,,,,,1.0,1.0,,,,,,,,,,,,,
explizit,False,1.0,1.0,,6.0,5.0,2.0,6.0,,3.0,,,4.0,1.0,,2.0,2.0,,,,,28.0,,,,,,3.0,1.0
explodieren,False,,,2.0,,,,,1.0,,,,,,,,,,,,,,,,,,,1.0,
exploit,False,,,,,2.0,,,,,,,,,,,,,,,,,,,,,,,
explorer,False,,,,,,,,,,,,,,,,,,,,,,,,,,,2.0,
exponentiell,False,,,,,,,,,,,,,,,,,,,,,,1.0,,,,,,
exponiert,False,,,,,,1.0,,,,,,,,,,,,,,,,,,,,,,
export,False,,,,,1.0,,,,,,,,,,,,,,,,,,,,,,,
exporteur,False,,,,,1.0,,,,,,,,,,,,,,,,,,,,,,,
exportieren,False,,,,,1.0,,,,,,,,,,,,1.0,,,,,2.0,,,,,,
exportregelung,False,,,,,2.0,,,,,,,,,,,,,,,,,,,,,,,
extended,False,,,,,,,,,1.0,,,,,,,,,,,,,,,,,,,
extensiv,False,,,,,,2.0,,,,1.0,,,,,,,,,,,,,,,,,,
extern,False,,,,,,,1.0,1.0,,,,,,,,,,,3.0,,,,,,1.0,,,1.0
externalisierung,False,,,,,1.0,,,,,,,,,,,,,,,,,,,,,,,
extra,False,1.0,,,,1.0,,2.0,,2.0,1.0,,1.0,,,,,1.0,,,1.0,6.0,,1.0,1.0,,,,
extrageld,False,,,,,,,1.0,,,,,,,,,,,,,,,,,,,,,
extrahieren,False,,,,,1.0,,,,,,,,,,,,,,,,,,,,,,,1.0
extrem,False,6.0,7.0,1.0,1.0,3.0,4.0,,,2.0,,,2.0,,,1.0,1.0,,2.0,,,9.0,4.0,,2.0,6.0,2.0,1.0,
extrembeispiel,False,,,,2.0,,,,,,,,,,,,,,,,,,,,,,,,
extreme,False,,,,,1.0,,,,,,,,,,,,,,,,,,,,,,,
extremen,False,,,,,,,,,,,,,,,,,,,,,,,,,,1.0,,
extremfall,False,,,,,,,,,,,,,1.0,,,,,,,,,,,,,,,
extremismus,False,,,,,,,,,,2.0,,,,,,,,,,,,,,,,,,
exzellent,False,,,,,,,,1.0,,,,,,,,,,,,,,,,,,,,
ey,False,2.0,2.0,2.0,2.0,2.0,,2.0,2.0,,,,1.0,,,2.0,,,1.0,,,2.0,1.0,,,,,1.0,
eyes,False,,1.0,,,,,,,,,,,,,,,,,,,,,,,,,,
eyetracking,False,1.0,,,,,,,,,,,,,,,,,,,,,,,,,,,
f,False,,1.0,,,,,,,,,,,,,,,,,,,,,,,,,,
fabrizieren,False,,,,,,,,,,,,,,,,,,,,,,,,,,1.0,,
facebook,False,1.0,3.0,,,,,,2.0,2.0,,,2.0,,,1.0,2.0,1.0,,,,,16.0,,,,1.0,,1.0
facer,False,,1.0,,,,,,,,,,,,,,,,,,,,,,,,,,
faces,False,1.0,,,,,,,,,,,,,,,,,,,,,,1.0,,,,,
facette,False,1.0,,,,,,,,,,,,,,,,,,,,,,,,,,,
fach,False,1.0,,,,,,,,,,,,,,,,,,,,,,,,,,,
fachausschuß,False,,,,1.0,,,,,,,,,,,,,,,,,,,,,,,,
fachbegriff,False,,,,1.0,,,,3.0,,,,1.0,,,,,,,,,,,,,,2.0,1.0,
fachbereich,False,,,,,,,,,,,,,,,,,,,,,,,,1.0,,,,
fachding,False,,,,,,,,,,,,,,,,,,,,,,,,,,,1.0,
fachdiskussion,False,,,,,,,,,,,,,,1.0,,,,,,,,,,,,,,
fachertaler,False,,,,,,,,,,,,,,,,,,,,,,,,,,1.0,,
facherthaler,False,,,,,,,,,,1.0,,,,,,,,,,,,,,,,,,
fachgebiet,False,1.0,,,,,,,,,,,,,,,,,,,,,,,,,,,
fachgruppe,False,,,,,,,,,,,,,,,,,,,,,,,,,,,,1.0
fachhörerinnen,False,,,,,,,,,1.0,,,,,,,,,,,,,,,,,,,
fachinformatiker,False,1.0,,,,,,,,,,,,,,,,,,,,,,,,,,,
fachkompetenz,False,,,,,,,,,,,,,,,,,,,,,,,,,,1.0,,
fachkraft,False,1.0,,,,,,,,,,,,,,,,,,,,,,,,,,,
fachkräftemangel,False,,,,,,,,,,,,,,,,,,,2.0,,,,,,,,,
fachkunde,False,,,,1.0,,,,,,,,,,,,,,,,,,,,,,,,
fachlich,False,1.0,,,,,,1.0,,,,4.0,,,,,,,,1.0,,,,,,,1.0,,
fachlichkeit,False,,,,,,,,,,,1.0,,,,,,,,,,,,,,,,,
fachlingo,False,,,,,,,,,,,,,,,,,,,,,,,,1.0,,,,
fachminister,False,,1.0,,,,,,,,,,,,,,,,,,,,,,,,,,
fachministerinnenrät,False,,1.0,,,,,,,,,,,,,,,,,,,,,,,,,,
fachperson,False,,,1.0,,,,,,,,,,,,,,,,,,,,,,,,,
fachpolitik,False,,,,,,,,,,,,,,,,,,,,,2.0,,,,,,,
fachpublikum,False,,,,,,,,,,,,,,,,,,,,,,,,,,,,1.0
fachreferent,False,,,,,,,,,,,,,,,,,,,1.0,,,,,,,,,
fachspezifisch,False,,,,1.0,,,,,,,,,,,,,,,,,,,,,,,,
fachstelle,False,,,,,,,1.0,,,,,,,,,,,,,,,,,,,,,
fachstellenbeschreibung,False,,,,,,,1.0,,,,,,,,,,,,,,,,,,,,,
fachung,False,,,,,,,,,,,,,,,1.0,,,,,,,,,,,,,
fachverfahren,False,,,,,,,,,,,,,,,,,,,2.0,,,,,,,,,
fachwissen,False,,,,,,,,,,,,,,,1.0,,,,,,,,,,,,,
fachwort,False,,,,,,,,,,,,,,,,,,,,,,,,,,,,1.0
fachwärt,False,,,,,,,,,,,,,,,,,,,,,,,,1.0,,,,
fackel,False,,,,,,,,,,,,,,,,,,,,,,,,,,1.0,,
facts,False,,,,,,,,,,,,,,,,1.0,,,,,,,,,,,,
faden,False,,,1.0,,,,,,,1.0,,,,,,,1.0,,,,,,,,,,,
faeser,False,,,,,,,1.0,,,,,,,,,,,,,,2.0,,1.0,,,,,
fahne,False,,,,,,,2.0,,,,,,,1.0,,,,,,,,,,1.0,1.0,,,
fahren,False,,,2.0,1.0,1.0,,1.0,,,,2.0,,,4.0,1.0,,1.0,,2.0,1.0,2.0,2.0,,8.0,,2.0,1.0,1.0
fahrend,False,,,,,2.0,,,,,,,,,,,,,,,,,,,,,,,
fahrer,False,,,,,,,,,,,,1.0,,,,,,,,,,,,,,,,
fahrersitz,False,1.0,,,,,,,,,,,,,,,,,,,,,,,,,,,
fahrlässig,False,,,,,,,,,,,,,,,,,,,,,2.0,,,,,,,
fahrplan,False,,,,,,,,,,,,,,,,,,1.0,,2.0,,,,2.0,,,,
fahrradseinsprechung,False,,,,,,,,,,,,,,,1.0,,,,,,,,,,,,,
fahrscheinautomat,False,,,,,,,,,,,,,,,,,,,,1.0,,,,,,,,
fahrt,False,,,,,,,,2.0,,,,,,,,,,,1.0,,,,,,,,,
fahrwasser,False,,,1.0,,,,,,,,,,,,,,,,,,,,,,,,,
fahrzeug,False,,,,,,,,,,,,,,,,,,,,,2.0,,,,,,,
fail,False,,,,,,,,,,,,4.0,,,,,,,,,,,,,,,,
fair,False,,,,,,,1.0,,,,,,,,,,,,,2.0,6.0,1.0,,,,,1.0,
fairefreundlich,False,,1.0,,,,,,,,,,,,,,,,,,,,,,,,,,
fairerweise,False,,,,,,,1.0,,,,,,,,3.0,,,,,,,,,,,,,
fairness,False,,,,,,,,,,,,,,,,,,,,4.0,,,,,,,,
faith,False,,,,,,,,,,1.0,,,,,,,,,,,,,,,,,,
fakt,False,,,,,1.0,3.0,,1.0,,,,,,,,,,2.0,,,,1.0,3.0,,,1.0,,
faktchecker,False,,,,,,,,,,,,,,,,,,,,,2.0,,,,,,,
faktenbasieren,False,,,,,,,,,,,,,,,,,,,,,,,,,,1.0,,
faktenrelevanz,False,,,,,,,,,,,,,,,,,,,,,,,,,,1.0,,
faktisch,False,,1.0,1.0,,3.0,1.0,,1.0,,,,1.0,,1.0,,,1.0,,,5.0,2.0,,,,3.0,,,
faktor,False,,1.0,1.0,,1.0,,,2.0,,,,,,,,,18.0,1.0,,1.0,,2.0,,1.0,,,,
fall,False,7.0,15.0,32.0,14.0,25.0,15.0,4.0,15.0,13.0,7.0,4.0,23.0,8.0,12.0,25.0,14.0,10.0,21.0,16.0,8.0,16.0,9.0,13.0,2.0,9.0,15.0,6.0,22.0
fallbeispiel,False,,,1.0,,,,,,,,,,,,,,,,,,,,,,,,,
falle,False,,,,,,,,,,,,,,,1.0,,,,,,,,,,,,,
fallen,False,4.0,2.0,1.0,8.0,3.0,2.0,,4.0,4.0,3.0,1.0,11.0,5.0,2.0,8.0,9.0,2.0,3.0,1.0,10.0,17.0,2.0,2.0,3.0,1.0,2.0,2.0,3.0
fallmanagement,False,,,,,,,,,,,,,,,,,,,,,,,,,,,,1.0
fallout,False,,,1.0,,,,,,,,,,,,,,,,,,,,,,,,,
falls,False,2.0,1.0,,,3.0,,1.0,2.0,3.0,1.0,1.0,2.0,,,3.0,,2.0,,1.0,1.0,4.0,,1.0,4.0,,,1.0,1.0
fallscherer,False,,,,,,,,,,,,,,,1.0,,,,,,,,,,,,,
fallsen,False,,,,,,1.0,,,,,,,,,,,,,,,,,,,,,,
fallsharing,False,,,,,,,,,,,,,,,1.0,,,,,,,,,,,,,
fallstrick,False,,,,,,,,,,,,,,,,,,,,,,,,,2.0,,,
fallstricke,False,,,,,,,,,,,,,,,,,,,,,,,,,1.0,,,
falsch,False,2.0,2.0,2.0,3.0,4.0,1.0,2.0,1.0,3.0,,,3.0,,3.0,4.0,5.0,2.0,,1.0,2.0,11.0,1.0,,2.0,2.0,6.0,,
falsche,False,,1.0,,,,,,1.0,,,,,,,,,,,,,,,,,,,,
falscherweise,False,,1.0,,,,,,,,,,,,,,,,,,,,,,,,,,
falschinformation,False,,,,,,,,,,,,,,,,1.0,,,,,,,,,,,,
falschschäuung,False,,,,,,,,,,,,,,,1.0,,,,,,,,,,,,,
false,False,,,,,,,,,,,,,,,,,,,,,,,,,,,1.0,
faltblätter,False,,,,,,,,,,,,,,,,,,,,,2.0,,,,,,,
familie,False,,1.0,,,2.0,,,,,,,,1.0,,2.0,,,,,,,,,,,,,
familienchat,False,,,2.0,,,,,,,,,,,,,,,,,,,,,,,,,
familienfrage,False,,,,,,,,,,,,,,,,,,,,,,,,,1.0,,,
familienministerium,False,,,,,,,,,,,,,,,,,,,,,,,,,1.0,,,
famos,False,,1.0,,,,,,,,,,,,,,,,,,,,,,,,,,
fan,False,,,1.0,,1.0,,,,,,,,,,,,,,,,,,,,1.0,,,
fanatica,False,1.0,,,,,,,,,,,,,,,,,,,,,,,,,,,
fancy,False,,1.0,,,,,,,,,,,,,,,,,,,,,,,,,,
fand,False,,,,,,1.0,,,,1.0,,,,,,,,,,,4.0,,,,,,,
fang,False,,,,,,,,,,,,1.0,,,,,,1.0,,1.0,,,,1.0,,,,1.0
fangen,False,4.0,1.0,1.0,1.0,2.0,1.0,2.0,1.0,4.0,1.0,3.0,2.0,2.0,,6.0,1.0,,1.0,2.0,2.0,,4.0,,2.0,,1.0,4.0,
fantasie,False,,,,,,,,,,,,,,,,,,,,,,,,,,,1.0,
fantastisch,False,1.0,,,1.0,,,2.0,,,,,,1.0,,1.0,,,,,,2.0,2.0,,,,1.0,1.0,
farbe,False,1.0,,,,,,,,,,1.0,1.0,,,,,,,,,,,,,,,,
farbig,False,,,,,,,,,,,,,,,,,,,,,,,,1.0,,,,
farm,False,,,,,,,,,1.0,,,,,,,,,,,,,,,,,,,
farmhud,False,1.0,,,,,,,,,,,,,,,,,,,,,,,,,,,
faschismus,False,,,,,,,,,,,,3.0,,,,,,,,,,,,,,,,
faschist,False,,,,,,,,,,,,,,,,,,,,,2.0,,,,,,,
faschistisch,False,,,,,,,,,,,,1.0,,,,,,,,,,,,,,1.0,,
faschistzusage,False,,,,,,,,,,,,,,,,,,,,,2.0,,,,,,,
faseln,False,,,,,,,1.0,,,,,,,,,,,,,,,,,,,,,
faser,False,,2.0,,,,,1.0,,,,,,,,,,,,,,,,,,,,,
fasering,False,,,,,,,,,,,,,,,1.0,,,,,,,,,,,,,
fassen,False,,3.0,1.0,,,,2.0,1.0,,,1.0,,,,1.0,1.0,,1.0,,7.0,,,1.0,,,,1.0,
fassn,False,,,,,,,,,,1.0,,,,,,,,,,,,,,,,,,
fassung,False,,,,,,,,,,,2.0,,,,1.0,,,,,,,,,,,,,
fast,False,6.0,3.0,1.0,1.0,1.0,6.0,5.0,1.0,2.0,3.0,1.0,3.0,2.0,2.0,1.0,2.0,3.0,1.0,2.0,3.0,15.0,8.0,2.0,,3.0,13.0,,2.0
fastparteifreund,False,,,,,,,,,,,,,,,,,,,1.0,,,,,,,,,
fasttrack,False,,,2.0,,,,,,,,,,,,,,,,,,,,,,,,,
faszinierend,False,,,,,,,,,1.0,,1.0,,,,,,,,,,,,,1.0,,,,
faszinierende,False,,,,,,,,,2.0,,,,,,,,,,,,,,,,,,,
fasziniert,False,,,,,,,,,,,,,,,,,,,,,,2.0,,,,,,
fatal,False,,,,1.0,,,,,,,,,,,,,,,,,,,,,,,,
faulheit,False,,,,,,,,,,,,4.0,,,,,,,,,,,,,,,,
fawkes,False,,,,,,,,,,,,1.0,,,,,,,,,,,,,,,,
fax,False,,,,3.0,,,,,,,,,,,,,,,,,,,,,,2.0,,
fazit,False,,,,,1.0,,,,1.0,,,,,,2.0,,,,,,,,,,,,,
fdp,False,,,,,,,3.0,,,,,,1.0,,2.0,,,,,,27.0,,,,,,,
fear,False,,,,,,,,,,,,1.0,,,,,,,,,,,,,,,,
feather,False,,,,,,,,2.0,,,,,,,,,,,,,,,,,,,,
featur,False,,,,,,,,,,,,,,,,,,,,,,,1.0,,,,,
feature,False,,,,,,,,,,,,,,,,,1.0,,,,,,3.0,,,,,
featurefilmen,False,,,,,,,,,,,,1.0,,,,,,,,,,,,,,,,
februar,False,,,,,,,,,,3.0,,,1.0,,,2.0,,,,,4.0,,2.0,,1.0,,,
feder,False,,,,,,,,,,,,,,,,,,,,,,,,1.0,,,,
federal,False,,,,,,,,,,,,,,,,,,,,,,,,,,,,1.0
federführend,False,,,,,,,,,2.0,,2.0,,,,,,,,,,,,,,,,,1.0
fedex,False,,,,,,,,,,,,,,,,,1.0,,,,,,,,,,,
feed,False,,,,1.0,,,1.0,,,,,,,,,,,,,,2.0,,,,,,,
feedback,False,6.0,,,,,,,,1.0,,7.0,,,,,,,,1.0,,,,1.0,,,1.0,,1.0
fehlen,False,3.0,,1.0,2.0,,,3.0,3.0,2.0,,,2.0,,,,,3.0,4.0,2.0,2.0,13.0,3.0,1.0,,2.0,1.0,1.0,3.0
fehlend,False,,1.0,,,,,,,,,,,,,,,,,,,6.0,1.0,,,,,,
fehlentwicklung,False,,,,,,,,,,,,,,,,,1.0,,,,,,,,,,,
fehler,False,,4.0,2.0,1.0,,,2.0,,1.0,,,3.0,1.0,,,,,,,,4.0,2.0,,2.0,,2.0,2.0,
fehlerfrei,False,,,,,,,,,,,,,,,,,,,,,2.0,,,,,,,
fehlkonfiguration,False,,,,,,,,,,,,,,,,,1.0,,,,,,,,,,,
fehlleistung,False,,,,,,,,,,,,,,,,,1.0,,,,,,,,,,,
fehlstand,False,,,,,,,,,,,,,,,,1.0,,,,,,,,,,,,
fehlverhalten,False,,,,,,,,,,,,,,,1.0,,,,,,,,,,,,,
feier,False,,,,,,,,,,,,,,,,,,,1.0,,,,,,,,,
feierabend,False,,,1.0,,,,,,,1.0,1.0,,,,,,,,,,,,,,,,,
feierlichkeit,False,,,,,,,,,,,,,,,,,,,,,,,1.0,,,,,
feiern,False,,,,,,,1.0,,,,,,,,1.0,,,,,,,,,,,3.0,,
feig,False,,,,,,,,,,,,,1.0,,,,,,,,,,,,,,,
feigenblatt,False,,,,,,,1.0,,,,,,1.0,,,,,,,,,1.0,,,,,,
feilen,False,,,,,,,,,,,,,,,1.0,,,,1.0,,,,,,,,,
fein,False,1.0,,,1.0,,,,,,,,,1.0,1.0,,,,,,,,,,,,,1.0,
feindeshaltung,False,,,,,,1.0,,,,,,,,,,,,,,,,,,,,,,
feingranular,False,,,,,,,,,,,,,,,,,,,,,,,,,,,1.0,
feinheit,False,,,,,,,,1.0,,,,,,,1.0,,,,,1.0,,,,,,,,
feinschliff,False,,,,,,,,1.0,,,,,,,,,,,,,,,,,,,,
feinsteig,False,,,,,,,1.0,,,,,,,,,,,,,,,,,,,,,
fel,False,,,,,,,,,,,,1.0,,,,,,,,,,,,,,,,
feld,False,,1.0,,,1.0,2.0,2.0,2.0,,2.0,,,5.0,3.0,,,1.0,,,,,,,,1.0,4.0,,2.0
feldbad,False,,,,,,,,,,,,,,,,,,1.0,,,,,,,,,,
feldstudie,False,,,,,,,,,,,1.0,,,,,,,,,,,,,,,,,
feldzug,False,,1.0,,,,,,,,,,,,,,,,,,,,,,,,,,
fellowship,False,,,,,,,,,,,,,,,,1.0,,,,,,,,,,,,
fem,False,,,,,,,,,,,,,,,,,,,,,,,,3.0,,,,
feministisch,False,,,,,,,2.0,,,,,,,,,,,,,,,,,,,,,
femm,False,,,,,,,,,,,,,,,,,,,,,,,,1.0,,,,
femme,False,,,,,,,,,,,,,,,,,,,,,,,,1.0,,,,
fend,False,,1.0,,,,,,,,,,,,,,,,,,,,,,,,,,
fenorm,False,1.0,,,,,,,,,,,,,,,,,,,,,,,,,,,
fenster,False,,,1.0,,,,1.0,,,,,1.0,,,,,,,,,,,,,,2.0,1.0,
ferien,False,,,,,,,,,,,,,,,,,,,6.0,,,,,,,,,
fern,False,,,,,1.0,,,,,,,1.0,,,,,1.0,,,,,,,,,,,
fernab,False,,,,,,,,,,,,,,,,,,,,,,,,1.0,,,,
ferne,False,,,,,,,1.0,,,,,,,,,,,,,,,,,,,,,
ferner,False,,,,,,,,1.0,,,,,,,,,,,,,,,,,1.0,,,
fernhalten,False,,,,,,,,,,,,,,,,,,,,,,,,,,,2.0,
fernidentifikation,False,,,,,,,,,,,,,,,,,,1.0,,,,,,,,,,
fernsehbild,False,1.0,,,,,,,,,,,,,,,,,,,,,,,,,,,
fernsehdenker,False,,,,,,,,,,,,,,,,,,,,,,,,1.0,,,,
fernsehen,False,,,,,,,,,,,,8.0,,,,,,,,,,,,1.0,,,,
fernseher,False,1.0,,,,,,,,,,,1.0,,,,,,,,,,1.0,,,,,,
fernsehinterview,False,,,,,,,,,,,,,,,,,,,1.0,,,,,,,,,
fernsehkamera,False,,,,,,,,,,,,,,,,,,,,,,,,1.0,,,,
fernsehserienmacher,False,,,,,,,,,,,,1.0,,,,,,,,,,,,,,,,
fernsehstudio,False,,,,,,,,,,,,,,,,,,,,,,,,1.0,,,,
fernsehübertragung,False,,,,,,,,,,,,,,,,,,,,,,,,1.0,,,,
fernsteuern,False,,,,,1.0,,,,,,,,,,,,,,,,,,,,,,,
fernsteuerung,False,1.0,,,,,,,,,,,,,,,,,,,,,,,,,,,
fernwartung,False,,,,,1.0,,,,,,,,,,,,,,,,,,,,,,,
fertig,False,2.0,,,3.0,,2.0,1.0,4.0,,1.0,1.0,2.0,,1.0,1.0,1.0,1.0,,,,10.0,,,9.0,,2.0,1.0,
fertigkeit,False,,,,,,,,,,,,1.0,,,,,,,,,,,,,,,,
fertigmachen,False,1.0,,,,,,,,,,,,,,,,,,,,,,,,,,,
fertigzustellen,False,,,,,,,,,,,,,,,1.0,,,,,,,,,,,,,
feser,False,,1.0,,,,,1.0,,,,,,,,,,,,,,,,,,,,,
fest,False,3.0,1.0,1.0,1.0,1.0,2.0,,,2.0,,,,,,3.0,,3.0,,,3.0,2.0,1.0,,3.0,1.0,3.0,2.0,1.0
festangestellt,False,,,,,,,,,,,,,,,,,,,,,,,,,,1.0,,
festangestellte,False,,,,,,,,,,,,,,,,,,,,,,,,1.0,,,,
festfertigstellen,False,,,,,,,,,,,,,,,,,,1.0,,,,,,,,,,
festgelegt,False,,1.0,,,,1.0,,,,1.0,,,,,,,,,,,,,,,,,,
festgemachen,False,,,,,,,,,,,,,,,,,,,,,,,,,,1.0,,
festgenagelen,False,,,,,,1.0,,,,,,,,,,,,,,,,,,,,,,
festgeschrieben,False,,,,,,,,,,,,,,,,,,,,1.0,,,,,,,,
festgetan,False,,,,1.0,,,,,,,,,,,,,,,,,,,,,,,,
festgezohrt,False,,,,,,,,,1.0,,,,,,,,,,,,,,,,,,,
festhalten,False,,,,2.0,1.0,,2.0,,2.0,1.0,,,,1.0,5.0,,,,1.0,,6.0,1.0,3.0,,,,,
festival,False,,1.0,,,,,,,,,,,,,,,,,,,,,,,,,,
festlegen,False,,,1.0,1.0,,,,,1.0,,,,1.0,,1.0,2.0,,,2.0,1.0,2.0,,,,3.0,,2.0,1.0
festmach,False,,,,,,,,,,1.0,,,,,,,,,,,,,,,,,,
festmachen,False,,,,,,,1.0,,,,,2.0,,,,,1.0,,,,3.0,,,,,,,
festmachst,False,,,,,,,,,,,,1.0,,,,,,,,,,,,,,,,
festnageln,False,,,,,,,,,,,,,,,1.0,,,,,,,,,,,,,
festnahme,False,,,,,,,,,,,,,,,1.0,,,,,,,,,,,,,
festplatte,False,,,,,,,,,,,,,,,1.0,,,,,,,,,,,,,
festplatz,False,,,,,,,,,,,,,,,1.0,,,,,,,,,,,,,
festschreiben,False,,,,2.0,,,1.0,,1.0,,,,,,,1.0,,,,1.0,,,,,,,,
festschreibung,False,,,,,,,,,1.0,,,,,,,,,,,,,,,,,,,
festsetzen,False,,,,,,,,,,,,,,,1.0,,,,,,,,,,,,,
feststehen,False,,,,1.0,,,,,,,,,,,,,,,,,,,,,,,,1.0
feststehend,False,,1.0,,,,,,,,,,,1.0,,,,,,,,,,,,,,,
feststellen,False,,1.0,1.0,3.0,1.0,2.0,,1.0,2.0,2.0,,1.0,1.0,,1.0,2.0,,,,2.0,2.0,2.0,3.0,3.0,,3.0,,
feststellung,False,,,,,,,,,,,,,,,1.0,,,,,,,,,,,,,
fett,False,,,1.0,3.0,,1.0,1.0,,,,,1.0,,,,,1.0,,,,3.0,,,,,,,
fette,False,,,,,,,,,,,,,,1.0,,,,,,,,,,,,,,
fetty,False,,,,,,,,,,,,,,,,,,,,,,,,,,,,1.0
fetzen,False,,,,,1.0,,,,,,,,,,,,,,,,,,,,,,,
feuchtig,False,,,,,,,,,,,,,,,,1.0,,,,,,,,,,,,
feuer,False,,,,,,,1.0,,,,,,,,,,,,,,,1.0,,,,,,
feuerwehr,False,,,1.0,,,,,,,,,,,,,,,,,,,,,,,,,
feuerwehrpolitisch,False,,,,,,,,,,,,,,,,,,,1.0,,,,,,,,,
feuerwerfen,False,,,,,,,,,,,,,,,,,,,,,,1.0,,,,,,
fiber,False,,,,,,,,,,,,,,,,,,,,,,,,1.0,,,,
fiction,False,,,,,,,,,,,,5.0,,,,,,,,,,,,,,,,
fiedel,False,,,,,,,,,,,,1.0,,,,,,,,,,,,,,,,
fies,False,,,,,,,,,,1.0,,,,,1.0,,,,,,2.0,,,,,,,
fif,False,,,,,1.0,,,,,,,,,,,,,,,,,,,,,,,
fifty,False,,,,,,2.0,,,,,,,,,,,,,,,,,,,,,,
figur,False,,,,,,,,,,,,15.0,,,,,,,,,,,,,,,,
fiktion,False,,,,,,,,,,,,1.0,,,,,,,,,,,,,,,,
fiktional,False,,,,,,,,,,,,1.0,,,,,,,,,,,,,,,,
fiktiv,False,,,,,,,,3.0,,,,9.0,,,,,,,,,,,,,,,,
file,False,,,,,,,,,,,,,,,,,,,,,,,,1.0,,,,
fileshare,False,,,,,,,,,,,,,,,2.0,,,,,,,,,,,,,
filesharer,False,,,,,,,,,,,,,,,1.0,,,,,,,,,,,,,
filesharing,False,,,,,,,,,,,,,,,1.0,,,,,,,,,,,,,
filiale,False,,,,,,,,,,,,,,,,,2.0,,,,,,,,,,,
filigran,False,,,,,,,,,1.0,,,,,,,,,,,,,,,,,,,
film,False,,,,,,1.0,,,,,,153.0,,,1.0,,,,,,,,,,,,,
filmbeispiel,False,,,,,,,,,,,,1.0,,,,,,,,,,,,,,,,
filmberatung,False,,,,,,,,,,,,1.0,,,,,,,,,,,,,,,,
filmemacher,False,,,,,,,,,,,,5.0,,,,,,,,,,,,,,,,
filmemacherinnen,False,,,,,,,,,,,,1.0,,,,,,,,,,,,,,,,
filmen,False,,,,,,,,1.0,,,,1.0,,,,,,,,,,,,,,,,
filmfigur,False,,,,,,,,,,,,1.0,,,,,,,,,,,,,,,,
filmgeschichte,False,,,,,,,,,,,,1.0,,,,,,,,,,,,,,,,
filmgeschichtlich,False,,,,,,,,,,,,1.0,,,,,,,,,,,,,,,,
filmindustrie,False,,,,,,,,,,,,1.0,,,,,,,,,,,,,,,,
filmisch,False,,,,,,,,,,,,7.0,,,,,,,,,,,,,,,,
filmkultur,False,,,,,,,,,,,,1.0,,,,,,,,,,,,,,,,
filmliebhaber,False,,,,,,,,,,,,1.0,,,,,,,,,,,,,,,,
filmmarkt,False,,,,,,,,,,,,1.0,,,,,,,,,,,,,,,,
filmname,False,,,,,,,,,,,,1.0,,,,,,,,,,,,,,,,
filmnerds,False,,,,,,,,,,,,1.0,,,,,,,,,,,,,,,,
filmproduktion,False,,,,,,,,,,,,1.0,,,,,,,,,,,,,,,,
filmwelt,False,,,,,,,,,,,,1.0,,,,,,,,,,,,,,,,
filter,False,,,,,,,,,,,,,,,,,,,,,,,,1.0,,,1.0,1.0
filtermöglichkeit,False,,,,,,,,,,,,,,,,,,,,,,,,,,,1.0,
filtern,False,,,,,,1.0,,,,,,,,,,,,,,,,,,,,,2.0,
filterung,False,,,,,,,,,,,,,,,,,,,,,,,,,,,1.0,
final,False,,1.0,,,,,1.0,,,,,,,,,,,1.0,,,,,,1.0,,,,
finanz,False,,,,,,,2.0,,,,,,,,,,,,,,,,,,2.0,2.0,1.0,
finanzamt,False,,,,,1.0,,,,,,,,,,,,,,,,2.0,,,,,,,
finanziell,False,2.0,,,,,,,1.0,1.0,,,,1.0,,1.0,,,,,,,,1.0,,,,,
finanzielle,False,,,,,,,,1.0,,,,,,,,,,,,,,,1.0,,,,,
finanzieren,False,,,,,4.0,,1.0,,,,,,,,,,,,,,,,,,,2.0,,
finanziert,False,,,1.0,,,,,,,,,,,,,,,,,,,,,,,1.0,,
finanzierung,False,,,,,,,,,,,,,,,,,,,,,,,,,,3.0,,
finanzierungslage,False,,,,,,,,,,,,,,,,1.0,,,,,,,,,,,,
finanzministerium,False,,,,,,,,,,,,,,,,,,,,,,,,,1.0,,,
finanzquelle,False,,,,,,,,,,,,,,,,,,,,,,,,,,1.0,,
finanztransaktion,False,,,,,,,,,,,,,,,,,1.0,,,,,,,,,,,
finca,False,,,,,,,,,,,,,,,,,,,,,,,,,,1.0,,
find,False,1.0,,,,,,,,,,,,,,,,,,,,,,,,,,,
finde,False,,,,1.0,,,,,,,,1.0,1.0,,,,,,,1.0,,,,,,,,
findeen,False,,,,1.0,,,,,,,,,,,,,,,,,,,,,,,,
finden,False,20.0,30.0,38.0,23.0,30.0,12.0,29.0,12.0,14.0,10.0,13.0,71.0,10.0,11.0,27.0,10.0,9.0,30.0,13.0,30.0,123.0,48.0,15.0,20.0,22.0,16.0,19.0,15.0
findesen,False,,,,,,,1.0,,,,,,,,,,,,,,,,,,,,,
findest,False,,,,,,,,,,,,,,,,,,,,,,,,,,,1.0,1.0
findig,False,,,,,,,,,,,,,,1.0,,,,,,,,,,,,,,
fing,False,1.0,1.0,,,1.0,,,,,,,,,,,,,,,,,,2.0,,,,,
finger,False,3.0,,,1.0,1.0,,,,1.0,,,,,1.0,,,1.0,1.0,2.0,,,,,,,,1.0,
fingerabdrück,False,,2.0,,,,,,,,,,,,,,,1.0,,,,,,,,,,,
fingerprint,False,,1.0,,,,,,,,,,,,,,,,,,,,,,,,,,
fingerzeiche,False,,1.0,,,,,,,,,,,,,,,,,,,,,,,,,,
finnfischer,False,,,,,1.0,,,,,,,,,,,,,,,,,,,,,,,
finnland,False,,,,,,,,,,,,,,,,,,,,,,,,,,,,2.0
finster,False,,1.0,,,,,,,,,,,,,,,,,,,,,1.0,,,,,
fintech,False,,,,,,,,,,,,,4.0,,,,,,,,,,,,,,,
fiona,False,1.0,,,,,,,,,,,,,,,,,,,,,,,,,,,
firewall,False,,,,,,,,,,,,1.0,,,,,,,,,,,,,,,,
firewir,False,,,,,,,,,,,,,,,,,,,,,,,,1.0,,,,
firewire,False,,,,,,,,,,,,,,,,,,,,,,,,2.0,,,,
firma,False,2.0,1.0,,1.0,14.0,,4.0,13.0,11.0,,,4.0,1.0,,3.0,,22.0,,,1.0,4.0,6.0,2.0,3.0,,4.0,8.0,3.0
firmenlösung,False,,,,,,,1.0,,,,,,,,,,,,,,,,,,,,,
firmenname,False,,,,,,,,,1.0,,,,,,,,,,,,,,,,,,,
firmenwelt,False,,,,,,,,1.0,,,,,,,,,,,,,,,,,,,,
firmware,False,,,,,,,,,,,,,,,,,,,,,,,,1.0,,,,
first,False,,,,,,,,,,,,,,,,,,,,,,,,,,3.0,,
fisch,False,1.0,,,,,,1.0,,,,,1.0,1.0,,,,,,,,,,,,,,,
fischen,False,,,,,,,,,,,,,1.0,,,,,,,,,,,,,,,
fischer,False,,,,,1.0,,,,,,,,,,,,,,,,,,,,,,,
fishing,False,,,,,1.0,,,,,,,,,,,,,,,,,,,,,,,
fishy,False,,,,,,,,,,,,,1.0,,,,,,,,,,,,,,,
fit,False,,,,,,,,,,,,1.0,,,,,,,,,,,,1.0,,,,
fitco,False,,,,,,,,,,,,,,,,,,,,,,,,,3.0,,,
fiv,False,1.0,,,,,,,,,,,,,,,,,,,,,,,,,,,
five,False,,2.0,,,,,,,,,,,,,,,,,,,,,,,,,,
fix,False,1.0,,,,,,,1.0,,,,,,,,,,1.0,,,,,,,,,,
fixable,False,,,,,,,,,1.0,,,,,,,,,,,,,,,,,,,
fixen,False,,,1.0,,,,2.0,,,,,,,,,,,,,,4.0,,,,,,,
fixes,False,,,,,,,1.0,,,,,,,,,,,,,,,,,1.0,,,,
fixn,False,,,,,,,1.0,,,,,,,,,,,,,,,,,,,,,
flach,False,,,,,,,,,,,,,,,,,,,,,,,,,1.0,,,
flagge,False,,,,,1.0,,,,,,,,,,,,,,,,,,,,,,,
flapsig,False,,,,,2.0,,,,,,,,1.0,,,,,,,,,,,,,,,
flasche,False,,,,,,,,,,,,,1.0,,,,,,,,,,,,,,,
flaschenhals,False,,,,,,,1.0,,,,,,,,,,,,,,,,,,,,,
flastern,False,,,,,,,,,,,,,,,,,1.0,,,,,,,,,,,
flavor,False,,,,,,,,,,,,,,,,,1.0,,,,,,,,,,,
flecken,False,,,,,,,1.0,,,,,,,,,,,,,,,,,,,,,
fleisch,False,,,,,,,,,,2.0,,,,,,,,,,,,,,,,,,
fleißig,False,,,,,,,,,,1.0,,,,,,,,,1.0,,,,,1.0,1.0,,,
flexibel,False,3.0,,,,,,,,,,,,,,,,,,,,,,,,,,,
fliegen,False,2.0,1.0,,,3.0,,,,,,,1.0,,,,,,,,,,,,,,,,
fliegend,False,,,,,5.0,,,,,,,,,,,,,,,,,,,,,,,
fließen,False,1.0,,,1.0,,,2.0,,,,,1.0,,,,,,,,,,,,,,1.0,,
flight,False,,,,,,,,,,,,,,,,,,,,,,,,4.0,,,,
flightcase,False,,,,,,,,,,,,,,,,,,,,,,,,5.0,,,,
flightcases,False,,,,,,,,,,,,,,,,,,,,,,,,1.0,,,,
flightcat,False,,,,,,,,,,,,,,,,,,,,,,,,1.0,,,,
flippke,False,,,,,,,,,,,,,2.0,,,,,,,,,,,,,,,
flock,False,,,,,,,,1.0,,,,,,,,,,,,,,,,,,,,
flohmarkt,False,,,,,,,,,,,,,,,,,1.0,,,,,,,,,,,
florian,False,,,,,,,,,,,,,,,,,,,,,,,,,,1.0,,
flow,False,,,,,,,,,,,,,,,,,,,,,,2.0,,,,,,
flucht,False,,,,,,,,,,,,,1.0,,,,,,,,,,,,,,,
flughöhe,False,,,,,2.0,,,,,,,,,,,,,,1.0,,,,,,,,,
flugtaxis,False,,,,,,,1.0,,,,,,,,,,,,,,,,,,2.0,,,
flugzeug,False,,,,,1.0,,,,,,,,,,,,,,,,,,,,,,,
fluider,False,,,,,,,,,,,,,,,,,,,,,,,,,,1.0,,
flurfunkvorteil,False,,,,,,,,,,,,,,,,,,,1.0,,,,,,,,,
flutschen,False,,,,,,,,,,,,,,,,,,,,1.0,,,,,,,,
fly,False,,,,,,,,,,,,,,,,,,,,,,,,,,1.0,,
fläche,False,,,,,,,,,,,,,,,,,,,2.0,,4.0,,1.0,,,,,
flächendeckend,False,,,,,,,1.0,,,,,,1.0,,,,,,,,4.0,,,,,,,
flächendeckt,False,,,,,,,,,,,,,,,,,,,,,2.0,,,,,,,
flächenmäßig,False,,,,,,,,1.0,,,,,,,,,,,,,,,,,,,,
flächenüberwachung,False,,,,,,,,,,,,,,,,,,,,,,,1.0,,,,,
flöbke,False,,,,,,,,,,,,,1.0,,,,,,,,,,,,,,,
flöten,False,,,,,,,,,,,,,,,,,1.0,,,,,,,,,,,
flübke,False,,,,,,,,,,,,,1.0,,,,,,,,,,,,,,,
flüchten,False,,,,,,,,,,,,,2.0,,,,,,,,,,,,,,,
flüchtig,False,,,,,,,,,,,,,,,1.0,,,,,,,,,,,,,
flüchtling,False,,,,,,,,,,,,,1.0,,,,,,,,,,,,1.0,,,
flüchtlingsrat,False,,,,,,,,,,,,,1.0,,,,,,,,,,,,,,,
flügel,False,,,,,1.0,,,,,,,,,,,,,,,,,,,,,,,
flüppke,False,,,,,,,,,,,,,2.0,,,,,,,,,,,,,,,
flüssig,False,1.0,,,,,,,,,,,,,,,1.0,,,,,,,,,,,1.0,
fokus,False,1.0,,,1.0,1.0,,1.0,,1.0,,1.0,,,,1.0,3.0,,4.0,,,2.0,8.0,,3.0,,,,
fokussieren,False,,,,,,,,,,,1.0,1.0,,,1.0,1.0,,,,,3.0,,,,1.0,1.0,,
fokussiert,False,,,,,,,,,,,,,1.0,,,,,1.0,,,1.0,,,,,,,
folge,False,2.0,4.0,,11.0,3.0,2.0,2.0,,,1.0,1.0,2.0,1.0,2.0,2.0,2.0,3.0,2.0,7.0,1.0,2.0,3.0,4.0,2.0,3.0,4.0,3.0,
folgefrage,False,,,,,,,,,,,,,,,,,,,,1.0,,,,,,,,
folgen,False,1.0,1.0,1.0,3.0,2.0,,,,2.0,,,,,,1.0,,,,,,,,,1.0,,3.0,1.0,1.0
folgend,False,1.0,1.0,,3.0,,,2.0,1.0,1.0,,,,,,,,,,,,2.0,1.0,,,,1.0,,
folgende,False,,,,1.0,,,,,,,,,,,,,,,,,,,,,,,,
folgender,False,,,,,,,,,,1.0,,,,,,,,,,,,,,,,,,
folgendes,False,,2.0,,1.0,,,,,,,,,1.0,,,,,,,,,,,,,,,
folgennummer,False,,,,,,,,,,,,,,,,,,,,,,,,,,1.0,,
folgerung,False,,,,,,,,,,,1.0,,,,,,,,,,,,,,,,,
folgt,False,,,,,,,,,1.0,,,,,,,,,,,,,,,,,,,
folgungsbehörde,False,,,,,,,,,,,,,,,1.0,,,,,,,,,,,,,
follower,False,1.0,1.0,,,,,,,,,,,,,,,,,,,,,,,,,,
folter,False,,,,,,,,,,,,,,,,,,,,,,,1.0,,,,,
for,False,1.0,,,,1.0,,,2.0,,1.0,,,,,,3.0,,,2.0,1.0,,,,,,,,
force,False,,,,,,,,3.0,,,,,,,,,,,,,,,,,,,,
forcieren,False,,,,,,,,,,,1.0,,,,,,,,,,,,,,,,,
ford,False,,,,,,1.0,,,,,,,,,,,,,,,,,,,,,,
fordern,False,,6.0,1.0,6.0,1.0,,4.0,1.0,2.0,,,,4.0,,1.0,,,1.0,1.0,2.0,19.0,3.0,4.0,,,,,
fordernd,False,,,,,,,,,1.0,,,,,,,,,,,,,,,,,,,
forderung,False,,,1.0,11.0,20.0,,6.0,,2.0,1.0,,,1.0,2.0,2.0,1.0,,4.0,,4.0,14.0,7.0,,,1.0,3.0,,
forensik,False,,,,,1.0,,,,,,,,,,,,,,,,,,,,,,,
forensisch,False,,,,,1.0,,,,,,,,,,,,,,,,,,,,,,,
form,False,,3.0,4.0,9.0,3.0,1.0,9.0,3.0,11.0,1.0,1.0,8.0,4.0,1.0,5.0,1.0,1.0,2.0,2.0,5.0,12.0,5.0,1.0,1.0,1.0,5.0,2.0,
formal,False,,,,,,2.0,1.0,9.0,,,,,,,1.0,,,1.0,1.0,2.0,,,,,1.0,,2.0,1.0
formale,False,,,,,,,,,,,,,,,,,,,,1.0,,,,,,,,
formalisieren,False,,,,,,1.0,1.0,,,,,,,,,,,1.0,,,,,,,,,,
formalismus,False,,,,,,,,1.0,,,,,,,,,,,,,,,,,,,,
formalistisch,False,,,,,,,,1.0,,,,,,,,,,,,,,,,,,,,
formalität,False,,,,,,,,1.0,,,,,,,,,,,,,,,,,,,,
format,False,,,,,1.0,,1.0,,,,,,,,,,1.0,,,,,2.0,,2.0,1.0,,,
formatieren,False,,,,,,,1.0,,,,,,,,,,,,,,,,,,,,,
formbrief,False,,1.0,,,,,,,,,,,,,,,,,,,,,,,,,,
formell,False,,,,,1.0,,,,,,,,,,,,,,,,,,,,,,,2.0
formelle,False,,,,,,,,,,,,,,,,,,,,,,1.0,,,,,,
formellt,False,,,,,,,,,,,,,,,,,,,,,,,,,,,,1.0
formen,False,1.0,,,,,,,,,,,,,,,,,,,,,,,,,,,
forming,False,,,,,,,,1.0,,,,,,,,,,,,,,,,,,,,
formular,False,1.0,,,1.0,,,,,,,,,,,,1.0,,,,1.0,,,,,,,,
formularisieren,False,,,,,,,1.0,,,,,,,,,,,,,,,,,,,,,
formulieren,False,2.0,2.0,1.0,2.0,1.0,,5.0,1.0,1.0,4.0,1.0,1.0,2.0,,1.0,,1.0,3.0,,1.0,16.0,,,,,,5.0,
formuliersen,False,,,,,,,,,,,,,,,1.0,,,,,,,,,,,,,
formuliert,False,,,,,,,,,,,,,,,,,,1.0,,,1.0,,,,,,,
formulierung,False,,,,,,,,,,7.0,,1.0,,,1.0,,1.0,1.0,,,4.0,,,,,,1.0,
formulierungshilfe,False,,,,,2.0,,1.0,,,,,,,,,,,,,,,,,,,,,
formulismus,False,,,,,,,,1.0,,,,,,,,,,,,,,,,,,,,
forsch,False,,,,,,,,,,,,,,,,,,,,,,2.0,,,,,,
forschen,False,1.0,,1.0,15.0,,,1.0,,,,,,,,,1.0,,,,,2.0,5.0,,,,,,
forschend,False,,,,,,,,,,,,,,,,1.0,,,,,,,,,,,,
forschende,False,,,,2.0,,,,,,,,,,,,,,,,,,,,,,,,
forschenden,False,,,,3.0,,,,,,,,,,,,1.0,,,,,,,,,,,,
forscher,False,,,,4.0,4.0,,,,,,,,,,,,,,,,,1.0,,,,,,2.0
forscherin,False,,,,,1.0,,,,,,,,,,,,,,,,,,,,,,,
forscherinn,False,,,,,,,,,1.0,,,,,,,,,,,,,2.0,,,,,,
forscherinnen,False,,,,,,,,,2.0,,,,,,,,,,,,,,,,,,,
forschung,False,,,7.0,19.0,8.0,,1.0,3.0,3.0,,4.0,1.0,,,,,,,,,7.0,2.0,,,,,,
forschungsanlieg,False,,,,1.0,,,,,,,,,,,,,,,,,,,,,,,,
forschungsdat,False,,,,2.0,,,,,,,,,,,,1.0,,,,,1.0,,,,,,,
forschungsdatacentrum,False,,,,1.0,,,,,,,,,,,,,,,,,,,,,,,,
forschungsdaten,False,,,,,,,,,,,,,,,,,,,,,1.0,,,,,,,
forschungsdatenstelle,False,,,,1.0,,,,,,,,,,,,,,,,,,,,,,,,
forschungsdatenzentr,False,,,,1.0,,,,,,,,,,,,,,,,,,,,,,,,
forschungsdatenzentrum,False,,,,12.0,,,2.0,,,,,,,,,,,,,,6.0,,,,,,,
forschungsdatenzugang,False,,,,,,,,,,,,,,,,1.0,,,,,,,,,,,,
forschungseinrichtung,False,,,,,,,,1.0,,,,,,,,,,,,,,,,,,,,
forschungsfeld,False,,,,,,,,,,,,,1.0,,,,,,,,,,,,,,,
forschungsfrag,False,,,,1.0,,,,,,,,,,,,,,,,,,,,,,,,
forschungsfrage,False,,,,1.0,,,,,,,,,,,,,,,,,,,,,,,,
forschungsinstitut,False,,,,2.0,,,,,,,,,,,,,,,,,,,,,,,,
forschungskräfte,False,,,,1.0,,,,,,,,,,,,,,,,,,,,,,,,
forschungsmäßig,False,,,,,,,1.0,,,,,,,,,,,,,,,,,,,,,
forschungsproblem,False,,,,1.0,,,,,,,,,,,,,,,,,,,,,,,,
forschungsthema,False,,,,,,,,,,,,,1.0,,,,,,,,,,,,,,,
forschungswiegesellschaft,False,,,,,,,,,,,,,,,,1.0,,,,,,,,,,,,
forschungszentrum,False,,,,,,,,,,,,,,,,,,,,,2.0,,,,,,,
forschungszweck,False,,,,,,,,,,,,,1.0,,,,,,,,,,,,,,,
forschungszweig,False,,,,1.0,,,,,,,,,,,,,,,,,,,,,,,,
forst,False,,,,,,,,,,,,,,,,1.0,,,,,,,,,,,,
fort,False,2.0,5.0,3.0,3.0,,,4.0,2.0,2.0,,,1.0,5.0,,3.0,1.0,,2.0,1.0,3.0,12.0,2.0,1.0,2.0,1.0,1.0,1.0,
fortführen,False,,,,,,,,,,,,3.0,,,,,,,,,,,,,,,,
fortführung,False,,,,,,,,,,,,,,,,,,,,,,,1.0,,,,,
fortgeschritten,False,,,,,,,,,1.0,,,,,,,,,,,,,,,,,,,
fortlaufend,False,,,2.0,,,,,,,,,,,,,,,,,,,,,,,,,
fortschreiben,False,,,,,,,,,,,,,,,,,,,,,,1.0,,,,,,
fortschreibung,False,,,,,,,,,,,,,,,,,,,,,2.0,,,,,,,
fortschritt,False,,,,2.0,,,3.0,1.0,1.0,,1.0,,,,,,,,,,,,,,1.0,,,
fortschrittskoalition,False,,,,,,,,,,,,,1.0,,,,,,,,,,,,,,,
fortsetzen,False,,,,,,,,,,,,,,,,,,,1.0,,,2.0,1.0,,,,,
fortsetzung,False,,,,,,,,,,,,,,,,,,,,,4.0,2.0,,,,,,
fortwall,False,,,,,,,,,,,,,,,,,,,,,2.0,,,,,,,
forum,False,,3.0,,,2.0,,1.0,,,,,,,,,1.0,,,,,,,,,1.0,,,
forward,False,,,,,,,,,,,,,,,,,,,1.0,,,,,,,,,
fostem,False,,,,,,,,,,,,,,,,,,,,,,,,,,,,1.0
foto,False,1.0,8.0,,,,1.0,,,,,,,,,,,,,,,,,,,,1.0,3.0,
fotoaktion,False,,1.0,,,,,,,,,,,,,,,,,,,,,,,,,,
fotoaktionen,False,,3.0,,,,,,,,,,,,,,,,,,,,,,,,,,
fotografie,False,1.0,,,,,,,,,,,,,,,,,,,,,,,,,,,
fotografieren,False,,,,,,,,,,,,,,,,,1.0,,,,,,,,,,,
fotosensor,False,,,,,,,,,,,,,,,,,,,,,,,1.0,,,,,
fotze,False,,,,,,1.0,,,,,,,,,,,,,,,,,,,,,,
foundation,False,,,,,,,,,,,,,,1.0,,1.0,,,,,,,,,,2.0,,
four,False,,,,,,,1.0,,,,,,,,,,,,,,,,,,,,,
foxglove,False,,,,,,,,,,,,,,,,,,,,,,2.0,,,,,,
fpga,False,,,,,,,,,,,,,,,,,,,,,,,,1.0,,,,
fpö,False,,,,,,,,,,,,,,,,,,,,,,,,,,6.0,,
fra,False,,,,,1.0,,,,,,,,,,,,,,,,,,,,,,,
frabericht,False,,,,,1.0,,,,,,,,,,,,,,,,,,,,,,,
frag,False,,,,1.0,,,,,,,,,,10.0,,,,,1.0,,2.0,,,,,1.0,,
fragdenstaat,False,,,,,,,,,,,,,,2.0,,,,,,,,,,,,,,
frage,False,34.0,13.0,13.0,71.0,13.0,17.0,35.0,16.0,19.0,16.0,5.0,33.0,19.0,12.0,25.0,7.0,10.0,33.0,17.0,33.0,60.0,23.0,21.0,6.0,11.0,15.0,11.0,18.0
fragebogen,False,,,2.0,,,,,,,,,,,,,,,,,,,,,,,,,
frageböge,False,,,1.0,,,,,,,,,,,,,,,,,,,,,,,,,
fragen,False,7.0,9.0,11.0,24.0,4.0,7.0,11.0,,12.0,3.0,,22.0,11.0,5.0,10.0,5.0,5.0,10.0,9.0,7.0,22.0,10.0,2.0,9.0,4.0,14.0,12.0,6.0
fragenkatalog,False,,,1.0,,,,,,,,1.0,,,,,,,6.0,,,,,,,,,,
fragenkataloge,False,,,,,,,,,,,,,,,,,,1.0,,,,,,,,,,
fragenliste,False,,,,,,1.0,,,,,,,,,,,,,,,,,,,,,,
fragerunde,False,,,,,,1.0,,,,,,,,,,,,3.0,,,,,,,,,,
fragesteller,False,,,,,,1.0,,,1.0,,,,,,,,,,,,,,,,,,,
fragestellung,False,,,,2.0,,,,,,,,,,,,,,1.0,,,,,,,,,,
fragezeichen,False,,,,,,,,,,,,,,,,1.0,,,,,,,,,,,,
fraglich,False,,,,,,,,,,,,,,,,,,,1.0,,,,,,1.0,,,
fragn,False,,,,,,,,1.0,,,,,,,,,,,,,,,,,,,,
fragsen,False,,,,,,,,,1.0,,,,,,1.0,,,,,,,2.0,,,,,,1.0
fragst,False,,,,1.0,,,1.0,,,,,,,,,,,,,,,,,,,,,
fragwürdig,False,,,,,,1.0,,,,,,3.0,,,,,,,1.0,,,1.0,,,1.0,1.0,,
fraktion,False,,,,3.0,1.0,13.0,,,1.0,,1.0,1.0,,,2.0,,,20.0,12.0,,,1.0,,,,,,
fraktionssitzung,False,,,,,,,,,,,,,,,,,,,3.0,,,,,,,,,
fraktionsstatus,False,,,,,,,,,,,,,,,,,,2.0,,,,,,,,,,
fraktionsvorsitzende,False,,,,,,,,,,,,,,,,,,,1.0,,,,,,,,,
frame,False,,,,,,,,,,,,,,,,,,,,1.0,,,,1.0,,,,
framen,False,,,,,,,,,,,,,,,,,,,,2.0,,,,,,,,
framework,False,2.0,,,,,,,,,,,,,,,,,,,4.0,,,,,,,,
framing,False,,1.0,,,,,,,,,,,,,1.0,,,,,,,,,,,,,
francisco,False,,,,,,,,,,,,1.0,,,,,,,,,,,,,,,,
frank,False,1.0,,,,,,,,,,,,,,,,,,,,2.0,,,,,,,
frankenhofen,False,1.0,,,,,,,,,,,,,,,,,,,,,,,,,,,
frankfurt,False,,,,1.0,,3.0,,,,,,,,,1.0,,,,,,,,,,,1.0,,
frankreich,False,,,,,2.0,,,,1.0,,,,,,15.0,2.0,,,1.0,,3.0,,,,,1.0,,
franziska,False,,,,,,,,,,,,,,4.0,,,,,,,,,,,,,,
franzose,False,,,,,,,,,,,,,,,,1.0,,,,,,,,,,,,
französisch,False,,,,,,,,1.0,,1.0,,,,,2.0,,,,,,,,,,,,,
französische,False,,,,,,,,,,,,,,,,,,,,,,,,,,,,1.0
frau,False,1.0,3.0,,,2.0,1.0,,2.0,,,,7.0,,,,,1.0,6.0,,,4.0,3.0,,,1.0,,,2.0
frauenarzt,False,,,,1.0,,,,,,,,,,,,,,,,,,,,,,,,
frauenquotum,False,1.0,,,,,,,,,,,,,,,,,,,,,,,,,,,
fraustunde,False,,,,,,,,,,,,,,,,,,,1.0,,,,,,,,,
frech,False,,,,,1.0,,,,,,,,,,,,,,,1.0,,,,,,,,
frechheit,False,,,,,1.0,,,,,,,,,,,,,,,,,,,,,,,
free,False,,,,,,,,,,,,,,,,,,,,,,4.0,,,,,,
freema,False,,,,,,,,,,,,,,,,,1.0,,,,,,,,,,,
freest,False,,,,,,,,,,,,,,,1.0,,,,,,,,,,,,,
freeze,False,,,,,,,4.0,,,,,,,,12.0,,,,,,2.0,,,,,,,
frei,False,13.0,2.0,2.0,,,2.0,1.0,,1.0,,,2.0,,5.0,2.0,,,2.0,,3.0,1.0,4.0,1.0,,1.0,8.0,,
freiberuflich,False,,,,,,,,,,,,,,,1.0,,,,,,,,,,,,,
freieißrecht,False,,,,,,,,,,,,,,,,,,,1.0,,,,,,,,,
freifunk,False,,,,,,,,,,,,,,,,,,1.0,,,,,,,,,,
freigabe,False,,,,,,1.0,,,,,,,,,,,,,,,,,,,,,,
freigeben,False,,,,2.0,1.0,,,,,,,,,,,,,,,,,,,,,,,
freiheit,False,7.0,1.0,1.0,,1.0,,,,1.0,,,1.0,,,1.0,,,1.0,,,,,,,,1.0,,
freiheitlich,False,,,,,,,,,,,,,,,,,,,,,,,,,,,1.0,
freiheitsfonds,False,,,,,,,,,,,,,,2.0,,,,,,,,,,,,,,
freiheitskommission,False,,,,,,,1.0,,,,,,,,,,,,,,,,,,,,,
freiheitsrecht,False,,,,1.0,,1.0,,,,,,,,,,4.0,,3.0,,1.0,,,1.0,,,,,
freiheitsstatue,False,3.0,,,,,,,,,,,,,,,,,,,,,,,,,,,
freiheitsstrafe,False,,,,,,,,,,,,,,1.0,1.0,,,,,,,,,,,,,
freikaufe,False,,,,,,,,,,,,,,1.0,,,,,,,,,,,,,,
freikaufen,False,,,,,,,,,,,,,,3.0,,,,,,,,,,,,,,
freim,False,,,,1.0,,,,,,,,,,,,,,,,,,,,,,,,
freiraum,False,,,,,,,,1.0,,,,,,,,,,,,,2.0,,,,,,,
freischaffend,False,,,,,,,,,,,,1.0,,,,,,,,,,,,,,,,
freischalten,False,,,,,,,,,,,,,1.0,,,,,,,,,,,,,,,
freispruch,False,,,,,1.0,,,,,,,,,,,,,,,,,,,,,,,
freistellen,False,,,,,,,,,1.0,,,,,,,,,,,,,,,,,,,
freiwillig,False,,,,,1.0,,,,,,,,,1.0,,,,,,,,,,6.0,,,,1.0
freiwillige,False,,,,,,,,,,,,,,,,,,,,,,,,3.0,,,,1.0
freiwilligkeit,False,,,,,,,,,,,,,,,,,,,,,2.0,,,,,,,
freizeit,False,,,,,,,,2.0,,,,,,,,,,,,,,,,,,1.0,,
freizügig,False,,,,,,,,,,,,,1.0,,,,,,,,,,,,,,,
fremd,False,,1.0,,,,,,,,,,1.0,,,,,,,,,,,,,,,,
fremdsprach,False,1.0,,,,,,,,,,,,,,,,,,,,,,,,,,,
fremdsprachlichen,False,1.0,,,,,,,,,,,,,,,,,,,,,,,,,,,
fressen,False,,,,,,,,,,,,,,,,,,,,,1.0,,,,,,,
freude,False,2.0,,,,,,,,,,,1.0,,,,,,,1.0,1.0,,,,,,,,
freuen,False,1.0,,3.0,1.0,1.0,,3.0,3.0,2.0,3.0,1.0,2.0,,1.0,1.0,1.0,,1.0,4.0,1.0,,2.0,2.0,,3.0,4.0,,2.0
freund,False,,1.0,1.0,,,,,,,,,2.0,1.0,,1.0,,,,,,6.0,,,,,,,
freundin,False,,1.0,,,,,,,,,,,,1.0,,,,,,,,,,,,,,
freundlich,False,2.0,1.0,1.0,,,,,,,,1.0,,,,,1.0,,,1.0,,,,,,,,,
freundlichen,False,,,,,,,,,,,,,,,,,,,,,,,,,,,1.0,
freundlicherweise,False,,,,,,,,,,,,,,,,,,,,,,,,,,,,1.0
freundlichkeit,False,,,,,,,,,,,,,,,,,,,,2.0,,,,,,,,
freusen,False,,,,,,,,,1.0,,,,,,,,,,,,,,,,,,,
fridays,False,,,,,,,,,,,,,,,,,,,1.0,,,,,,,,,
frieden,False,,,,,1.0,,,,,,,,,,,,,,,,,,,,,,,
friemeln,False,1.0,,,,,,,,,,,,,,,,,,,,,,,,,,,
friend,False,,1.0,,,,,,,,,,,,,,,,,,,,,,,,,,
friends,False,,1.0,,,,,,,,,,,,,,,,,,,,,,,,,,
frisch,False,,,,,,,1.0,,2.0,,1.0,,,,,,,1.0,,,,,,,,,,
frissen,False,,,,,,,,,,,,,,,,,,,,,,,,,,,1.0,
frist,False,,,1.0,,1.0,1.0,,,,,,,,,,1.0,1.0,1.0,4.0,,,,1.0,,,,,3.0
fritz,False,,,,,,,,,,,,,,,,,,,,,,,,1.0,,,,
froh,False,,,,,2.0,,1.0,,,,1.0,,,,1.0,,,,1.0,,1.0,4.0,1.0,,1.0,,,2.0
frohes,False,,,,,,,,,,,,,,,,,,,,,1.0,,,,,,,
from,False,,,,,,,,,,,,1.0,,,,,,,,,,,,,,,,
front,False,,,,,,,,,,,1.0,,,,,1.0,,,,,,,,,,,,
frontdoor,False,,,,,,,,,,,,,,,,,,,,,4.0,,,,,,,
frontier,False,,,,,,,,,,,,,,,,1.0,,,,,,,,,,1.0,,
frostcon,False,,,,,,,,,,,,,,,,,,,,,,,1.0,1.0,,,,
frostkorn,False,,,,,,,,,,,,,,,,,,,,,,,,1.0,,,,
frucht,False,,,,,,,,1.0,,,,,,,,,,,,,,,,,,,,
frust,False,,,,,,,,,2.0,,,,,,,,,,4.0,,,,,,,,,
frustfrage,False,,,,,,,,,,,,,,,,,,,1.0,,,,,,,,,
frustration,False,,,,,,,,,,,1.0,,,,,,,1.0,,,,,,,,,,
frustrieren,False,,,,,,,,,,,,,,,,,,1.0,1.0,,,,,,,,,
frustrierend,False,1.0,,,,,1.0,,,,,,,,2.0,,,,2.0,3.0,,,,,,,,1.0,
frustriert,False,,,,,,,,,,,,,,1.0,,,,,,,,,,,,,,
fräulein,False,,,,,,,,,,,,,,,,,,1.0,,,,,,,,,,
fröhlich,False,,,,,,,1.0,,,,,,1.0,,,,,,,1.0,,,,,,,,
fröhliche,False,,,,,,,,,,,,,,,,,,,,,,,,,,,1.0,
fröhlichkeit,False,2.0,,,,,,,,,,,,,,,,,,,,,,,,,,,
früh,True,3.0,5.0,2.0,1.0,7.0,1.0,7.0,6.0,5.0,3.0,3.0,11.0,1.0,2.0,6.0,2.0,3.0,3.0,1.0,2.0,2.0,2.0,1.0,5.0,2.0,2.0,13.0,3.0
frühjahr,False,,,,,,,1.0,,,2.0,,,,,,,,,,,,,,,,,,
frühkindlich,False,1.0,,,,,,,,,,,,,,,,,,,,,,,,,,,
frühsommer,False,,,,,,,1.0,,,,,,,,,,,,,,,,,,,,,
frühwarnsystem,False,,,,,,,,,,,,,,,,,,,,,,,,,,1.0,,
frühzeitig,False,,,,,,,,,,,2.0,,,,,,,,,,,,,,,,1.0,
fuck,False,1.0,2.0,1.0,,,,,,,,,,,,,,,,,,2.0,,,,,,,
fucked,False,,,,,,,,,1.0,,,,,,,,,,,,,,,,,,,
fucking,False,,,,,1.0,,,,,,,1.0,,,,,,,,,,,,,,,,
fug,False,,,,,,,,,,,,,,,,,,,,1.0,,,,,,,,
fullscreen,False,,,,,,,,,,,,,,,,,,,,,,,,1.0,,,,
fummeln,False,,1.0,,,,,,,,,,,,,,,,,,,,,,,,,,
fun,False,1.0,,,,,,,,,,,,,,,,,,,,,,,,,,,
fund,False,,,,,,,3.0,,,,,,,,,,,,,,2.0,,,,,,,
fundament,False,,,,,,,,,,,,,,1.0,,,,,,,,,,,,,,
fundamental,False,,,,,,,1.0,,2.0,,,,,,,,,,,,,,,,,,,
fundamentalkritik,False,,,,,,,,,,,1.0,,,,,,,,,,,,,,,,,
fundieren,False,,,,,,,,,,,,,,,,,,,,,,,,,,1.0,,1.0
fundiert,False,,,,,,,,,,,,,,,,,,,,,,,,,,,,1.0
funfact,False,,,,,,,,,,,,,,,,,,,,,2.0,,,,,,,
funfacts,False,,,,,,,,,,,,,,,,,,,,,,,,1.0,,,,
fungieren,False,1.0,,,,,,,,,,,,,,,,,,,,,,,,,,,
funken,False,1.0,,,,,,,,,,,,,,,,,,,,,,,,,,,
funkt,False,,,,,,1.0,,,,,,,,,,,,,,,,,,,,,,
funktion,False,1.0,3.0,3.0,1.0,1.0,1.0,,,1.0,,,1.0,1.0,,1.0,,,,,,,,1.0,1.0,,,3.0,3.0
funktioniere,False,1.0,,,,,,,,,,,,,,,,,,,,,,,,,,,
funktionieren,False,16.0,10.0,13.0,11.0,7.0,2.0,10.0,16.0,3.0,5.0,8.0,2.0,8.0,5.0,2.0,11.0,1.0,2.0,9.0,6.0,14.0,14.0,4.0,9.0,2.0,10.0,9.0,2.0
funktionierend,False,,,1.0,,,,1.0,,4.0,,,,,,,,,,,1.0,,,,,,,,
funktioniert,False,,,,,,,,,,,,,,,,,1.0,,,,,,,,,,,
funktionsträger,False,,,,,,6.0,,,,,,,,,,,,,,,,,,,,,,
funktionsweis,False,,,,,,,,,,1.0,,,,,,,,,,,,,,,,,,
funktionsweise,False,,,,,,,1.0,,,,,,,,,,,,,,,,,,,,,
funkzelle,False,,,,,,,,,,,,,,,3.0,,,,,,,,,,,,,
furchtbar,False,,1.0,,,,1.0,1.0,,,,,,,1.0,,,,,1.0,,,1.0,,,,,,
furore,False,,,,,,,,,,,,,,,,,,,,,,2.0,,,,,,
futterkorb,False,1.0,,,,,,,,,,,,,,,,,,,,,,,,,,,
future,False,,,,,,,,,,,,,,,,,,,2.0,,,,,,,,,
futuristisch,False,,,,,,,,,,,,,,,,,,,,,,,1.0,,,,,
fuß,False,1.0,,,1.0,,1.0,,,,,,1.0,1.0,,,,,,1.0,3.0,,,,,1.0,,,
fußball,False,,,,,,,1.0,,,,,,,,,,,,,,,,,,,,,
fußlich,False,,,,,,,1.0,,,,,,,,,,,,,,,,,,,,,
fußnote,False,,,,,,,,,,,,,,,,,,1.0,,,,,,,,,,
fußverstauchung,False,1.0,,,,,,,,,,,,,,,,,,,,,,,,,,,
fynn,False,,,,,1.0,,,,,,,,,,,,,,,,,,,,,,,
fächern,False,,,,,,,,,,,,,,,,,,,,,,,,,,,,1.0
fähig,False,,,,,,,,,,,,1.0,,,,,,,,,,2.0,,,1.0,,,
fähigkeit,False,1.0,,,,,,,,,,,3.0,,,,,,,,,,,,,,,,
fähr,False,,,,,1.0,,,,,,,,,,,,,,,,,,,,,,,
fähre,False,,,,,,,1.0,,,,,,,,,,,,,,,,,,,,,
fällen,False,,,,,,,,,,,,,,,,,,,,,2.0,,,,,,,
fälschbar,False,,1.0,,,,,,,,,,,,,,,,,,,,,,,,,,
fälschlicherweise,False,,2.0,,,,,,,,,,,,,,,,,,,,,,,1.0,,,
fälschung,False,,,,,,,,,,1.0,,,,,,,,,,,,,,,,,,
fälschungssicher,False,,,,,,,,,,1.0,,,,,,,,,,,,,,,,,,
fänden,False,,,,3.0,,,2.0,,,,,,,,,,,1.0,,,4.0,,,,,,,
fängst,False,1.0,,,,,,,,,,,,,,,,,,,,,,,,,,,
färbung,False,,,,,,,,,,,,1.0,,,,,,,,,,,,,,,,
fäust,False,,,,,,,1.0,,,,,,,,,,,,,,,,,,,,,
föderal,False,,,,,,,2.0,,,,,,,,,1.0,,,1.0,,,,,,2.0,,,1.0
föderalismus,False,,,,,,,,,,,,,,,,,,,,,,,,,,3.0,,
föltern,False,,,,,1.0,,,,,,,,,,,,,,,,,,,,,,,
fördeprogramme,False,,,,,,,,,,,,,,,,,,,1.0,,,,,,,,,
förderlich,False,,,,,,,,,1.0,,,,,,,,,,,,,,,,,,,
fördermitglied,False,,,,,,,,,,,,,,,,,,,,,,,,,,2.0,,
fördermitglieder,False,,,,,,,,,,,,,,,,,,,,,,,,,,3.0,,
fördermitgliedschaft,False,,,,,,,,,,,,,,,,,,,,,,,,,,4.0,,
fördern,False,,,,,,,2.0,,,,,,,,,,,,,,2.0,4.0,,,,,,
förderprogramm,False,,,,,,,1.0,,,,,,,,,,,,,,2.0,,,,,,,
förderung,False,,,,,,,1.0,,,,,,,,,,,,1.0,,4.0,2.0,,,,1.0,,
förderungsmöglichkeit,False,,,,,,,1.0,,,,,,,,,,,,,,,,,,,,,
förmlich,False,,,,,,,1.0,,,,,,,,,,,,,,,,,,,,,
förmt,False,,,,1.0,,,,,,,,,,,,,,,,,,,,,,,,
förtner,False,,,,,,,,,,,,,,,,,,,,,,,,1.0,,,,
fügen,False,,,,,,,1.0,,3.0,,,1.0,,,,,,,,,,,,,,,,
fühlen,False,,1.0,1.0,,,3.0,4.0,1.0,1.0,2.0,3.0,3.0,1.0,2.0,3.0,1.0,2.0,,,2.0,4.0,,3.0,1.0,,2.0,1.0,
fühlend,False,,,,,,,,,,,,,,,1.0,,,,,,,,,,,,,
fühlt,False,,,,,,,,,1.0,,,,,,,,,,1.0,,,,,,,,,
führen,False,1.0,5.0,7.0,7.0,9.0,2.0,4.0,5.0,2.0,,1.0,1.0,8.0,4.0,2.0,,1.0,,7.0,13.0,19.0,18.0,1.0,1.0,4.0,8.0,6.0,5.0
führer,False,,,,,1.0,,,,,,,,,,,,,,,,,,,,,,,
führerschein,False,,,,,,,,,2.0,,,,,,,,,,,,,,,,,,,
führung,False,,,,,,1.0,,,,1.0,,,,,,,,,,,,,,,1.0,,,
führungsperson,False,,,,,,,,,,,,,,,,,,,,,,,,,,1.0,,
fülle,False,,,,,,,,,,,,,,,1.0,,,,,,,,,,,,,1.0
füllen,False,,,,,,,,,,,,,,,,1.0,1.0,,,,,,,,,,,
fündig,False,,,1.0,,,,,,,,,,,,,,,,,,,,,,,,,
fünf,True,,4.0,4.0,2.0,2.0,1.0,1.0,1.0,,,2.0,1.0,,,,4.0,,4.0,5.0,,6.0,1.0,1.0,2.0,1.0,1.0,2.0,2.0
fünfhundert,False,,,1.0,,,,,,,,,,,,,,,,,,,,,,,,,
fünfstellig,False,,,,,,,,,,,,,,,2.0,,,,,,,,,,,,1.0,
fünfter,True,,,,,,1.0,1.0,,,,,,,,,,,,,,,,,,,1.0,,
fünfundsiebzig,False,,,1.0,,,,,,,,,,,,,,,,,,,,,,,,,
fünfäh,False,,,,,,1.0,,,,,,,,,,,,,,,,,,,,,,
für,True,78.0,65.0,56.0,80.0,58.0,32.0,73.0,47.0,43.0,53.0,36.0,49.0,54.0,45.0,100.0,53.0,44.0,33.0,63.0,77.0,192.0,74.0,28.0,46.0,42.0,79.0,79.0,57.0
fürchten,False,,1.0,,,,,1.0,,,1.0,,2.0,,,,,,,,2.0,,,,,,,,
fürchterlich,False,,,2.0,,,,,,,,,,,,,,,,,1.0,2.0,1.0,,,,1.0,,
fürchtig,False,,,,,,,1.0,,,,,,,,,,,,,,,,,,,,,
fürsprecher,False,,,,,,,,,,,,,,,,,,,1.0,,,,,,,,,
füttern,False,1.0,,,,,,,,,,,,,,,,,,,,,3.0,,2.0,,,,
g,False,,,,,,,2.0,,,,,,,,,,,,,,6.0,,,,,,,
gab,True,,,,,,,,,1.0,,,1.0,,,1.0,1.0,,,,,,,,,,,,
gabs,False,1.0,,,,,,,,,,,,,,,,,,,,,,,,,,,
gafam,False,,,,,,,,,,,,,,,,,1.0,,,,,,,,,,,
gag,False,,,,,,,,,,,,,,,,,,,,,,,,2.0,,,,
gail,False,,,,,,,,1.0,,,,,,,,,,,,,,,,,,,,
galore,False,,,,,,,,,,,,,,,,,,,1.0,,,,,,,,,
game,False,,,,,,,,1.0,,,,,,,,,,,,,,,,,,,,
gameboy,False,1.0,,,,,,,,,,,,,,,,,,,,,,,,,,,
gamer,False,1.0,,,,,,,,,,,,,,,,,,,,,,,,,,,
games,False,1.0,,,,,,,,,,,,,,,,,,,,,,,1.0,,,,
gamifizierung,False,,,,,,,,,,,,,,,,,,,,,,,,,,1.0,,
gang,False,,,,,,,,,,,,,,,,,,,,,,,,,,,,2.0
ganz,True,56.0,73.0,49.0,56.0,46.0,45.0,73.0,40.0,46.0,39.0,44.0,77.0,40.0,34.0,45.0,35.0,29.0,21.0,43.0,41.0,162.0,52.0,27.0,42.0,35.0,60.0,77.0,22.0
ganze,True,,5.0,4.0,2.0,,,2.0,2.0,4.0,1.0,4.0,2.0,,1.0,1.0,2.0,1.0,,,1.0,2.0,,1.0,2.0,1.0,7.0,4.0,1.0
ganzen,True,,,,,,,,,,,,,,,,,,,,,,,,,,,1.0,
gap,False,1.0,,,,,,,,,,,,,,,,,,,,,,,,,,,
gar,True,22.0,28.0,12.0,18.0,12.0,21.0,14.0,14.0,8.0,7.0,6.0,18.0,14.0,10.0,18.0,8.0,18.0,11.0,12.0,14.0,36.0,34.0,9.0,4.0,8.0,14.0,16.0,6.0
garantieren,False,,,,,,,1.0,,,,,,,,,,,,,,2.0,,,,,,,
gas,False,,,1.0,,,,1.0,,,,,,,,,,,,,,,,,,,,,
gasen,False,,,,,,,,,,,,,,,,,,,,,,1.0,,,,,,
gasleitung,False,,,,,,,,,,,,1.0,,,,,,,,,,,,,,,,
gaspedal,False,,,,,,,1.0,,,,,,,,,,,,,,,,,,,,,
gast,False,1.0,1.0,,,1.0,,,3.0,1.0,,,1.0,,1.0,,,2.0,3.0,1.0,1.0,1.0,2.0,1.0,1.0,,2.0,,1.0
gastprofessorin,False,,,,,,,,,,,,,,,,,,,,,,2.0,,,,,,
gated,False,,1.0,,,,,,,,,,,,,,,,,,,,,,,,,,
gazette,False,,,,,,,,,,,,,,,,1.0,,,,,,,,,,,,
geantwortet,False,,,,,1.0,,,,,,,,,,,,,,,,,,,,,,,
geartet,False,,,,,,,,,,,,,,,,,,,,,,,,1.0,,,,
geben,True,62.0,91.0,77.0,155.0,107.0,40.0,84.0,90.0,92.0,55.0,40.0,124.0,78.0,36.0,107.0,62.0,41.0,48.0,68.0,106.0,125.0,157.0,39.0,67.0,35.0,87.0,95.0,80.0
gebiet,False,,,,,,,2.0,,,,,1.0,1.0,,,,,,,,,3.0,1.0,,,,,
gebilde,False,,,,,,,,,,,,,,,,,,,1.0,,,,,,,,,
gebittwebseit,False,,,,,,,1.0,,,,,,,,,,,,,,,,,,,,,
gebot,False,,,,,,,,,,2.0,,,,,,,,,,,,,,,,,,
geboten,False,,,,,,,,,,,,,,,,,,1.0,,,,,,,,,,
gebrannt,False,,,,,,,,,,,,,,1.0,,,,,,,,,,,,,,
gebrauchtkleidung,False,,,,,,,,,,,,,1.0,,,,,,,,,,,,,,,
gebrechen,False,1.0,,,,,,,,,,,,,,,,,,,,,,,,,,,
gebräuchlich,False,,,,,,,,,,,,,,,,,1.0,,,,,,,,,,,
geburt,False,,,,,,,,,,,,1.0,,,,,,,,,,,,,,,,
geburtsdatum,False,,,,,,,1.0,,,,,,,,,,,,,,,,,,,,,
geburtsort,False,,,,,,,1.0,,,,,,,,,,,,,,,,,,,,,
gebärdendolmetscherin,False,1.0,,,,,,,,,,,,,,,,,,,,,,,,,,,
gebärdensprachdolmetscherin,False,3.0,,,,,,,,,,,,,,,,,,,,,,,,,,,
gebärdensprache,False,3.0,,,,,,,,,,,,,,,,,,,,,,,,,,,
gebären,False,1.0,,,,,,1.0,,,,,1.0,,,,,,,,,,,,,,,,
gebäude,False,,1.0,,,,,,,,3.0,,,,,,,,,,,,,,3.0,3.0,,,
gebühr,False,,,,,,,,,,,,,,,,,2.0,,,,,,,,,,2.0,
gebühren,False,,,,,,,,,,,1.0,,,,,,,,,,,,,,,,,
gebürtig,False,,,,,,,,,,,,1.0,,,,,,,,,,,,,,,,
gecrawled,False,,,,,,,,,,,,,,,,,,,,,,,,,,,2.0,
gedanke,False,4.0,6.0,,1.0,3.0,,4.0,1.0,4.0,1.0,,1.0,2.0,,1.0,,1.0,,2.0,1.0,2.0,,1.0,,,,5.0,1.0
gedankenexperiment,False,1.0,,,,,,,,,,,,,3.0,,,,,,,,,,,,,,
gedankensträng,False,,,,,,,,,,,,,,,,,,,,,,1.0,,,,,,
gedankenübung,False,,,,,,,,,,,,,,1.0,,,,,,,,,,,,,,
gedanklich,False,,,,,,,,1.0,,,,,,,,,,,,,,,,,,,,
gedicht,False,1.0,,,,,,,,,,,,,,,,,,,,,,,,,,,
gedoppelt,False,,,,,,,,,,,,,,,,,,1.0,,,,,,,,,,
gedoxt,False,,,,,,,1.0,,,,,,,,,,,,,,,,,,,,,
gedrängt,False,1.0,,,,,,,,,,,,,,,,,,,,,,,,,,,
geduldig,False,1.0,1.0,1.0,,1.0,,,2.0,,,,,,,1.0,,,,,,,,,,,,,
gedächtnis,False,,,,,,,,,,,,,,,,,,,,,,,,,,1.0,,
gedächtnisbild,False,,,,,,1.0,,,,,,,,,,,,,,,,,,,,,,
gedöns,False,,,,,,,,,,,,,,,,,,,,,,,,,2.0,,,
geehrt,False,,,,,,,,,,,,,,,,,,,,,,,,,,1.0,,
geeignet,False,,1.0,,1.0,,,,1.0,,,,,1.0,,,,,1.0,,1.0,,,,,,,,
gefahr,False,1.0,1.0,2.0,1.0,1.0,,,,3.0,1.0,,,4.0,,1.0,2.0,,,,,2.0,,,,1.0,3.0,,
gefangen,False,,,,,1.0,,,,,,,,,,,,,,,,,,,,,,,
gefecht,False,1.0,,,,,,,,,,,,,,,,,,,,,,,,,,,
gefestigt,False,,,,,,,,1.0,,,,,,,,,,,,,,,,,,,,
gefiltert,False,,,,,,,,,,,,,,,,,,,,,,,,,,,1.0,
geflohen,False,,,,,,,,,,,,,2.0,,,,,,,,,,,,,,,
geflüchtet,False,,,,,,,,,,,,,4.0,,,,,,,,,,,,,,,
geflüchtete,False,,,,,,,,,,,,,1.0,,,,,,,,,,,,,,,
geflüchteten,False,,,,,,,,,,,,,4.0,,,,,,,,,,,,,,,
geflüchtetenwelle,False,,,,,,,,,,,,,,,,,,,,,,,,,1.0,,,
geflüchtetenzahl,False,,,,,,,,,,,,,1.0,,,,,,,,,,,,,,,
geflüchteter,False,,,,,,,,,,,,,9.0,,,,,,,,,,,,,,,
geframed,False,,,,,,,1.0,,1.0,,,,,,,,,,,1.0,,,,,,,,
gefähiger,False,,,,,,,,1.0,,,,,,,,,,,,,,,,,,,,
gefährden,False,,3.0,,,,,1.0,,,,,,,,,,,,,1.0,4.0,,,,,,,
gefährdung,False,,,,,,,,,,,,,,,1.0,,,,,1.0,,,,,,,,
gefährlich,False,,5.0,,,,,,1.0,1.0,1.0,,1.0,1.0,,2.0,1.0,,,,,,2.0,,,,1.0,1.0,
gefällen,False,1.0,,,,,1.0,,,,,,,,,,,,,1.0,1.0,,,,,,1.0,,
gefälligst,False,,,,,1.0,,,,,,,,,,,,,,,,,,,,,,,
gefängnis,False,,1.0,1.0,,,,,,,,,,,7.0,,,,,,,,,,,,,,
gefängnisleitung,False,,,,,,,,,,,,,,1.0,,,,,,,,,,,,,,
gefängniszelle,False,,4.0,,,,,,,,,,,,,,,,,,,,,,,,,,
gefärbt,False,,1.0,,,,,,,,,,,,,,,,,,,,,,,,,,
gefügig,False,,,,,,,,,,,,,,,,,,,,,,,,,,1.0,,
gefühl,False,2.0,1.0,2.0,4.0,,1.0,5.0,1.0,,1.0,3.0,4.0,1.0,2.0,2.0,9.0,,4.0,4.0,1.0,6.0,2.0,4.0,1.0,2.0,,,
gefühlig,False,,,,,1.0,,,,,,,,,,,,,,,,,,,,,,,
gefühlt,False,,,,,,,,,,,,,,,,,,,,,,,,1.0,,,,
gegeben,False,,,,,1.0,,,,,,,,,,,,,,,,,,,,,,,
gegebenenfalls,False,,,,,,,,1.0,,,,,,,,,1.0,,1.0,1.0,,,,,2.0,,,
gegebenheit,False,,,,,,,,,,,,,,,,,,1.0,,1.0,,,,,,,,
gegen,True,3.0,10.0,9.0,7.0,36.0,2.0,10.0,1.0,1.0,7.0,4.0,17.0,9.0,12.0,12.0,4.0,1.0,1.0,4.0,4.0,25.0,5.0,7.0,1.0,,9.0,10.0,5.0
gegenargument,False,,,,1.0,,,,,,,,,,,,,,2.0,,,,,,,,1.0,,
gegenbeispiel,False,,,,1.0,,,,,,,,1.0,,,,,,,,,,,,,,,,
gegend,False,,,1.0,,,,,,,,,,,,,,1.0,,,,,,,1.0,1.0,,,
gegeneinander,False,,,,,1.0,,,,,,,,,,,,,,,,,,,,,,,
gegenentwurf,False,,,,,,,,,,,1.0,,,,,,,,,,,,,,,,,
gegengehalten,False,,,,,,,,,,,,1.0,,,,,,,,,,,,,,,,
gegengetreten,False,,,1.0,,,,,,,,,,,,,,,,,,,,,,,,,
gegenliebe,False,,,,,,,,,,1.0,,,,,,,,,,,,,,,,,,
gegenmaßnahme,False,,,,,,,,,,,,,,,,,,,,,,,1.0,,,,1.0,
gegenmodell,False,,,,,,,1.0,,,,,,,,,,,,,,,,,,,,,
gegensatz,False,,1.0,,,,,,,,,,,,,,1.0,1.0,,,,,,1.0,1.0,,,,
gegenseite,False,,,,,1.0,,,,1.0,,,,,,,,,,,,,,,,,,,
gegenseitig,False,,2.0,,1.0,,,,,1.0,,1.0,,,,,,,,1.0,,,,,,,1.0,,
gegenstimme,False,,,,,,,1.0,,,,,,,,,,,,,,,,,,,,,
gegenteil,False,,1.0,,,1.0,,1.0,,1.0,1.0,,,,2.0,,1.0,,1.0,,,2.0,1.0,,,,1.0,1.0,1.0
gegenteilig,False,1.0,,,,,,,,,,,,,,,,,,,,,,,,,,,
gegenvorratsdatenspeicherung,False,,,,,,,,,,,,,,,1.0,,,,,,,,,,,,,
gegenvorschlag,False,,,,,,,,,,1.0,,,,,,,,,,,,,,,,,,
gegenwart,False,,,,,1.0,,,,,,,,,,,,,,,,,1.0,,,,,,
gegenwehr,False,,,,,,,,,,,,,,,,,,,,,,,,,,,1.0,
gegenwehrt,False,,,,,,,,,1.0,,,,,,,,,,,,,,,,,,,
gegenwärtig,False,,,,,,,,,,,,,,,,,,,,,,,,,,,2.0,
gegenüber,True,,3.0,2.0,,2.0,,2.0,,2.0,1.0,,,1.0,2.0,4.0,1.0,5.0,,,5.0,6.0,,,,,1.0,2.0,1.0
gegenüberliegend,False,,,,,,,,,1.0,,,,,,,,,,,,,,,,,,,
gegenüberstehen,False,,,,,,,,,,,,,,,,,,,,,,,,,,1.0,,
gegenüberstellen,False,,,,,,,,,1.0,,,,,,,,,,,1.0,,,,,,,,
gegenüberstellung,False,,,,,,,,,2.0,,,,,,,,,1.0,,,,,,,,,,
gegessen,False,,,,,,1.0,,,,,,,,,,,,,,,,,,,,,,
gegossen,False,1.0,,,,,,,,,,,,,,,,,,1.0,,,,,,,,,
gegriffen,False,,,,,,,,,,,,1.0,,,,,,,,,,,,,,,,
gegründet,False,,,,,1.0,,,,,,,,,,,,,,,,,,,,1.0,,,
geh,False,2.0,,,,,,1.0,,,,,,,,,,,,,,,,,,,,1.0,
gehackt,False,,,,1.0,,,,,,,,1.0,,,,,,,,,,,,,,,,
gehalt,False,,,,,,,,,,,,,,,,,,,,,,,,,,,2.0,
gehasht,False,,1.0,,,,,,,,,,,,,,,,,,,,,,,,,,
geheim,False,,,,2.0,,4.0,1.0,,,,,,,,,,,,,,,,,,,,,
geheimdienst,False,,4.0,,,14.0,12.0,6.0,1.0,7.0,,,2.0,,,2.0,,,1.0,,,2.0,,,,,4.0,,
geheimdienstbehörd,False,,,,,1.0,,,,,,,,,,,,,,,,,,,,,,,
geheimdienstchef,False,,,,,,1.0,,,,,,,,,,,,,,,,,,,,,,
geheimdienstchefin,False,,,,,1.0,,,,,,,,,,,,,,,,,,,,,,,
geheimdienstexpertinn,False,,,,,,1.0,,,,,,,,,,,,,,,,,,,,,,
geheimdienstfreundlich,False,,,,,,1.0,,,,,,,,,,,,,,,,,,,,,,
geheimdienstleuten,False,,,,,,1.0,,,,,,,,,,,,,,,,,,,,,,
geheimdienstmitarbeiter,False,,1.0,,,,,,,,,,,,,,,,,,,,,,,,,,
geheimdienstuntersuchungsausschuss,False,,,,,1.0,,,,,,,,,,,,,,,,,,,,,,,
geheimdienstuntersuchungsausschüsse,False,,,,,1.0,,,,,,,,,,,,,,,,,,,,,,,
geheimdienstwelt,False,,,,,,,,,,,,1.0,,,,,,,,,,,,,,,,
geheimhaltung,False,,,,,,2.0,,,,,,,,,,,,,,,,,,,,,,
geheimhaltungspflicht,False,,,,,,1.0,,,,,,,,,,,,,,,,,,,,,,
geheimnis,False,,3.0,,,,1.0,,,,,,2.0,,,1.0,,,,,,,1.0,,,,1.0,,
geheimnisse,False,,,,,,,,,,,,1.0,,,,,,,,,,,,,,,,
geheimrätetum,False,,,,,,,,,,,,,,1.0,,,,,,,,,,,,,,
geheimthema,False,,,,,,,,,1.0,,,,,,,,,,,,,,,,,,,
geheimtipp,False,,,,,,,,,,,,,,,,,,,,,,,,1.0,,,,
geheimvertrag,False,,,,,3.0,1.0,,,,,,,,,,,,,,,,,,,,,,
gehemmt,False,,,,,,,,,,,,,,,,,,1.0,,,,,,,,,,
gehen,True,53.0,32.0,45.0,53.0,30.0,19.0,32.0,27.0,30.0,35.0,24.0,35.0,19.0,23.0,69.0,23.0,33.0,28.0,45.0,39.0,99.0,24.0,30.0,21.0,15.0,41.0,26.0,17.0
gehirn,False,,,,,1.0,1.0,,,,,,1.0,,,1.0,1.0,,,,,,,,,,,1.0,
gehirngäng,False,,,,,,,,,,,,,,,,,,,,,,,,,,,1.0,
gehorten,False,,,,1.0,,,,,,,,,,,,,,,,,,,,,,,,
gehrig,False,1.0,,,,,,,,,,,,,,,,,,,,,,,,,,,
gehst,False,,,,3.0,1.0,,,,1.0,,,,,,,1.0,,1.0,,1.0,2.0,,,,,1.0,,
gehsteig,False,,,,,,,,,,,,,,,,,,,,1.0,,,,,,,,
gehweg,False,,,,,,,,,,,,,,,,,,,,1.0,,,,,,,,
gehwege,False,,,,,,,,,,,,,,,,,,,,1.0,,,,,,,,
gehäuse,False,,,,,,,,,,,,,,,,,,,,,,,1.0,,,,,
gehör,False,1.0,,,,,,,,,,,,,,,,,,,,,,,,,2.0,,
gehörde,False,,,,,,,,1.0,,,,,,,,,,,,,,,,,,,,
gehören,False,1.0,6.0,5.0,4.0,4.0,4.0,3.0,3.0,18.0,4.0,1.0,5.0,2.0,2.0,1.0,7.0,6.0,1.0,6.0,5.0,12.0,8.0,1.0,4.0,3.0,4.0,1.0,5.0
gehörst,False,,,,,,,,1.0,,,,,,,,,,,,,,,,,,,,
gehörstn,False,,,,,,,,,,,,,,,,,,1.0,,,,,,,,,,
geier,False,2.0,,,,,,,,,,,,,,,,,,,,,,,,,,,
geil,False,4.0,1.0,2.0,1.0,,1.0,3.0,1.0,1.0,,,,3.0,,4.0,,,,,,4.0,,,1.0,1.0,,,
geist,False,,,,,1.0,,,,1.0,,,,,,,,,,,,,,,,,,,
geisteshaltung,False,,,1.0,,,,,,,,,,,,,,,,,,,,,,,,,
geistig,False,,,,,,,,,,,,,,,1.0,,,,,,,,,,,,,
gekleidet,False,,,,,,,,,,,,,,1.0,,,,,,,,,,,,,,
gekrankt,False,,,,,,,,,,,,,,,,,,,,1.0,,,,,,,,
gekürzt,False,,,,,,,,,,,,,2.0,,,,,,,,,,,,,,,
geladen,False,,,,,,,,,,,1.0,,,,,,,,,,,,,,,,,
geladene,False,,,,,,1.0,,,,,,,,,,,,,,,,,,,,,,
geladener,False,,,,,,1.0,,,,,,,,,,,,,,,,,,,,,,
gelagert,False,1.0,,,,,,,,,,,,,,,,,,,,,,1.0,,,,,
gelangen,False,,,,,,,,,,,,,,,,,,,,1.0,,1.0,,,1.0,,,
gelassenheit,False,,,,,,,,,,,,,,,,,,,,,,,,,,,,1.0
gelb,False,,,,,1.0,,,,,,,,,1.0,,,,1.0,,,,,,,,,,
geld,False,6.0,2.0,21.0,,5.0,,5.0,2.0,6.0,,1.0,1.0,42.0,2.0,6.0,2.0,7.0,,7.0,8.0,4.0,3.0,1.0,7.0,,14.0,6.0,2.0
geldautomat,False,2.0,,,,,,,,,,,,,,,,,,,,,,,,,,,
geldautomate,False,4.0,,,,,,,,,,,,,,,,,,,,,,,,,,,
geldbeutel,False,,,,,,,,,,,,,,,,,,,,1.0,,,,,,,,
geldbuße,False,,,,,,,,,,,,,,,,,3.0,,,,,,,,,,,
geldding,False,,,1.0,,,,,,,,,,,,,,,,,,,,,,,,,
gelddiskussion,False,,,,,,,,,,,,,,,,,,,1.0,,,,,,,,,
gelddruckmaschine,False,,,,,,,,,1.0,,,,,,,,,,,,,,,,,,,
gelde,False,,,,,,1.0,,,,,,,,,,,,,,,,,,,,,,
geldgeber,False,1.0,,,,,,,,,,,,,,,,,,,,,,,,,,,
geldgeschäft,False,,,,,,,,,,,,,,,,,1.0,,,,,,,,,,,
geldkarte,False,,,,,,,,,,,,,1.0,,,,,,,,,,,,,,,
geldkoffer,False,,,,,,,1.0,,,,,,,,,,,,,,,,,,,1.0,,
geldkorb,False,,,,,,,,,,,,,,,,,,,,,,1.0,,,,,,
geldkram,False,,,1.0,,,,,,,,,,,,,,,,,,,,,,,,,
geldleistung,False,,,,,,,,,,,,,3.0,,,,,,,,,,,,,,,
geldmittel,False,,,,,,,,,,,,,1.0,,,,,,,,,,,,,,,
geldstrafe,False,,,,,,,,,,,,,,2.0,1.0,,,,,,,,,,,,,
geldverschwendung,False,,,,,,,,,,,,,1.0,,,,,,,,,,,,,,,
geleakt,False,,,,,1.0,,,,,,,,,,,,,,,,,,,,,,,
geleased,False,,,,,,,,,,,,,,,,,,,,,,,,1.0,,,,
gelebt,False,1.0,,,,,,,,,,,,,,,,,1.0,,,,,,,,,,
gelegenheit,False,1.0,,,,,2.0,1.0,,,1.0,1.0,,,,,,1.0,1.0,1.0,,6.0,,,,,1.0,,1.0
gelegentlich,False,,,,,,,,,,,,,,,1.0,,1.0,,1.0,,,,,,,,,
geliebt,False,,,,,,1.0,,,,,,,,,,,,,,,,,,,,,,
geliehen,False,,,,,,,,1.0,,,,,,,,,,,,,,,,2.0,,,,
gelingen,False,,,,,,,,,2.0,,,5.0,,,,2.0,1.0,,,,,,,,,,,
gelogen,False,,,,,,1.0,,,,,,,,,,,,,,,,,,,,,,
gelten,False,3.0,3.0,1.0,1.0,3.0,5.0,,,1.0,3.0,1.0,,1.0,3.0,3.0,4.0,3.0,1.0,2.0,1.0,8.0,2.0,,,1.0,1.0,2.0,1.0
geltend,False,,,,,3.0,,,,,,,,,,2.0,,,,,,2.0,,1.0,,,,,
geltnisrecht,False,,,,,,,,,,,,,,,,,,,,,2.0,,,,,,,
gelungen,False,,,,,,,,,,,,,,,,1.0,,,,,,,,,,,,
geländer,False,,,,,,,,,,,,,,,,,,,,1.0,,,,,,,,
gelöst,False,,,,,,,2.0,,,,,,,,,,,,,,,,,,,,,
gemacht,True,,1.0,,,,,,,,,,,,,,,,,,,2.0,,,,,,,
gemahnen,False,,,,,,,,,,,,,,,,,,,,,2.0,,,,,,,
gematik,False,,,,1.0,,,,,,,,,,,,,,,,,,,,,,,,
gemein,False,,,,,,,1.0,,,,,,,,,,,,,,,,,,,,,
gemeinde,False,,,,,,,1.0,,,,,,,,,,,,,,,,,,,,,
gemeinhin,False,,,,,,,,,,,,,,,,,,,,,,2.0,,,,,,
gemeinnützig,False,,,,,,,,,,,,,,1.0,,,,,,,,,,,,1.0,,
gemeinnützigkeit,False,,,,,,,,,,,,,,,,,,,,,,,,1.0,,,,
gemeinsam,False,1.0,6.0,2.0,1.0,2.0,1.0,,,2.0,3.0,2.0,,1.0,,,1.0,1.0,,,,2.0,,,,,7.0,2.0,8.0
gemeinsamkeit,False,,1.0,,,,,,,,,,,2.0,,,,,,,,,,,,,,,
gemeinschaft,False,,,,,,,,1.0,,1.0,,1.0,,,,,,,1.0,,,,,,,,,
gemeinschaftlich,False,,,1.0,,,,,1.0,,,2.0,,,,,,,,,,3.0,,,,,,,1.0
gemeinschaftsküche,False,,,,,,,,,,,,,1.0,,,,,,,,,,,,,,,
gemeinschaftsschule,False,,,,,,,,,,,,,,,,,,,1.0,,,,,,,,,
gemeinschaftsunterkünft,False,,,,,,,,,,,,,2.0,,,,,,,,,,,,,,,
gemeinwohl,False,,,,,,,,,,,2.0,,,,,,,,,,,,,,,,,
gemeinwohlorientiert,False,,,,,,,,,,,1.0,,,,,,,,1.0,,,,,,1.0,,,
gemeldet,False,,,,,,,3.0,,,,,,,,,,,,,,,,,,,,,
gemengelage,False,,,,2.0,,,,,,,,,,,,,,,,,,,,,,1.0,1.0,
gemengenlage,False,,,,,,,,,,,,,,,,,,,,1.0,,,,,,,1.0,
gemerkt,False,,,,,,,1.0,,,,,,,,,,,,,,,,,,,,,
gemischt,False,,,,,,,,,,,,,,,,,,,,,,,,1.0,,,,
gemonitored,False,,,,,,,,,,,,,,,,,,,,,,,,1.0,,,,
gemäß,False,,,,,,,,,,,,,,,,,,,,1.0,,,,,,,,
gemüsehändler,False,,,,,,,,,,,,,8.0,,,,,,,,,,,,,,,
gemüsewarenhändler,False,,,,,,,,,,,,,1.0,,,,,,,,,,,,,,,
genannt,False,,,,,,,,,,1.0,,,,,,,,,,,,,,,,,,
genasialempfehlung,False,,,,,,,1.0,,,,,,,,,,,,,,,,,,,,,
genau,False,20.0,70.0,49.0,50.0,36.0,36.0,37.0,54.0,47.0,26.0,19.0,43.0,24.0,13.0,55.0,32.0,26.0,30.0,29.0,21.0,89.0,51.0,33.0,29.0,24.0,25.0,37.0,11.0
genauer,False,,,,,,,1.0,,,,,,,,,,,,,,,,,,,,,
genaueres,False,,1.0,,,,,,,,,,,,,,,,,,,,,,,,,,
genauso,False,4.0,1.0,4.0,3.0,4.0,2.0,3.0,1.0,3.0,1.0,1.0,,3.0,4.0,,1.0,2.0,1.0,1.0,5.0,4.0,,5.0,,,3.0,4.0,1.0
gend,False,2.0,,,,,,,,,,,,,,,,,,,,,,,,,,,
gender,False,1.0,,,,,,,1.0,,,,,,,,,,,,,,2.0,,,,,,
genehmigen,False,,,,,1.0,,,,,1.0,,,,,,,,,1.0,,,,,,,,,
genehmigung,False,,,,,,,,,,,,,,,,,,,,,2.0,,,,,,,
genehmigunge,False,,,,,,,,,,,,,,,,,,,,,2.0,,,,,,,
genehmigungsverfahren,False,,,,,,,1.0,,,,,,,,,,,,,,,,,,,,,
geneigt,False,,,,,,,,,1.0,,,1.0,,,,,1.0,,,1.0,,,,,,,,
general,False,,,,,,,,,,,,,,,,,,,,,3.0,,,,,,,
generalisieren,False,,,,,,,,,,,,,,,1.0,,,,,,,2.0,,,,,,
generalstaatsanwaltschaft,False,,,,,,,,,,,,,,,1.0,,,,,,,,,,,,,
generalstabsmäßiger,False,,,,,,,,,,,,,,,,,,,,,,,,1.0,,,,
generalversammlung,False,,,,,,,,,,1.0,,,,,,,,,,,,,,,,,,
generation,False,,,,,2.0,,2.0,,,,,4.0,,1.0,,,,,,,,1.0,,,,,,
generationell,False,,,,,,,,,,,,1.0,,,,,,,,,,,,,,,,
generationsproblemen,False,,,,,,,,,,,,1.0,,,,,,,,,,,,,,,,
generativ,False,,,,,,,,,,,,,,,,,,,,,,2.0,,,,,2.0,
generativer,False,,,,,,,,,,,,,,,,,,,,,,,,,,,1.0,
generell,False,3.0,1.0,2.0,5.0,4.0,1.0,3.0,,1.0,1.0,,1.0,4.0,1.0,,3.0,2.0,1.0,2.0,5.0,24.0,4.0,3.0,,1.0,,2.0,4.0
generelle,False,,,,,,,,,,,,,,,,,,,,,2.0,,,,,,,
generieren,False,2.0,1.0,,1.0,,,,,,,,,,,,,1.0,,,,,,,1.0,,,2.0,
generiert,False,,,,,,,,,,,,,,,,,,,,,,,,,,,2.0,
generisch,False,,,,,,,,,,1.0,,,,1.0,,,,,,,,,,,,,,
genese,False,,,,,,,,,,,,,,1.0,,,,,,,,,,,,,,
genetik,False,,,,,,,,,,,,1.0,,,,,,,,,,,,,,,,
genetisch,False,,,,,,,1.0,,,,,,,,,,,,,,,,,,,,,
genial,False,,,,,1.0,,,,,,,2.0,,,,,,,,,,,,,,,,
genialität,False,,,,,,,,,,,,1.0,,,,,,,,,,,,,,,,
genie,False,,,,,,,,,,,,1.0,,,,,,,,,,,,,,,,
genießen,False,,,,,,,1.0,,,,,,,,,,,,,,,,,,,,,
genossenschaftlich,False,,,,,,,1.0,,,,,,,,,,,,,,,2.0,,,,,,
genre,False,,,,,,,,,,,,2.0,,,,,,,,,,,,,,,,
genug,True,2.0,4.0,8.0,6.0,3.0,1.0,6.0,2.0,1.0,,1.0,,6.0,2.0,3.0,1.0,1.0,,2.0,3.0,2.0,12.0,3.0,1.0,,2.0,1.0,2.0
genutzen,False,,,,,,,,,,,,,,,1.0,,,,,,,,,,,,,
genäht,False,,,,,,,,,,,,,,,,,,,1.0,,,,,,,,,
genüge,False,,,1.0,,,,1.0,,,,,,,,,,,,,,,,,,1.0,,,
genügen,False,,,1.0,,1.0,,,,,,,,,,,,,,,1.0,,,,,,,,
genügend,False,,,,,,,1.0,1.0,,,,,,,,,,,,,2.0,1.0,,1.0,,3.0,,
geografiedate,False,,,,,,,,,,,,,,,,,,,,,2.0,,,,,,,
geografisch,False,,,,,,,,,1.0,,,,,,,,,,,,,,,1.0,,,,
geopolitik,False,,,,,,,,,,1.0,,,,,,,,,,,,,,,,,,
georg,False,,,,,,,,,,,,,1.0,,,,,,,,,,,,,,,
geplant,False,,,,,,,,,,,,,,,,,,,,,,,,,,1.0,,1.0
geprägt,False,,,,,,,,,,,,,,,,,,,,,,,,,,,1.0,
gerad,False,1.0,,,,,,,,,,,,,,,,,,,,,,,,,,,
gerade,True,34.0,19.0,15.0,52.0,25.0,7.0,35.0,20.0,35.0,17.0,13.0,27.0,14.0,12.0,33.0,22.0,21.0,16.0,20.0,16.0,75.0,55.0,10.0,27.0,14.0,46.0,26.0,19.0
geradeaus,False,,,,1.0,,,,,,,,,,,,,,,,,,,,,,,,
gerangel,False,,,,,,,,,,,,,,,,,,,,,,,,,2.0,,,
geraten,False,,,,,1.0,,,2.0,,,,1.0,,,1.0,,,,,,,1.0,1.0,,,,,
gerber,False,,,,,,,,,,,,,,,,,,,1.0,,,,,,,,,
gerecht,False,,1.0,,,,,,,,,,,,,,2.0,,,1.0,1.0,2.0,,,,,,1.0,
gerechtigkeit,False,,,,,,,,,,,,,,1.0,,,,,,,,1.0,,,,,,
gereich,False,,,,,,,,,,,,,,,,,1.0,,,,,,,,,,,
gerenk,False,,,,,,,,,,,,,,,,,,,,,,,,,,1.0,,
gerhard,False,1.0,,,,,,,,,,,,,,,,,,,,,,,,,,,
gericht,False,,,,5.0,1.0,4.0,1.0,,2.0,,,,2.0,5.0,20.0,,,,,,2.0,3.0,12.0,,,2.0,1.0,2.0
gerichte,False,,,,,,,,,,,,,,,1.0,,,,,,,,,,,,,
gerichtlich,False,,,,,,1.0,,,,,,1.0,,,2.0,,,,,,,1.0,1.0,,,,,
gerichtsbereich,False,,,,,,,1.0,,,,,,,,,,,,,,,,,,,,,
gerichtsentscheidung,False,,,,,,,,,,,,,,,,,,,,1.0,,,,,,,,
gerichtsfest,False,,,,,2.0,,,,,,,,,,,,,,,,,,,,,,,
gerichtshof,False,,,,1.0,,1.0,,,1.0,2.0,,,,,6.0,,,,,,,,,,,2.0,,6.0
gerichtsprozess,False,,,,,1.0,1.0,,,,,,,,,,,,,,,,,,,,,,
gerichtssaal,False,,,,,,1.0,,,,,,,,2.0,,,,,,,,,,,,,,
gerichtssprecher,False,,,,,,,,,,,,,,,,,,,,,,,1.0,,,,,
gerichtsstand,False,,,,1.0,,,,,,,,,,,,,,,,,,,,,,,,
gerichtsteil,False,,,,,,,1.0,,,,,,,,,,,,,,,,,,,,,
gerichtsurteil,False,,,,,,,,,,,,,,,1.0,,,,,1.0,,,,,,,,4.0
gerichtsverfahren,False,,,,11.0,,3.0,,,,,,,,,1.0,,,,,,,4.0,4.0,,,3.0,2.0,
gerichtsverhandlung,False,,,,,1.0,,,,,,,,,,,,,,,,,,1.0,,,,,
gering,False,,,,5.0,1.0,1.0,1.0,1.0,1.0,,,,1.0,,1.0,,,,,1.0,2.0,,,,,,1.0,
geringeres,False,,1.0,,,,,,,,,,,,,,,,,,,,,,,,,,
geringschätzen,False,,,,,,,,,,,,,,,,,,,,,,1.0,,,,,,
gerissen,False,,,1.0,,,,,,,,,,,,,1.0,,,,,2.0,,,1.0,,,1.0,
german,False,,,,,,,,,,,,2.0,,,,,,,,,,,,,,,,
germanistik,False,,,,,,,,,,,,1.0,,,,,,,,,,,,,,,,
gern,True,,,,,3.0,,,,,,1.0,,1.0,,,,,,1.0,,,,,1.0,,,,
gerne,False,17.0,14.0,7.0,8.0,6.0,5.0,7.0,7.0,4.0,9.0,5.0,5.0,5.0,5.0,8.0,7.0,3.0,5.0,13.0,11.0,26.0,2.0,3.0,13.0,2.0,13.0,12.0,2.0
gerson,False,,,,,,,,,,,,1.0,,,,,,,,,,,,,,,,
geruch,False,,,,,,,,,,,,,,,,,,,,,1.0,,,,,,,
gerät,False,13.0,26.0,,,15.0,,4.0,1.0,4.0,,,2.0,,1.0,10.0,,8.0,,,10.0,10.0,16.0,2.0,4.0,,2.0,,
geräteseitig,False,,1.0,,,,,,,,,,,,,,,,,,,,,,,,,,
geräteteil,False,,,,,,,,,,,,,,,1.0,,,,,,,,,,,,,
gerätst,False,,,,,1.0,,,,,,,,,,,,,,,,,,,,,,,
gerücht,False,,,,,,,,,,,,,,,,1.0,,,,,,,,,,,,
gesagt,True,,,,,,,,,,,1.0,,,,,,,,,,,,,,,,,
gesamt,False,,,,4.0,1.0,3.0,4.0,1.0,1.0,3.0,,,2.0,,6.0,,4.0,2.0,5.0,1.0,2.0,2.0,3.0,1.0,,,3.0,1.0
gesamtbetrag,False,,,,,,,,,,,,,1.0,,,,,,,,,,,,,,,
gesamtdeutschland,False,,,,,,,,,,,,,,,,,,,,,3.0,,,,,,,
gesamter,False,,,,,,,1.0,,,,,,,,,,,,,,,,,,,,,
gesamteuropa,False,,,,,,,,,,,,,,,1.0,,,,,,,,,,,,,
gesamtgesellschaftlich,False,,,,,,,1.0,1.0,,,,,,,,1.0,,,,,3.0,,,,,,,
gesamtheit,False,,,,,,1.0,,1.0,,,,,,,2.0,,,,,,,,,,,1.0,,
gesamtkonstrukt,False,,,,,,,,,,,,,,,,,,,,,4.0,,,,,,,
gesamtkontext,False,,,,,,,,,,,1.0,,,,,,,,,,,,,,,,,
gesamtliste,False,,,,,,,,,,,,,,,,1.0,,,,,,,,,,,,
gesamtmarkt,False,,,,,,,,,,,,,,,,1.0,,,,,,,,,,,,
gesamtmenge,False,,,,1.0,,,,,,,,,,,,,,,,,,,,,,,,
gesamtpaket,False,,,,,,1.0,,,,,,,,,,,,,,,,,,,,,,
gesamtsituation,False,,,,,1.0,,,,,,,,,,,,,,,,,,,,,,,
gesamtsystem,False,,,,,,,,,,,,,,,,,,,,,2.0,,,,,,,
gesamtthema,False,,,,,,,,,,,,,,,,,,1.0,,,,,,,,,,
gesamtwahrnehmung,False,,,,,,1.0,,,,,,,,,,,,,,,,,,,,,,
gescaled,False,,,,,,,,,,,,,,,,,,,1.0,,,,,,,,,
geschach,False,,,,,,,1.0,,,,,,,,,,,,,,,,,,,,,
geschaffen,False,,,,,,,,,,,,,,,,,,,,,,,,,1.0,,,
geschehen,False,,,,,1.0,,,,1.0,1.0,,,,,,,2.0,,,,2.0,1.0,,,,,1.0,
geschichte,False,3.0,4.0,1.0,1.0,6.0,3.0,2.0,3.0,,,2.0,29.0,,3.0,2.0,1.0,1.0,1.0,4.0,,12.0,9.0,3.0,5.0,2.0,5.0,1.0,1.0
geschichtlich,False,,,,,,,,1.0,,1.0,,,,,,,,,,,,,,,,,,1.0
geschichtsschablon,False,,,,,,,,,,,,1.0,,,,,,,,,,,,,,,,
geschlecht,False,,,,,,,1.0,,,,,,,,,,,,,,,,,,,,,
geschlechtlich,False,,,,1.0,,,,,,,,,,,,,,,,,,,,,,,,
geschlossen,False,,1.0,,,,,,,,,,1.0,,,,,,,,,,,,,,,,
geschmacksrichtung,False,,,,,,,,,,,,,,,,,,,,,,,,,,1.0,,
geschnitten,False,,,,,,,,,,,,,,,,,,,,,,,,2.0,,,,
geschrieben,False,,,,,,,,,,,,1.0,,,,,,,,,,,,1.0,1.0,,,
geschuldet,False,,,,,,,,,,1.0,,,,,,,,,,,,,,,,,,
geschutzt,False,,,,,,,,,,,,,,,,,1.0,,,,,,,,,,,
geschweige,True,,,1.0,,1.0,,,,,,,,,,,,,,,,,,,,,,,
geschwindigkeit,False,2.0,,,,,,,1.0,,,,,,,,,,,,,2.0,,,,,,,
geschwärzt,False,,,,,,,,,,,,,,1.0,,,,,,,,,,,,,,
geschäft,False,,,,,1.0,,,,,,,,1.0,,,,,,,,,,,,,,,1.0
geschäftlich,False,1.0,,,,,,,,,,,,,,,,,,,,,,,,,,,
geschäftsbedingung,False,,,,,,,,,,,,,,,,,,,,1.0,,,,,,,,
geschäftsbereich,False,,,,,,,,,,,,,,,,,,,,,,,,,3.0,,,1.0
geschäftsbeziehung,False,,,,,,,,,1.0,,,,,,,,,,,,,,,,,,,
geschäftsführend,False,,,,,,,,,,,,,,,,,,,1.0,,,,,,,,,
geschäftsführer,False,,,2.0,,,,,,,,,,,,,,,,,,,,,,,,,
geschäftsführung,False,,,,,,,,,,,,,,,,,,,1.0,,1.0,,,,,,,
geschäftsmodell,False,,,,,1.0,,,,,,,,,,,,1.0,,,,,,,1.0,,,1.0,
geschäftsordnung,False,,,,,,1.0,,,,,,,,,,,,,,,,,,,,,,
geschäftspraktik,False,,,,,,,,,,,,,,,,,,,,,,,,,1.0,,,
geschäftsverhältnis,False,,,,,1.0,,,,,,,,,,,,,,,,,,,,,,,
geschäftsverkehr,False,,,,,,,,,,,,,,,,,,,,,,,,,,,,1.0
geschäftsverteilungsplan,False,,,,,,,,,,,,,,1.0,,,,,,,,,,,,,,
geschützt,False,,1.0,,,,,,,,,,,,,,,,,,,,,,,,,,
gescrapt,False,,,,,,,,,,,,,,,,,,,,,,,,,,,1.0,
gesellschaft,False,,3.0,2.0,5.0,2.0,1.0,7.0,1.0,4.0,,1.0,3.0,,,7.0,7.0,,3.0,2.0,5.0,10.0,9.0,1.0,,2.0,5.0,,
gesellschaftlich,False,3.0,2.0,6.0,1.0,4.0,,3.0,3.0,1.0,,3.0,,,,,3.0,,,,4.0,6.0,1.0,1.0,,1.0,1.0,,
gesellschaftsbereiche,False,,,,,,,,,,,,,,,,,,,,,2.0,,,,,,,
gesellschaftspolitisch,False,,,,,,2.0,,,,,,,,,,,,,,,,,,,,,,
gesellschaftsverändernd,False,,,,,,,1.0,,,,,,,,,,,,,,,,,,,,,
geserorated,False,,,,,,,,,,,,,,,,,,,,,,,,,,1.0,,
gesetz,False,2.0,18.0,1.0,31.0,11.0,8.0,10.0,,26.0,1.0,23.0,3.0,5.0,15.0,27.0,14.0,,2.0,19.0,1.0,10.0,4.0,6.0,,,14.0,,11.0
gesetzentwurf,False,,1.0,,,,,4.0,,,,1.0,,,1.0,1.0,,,8.0,3.0,,2.0,,,,,,,
gesetzentwürfe,False,,,,,,,1.0,,,,,,,,,,,,,,,,,,,,,
gesetzenverordnung,False,,1.0,,,,,,,,,,,,,,,,,,,,,,,,,,
gesetzesakt,False,,,,,,,,,,,,,,,,,,,,,,,,,,,,1.0
gesetzesapparat,False,,,,,,,,,,,,,,1.0,,,,,,,,,,,,,,
gesetzesbekämpfung,False,,,,,,,,,,,,,,1.0,,,,,,,,,,,,,,
gesetzesentwurf,False,,8.0,,,,,2.0,,,,1.0,,,,,,,3.0,,,,,,,,,,
gesetzesentwurfstext,False,,,,,,,,,,,,,,,,,,1.0,,,,,,,,,,
gesetzesinitiative,False,,,,,1.0,,,,,,,,,,,,,,,,,,,,,,,
gesetzeskonzept,False,,,,,,,,,,,,,,,1.0,,,,,,,,,,,,,
gesetzesprojekt,False,,,,,,,1.0,,,,,,,,,,,,,,,2.0,,,,,,
gesetzesprozess,False,,,,,,,,,,,,,,,,1.0,,,,,,,,,,,,
gesetzesprägung,False,,,,,,,,,,,1.0,,,,,,,,,,,,,,,,,
gesetzesreform,False,,,,,,,,,,,,,,1.0,,,,,,,,,,,,,,
gesetzestext,False,,,,,,,2.0,,,,,,,,,,,,,,,,,,,,,
gesetzesvorhabe,False,,,,1.0,,,,,,,,,,,,1.0,,,,,,,,,,1.0,,
gesetzesvorhaben,False,,,,,,,1.0,,1.0,,1.0,,,,,,,,1.0,,,,,,,,,
gesetzesvorschlag,False,,2.0,,,,,,,,,1.0,,,,1.0,1.0,,,,,,,,,,,,1.0
gesetzesvorschläg,False,,,,,,,,,,,1.0,,,,,,,,,,,,,,,,,
gesetzeswidrig,False,,,,,,,,,,,,1.0,,,,,,,,,,,,,,,,
gesetzesänderung,False,,,,,1.0,,,,,1.0,,,,,,,,,,,,,,,,,,
gesetzgebend,False,,,,,,,,,,,,,,,,,,2.0,,,,,,,,,,
gesetzgeber,False,4.0,,2.0,2.0,,1.0,,,1.0,,,,1.0,,2.0,,1.0,,,,,,2.0,,,1.0,,1.0
gesetzgeberinn,False,,2.0,,,,,,,,,,,,,,,,,,,,,,,,,,
gesetzgeberinnen,False,,,,1.0,,,,,,,,,,,,,,,,,,,,,,,,
gesetzgebung,False,,5.0,,3.0,10.0,1.0,2.0,3.0,11.0,3.0,5.0,,,1.0,,1.0,,4.0,1.0,,8.0,,,,,1.0,,1.0
gesetzgebungsdebatt,False,,,,1.0,,,,,,,,,,,,,,,,,,,,,,,,
gesetzgebungsfall,False,,1.0,,,,,,,,,,,,,,,,,,,,,,,,,,
gesetzgebungsinitiative,False,,,,1.0,,,,,,,,,,,,,,,,,,,,,,,,
gesetzgebungskompetenzen,False,,,,,,,1.0,,,,,,,,,,,,,,,,,,,,,
gesetzgebungslage,False,,,,,,1.0,,,,,,,,,,,,,,,,,,,,,,
gesetzgebungsmacht,False,,,,,1.0,,,,,,,,,,,,,,,,,,,,,,,
gesetzgebungsportal,False,,,,,,,1.0,,,,,,,,,,,,,,,,,,,,,
gesetzgebungsprozess,False,,2.0,,1.0,,,,,1.0,,1.0,,,3.0,,2.0,,,3.0,,,,,,,1.0,,
gesetzgebungsprozesse,False,,,,1.0,,,,,,,1.0,,,,,1.0,,,1.0,,,,1.0,,,,,
gesetzgebungsprozeß,False,,,,1.0,,,2.0,,,,,,,2.0,,2.0,,,1.0,,,,,,,,,
gesetzgebungsverfahren,False,,,,2.0,,,,,1.0,,,,,,,,,1.0,,,,,,,,1.0,,3.0
gesetzgebungsvorschlag,False,,,,,,,,,,,,,,,,,,,,,,,,,,,,2.0
gesetzlich,False,3.0,,1.0,7.0,2.0,3.0,3.0,,1.0,,1.0,,,1.0,4.0,1.0,,2.0,,7.0,14.0,,2.0,,,2.0,,
gesetzmäßig,False,,,,,,,1.0,,,,,,,,,,,,,1.0,,,,,,,,
gesetzreformche,False,,,,,,1.0,,,,,,,,,,,,,,,,,,,,,,
gesetzt,False,,,,,,,,,,,1.0,,,,,,,,,,,,,,,,,
gesicht,False,,,,,,1.0,,1.0,,,,,,,,,,,,,4.0,,,1.0,,1.0,2.0,1.0
gesichtsausdruck,False,,,,1.0,,,1.0,,,,,,,,,,,,,,,,,,,,,
gesichtserkennung,False,,,,,,,,,,,,,,,,,,2.0,,,6.0,,1.0,,,,,
gesichtslos,False,,,,,,,1.0,,,,,,,,,,,,,,,,,,,,,
gesichtsscan,False,,,,,,,,,,,,,,,,,1.0,,,,,,,,,,,
gesinnungstest,False,,,,,,,,,,,,,,1.0,,,,,,,,,,,,,,
gespannt,False,2.0,1.0,2.0,,,,,,,1.0,4.0,2.0,1.0,2.0,,1.0,,,,4.0,2.0,,,,1.0,1.0,,
gespeichert,False,,,,,,,,,,3.0,,,,,2.0,,,,,,,1.0,,,,,,
gespräch,False,1.0,,,1.0,3.0,2.0,1.0,2.0,,4.0,,1.0,,,,2.0,,1.0,1.0,2.0,,,1.0,,3.0,3.0,,1.0
gesprächsbedürfni,False,,,,,,,,,,,,,,,,,,,,,,,,,,,1.0,
gesprächsform,False,,,,,,,,,,,,,,,,,,,,,,,,,,,,1.0
gesprächsklima,False,,,,,,,,,,,,,,,,,,1.0,,,,,,,,,,
gesprächskultur,False,,,,,,,,,,,,,,,,,,1.0,,,,,,,,,,
gesprächspartner,False,,,,,,,,,,,,,,,,,,1.0,,,,,,,,1.0,,
gestaffelt,False,,,,,,,,,,,,,,,,2.0,,,,,,,,,,,,
gestalt,False,,,,,,,1.0,,,,,1.0,,,,,,,,,,,,,,,,
gestalten,False,,1.0,1.0,1.0,,,,,2.0,,,,2.0,,,,,,,5.0,4.0,1.0,,1.0,,,2.0,
gestaltend,False,,,,,,,,,,,,,,,,,,,1.0,,,,,,,,,
gestaltung,False,,,,,,,,,2.0,,,,,,,1.0,,,,2.0,,,,,,,,
gestaltungsspielraum,False,,,,,,,,,,,,,,,,,,,,,2.0,,,,,,,
gestanden,False,,,,,,,,,,,,,,,,,,,,,,1.0,,,,,,
gestatten,False,,,,,,,,,,,,,,,,,,,,,,,,,,,1.0,
geste,False,,,,,,,,,,,,,,,,,,,,,,,,1.0,,,,
gestehen,False,,,,,,,,,,,,,,,,,,,1.0,,,2.0,,1.0,,,,
gesteigert,False,,,,,,,,,,,,,,,,,1.0,,,,,,,,,,,
gestellt,False,,,,,,,,,,,,,,,,,,,,,,,,,,1.0,,
gestern,False,,,,,,,1.0,,,,,,,,1.0,,,,1.0,,,,,,,,,
gestriffen,False,1.0,,,,,,,,,,,,,,,,,,,,,,,,,,,
geständnis,False,,,,,,,,,,,,1.0,,,,,,,,,,,,,,,,
gesuch,False,1.0,,,,,,,,,,,,,,,,,,,,,,,,,,,
gesund,False,1.0,,1.0,5.0,,,1.0,,,,,,,,,,,,,,,,,,,,,
gesundheit,False,,,1.0,3.0,,,1.0,,,,3.0,,,,1.0,,,,,,,,,,,1.0,,1.0
gesundheits,False,,,1.0,,,,,,,,,,,,,,,,,,,,,,,,,
gesundheitsanwendung,False,,,2.0,,,,,,,,,,,,,,,,,,,,,,,,,
gesundheitsapp,False,,,12.0,,,,,,,,,,,,,,,,,,,,,,,,,
gesundheitsappcode,False,,,1.0,,,,,,,,,,,,,,,,,,,,,,,,,
gesundheitsausschuss,False,,,,,,,,,,,4.0,,,,,,,,,,,,,,,,,
gesundheitsberichterstattung,False,,,,2.0,,,,,,,,,,,,,,,,,,,,,,,,
gesundheitsdat,False,,,,2.0,,,4.0,,,,,,,,,,,,,,,,,,,,,
gesundheitsdate,False,,,3.0,22.0,,,5.0,,,,3.0,,,,,,,,,,4.0,,2.0,,,,,
gesundheitsdatennutzungsgesetz,False,,,,,,,1.0,,,,2.0,,,,,,,,,,,,,,,,,
gesundheitsdatenraum,False,,,,4.0,,,1.0,,,,,,,,,,,,,,,,,,,,,
gesundheitsdatenzentrum,False,,,,,,,1.0,,,,,,,,,,,,,,,,,,,,,
gesundheitsdigitalisierung,False,,,,,,,,,,,1.0,,,,,,,,,,,,,,,,,
gesundheitsgeschicht,False,,,,1.0,,,,,,,,,,,,,,,,,,,,,,,,
gesundheitsmarkt,False,,,1.0,,,,,,,,,,,,,,,,,,,,,,,,,
gesundheitsministerium,False,,,,,,,,,,,,,,,,,,,,,,,,,1.0,,,
gesundheitsspezialiste,False,,,1.0,,,,,,,,,,,,,,,,,,,,,,,,,
gesundheitsstandard,False,,,1.0,,,,,,,,,,,,,,,,,,,,,,,,,
gesundheitssystem,False,,,2.0,2.0,,,,,,,,,,,,,,,,,,,,,,,,
gesundheitsthema,False,,,1.0,1.0,,,,,,,1.0,,,,,,,,,,,,,,,,,
gesundheitsversorgung,False,,,1.0,,,,,,,,,,,,,,,,,,,,,,,,,
gesundheitswesen,False,,,,6.0,,,,,,,4.0,,,,,,,,,,2.0,,,,,1.0,1.0,
gesundheitswirtschaft,False,,,,,,,,,,,1.0,,,,,,,,,,,,,,,,,
gesundheitsämter,False,,,,,,,,,,,,,,1.0,,,,,,,,,,,,,,
gesünd,False,,,,1.0,,,,,,,,,,,,,,,,,,,,,,,,
gesünderlich,False,,,,1.0,,,,,,,,,,,,,,,,,,,,,,,,
get,False,,,,1.0,,,,,,,,,,,,,,,,,,,,,,,,
geteilt,False,,1.0,,,,,,,,,,,,,,,,,,,,,,,,,,
getrennt,False,,,1.0,1.0,,,,1.0,,,,,,,,,,,,,,,,,,,,
getriebe,False,,,,,,,,1.0,,,,,,,,,,,,,,,,,,,1.0,
getränk,False,,,,,,,,1.0,,,,,,,,,,,,,,,,,,,,
gewachsen,False,,,,,,,1.0,1.0,,,,,1.0,,,,,,,,3.0,,,,,,,
gewahrsam,False,,,,,2.0,,,,,,,,,,,,,,,,,,,,,,,
gewalt,False,1.0,,,,,,2.0,,,,3.0,,,,,1.0,,,,,2.0,2.0,,,,,,
gewaltdarstellung,False,,,,,,1.0,,,,,,,,,,,,,,,,2.0,,,,,,
gewaltet,False,,,,,,,,,,,,,,,,,,,,,,1.0,,,,,,
gewalttätig,False,,,,,,,,,,,,,,,,,,,,,,1.0,,,,,,
gewaltvorhabe,False,,,,,,,1.0,,,,,,,,,,,,,,,,,,,,,
gewandt,False,,,,,,,,,,,,,,,,,1.0,,,,,,,,,,,
gewastelt,False,,,,,,,1.0,,,,,,,,,,,,,,,,,,,,,
gewebe,False,,,,,,,,,,,,,,,,,,,,,,,,1.0,,,,
gewerblich,False,1.0,,,,,,,,,,,,,,,,,,,,,,,,,,,
gewerk,False,,,,,,,1.0,,,,,,,,,,,,,,,,,,,,,
gewerkerflich,False,,,,,,,,,,,,,,,,,,,,,,1.0,,,,,,
gewerkschaftlich,False,,,,,,,,,,,,,,,,,,,,,,2.0,,,,,,
gewicht,False,,,,,,,,,,,,,,,4.0,,,,,,,,,,,3.0,,
gewinn,False,,,1.0,,,,,,1.0,,,,,1.0,,,,,,,,4.0,,,,,,
gewinnbringend,False,,,,,,,,,,,,,,,,,,1.0,,,,,,,,,,
gewinnen,False,1.0,1.0,,2.0,,,,,,1.0,,,1.0,2.0,1.0,,2.0,,2.0,1.0,,2.0,2.0,,2.0,3.0,,2.0
gewirtschaftlich,False,,,,,,,,,,,,,,,,,,,,,,2.0,,,,,,
gewiss,False,1.0,,,,1.0,,,,1.0,1.0,,,,,,,,,,1.0,,1.0,,,,2.0,,1.0
gewisse,False,,,,,,,,1.0,,,,,,,,,,,,,,,,,,,,
gewissen,False,1.0,,,,2.0,,,,,,,,,,,,,,,,,,,,,,,
gewissermaßen,False,,,1.0,,,,,,,,,,,,,,,,,,,,,,,,4.0,
gewisses,False,,,1.0,,,,,1.0,,,,,,,,,,,,,,,,,,,,
gewissheit,False,,,2.0,,,,,,,,,,,,,,,,,,,,,,,,,
gewiß,False,2.0,2.0,6.0,11.0,2.0,3.0,7.0,16.0,11.0,3.0,1.0,5.0,,1.0,5.0,3.0,1.0,2.0,7.0,7.0,2.0,5.0,1.0,2.0,,14.0,6.0,10.0
gewohnen,False,,,,,,,,,,,,,,,,,,,,,,,,1.0,,,,
gewohnheit,False,,,,,,,,,,,,,,,,,,,,1.0,,,,,,,,
gewählt,False,,,,,,,,,,,,,,,,,,1.0,,,,,,,,1.0,,
gewähren,False,1.0,,,,,,,,,,,,,,1.0,,,,,,2.0,2.0,,,,,,
gewährleisten,False,1.0,,,,,,1.0,,,,,,,,1.0,,,,,1.0,,1.0,,,,,,
gewährleistung,False,,,,,1.0,,,,,,,,,,,,,,,,,,,,,,,
gewässer,False,,,,,,1.0,,,,,,,,,,,,,,,,,,,,,,
gewöhnen,False,1.0,,,,,,,,,,1.0,,,,,,,,,,,,,,,,,
gewünscht,False,,,,,,,,,,,,,,,1.0,,,,,,,,,,,,,
gewürfelt,False,,,,1.0,,,,,,,,,,,,,,,,,,,,,,,,
gezielt,False,,,,,3.0,,,,,,,,,,,1.0,,,,,,,,,,,1.0,
geäxt,False,,,,,,,,,,,,,,,,,,,,,2.0,,,,,,,
gff,False,,,,,,,,,,,,,,,,9.0,,4.0,1.0,5.0,,,3.0,,,,,
gfs,False,,,,,,,,,,,1.0,,,,,2.0,,,,,,,,,,,,
ghana,False,,,,,1.0,,,,,,,,,,,,,,,,,2.0,,,,,,
gib,False,1.0,,,,,1.0,,1.0,1.0,,,1.0,,1.0,,,1.0,,,1.0,,,,,,,2.0,
giben,False,,,,,,,,,,,,,,,,,,,,,,,,,,,,1.0
gibson,False,2.0,,,,,,,,,,,,,,,,,,,,,,,,,,,
gießen,False,,,,,,,,1.0,,,,,,,,,,,,,,,2.0,,,,,
gif,False,,,,,,,,,,,,,1.0,,,,,,,,,,,,,,,
giffey,False,,,,,,,,,,,,,,6.0,,,,,,,,,,,,,,
giftig,False,,,,,,,,,,,,,,,,,,,,,,1.0,,,,,,
giftszene,False,,,,,,,,,,,,,,,,,,,,,,,,,,1.0,,
gig,False,,,,,,1.0,,,,,,,,,,,,,,,,,,,,,,
gigabit,False,,,,,,,,,,,,,,,,,,,,,,,,3.0,,,,
gigabyte,False,,1.0,,,,,,,,,,,,,,,,,,,,,,,,,,
gigantisch,False,,1.0,,,,,,,,,,,,,,3.0,,,,,,,,,,,,
gipfel,False,,,,,,,,,,,,,,,,,,,,,,,,,,,1.0,
girokonto,False,,,,,,,,,,,,,7.0,,,,,,,,,,,,,,,
github,False,,,,,,,,,,,,1.0,,,,,,,,,,,,,,,,
give,False,,,,,,,,,,,,,,,,,,,,,2.0,,,,,,,
glase,False,,,,,,,,,,,,1.0,,,,,,,,,,,,,,,,
glasfaser,False,,,,,,,12.0,,,,,,,,,,,,,,21.0,2.0,,,,,,
glasfaseranschluss,False,,,,,,,4.0,,,,,,,,,,,,,,,,,,,,,
glasfaseranschlüs,False,,,,,,,1.0,,,,,,,,,,,,,,,,,,,,,
glasfaseranschlüss,False,,,,,,,1.0,,,,,,,,,,,,,,,,,,,,,
glasfaserausbau,False,,,,,,,1.0,,,,,,,,,,,,,,12.0,,,,,,,
glasfauhaus,False,,,,,,,,,,,,,,,,,,,1.0,,,,,,,,,
glaskugel,False,,,,,,,,,,,,,,,,,,,1.0,,,,,,,,,
glaub,False,,,,,,,1.0,,,,,,,,,,,,,,,,,,,,,
glaube,False,,,,,,1.0,,,1.0,,,,,,,,,,,,,,,,1.0,,,
glauben,False,44.0,60.0,34.0,61.0,38.0,44.0,42.0,30.0,48.0,17.0,65.0,74.0,20.0,39.0,69.0,55.0,34.0,40.0,28.0,46.0,95.0,19.0,20.0,17.0,46.0,48.0,39.0,14.0
glaubst,False,,,,2.0,1.0,,1.0,,1.0,1.0,,4.0,,,,,,1.0,,,,,,,,,,
glaubwürdig,False,,,,,,,,,,,,,,,,,,,,,10.0,,,,,,,
glaubwürdigkeit,False,,,,1.0,,,,,,,,,,,,,,,,,,1.0,,,,,,
glaus,False,,,,,,,,,,,,,,,,,,,,,1.0,,,,,,,
gleich,False,11.0,17.0,5.0,9.0,4.0,2.0,7.0,8.0,7.0,7.0,2.0,5.0,4.0,6.0,9.0,2.0,13.0,5.0,9.0,11.0,22.0,9.0,3.0,7.0,3.0,10.0,10.0,2.0
gleichberechtigt,False,,,,,,,,,,,,,,,,,,,,,2.0,,,,,,,2.0
gleiche,False,,1.0,,,,,,,,,,,,,,,,,,,6.0,1.0,,,,,1.0,
gleichermaßen,False,1.0,,,,,,,,,,,,,,,,,,,,,,,,,1.0,1.0,
gleichgesinnte,False,,,,,,,,1.0,,,,,,,,,,,,,,,,,,,,
gleichheit,False,,,,,,,1.0,,,,,,,,,,,,,,,,,,,,,
gleichrangig,False,,,,,,,,,,,,,,,,,,,,,,,,,,1.0,,
gleichwertig,False,,,,,,,,,1.0,1.0,,,,,,,,,,,,,,,,,,
gleichzeitig,False,2.0,2.0,,1.0,3.0,,2.0,3.0,1.0,2.0,1.0,4.0,1.0,1.0,,5.0,1.0,4.0,,5.0,8.0,4.0,2.0,2.0,1.0,5.0,3.0,2.0
gleichzeitigkeit,False,,,,,,,,,,,1.0,,,,,,,,,,,,,,,,,
gleiten,False,,,,,,,,,,,,1.0,,,,,,,,,,,,,,,,
glied,False,,,,,,,,,,,,,,,,,1.0,,,,,,,,,,,
glimpflich,False,,1.0,,,,,,,,,,,,,,,,,,,,,,,,,,
global,False,,,4.0,,6.0,,,,1.0,2.0,,,,,,,,,,,,58.0,,,,,2.0,
glocke,False,,,,,,,4.0,,,,,,,,,,,,,,2.0,,,,,,,
glück,False,,,1.0,,1.0,,,2.0,,2.0,2.0,,1.0,,1.0,,,1.0,1.0,,,,,,,3.0,,
glücklich,False,,,,,,,,,,,1.0,,,,,,,,,1.0,,,,,,,,
glücklicherweise,False,,,,,,,,2.0,,,,,,,,,,1.0,1.0,,,,,1.0,,,,
glücksritter,False,,,,,,,,,,,,,2.0,,,,,,,,,,,,,,,
glücksspiel,False,,,,,,,,,,,,,2.0,,,,,,,,,,,,,,,
glückstreffer,False,,2.0,,,,,,,,,,,,,,,,,,,,,,,,,,
glückwunsch,False,1.0,,,,,,,,,,,,,,,,,,,,,,1.0,,,,,
gmail,False,,1.0,,,,,,,,,,,,,,,,,,,,,,,,,,
gmbh,False,,,,,,,,,,,,,,,,,,,,,,,,,,1.0,,
gnade,False,,,,,,,,,,,,1.0,,,,,,,,,,,,,,,,
go,False,,1.0,,,1.0,,,,,,,,,,,,,,1.0,,,,,,,,,
going,False,,,,,1.0,,,,,,,,,,,,,,,,,,,,,,,
gold,False,,,,,,,,,,1.0,,,,,,,,,,,,3.0,,,,,,
golden,False,,1.0,,1.0,,,,,,,,,,,,,,,,,,,,,,1.0,,
goldgräberstadt,False,,,,,,,,,,,,,1.0,,,,,,,,,,,,,,,
goldproduktion,False,,,,,,,,,,,,,,,,,,,,,,2.0,,,,,,
goldstandard,False,,,,,,,,,,1.0,,,,,,,,,,,,,,,,,,
goliath,False,,,,,,,,,,,,,,,,,,,,,,1.0,,,,,,
good,False,,,,,,,,,,1.0,,,,,,,,,,,,,,,,,,
goodie,False,,,,,,,,,,,,,,,,,,,,,,,,,,1.0,,
goodwill,False,,,,,,,,,,1.0,,,,,,,,,,,,,,,,,,
googeln,False,,2.0,1.0,,,,,,,,,1.0,,1.0,1.0,,,,,,,,,,,,2.0,
google,False,2.0,2.0,,1.0,,,,1.0,10.0,1.0,,8.0,,,,4.0,3.0,,,4.0,,5.0,,,,,6.0,
googlebot,False,,,,,,,,,,,,,,,,,,,,,,,,,,,2.0,
googlen,False,,,,,,,1.0,,,,,,,,,,,,,,,,,,,,,
gordisch,False,1.0,,,,,,,,,,,,,,,,,,,,,,,,,,,
gossen,False,,,,,,,1.0,,,,,,,,,,,,,,,,,,,,,
gott,False,,3.0,2.0,,,1.0,1.0,,,,2.0,8.0,2.0,,1.0,,1.0,,4.0,,7.0,,,,1.0,1.0,,
governance,False,,,,,,,,,,,,,,,,,,,,,,,,,1.0,1.0,,
gpn,False,,,,,,,,,,,,,,,,,,,,,,,,1.0,,,,
gpt,False,,,,,,,,,,,,,,,,1.0,,,,,,,,,,,,
graben,False,,,,,1.0,,,,,,,,,,,,,,,,2.0,,,,,,,
grabenkämpfe,False,,,,,,,,,,,,,,,,,,,,,2.0,,,,,,,
grad,False,,4.0,1.0,,,2.0,2.0,1.0,1.0,,,,,,,1.0,,,,,,,,1.0,,,,
grade,False,,4.0,6.0,,,,,,,,,,,,,,,,,,,,,,,,,
grafik,False,1.0,,,,,,,,,,,1.0,,,,,,,,,,,,,,,,
grafikelement,False,,,,,,,,,,,,,,,,,,,,,,,,1.0,,,,
grand,False,,,,,,,,,,,,1.0,,,,,,,,,,,,,,,,
grant,False,,,,,,,,,,,,,,,,,1.0,,,,,,,,,1.0,,
granular,False,,,,,,,,,,,,,,,,,,,,,,,,,,,1.0,
granularer,False,,,,,,,,1.0,,,,,,,,,,,,,,,,,,,,
gratet,False,,,,,,,,,,,,,,,,,,,,1.0,,,,,,,,
gratwanderung,False,,,,,,,,,,,,,,,,,,,,,,,,1.0,,,,
grau,False,,,,,,,,,,,,7.0,,,,,,,,,,,,1.0,,,,
graubereich,False,,,,,,,,,,,,,,,,,,,,1.0,,,,,,,,
grauen,False,,,,,,,,,,1.0,,,,,,,,,,,,,,,,,,
grausamkeit,False,,,,,,,,,,2.0,,,,,,,,,,,,,,,,,,
grautön,False,1.0,,,,,,,,,,,,,,,,,,,,,,,,,,,
gravierend,False,,,,,1.0,,,2.0,,,,,,,,,,,,,,,,,,,,
gravitas,False,,,,,1.0,,,,,,,2.0,,,,,,,,,,,,,,,,
green,False,,,,,,,2.0,,,,,,,,,,,,,,,,,,,,,
greenhaus,False,,,,,1.0,,,,,,,,,,,,,,,,,,,,,,,
greifbar,False,,,,,1.0,,,,,,,,,1.0,,,,,1.0,,,,,,,,,
greifen,False,,2.0,,1.0,1.0,,,2.0,,,,,1.0,,,,1.0,1.0,,1.0,,1.0,1.0,,,,2.0,2.0
greifend,False,,,,,,,,,,,1.0,,,,,,,,,,,,,,,,,
gremienarbeit,False,,,,,,,,,,,,,,,,,,,,,1.0,,,,,,,
gremienarbeite,False,,,,,,,,,,,,,,,,,,,,,1.0,,,,,,,
gremium,False,,1.0,,,,,,4.0,1.0,2.0,,,,,,,,1.0,1.0,,,,,,,2.0,,
grenze,False,,,,,3.0,,,2.0,,,,2.0,1.0,,3.0,,1.0,9.0,,4.0,,,,,,5.0,3.0,1.0
grenzen,False,,,,,,,,,,1.0,,,,,,,,,,,,,,,,,,
gretchenfrage,False,,,,,,,,1.0,,,,,,,,,,,,,,,,,,,,
grey,False,1.0,,,,,,,,,,,,,,,,,,,,,,,,,,,
greyhead,False,,,,,,,,,,,,1.0,,,,,,,,,,,,,,,,
griechenland,False,,,,,4.0,1.0,,,,,,,,,,,,,,,,,,,,,,
griechenlandnummer,False,,,,,,1.0,,,,,,,,,,,,,,,,,,,,,,
griechisch,False,,,,,2.0,,,,,,,,,,,,,,,,,,,,,,,
griff,False,,,1.0,,,,,,,,,,,,,,,,,,7.0,,,,,,,
griffig,False,,,,,,,,,,,,,,1.0,,,,,,,,,,,,,,
grill,False,,,1.0,,,,,,,,,,,,,,,,,,,,,,,,,
grillen,False,1.0,,,,,,,,,,,,,,,,,,,,,,,,,,,
griss,False,,1.0,,,,,,,,,,,,,,,,,,,,,,,,,,
grob,False,2.0,,1.0,,,,7.0,,2.0,2.0,1.0,3.0,1.0,,1.0,,1.0,,,2.0,,,1.0,2.0,,2.0,,1.0
groko,False,,,,,,,,,,,,,,,1.0,,,,,,,,,,,,,
grooming,False,,1.0,,,,,,,,,,,,,,,,,,,,,,,,,,
group,False,,,,,9.0,,1.0,4.0,,,,,,,,,,,,,,,,,,,,1.0
groups,False,,,,,,,,3.0,,,,1.0,,,,,,,,,,,,,,,,
grown,False,,,,,,,,,,,,,,,,,,,,,,,,,,,1.0,
groß,True,20.0,14.0,15.0,21.0,24.0,18.0,30.0,18.0,22.0,17.0,6.0,18.0,9.0,12.0,29.0,39.0,20.0,10.0,24.0,19.0,66.0,25.0,6.0,8.0,7.0,22.0,33.0,9.0
großartig,False,,1.0,1.0,,,,,2.0,,1.0,,,1.0,,,,1.0,4.0,,,,,2.0,,,,,
großbritannien,False,,,,,2.0,,3.0,2.0,,,,,,,,,1.0,,,,,,,,,1.0,,
große,True,,,,,,,1.0,2.0,,1.0,,1.0,,1.0,,2.0,,,,,,,1.0,,,,,
großfaktor,False,,,1.0,,,,,,,,,,,,,,,,,,,,,,,,,
großflächig,False,,,,,,,,,,,,,,,,,,,,,,,2.0,,,,,1.0
großschreibung,False,1.0,,,,,,,,,,,,,,,,,,,,,,,,,,,
großstadt,False,,,,,,,,,,,,,,,,,,,,1.0,,,,,,,,
großstadtwohnung,False,,,,,,,,,,,,,,,,,,,,,2.0,,,,,,,
großteil,False,,1.0,,,,,,,,1.0,,,,,,1.0,2.0,1.0,1.0,,,1.0,,3.0,,1.0,,
großzügig,False,1.0,,,,,,1.0,,,,,,,,,,,,,,,,,,,,,
grubenunglück,False,,,,,,1.0,,,,,,,,,,,,,,,,1.0,,,,,,
grund,False,1.0,5.0,2.0,4.0,5.0,,5.0,5.0,5.0,4.0,1.0,1.0,4.0,1.0,14.0,4.0,3.0,4.0,2.0,4.0,3.0,,2.0,5.0,1.0,3.0,9.0,
grundannahme,False,,1.0,,,,,,,,,,,,,1.0,,,,,,,,,,,,,
grundart,False,,1.0,,,,,,,,,,,,,,,,,,,,,,,,,,
grundbildung,False,,,,,,,,,,,,,,,,,,,,,,,,,,1.0,,
grunde,False,,,1.0,,,,,,,,,,,,,,,,,,,,,,,,,
grundforderung,False,,,,1.0,,,1.0,,,,,,,,,,,,,,,,,,,,,
grundgesetz,False,,,,,,1.0,,,,,,,,,,,,,,1.0,,,,,1.0,,,
grundhaltung,False,,,,,,,,,,,,,1.0,,,,,,,,,,,,,2.0,,
grundidee,False,,,,,,,,,1.0,,,,2.0,,,,,,,,,,,,,,,
grundkonsens,False,,,,,,,1.0,,,,,,,,,,,,,,,,,,,,,
grundlage,False,,,,1.0,,1.0,,,,,,,,2.0,2.0,,,,,1.0,2.0,,2.0,,,,,1.0
grundlagenpapier,False,,,,,,,,,,,1.0,,,,,,,,,,,,,,,,,
grundlagentraining,False,,,,,,,,,,,,,,,,,,,,,,,,,,,1.0,
grundlagenurteil,False,,,,,,,,,,,,,,1.0,,,,,,,,,,,,,,
grundlegend,False,,,3.0,4.0,,,3.0,,3.0,1.0,,,,,1.0,7.0,,1.0,,,,,,1.0,,,,
grundlegenderes,False,,1.0,,,,,,,,,,,,,,,,,,,,,,,,,,
grundleistungssystem,False,,,,,,,,,,,,,1.0,,,,,,,,,,,,,,,
grundprinzip,False,,,,,,,,,,,,,,,,,,,,,,,,,,2.0,,
grundprinzipie,False,,,,,,,,,,,,,,,,,,,,,,,,,,,,1.0
grundproblem,False,,,,1.0,,,,,,,,,,,,,,,,,,,,,,,,
grundrecht,False,,,,,,,4.0,,1.0,2.0,4.0,,2.0,1.0,2.0,5.0,,,,8.0,12.0,,5.0,,1.0,2.0,,10.0
grundrechteagentur,False,,,,,1.0,,,,,,,,,,,,,,,,,,,,,,,
grundrechtecharta,False,,,,,,,,,,,,,,,1.0,,,,,,,,,,,,,
grundrechtekart,False,,,,,,,,,,,,,,,,,,,,,,,,,,,,1.0
grundrechteorientiert,False,,,,,,,2.0,,,,,,,,,,,,,,,,,,,,,
grundrechtlich,False,,,,,,,,,,,,,,,,,,,,1.0,,,,,,1.0,,
grundrechtscharakter,False,,,,,,,,,,,,,,,,,,,,,,,,,,,,1.0
grundrechtsebene,False,,,,,,,,,,,,,,,,,,,,,,,1.0,,,,,
grundrechtseingriff,False,,,,,1.0,,,,,,,,,,,,,,,,,,,,,,,
grundrechtseinschränkung,False,,,,,,,,,,,,,,,1.0,,,,,,,,,,,,,
grundrechtsfrag,False,,,,,,,1.0,,,,,,,,,,,,,,,,,,,,,
grundrechtsfreundlich,False,,,,,,,,,,,,,,,,,,,,1.0,,,,,,,,
grundrechtskonform,False,,,,,,,,,,,,,,,,,,,,,,,,,,2.0,,
grundrechtskonformer,False,,,,,,,,,,,,,,,,,,,,,,,,,,1.0,,
grundrechtsrelevant,False,,,,,,,,,,,,,,,1.0,,,,,,,,,,,,,
grundrechtsschutz,False,,,,,,,,,,,,,,,,,,,,,,,,,,,,1.0
grundrechtsverständni,False,,,,,,,,,,,,,,,,,,,,,4.0,,,,,,,
grundsachverstand,False,,,1.0,,,,,,,,,,,,,,,,,,,,,,,,,
grundsatz,False,,,,,,,,,1.0,,,1.0,,,3.0,,,3.0,,1.0,,,,,,,,
grundsatzfrag,False,,,,,,,,,,,,,,,,,,,,,,,,,1.0,,,
grundsatzfrage,False,,,,,,,,,,,,,,,,,,,,,,,,,2.0,,,
grundsatzgerechtigkeitsfrage,False,,,,,,,1.0,,,,,,,,,,,,,,,,,,,,,
grundsatzpersonalie,False,,,,,,,,,,,,,,,,,,,,,,,,,1.0,,,
grundsatzurteil,False,,,,,,,,,,,,,,,,,,,,1.0,,,,,,,,
grundschutzhandbuch,False,,,,,,,1.0,,,,,,,,,,,,,,,,,,,,,
grundstock,False,,,,,,,,,,,,,,,,,,,,,,,,,,1.0,1.0,
grundsätzlich,False,2.0,15.0,4.0,8.0,2.0,2.0,2.0,2.0,,,5.0,2.0,3.0,1.0,10.0,1.0,,5.0,1.0,1.0,10.0,1.0,5.0,,3.0,,,2.0
grundverordnung,False,,,,,,,,,,,,,,,,1.0,,,,,,,,,,,,
grundvoraussetzung,False,,,,,,,1.0,,,,,,,1.0,,,,,,,,,,1.0,,,,
grundwert,False,,,,,,,,,,,,,,,1.0,,,,,,,,,,,,,
gruppe,False,5.0,2.0,2.0,2.0,1.0,,1.0,16.0,1.0,6.0,1.0,2.0,,1.0,,2.0,,,,8.0,2.0,3.0,2.0,2.0,,1.0,,6.0
gruppenbewegung,False,,,,,,,,1.0,,,,,,,,,,,,,,,,,,,,
gruppenkommunikation,False,,,,,,,,1.0,,,,,,,,,,,,,,,,,,,,
gruselig,False,,,,,,,,,,,,,,,,,,,,,4.0,,3.0,,,,,
gruß,False,,,,,,,,,,,,,,,,,,1.0,,,,,,,,,,
gräben,False,,,,,,,,,,1.0,,,,,,,,,,,,,,,,,,
gräulich,False,,,,,,,,,1.0,,,,,,,,,,,,,,,,,,,
größ,False,1.0,,,,,,,,1.0,,,1.0,,,,,1.0,,1.0,1.0,,,,,,,,
größe,False,,,,1.0,1.0,2.0,,1.0,,,,,,1.0,1.0,,,1.0,1.0,1.0,,,,,,1.0,1.0,
größenordnung,False,,,3.0,,,,,,,,,,,,,,1.0,,,,,,,,,,,
größere,False,,,,,,,,,,,,,,,,,1.0,,,,,,,,,,,
größeres,False,,,,,,,,,,,,,,,,,,,,,,,,,,1.0,1.0,
größtenteils,False,,2.0,,,,,,,,,,,,,,,,,,,,,1.0,,,,,
größtmöglich,False,,,,,,,,,,,,,,,,,,,,,,,,,,1.0,,
grün,False,2.0,1.0,,,,,,,4.0,,,,,,1.0,,,1.0,4.0,,6.0,,,,,,,
gründen,False,,,,,2.0,,1.0,1.0,1.0,,,,,,1.0,,,1.0,2.0,,,,1.0,3.0,6.0,,1.0,1.0
gründend,False,,,,,,,,,,,,,,,,,,,,,,,,,1.0,,,
gründer,False,,,,,1.0,,,,,,,1.0,,,,,,,,,,,,,,,,
gründest,False,,,,,,,,,,,,,1.0,,,,,,,,,,,,,,,
gründheitsdatennutzungsgesetz,False,,,,,,,,,,,1.0,,,,,,,,,,,,,,,,,
gründlich,False,,,,,,,,,,,,,,,,,2.0,,,,,,,,,,,
gründung,False,,,,,1.0,,,,,1.0,,,,,,,,,,,,,,1.0,,,,
gründungszeitum,False,,,,,,,,,,1.0,,,,,,,,,,,,,,,,,,
grüne,False,1.0,,,,1.0,,1.0,,1.0,,,1.0,,5.0,2.0,,,1.0,8.0,,55.0,1.0,,,,2.0,,
grünen,False,,,,,1.0,,,,,,,,,,,,,,,,,,,,,,,
grütze,False,,,,,,,,,,,,,,1.0,,,,,,,,,,,,,,
grüß,False,,,,,,,,,,,,,1.0,,,,,,,,,,,,,,,
grüßen,False,,,,,,,,,,,,,,,,,2.0,,,,,,,,,,,
guard,False,,,,,,,,,,1.0,,,,,,,,,,,,,,,,,,
guards,False,,,,,,,,,,2.0,,,,,,,,,,,,,,,,,,
guck,False,,1.0,,1.0,4.0,,,,1.0,,,,1.0,1.0,,,,,,,,,,,,,,
gucken,False,7.0,3.0,8.0,12.0,8.0,5.0,5.0,5.0,6.0,2.0,5.0,17.0,4.0,1.0,13.0,4.0,4.0,4.0,7.0,4.0,10.0,10.0,3.0,7.0,9.0,3.0,5.0,2.0
guckn,False,1.0,,,,,,,,,,,,,,,,,,,,,,,,,,,
guckst,False,1.0,,,,,,,,,,1.0,,,,,,,,,,,,,,,,,
guckt,False,,1.0,,,,,,,,,,,,,,,,,,,,,,,,,,
guest,False,,,,1.0,,,,,,,,,,,,,,,,,,,,,,,,
gui,False,,,,,,,,,,,,,,,,,,,,2.0,,,,,,,,
guide,False,1.0,,,,,,,,,,,,,,,,,,,,,,,,,,,
guideline,False,1.0,,,,,,,,,,,,,,,,,,,,,,,,,,,
guidelines,False,1.0,,,,,,,,,,,,,,,,,,,1.0,,,,,,,,
guideshal,False,,,,,,,,,,,,,,,,,,,,,,,,,,,1.0,
gunst,False,,,,,,,,,,1.0,,,,,,,,,,,,,,,,,,
gurke,False,,,,,,,,,,,,,1.0,,,,,,,,,,,,,,,
gurt,False,1.0,,,,,,,,,,,,,,,,,,,,,,,,,,,
guss,False,,,,,,,,1.0,,,,,,,,,,,,,,,,,,,,
gut,True,41.0,48.0,66.0,50.0,22.0,9.0,50.0,33.0,41.0,13.0,26.0,59.0,13.0,24.0,32.0,34.0,26.0,31.0,25.0,57.0,66.0,35.0,15.0,23.0,20.0,40.0,26.0,21.0
gutachten,False,,,,2.0,1.0,,,,,,,,,2.0,1.0,,,,,,,,1.0,,,,,
gutachter,False,,,,1.0,,,,,,,,,,,,,,,,,,,,,,,,
gutartig,False,,,,,,,,,1.0,,,,,,,,,,,,,,,,,,,
gutdünken,False,,,,,,,,,,,,,,,,,,,,,,2.0,,,,,,
gute,True,,4.0,4.0,,,2.0,1.0,2.0,,,1.0,2.0,2.0,,,1.0,1.0,1.0,,2.0,2.0,,,,1.0,,2.0,1.0
guteil,False,,,,,,,,1.0,,,,,,,,,,,,,,,,,,,,
gutes,True,,,,,,,,,,,,,,,,,,,,1.0,,,,,,,,
guthaben,False,,,,,,,,,,,,,2.0,,,,,,,,,,,,,,,
guthabenbasis,False,,,,,,,,,,,,,1.0,,,,,,,,,,,,,,,
guthabenkonto,False,,,,,,,,,,,,,1.0,,,,,,,,,,,,,,,
gutwillig,False,,,,,,,,,,,,,,,,,,,,,2.0,,,,,,,
guy,False,,,,,,,,,,,,3.0,,,,,,,,,,,,,,,,
gvf,False,,,,,,,,,,,,,,,,3.0,,,,,,,,,,,,
gängig,False,,1.0,,,,,,,,,,,,,,,1.0,,,,,,,,,,,
gänz,False,,,,,,,,,,,,,,,,,,,,,,,,,,1.0,,
gänze,False,,,,,,,,,,,,,,,,,,,,,,,,,,2.0,,
gänzlich,False,,,,,,,,,,,,,1.0,,,,,,,,,,,,,,,
gären,False,,,,,,,,,,,,,,,,,,,1.0,,,,,,,,,
gästin,False,,,,,,,,,,1.0,1.0,,,,,,,,,,,,,,1.0,,,
gästinn,False,,,,,,,,,,,,,,,,,,,,1.0,,,,,,,,
gönnen,False,,,,,,,,,,,,,,,,,,,1.0,1.0,,,,,,,,
gültig,False,,1.0,,1.0,,,,,1.0,,,,,,1.0,,1.0,,,,,,,,,,,
günstig,False,,,2.0,,,,,2.0,,,,1.0,,,1.0,,5.0,,,2.0,3.0,2.0,,1.0,,,,
günther,False,,,,,,3.0,,,,,,,,,,,,,,,,,,,,,,
güte,False,,,,1.0,,,,,1.0,,,,,,,,,1.0,,,2.0,,,,,,,1.0
ha,False,,,1.0,,,,,,,,,,,,,,,,,,,,,,,,,
haaretz,False,,,,,2.0,,,,,,,,,,,,,,,,,,,,,,,
hab,False,,,,,,,4.0,,1.0,,,1.0,,1.0,,,,,,,2.0,,,,,,,
habben,True,1.0,1.0,2.0,,2.0,,,4.0,2.0,,,1.0,,1.0,1.0,,4.0,3.0,3.0,3.0,,,6.0,1.0,,2.0,2.0,3.0
habe,True,2.0,1.0,,1.0,,,1.0,1.0,,,,1.0,,,,,,1.0,,,,,,,,,,
habeck,False,,,,,,,,,,,,,,,,,,,,,,1.0,,,,,,
haben,True,212.0,265.0,289.0,281.0,409.0,255.0,335.0,192.0,253.0,211.0,128.0,303.0,199.0,161.0,299.0,174.0,214.0,188.0,342.0,198.0,678.0,269.0,211.0,213.0,124.0,293.0,157.0,155.0
habhaft,False,,,,,,,,,,,,,,,,,,,,,,,,,,1.0,,
habn,False,,,,2.0,,,7.0,,4.0,,,1.0,,,,,,2.0,,,,,,,,,,
habt,True,,3.0,,,1.0,,,1.0,,,,,,,1.0,,,,1.0,,,,2.0,1.0,,2.0,1.0,
habtn,True,,1.0,1.0,,,,,,,,,,,,,,,,,,,,,1.0,,,,
hack,False,1.0,,,,,,,,,,,10.0,,,,,4.0,,,,2.0,,,,,,,
hackbar,False,,,,,1.0,,,,,,,1.0,,,,,,,,,,,,,,,,
hacken,False,,,,,6.0,,3.0,,,,,34.0,,,,,,,,,4.0,,,,,,,
hackend,False,,,,,,,,,,,,1.0,,,,,,,,,,,,,,,,
hacker,False,,,,1.0,,,,,,2.0,,155.0,,,,,,,,1.0,2.0,,,,,1.0,,
hackerarbeit,False,,,,,,,,,,,,,,,,,,,,,1.0,,,,,,,
hackerbegriff,False,,,,,,,,,,,,2.0,,,,,,,,,,,,,,,,
hackerbild,False,,,,,,,,,,,,1.0,,,,,,,,,,,,,,,,
hackerbude,False,,,,,1.0,,,,,,,,,,,,,,,,,,,,,,,
hackerethik,False,,,,,,,,,,,,4.0,,,,,,,,,,,,,,1.0,,
hackerfeld,False,,,,,,,,,,,,1.0,,,,,,,,,,,,,,,,
hackerfernsehe,False,,,,,,,,,,,,1.0,,,,,,,,,,,,,,,,
hackerfigur,False,,,,,,,,,,,,4.0,,,,,,,,,,,,,,,,
hackerfiguren,False,,,,,,,,,,,,3.0,,,,,,,,,,,,,,,,
hackerfilm,False,,,,,,,,,,,,14.0,,,,,,,,,,,,,,,,
hackerfilmen,False,,,,,,,,,,,,2.0,,,,,,,,,,,,,,,,
hackergeschicht,False,,,,,,,,,,,,1.0,,,,,,,,,,,,,,,,
hackergruppe,False,,,,,,,,,,,,1.0,,,,,,,,,,,,,,,,
hackerin,False,,,,,,,,,,,,6.0,,,,,,,,,,,,,,,,
hackerinn,False,,,,,,,,,,,,4.0,,,,,,,,,,,,,,,,
hackerinnen,False,,,,,,,,,,,,3.0,,,,,,,,,,,,,,,,
hackerleben,False,,,,,,,,,,,,1.0,,,,,,,,,,,,,,,,
hackerparagrafen,False,,,,,,,,,,1.0,,,,,,,,,,,,,,,,,,
hackerserie,False,,,,,,,,,,,,1.0,,,,,,,,,,,,,,,,
hackerspaces,False,,,,,,,,,,,,,,,,,,,,,,,,,,1.0,,
hackerszene,False,,,,,,,,,,,,2.0,,,,,,,,,,,,,,,,
hackertum,False,,,,,,,,,,,,3.0,,,,,,,,,,,,,,,,
hackerwelt,False,,,,,,,,,,,,2.0,,,,,,,,,,,,,,,,
hacking,False,,,,,3.0,,1.0,,,1.0,,5.0,,,,,,,,,,,,,,,,
hackingsoftware,False,,,,,,,2.0,,,,,,,,,,,,,,,,,,,,,
hackkarton,False,,,,,,,,,,,,,,,,,,,1.0,,,,,,,,,
hacktivismus,False,,,,,,,,,,,,1.0,,,,,,,,,,,,,,,,
hacktivist,False,,,,,,,,,,,,1.0,,,,,,,,,,,,,,,,
hadat,False,,,,,1.0,,,,,,,,,,,,,,,,,,,,,,,
haftbar,False,,4.0,,,,,,,,,,,,,,,3.0,,,,,,,,,,,
haften,False,,1.0,1.0,,,,,,,,,,,,,,,,,,,,,,,,,
haftung,False,,,,,,,,,,,1.0,,,,,,,,,,,,,,,,,
haftungsregel,False,,,,,,,,,,,,,,,,2.0,,,,,,,,,,,,
hagelandert,False,,,,,,,,,,,,,,,1.0,,,,,,,,,,,,,
haha,False,,,,1.0,,,,,,,,,1.0,,,,,,,,,,,,,,,
hahaha,False,,,,1.0,,,,,,,,,,,,,,,,,,,,,,,,
haken,False,,,,,,,,,,,,1.0,,,,,1.0,,1.0,,,,,,,,,
hakt,False,,,,,,1.0,,,,,,,,,,,,,,,,,,,,,,
halb,False,,3.0,,,1.0,1.0,1.0,,,,1.0,,,,1.0,,,,1.0,,,,,,,1.0,1.0,
halbautomatisiert,False,,,,,,,,,,,,,,,2.0,,,,,,,,,,,,,
halbdurchsichtig,False,,,,,,,,,,,,,,,,,,,,,,,,1.0,,,,
halbe,False,1.0,,,,,,,,,,,,,,,,,,,,,,,,,,,
halber,False,,,,,,,1.0,1.0,,,,1.0,,,,,,,,,2.0,1.0,,,,,,
halbfest,False,,,,,,,,,,,,,,,,,,,,,,,,1.0,,,,
halbjahr,False,,,,,,,,,,,,,,,,,,,1.0,,,,,,,,,
halbjahresurteil,False,,,,,,,1.0,,,,,,,,,,,,,,,,,,,,,
halbjahreszeitung,False,,,,,,,2.0,,,,,,,,,,,,,,,,,,,,,
halbjahreszeugnis,False,,,,,,,3.0,,,,,,,,,,,,,,,,,,,,,
halbkreisförmig,False,,,,,,,,,,,,,,,,,,1.0,,,,,,,,,,
halbkugel,False,1.0,,,,,,,,,,,,,,,,,,,,,,,,,,,
halblegaler,False,,,,,,,,,,,,,,,1.0,,,,,,,,,,,,,
halbmond,False,,,,,1.0,,,,,,,,,,,,,,,,,,,,,,,
halbsatzwatsche,False,,,,,,,,,,,,,1.0,,,,,,,,,,,,,,,
halbwegs,False,,,,,,,,1.0,1.0,,,,,,1.0,,,,1.0,,,,,,,,3.0,
halbwissen,False,,,,,,,,,,,,,,,,,,,,,,2.0,,,,,,
halbzeitbilanz,False,,,,,,,,,,,1.0,,,,,,,,,,,,,,,,,
hallihallo,False,,,,,1.0,,,,,,,,,,,,,,,,,,,,,,,
hallo,False,7.0,4.0,4.0,5.0,2.0,,4.0,2.0,6.0,2.0,1.0,4.0,8.0,5.0,4.0,4.0,3.0,,,5.0,6.0,7.0,4.0,5.0,3.0,3.0,5.0,1.0
hals,False,,,,,,1.0,,,,,,,,,,,,,,1.0,,,,,,,,
halt,False,49.0,64.0,97.0,41.0,42.0,29.0,30.0,42.0,57.0,20.0,33.0,32.0,70.0,15.0,28.0,1.0,9.0,7.0,9.0,64.0,134.0,18.0,15.0,69.0,14.0,59.0,51.0,1.0
haltbar,False,,,,1.0,,,,,,,,,,,,,,,,,,,,,,,,
halten,False,6.0,5.0,2.0,9.0,7.0,8.0,7.0,1.0,3.0,3.0,3.0,3.0,3.0,3.0,8.0,3.0,3.0,4.0,4.0,3.0,24.0,6.0,2.0,4.0,2.0,3.0,9.0,2.0
haltestelle,False,,,,,1.0,,,,,,,,,,,,,,,,,,,,,,,
haltung,False,,,,,,,1.0,,1.0,1.0,,,,,4.0,,,,,,2.0,,,,,1.0,,
haltungsgeschicht,False,,,,,,,1.0,,,,,,,,,,,,,,,,,,,,,
ham,False,,,,,,,,,,,,,,,,,,,,,,2.0,,,,,,
hamburg,False,,,,,,1.0,,,,1.0,,,,,,,,,1.0,,,,1.0,1.0,,,,
hammer,False,,,,,,,,,,,,,,,,,,,,,2.0,,,1.0,,,,
hammerfrag,False,,,,,,,,,,,,,,,,,,,,,,,,,,,,1.0
hand,False,7.0,1.0,2.0,2.0,4.0,,4.0,,2.0,,,1.0,4.0,,1.0,,2.0,,2.0,,4.0,8.0,1.0,4.0,1.0,5.0,,1.0
handbuch,False,,,,,,,1.0,,,,,,,,,,,,,,,,,,,,,
handel,False,,,,1.0,,,,,,,,,,,,,,,,,,,,,,,,
handeln,False,,3.0,,,1.0,2.0,,,,3.0,1.0,1.0,2.0,,3.0,3.0,,,1.0,,,1.0,1.0,,2.0,2.0,1.0,
handelnd,False,,,,,,,,,,1.0,,,,,,,,,,,,,,,,,,1.0
handelsabkommen,False,,,,,,,,,,,,,,,,,,,,,,1.0,,,,,,
handelsbeziehung,False,,,,,,,,,,,,,,,,,,,,,,2.0,,,,,,
handelskammer,False,,,,,,,,,,1.0,,,,,,,,,,,,,,,,,,
handelskampf,False,,,,,,,,,,,,,,,,,,,,,,,,,,,,1.0
handelskrieg,False,,,,,,,,,,,,,,,,,,,,,,,,,,,,1.0
handelsverträg,False,,,,,,,,,,,,,,,,,,,,,,1.0,,,,,,
handgeschrieben,False,,,,,,,,,,,,,,,,,,,,,,,,,,1.0,,
handhaben,False,,,1.0,,,1.0,,,,,,,,,,,,1.0,,,,,,,,,,1.0
handhaber,False,,,1.0,,,,,,,,,,,,,,,,,,,,,,,,,
handle,False,,,,,,,,,,,,,,,,,,,,,,,,,,,,1.0
handlung,False,,,,,,,,,,1.0,,1.0,,,1.0,1.0,,,,,,,,,,,,
handlungsanweisung,False,,,,,,,,,,,,,,,1.0,,,,,,,,,,,,,
handlungsfelder,False,,,,,,,,,,,,,,,,,,,1.0,,,,,,,,,
handlungsfähig,False,,,,,,,,,,,,,,,,,,,,,,,,,2.0,,,
handschaltung,False,1.0,,,,,,,,,,,,,,,,,,,,,,,,,,,
handschelle,False,,,,,,,,1.0,,,,,,,,,,,,,,,,,,,,
handschuh,False,3.0,,,,,,,,,,,,,,,,,,,,,,,,,,,
handvoll,False,1.0,,,,,,,,,,,,,,2.0,,,,,,2.0,,,1.0,,2.0,,
handwerk,False,,,,,,,,,,,,,,,,,,,,,,,,,,1.0,,
handy,False,4.0,7.0,1.0,,2.0,1.0,,,1.0,,,,,,,,5.0,,,,2.0,3.0,,1.0,,1.0,2.0,
handynummer,False,,,,,1.0,,,,,,,,,,1.0,,,,,,,,,,,,,
hangeln,False,,,,,,,,,,,,,,,,,,,,,,,,,,,2.0,
hanni,False,,,,,1.0,,,,,,,,,,,,,,,,,,,,,,,
hannig,False,,,,,,,,,,,,,,,,,,,,,,,,,,,1.0,
hannover,False,,,,,,,,,,,,,3.0,,,,,,,,,,,,,,,
hans,False,,,,,1.0,1.0,,,,,,,,,,,,,,,,,,,,,,
hansaplatz,False,,,,,,,,,,,,,,,,,,,,,,,1.0,,,,,
hansel,False,,,,,1.0,1.0,,,,,,,,,,,,,,,,,,,,,,
hantieren,False,,,,,,,,,,,,,,,1.0,,,,,,,,,,,,,
hapern,False,,,,,,,1.0,,,,,,,,,,,,,1.0,,,,,1.0,,,
happy,False,,,,,,,,,,,,,,,,,1.0,,,1.0,,,,,,,,
haptisch,False,4.0,,,,,,,,,,,,,,,,,,,,,,,,,,,
hard,False,,,,,2.0,,,,,,,3.0,,,,,,,,,,,,1.0,,,,
hardware,False,,,,,3.0,,1.0,,,,,6.0,,,,,4.0,,1.0,4.0,2.0,1.0,6.0,10.0,,,1.0,
hardwareprojekt,False,,,,,,,,,,,,1.0,,,,,,,,,,,,,,,,
harmlos,False,,,,,,,,,,,,,,,,,,,,,,,1.0,,,,,
harmonieren,False,1.0,,,,,,,,,,,,,,,,,,,,,,,,,,,
harmonisieren,False,,,,,,,,,,,,,,,,1.0,,,,,,,,,,,,
harn,False,,,,,,,,,,,,,,,,,1.0,,,,,,,,,,,
harsch,False,,,,,,,,,,,,,,,,,,1.0,,1.0,,1.0,,,,,,
hart,False,,1.0,,,,5.0,1.0,,1.0,,,,2.0,,,,2.0,1.0,2.0,1.0,4.0,,,1.0,,1.0,,
hartblee,False,,,1.0,,,,,,,,,,,,,,,,,,,,,,,,,
hartenberg,False,,,,,,,,,,,,,,,,,,,,,,,,,1.0,,,
hartz,False,,,,,,,,,,,,,,,,,,,1.0,,,,,,,,,
hase,False,1.0,,1.0,,,,,,,,,,,,,,,,,,,,1.0,,,,,
hash,False,,5.0,,,,,,,,,,,,,1.0,,,,,,,,,,,,,
hashe,False,,3.0,,,,,,,,,,,,,,,,,,,,,,,,,,
hashes,False,,1.0,,,,,,,,,,,,,,,,,,,,,,,,,,
hashtag,False,,4.0,,,,,,,,,,,,,,,,,,,,,,,,,,
hass,False,,,,,,,1.0,,,,,,,,,2.0,,,,,,,,,,,,
hassbegriff,False,,,,,,,,,,,,,,,,,,,,,,,,,,1.0,,
hassen,False,,,,,,,,,,1.0,,,,,,,,,,,,,,,,1.0,,
hasskommentar,False,,,,,,,1.0,,,,,,,,,,,,,,,,,,,,,
hassrede,False,,,,,,,1.0,,,,,,,,,,,,,,,,,,,,,
hast,True,,1.0,,1.0,1.0,,1.0,3.0,,,,3.0,1.0,1.0,1.0,2.0,,3.0,2.0,,2.0,,,,1.0,,,
haste,False,,,,,,,,,,,,,,1.0,,,,,,,,,,,,,,
hate,False,,,,,,,,,,1.0,,,,,,,,,,,,,,,,,,
hateaid,False,,,,,,,,,,,,,,,,1.0,,,,,,,,,,,,
hatteben,False,,1.0,,,1.0,,,,1.0,,,,,1.0,,,2.0,,1.0,,2.0,,,,,,,
hatteen,False,,,,,,,,1.0,,,,,,,,,,,,,,,,,,,,
hatten,True,,,1.0,,,,,,,,,,,,1.0,,,1.0,,,,,,,,,,
hattest,False,,,,,1.0,1.0,1.0,2.0,1.0,,,,,,,,,3.0,1.0,1.0,,1.0,1.0,,3.0,1.0,,
hattet,False,,,1.0,,,,,,,,,,,,,,1.0,1.0,1.0,1.0,,,,1.0,,,,
haube,False,,,,,,,,,,,,,1.0,,,,,,,,,,,,,,,
haudegen,False,,,,,,,,1.0,,,,,,,,,,,,,,,,,,,,
hauen,False,,,,,,,1.0,,,,,,,,,,,,,,,,,,,,,
haufen,False,,,3.0,,,,3.0,,,,,,,,,,,,,,,,,1.0,,,,
haupt,False,,,,,,,,,,,,,,,,,,,,,2.0,,,,,,,
hauptappell,False,,,,,,,,,,,,,,,,1.0,,,,,,,,,,,,
hauptargument,False,,,,,,,,,,,,,,,,,,,,1.0,,,,,,,,
hauptaufgabe,False,,,,,,,,,,,,,,,,,,,2.0,,,,,,,,,
hauptbahnhof,False,,,,,,,,,,,,,,,,,,,,,,,8.0,,,,,
hauptberuf,False,,,,1.0,,,,,,,,,,,,,,,,,,,,,,,,
hauptcharakter,False,,,,,,,,,,,,3.0,,,,,,,,,,,,,,,,
hauptdarsteller,False,,,,,,,,,,,,1.0,,,,,,,,,,,,,,,,
hauptfigur,False,,,,,,,,,,,,6.0,,,,,,,,,,,,,,,,
hauptfigurinne,False,,,,,,,,,,,,1.0,,,,,,,,,,,,,,,,
hauptfokus,False,,,,1.0,1.0,,,,,,,,,,,2.0,,,,,,,,,,,,
hauptformat,False,,,,,,,,,,,,,,,,,,,,,,,,1.0,,,,
hauptfrage,False,,,,,,,,,,,,1.0,,,,,,,,,,,,,,,,
haupthelden,False,,,,,,,,,,,,1.0,,,,,,,,,,,,,,,,
hauptkritiker,False,,,,,,,,,,,,,,,,,,,,,,,,,,1.0,,
hauptkunde,False,,,,,1.0,,,,,,,,,,,,,,,,,,,,,,,
hauptmotivation,False,,,,,,,,,,,,,,,,1.0,,,,,,,,,,,,
hauptpunkt,False,,,1.0,,,,,,,,,,,,,,,,,,,,,,,,,
hauptrolle,False,,,,,,,,,,,,3.0,,,,,,,,,,,,,,,,
hauptsache,False,,,,,,,,,,,,,,,,,,,,,,,2.0,,,,,
hauptsacheverfahr,False,,,,,,,,,,,,,,,,,,,,,,,1.0,,,,,
hauptstadt,False,,,,3.0,,,,,,,,,,,,,,,,,,,,,,,,
hauptsächlich,False,,,,,1.0,,,,,1.0,,,,,,,,,,1.0,,,1.0,2.0,,1.0,,1.0
hauptthema,False,,,,1.0,,,,,,,,,,,,,,,,,2.0,,,,,,,
hauptverfahren,False,,,,,,,,,,,,,,,,,,,,,,,3.0,,,,,
hauptversammlung,False,,,,,,,,,,,,,,,,,,,,,,,,,,1.0,,
hauptzellingpoint,False,,,,,1.0,,,,,,,,,,,,,,,,,,,,,,,
hauruckverfahr,False,,,,,1.0,,,,,,,,,,,,,,,,,,,,,,,
haus,False,4.0,,,,6.0,1.0,10.0,,,,2.0,,,1.0,2.0,,8.0,3.0,1.0,,6.0,,1.0,,8.0,1.0,,1.0
hausarzt,False,,,,2.0,,,,,,,,,,,,,,,,,,,,,,,,
hausaufgabe,False,,,1.0,,,,,,,,,2.0,,,,,,,,,6.0,,,,,,,1.0
hausdurchsuchung,False,,,,,1.0,,,,,,,,,,,,,,,,,,,,,,,
haushalt,False,,,,,,,2.0,,,,,,,,,,,,,,1.0,,,,,1.0,,
haushaltschlüs,False,,,,,,,,,,,,,,,,,,,,,2.0,,,,,,,
haushaltsgerät,False,,,,,,,,,,,,,,,,,,,,5.0,,,,,,,,
haushaltsname,False,,,,,,,,,,,,,,,,,,,,,,,,,1.0,,,
haushaltsverhandlung,False,,,,,,,,,,,2.0,,,,,1.0,,,,,,,,,,,,
hausieren,False,,,,,1.0,,,,,,,,,,,,,,,,,,,,,,,
hausnummer,False,,,,,,,,,,,,,,,3.0,,,,,,2.0,,,1.0,,,,
haustechnik,False,,,,,,,,,,,,,,,,,,,,,,,,3.0,,,,
haustür,False,,,,,,,,,,,,,,,,,,,,,,,2.0,,,,,
haut,False,,1.0,,,,,,,,,,,,,,,,,,,,,,,,,,
hautfarb,False,,,,,,,1.0,,,,,,,,,,,,,,,,,,,,,
hautfarbe,False,,,,,,,1.0,,,,,,,,,,,,,,,,,,,,,
hdmi,False,,,,,,,,,,,,,,,,,,,,,,,,2.0,,,,
hdp,False,,,,,,,,,,,,,,,1.0,,,,,,,,,,,,,
head,False,,,,,,,,1.0,,,,,,,,,,,,,,,,,,,,
health,False,,,,1.0,,,,,,,1.0,,,,,1.0,,,,,,,,,,,,
hebel,False,,,,1.0,,1.0,2.0,,,,,,,,,,,,1.0,,,1.0,,,,,,
heben,False,,,1.0,,,,,,,,,,,,2.0,,,,2.0,,,1.0,,,,1.0,,
hecke,False,,,1.0,,,,,,,,,,,,,,,,,,,,,,,,,
heftig,False,,,,,,,,,,1.0,,,,,,,,,,,,2.0,,,,,,
heikl,False,,,,1.0,,,,,,,,,,,,,,,,,,,,,,,,
heiko,False,,,,,,,,,,,,,,1.0,1.0,,,,,,,,,,,,,
heilen,False,,,1.0,,,,,,,,,,,,,,,,,,,,,,,,,
heilig,False,,,,1.0,1.0,,,,,,,,,,,,,,,,,,,,,,,
heiligt,False,,,,,,,,,,,,,,,1.0,,,,,,,,,,,,,
heilmittel,False,,,2.0,,,,,,,,,,,,,,,,,,,,,,,,,
heilsversprechen,False,,,,,,,,,,,,,,,,,,,,,2.0,,,,,,,
heilung,False,,,,2.0,,,,,,,,,,,,,,,,,,,,,,,,
heilungseffekt,False,,,1.0,,,,,,,,,,,,,,,,,,,,,,,,,
heilungszwecke,False,,,1.0,,,,,,,,,,,,,,,,,,,,,,,,,
heim,False,,,,,,,,,,,,,,,,,1.0,,,,,,,,,,,
heimat,False,,,,,,,,,,,,,3.0,,,,,,,,,,,,,,,
heimdienste,False,,,,,1.0,,,,,,,,,,,,,,,,,,,,,,,
heimisch,False,,,,,,,,,,,,,1.0,,,,,,,,,,,,,,,
heimlich,False,,,,,2.0,,,,1.0,,,,,,,,,,,1.0,,,,,1.0,,,
heise,False,,,,,,,,,,,,,,,,,,,,,,,,,,,2.0,
heizer,False,,,,,,,1.0,,,,,,,,,,,,,,,,,,,,,
heizhammer,False,,,,,,,1.0,,,,,,,,,,,,,,,,,,,,,
heiß,False,1.0,1.0,,,,,1.0,1.0,,1.0,,,,,,,,,,,,,3.0,,,,,
heißen,True,15.0,53.0,13.0,40.0,21.0,20.0,21.0,26.0,49.0,8.0,12.0,23.0,21.0,14.0,24.0,30.0,24.0,12.0,9.0,16.0,28.0,35.0,17.0,28.0,12.0,12.0,30.0,13.0
heißluftballon,False,,,,,,,2.0,,,,,,,,,,,,,,,2.0,,,,,,
heißt,True,,,,2.0,,,,,2.0,,,,,,,,,,1.0,,,,1.0,,,,,
heißöl,False,,1.0,,,,,,,,,,,,,,,,,,,,,,,,,,
held,False,,,,,,,,,,,,2.0,,,,,,,,,,,,,,,,
heldentat,False,,,,,,,1.0,,,,,,,,,,,,,,,,,,,,,
helfen,False,4.0,,11.0,1.0,1.0,1.0,3.0,2.0,1.0,,,2.0,1.0,,1.0,1.0,1.0,,,2.0,2.0,1.0,3.0,1.0,,2.0,1.0,3.0
helferin,False,,,,,,,,,,,,,,,,,,,,,,,,1.0,,,,
helft,False,,,,,,,,,,,,,,,,,,,,,2.0,,,,,,,
heliumluftballon,False,,,,,,,,,,,,,,,,,,,,,,,,,,1.0,,
hellhörig,False,,,,,,,,,,,,,,,,,,,,,,,,,,1.0,,
hemd,False,,,,,,,,,,,,,,,,,,,,,2.0,,,,,,,
hemdschuh,False,,,,,,,1.0,,,,,,,,,,,,,,,,,,,,,
hemmen,False,,,,,,,,,,,,,,,,,,1.0,,,,,,,,,,
hemmend,False,,,,,,,,,,,,,,,1.0,,,,,,,,,,,,,
hemmer,False,1.0,,,,,,,,,,,,,,,,,,,,,,,,,,,
hemmschuh,False,,,,,,,1.0,,,,,,,,,,,,,,,,,,,,,
henrik,False,,,,,,,,,,,,,,,,,1.0,,,,,,,,,,,
her,True,1.0,4.0,2.0,,3.0,1.0,3.0,3.0,3.0,1.0,,1.0,3.0,1.0,11.0,,3.0,2.0,,3.0,8.0,1.0,3.0,4.0,,5.0,4.0,
heran,False,,,,,,,,1.0,,,,,,,,,,,,,,,,,,,,
herangehen,False,,,,,,,,,,,,,,1.0,,,,,,,,,,,,,,
herangehensweise,False,,,,,,,,,,,,,,1.0,,,,1.0,,,,,,,,,,
herangeholen,False,,,,,,,1.0,,1.0,,,,,,,,,,,,,,,,,,,
herangetragen,False,,,,,,,1.0,,,,,,,,,,,,,1.0,,,,,,,,
herantreten,False,,,,,,,,,,,,,,,,,,,,,,,,,,,,1.0
heranziehen,False,,,,1.0,,,1.0,,,3.0,,,,,1.0,,,1.0,,,,,,,,,,
heraus,False,,1.0,,,1.0,,,,,1.0,,1.0,2.0,2.0,1.0,,,1.0,1.0,,5.0,,,2.0,,1.0,,
herausarbeiten,False,,,,1.0,,,,,,,,,,,,1.0,,1.0,,,,,,,,,,
herausbilden,False,,,,,,,,,,,,,,,,,,,,,,,,,,1.0,,
herausfinden,False,,1.0,,1.0,,,,,,,,1.0,,,,1.0,,,,1.0,,,,1.0,,1.0,1.0,
herausfordern,False,,,,,,,1.0,,,,,,,,,,,,,,,,,,,,,
herausforderung,False,1.0,,,,,,,,,,,,,,,2.0,,,,,,,,,,,1.0,1.0
herausgeben,False,,,,,,,,,,,,,,,,,,,1.0,,,,,,1.0,,,1.0
herausgeriffen,False,,,,,,,,,1.0,,,,,,,,,,,,,,,,,,,
herausgestoch,False,,,,,,,,,,,,,,,,,,,,,,,,,1.0,,,
herausgreifen,False,,,,,,,1.0,,,1.0,,,,,1.0,,,,,,,,,,,,,
herauskommen,False,,,,,1.0,,,,,,,,,1.0,,,,,,,,,,,,,,
herausnehmen,False,,,,,,,,,,1.0,,,,,,,,,,,,,,,1.0,,,
heraussag,False,,1.0,,,,,,,,,,,,,,,,,,,,,,,,,,
herausstellen,False,,,1.0,,,,1.0,,1.0,,,,,,,,1.0,1.0,,,,,,2.0,,,,
herauszuheben,False,,,,,,,,,,,,,,,,,,,,,2.0,,,,,,,
herbeiführen,False,,,,,,,,,,,,,,,,,,,,1.0,,,,,,,,
herbeigeredet,False,,,,,,,1.0,,,,,,,,,,,,,,,,,,,,,
herbeireden,False,,,,,,,3.0,,,,,,,,,,,,,,,,,,,,,
herbekommen,False,,,,,,,1.0,,,,,,,,,,,,,,,,,,,,,
herbert,False,,,,,,,,,,,,,1.0,,,,,,,,,,,,,,,
herbst,False,,,,,1.0,,,1.0,,,,,,,1.0,,,,,,,,,,,,,
herd,False,,,,,,,,,,,,,,,,,,,,1.0,,,,,,,,
herdefinieren,False,,,,,,,,,,,,,,,,1.0,,,,,,,,,,,,
herfahrt,False,,,,,,,,,,,,,,,,,,,,,,2.0,,,,,,
herfliegen,False,,,,,,,,,,,,,,,,,,,,,,2.0,,,,,,
hergeben,False,,,1.0,,,,,,,,,,,,1.0,,,,,,,2.0,,,,,,
hergehen,False,,,,,,,1.0,,,,,,,,,,,,,,,,,,,,1.0,
hergeholen,False,,1.0,,,,,,,,,,,,,,,,,,,,,,,,,,
herhalten,False,,,,,,1.0,,,,,,,,,,,,,,,,,,,,,,
herholen,False,,,,,,,,,,,,,,,,,,,,,,1.0,,,,,,1.0
heritisch,False,,1.0,,,,,,,,,,,,,,,,,,,,,,,,,,
herkommen,False,2.0,,,,,,,,,,,,1.0,,,,,,1.0,,,2.0,1.0,,1.0,1.0,2.0,
herkrieg,False,,,,,,,,,,,,,,,,1.0,,,,,,,,,,,,
herkunft,False,,,,,,,1.0,1.0,,,,,,,,,,,,,,,,,,,,
herkunftsland,False,,,,,,,,,,,,,2.0,,,,,,,,,,,,,,,
herkunftsregion,False,,,,,,,,1.0,,,,,,,,,,,,,,,,,,,,
hernehmen,False,,1.0,,1.0,,,,,,,,1.0,,,,,,,,,,,,1.0,,,,
heroes,False,,,,,,,,,,,,3.0,,,,,,,,,,,,,,,,
herr,False,,1.0,,2.0,,3.0,1.0,,,1.0,,,,,,,2.0,,,,2.0,2.0,,,2.0,1.0,,6.0
herrin,False,,1.0,,,,,,,,,,,,,,,,,,,,,,,,,,
herrschen,False,1.0,,,,,,,,,,,,,1.0,,,,,,,,1.0,,,,,,
herrscher,False,,,,,,,,,1.0,,,,,,,,,,,,,1.0,,,,,,
herstellen,False,,,1.0,,,1.0,,,,2.0,,,,,1.0,,1.0,,,1.0,,1.0,1.0,,,,,
hersteller,False,6.0,,40.0,,15.0,,1.0,1.0,1.0,,,,1.0,,1.0,,6.0,,,,2.0,,10.0,1.0,,,,
hertreiben,False,,,,,,,,,,,,,,,1.0,,,,,,,,,,,,,
herum,False,,1.0,,,,,,,,,,,,1.0,,,,,,,,,,,,1.0,,
herumlaufen,False,,,,,,,,,,,,,,,,,,,,1.0,,,,,,,,
herumreden,False,,,,,,,,,,,,,,,,,,,1.0,,,,,,,,,
heruntergeladen,False,,1.0,,,,,,,,,,,,,,,1.0,,,,,,,,,,,
herunterladen,False,,,1.0,,,,,,,,,1.0,,,,,1.0,,,,,,,,,,,
hervor,False,,,,,,,,,,,,1.0,1.0,,,,,,,,,,,,,,,
hervorbringen,False,,,,,,,,1.0,,,,,,,,,,,,,,,,,,,,
hervorgehen,False,,,,,,,,,,,,,,,1.0,,,,,,,,,,,,1.0,
hervorgetan,False,,,,,,,,,,,,,1.0,,,,,,,,,,,,,,,
hervorheben,False,1.0,,,,,,,,,,,,,,,,1.0,,,,,,,,,,,
hervorragend,False,1.0,,1.0,,1.0,,,,,,1.0,,1.0,,1.0,,,,,,,,,,,1.0,,
hervorrufen,False,1.0,,,,,,,,,1.0,,,,,,,,,,,,,,,,,,
hervorzuheben,False,,,,,,,,,,,,,,1.0,,,,,,,,,,,,,,
herz,False,,,1.0,,,,,,,,,1.0,,,,,,1.0,3.0,,2.0,,,,,,,1.0
herzblut,False,,,,,,,,,,,,,,,,,,,,,,,,,,,,1.0
herzgebirge,False,,,,,,,,,,,,,,,,,,,1.0,,,,,,,,,
herzinfarkt,False,,,1.0,,,,,,,,,,,,,,,,,,,,,,,,,
herzkasper,False,,,1.0,,,,,,,,,,,,,,,,,,,,,,,,,
herzlich,False,3.0,4.0,2.0,3.0,3.0,1.0,2.0,,5.0,3.0,2.0,3.0,3.0,2.0,5.0,1.0,,1.0,2.0,3.0,2.0,2.0,3.0,1.0,2.0,3.0,2.0,1.0
herzugehen,False,,,,,,,1.0,,,,,,,,,,,,,,,,,,,,,
herzusagen,False,,1.0,,,,,,,,,,,,,,,,,,,,,,,,,,
herüber,False,,,,,,,,,,,,,,,,,,,,1.0,,,,,,,,
hesse,False,,,,,,,,,,,,,,,,,,,,,,,,,1.0,,,
hessen,False,,,,,,,1.0,,,,,,,,,,,2.0,,,2.0,,,,5.0,,,3.0
hessenthaler,False,,,,,,,,,,,,,,,,,,,,,,,,,,5.0,,
hessisch,False,,,,,,,1.0,,,,,,,,,,,,,,,,,,1.0,,,1.0
heterogen,False,,,,1.0,,,,,,,,,,,,,,,,,,,,,,,,
heterogenität,False,,,,3.0,,,,,,,,,,,,,,,,,,,,,,,,
heute,True,9.0,8.0,15.0,14.0,20.0,7.0,14.0,9.0,18.0,8.0,9.0,28.0,10.0,3.0,19.0,8.0,9.0,4.0,11.0,16.0,21.0,41.0,6.0,8.0,4.0,9.0,15.0,4.0
heutig,False,,,,,,,2.0,,,1.0,,2.0,,,1.0,,,,,,,2.0,,,,1.0,,
heutzutage,False,1.0,,,,3.0,,,,2.0,,,3.0,,,3.0,,,,,,,2.0,,1.0,,,1.0,
heutzutagig,False,,,,,,,,,,,,1.0,,,,,,,,,,,,,,,,
hexe,False,,3.0,,,,,,,,,,,,,,,,,,,,,,,,,,
hey,False,3.0,5.0,5.0,2.0,1.0,,,1.0,6.0,,1.0,1.0,1.0,2.0,3.0,1.0,,1.0,,2.0,,,,2.0,,3.0,3.0,
heyho,False,1.0,,,,,,,,,,,,,,,,,,,,,,,,,,,
hi,False,,2.0,1.0,1.0,,,1.0,,,,,,1.0,,,,,,,,,,,1.0,,,1.0,
hickhack,False,,,,,,,,,,,,,1.0,,,,,,,,,,,,,,,
hier,True,33.0,32.0,19.0,43.0,24.0,27.0,26.0,20.0,27.0,37.0,11.0,34.0,28.0,7.0,40.0,18.0,19.0,7.0,30.0,22.0,63.0,68.0,26.0,12.0,3.0,27.0,14.0,16.0
hierarchie,False,,,,,,,,,1.0,,,,,,,,,,,,,,,,1.0,,,
hierarchisch,False,,,,,,,,,,,,,,,,,,,1.0,,,,,,,,,
hieraus,False,,,1.0,,,,,,,,,,,,,,,,,,,,,,,,,
hierbei,False,1.0,1.0,,,,,,,,,,,,,,,,,,,,1.0,,,,,,
hierfür,False,,,,,,,,,,1.0,,,,,,,,,,,,,,,,,,
hierher,False,,,,,,,,,,,,,3.0,,1.0,,1.0,,,,,,,,,,,
hierherkommen,False,,,,,,1.0,,,,,,,,,,,,,,,,,,,,,,
hiermit,False,,1.0,,,,,,,,,,,,,,,,,,,,,1.0,,,,,
hierzu,False,,,,,,,,,,,,,,,1.0,,,,,,,,,,,,,2.0
highlight,False,,,,,,,,,,,,,,,,,,,,,2.0,,,,,,,
hilbig,False,,,,,,,,,,,,,,,,,,,,,,1.0,,,,,,
hildesheim,False,,,,,,,,,,,,,,,,,,,,,,1.0,,,,,,
hilfe,False,1.0,,3.0,,,,,,,3.0,,1.0,,,,1.0,,,,,2.0,1.0,2.0,,,,,1.0
hilferuf,False,,,,,,,,,,,,,,,,,,,,,,,,,,1.0,,
hilflos,False,,,,,,,,,,,,,1.0,,,,,,,,,,,,,,,
hilfreich,False,3.0,,,,,,,,,,,,,,1.0,3.0,,,1.0,,4.0,,3.0,,,,,
hilfsantrag,False,,,,,,,,,,,,,,,,,,,,,,,1.0,,,,,
hilfsdienst,False,,,,,,,,,,,,,,,,,,,,,2.0,,,,,,,
hilfsmittel,False,,,,,,,,,,1.0,,,,,,,,,,,,,,,,,,
hilfst,False,,,,,,,,1.0,,,,,,,,,,,,,,,,,,,,
hilfsweise,False,,,,,,,,,,,,,,,,,,,,,,,3.0,,,,,
hilft,False,,,,,,,,,1.0,,,,,,,,,,,,,,1.0,,,,,
himmel,False,,,,,,,,,,,,1.0,,,,,,,,,,,,,,,,
hin,True,1.0,3.0,3.0,6.0,8.0,,7.0,6.0,1.0,1.0,1.0,2.0,2.0,,9.0,,6.0,2.0,3.0,4.0,20.0,4.0,2.0,5.0,,5.0,4.0,1.0
hinarbeiten,False,,,,,,,,,,,1.0,,,,,,,,,,,,,,,,,
hinaus,False,1.0,,,,1.0,,,,,2.0,,1.0,1.0,1.0,3.0,1.0,,3.0,1.0,,6.0,3.0,1.0,,,1.0,,2.0
hinausgehen,False,1.0,,,,,,,,,,,,,,,,,,,,4.0,,,,,,,
hinausgehend,False,,,,,,,,,,,,,,,,,,,,,2.0,,,,,,,
hinauslaufen,False,,,,,,,,,,,,,,,,,,,,,,,,,,,2.0,
hinausschießen,False,,,,1.0,,,,,,,,,,,,,,,,,,,,,,,,
hinbauen,False,,,,,,,,,1.0,,,,,,,,,,,,,,,,,,,
hinbekommen,False,,,,1.0,,,,1.0,,,,,1.0,1.0,,,,,,1.0,,,1.0,,1.0,1.0,,
hinblick,False,,,1.0,,,,,,,1.0,,,,,,,,,2.0,,2.0,,,,,,,
hinbringen,False,,,,,1.0,,,,,,,,,,,,,,,,,,,,,,,
hinderlich,False,,,,,,,,,,,,,,,,,,,1.0,,,,,,,,,
hindern,False,,,,,,1.0,,,1.0,,,,,,,,,,,,,,,,,,,
hindurch,False,,,,,,,,,,,,,,,,,,,,,,,,,1.0,,,
hinein,False,,,,1.0,,,,,1.0,1.0,,1.0,,,,,,,,,,,,,,,,
hineingedrängt,False,,,,,,,,,,,,,,,,,,,,1.0,,,,,,,,
hineingeführen,False,,,,,,,,,,,,1.0,,,,,,,,,,,,,,,,
hineingehen,False,,,,,,,,,,1.0,,,,,,,,,,,,,,,,,,
hineingeraten,False,,,,,,,,,,,,,,,,,,,,,,,,,,1.0,,
hineingeschlichen,False,,,,,,,,,,,,1.0,,,,,,,,,,,,,,,,
hineinhorchen,False,,,,,,,,2.0,,,,,,,,,,,,,,,,,,,,
hineinpflanzen,False,,,,,,,,,,1.0,,,,,,,,,,,,,,,,,,
hineinziehen,False,,,,,,,,,,,,,,,,,,,,,,,,,,,,1.0
hineinzuschauen,False,,,,,,,,,,,,,,,,,,,,,,,,,,1.0,,
hinfahren,False,,,,,,,,,,,,,,,,,,,,,,,,1.0,,,1.0,
hinfließen,False,,,,1.0,,,,,,,,,,,,,,,,,,,,,,,,
hinführen,False,,,,,,,,,,,,,,,,,,,,,,,,,,,1.0,
hingearbeitet,False,,,,,,,1.0,,,,,,,,,,,,,,,,,,,,,
hingegangen,False,,,,,,,,,,,,,,,,,1.0,,,,,,2.0,,,,,
hingegen,False,,,,,,,,,,1.0,,,,,,,,1.0,,,,,,,1.0,,,
hingehen,False,,1.0,,3.0,1.0,4.0,,1.0,2.0,,,,1.0,2.0,2.0,,1.0,,,2.0,,,2.0,,1.0,,1.0,1.0
hingehst,False,,,,,,,,,,,,,1.0,,,,,,,,,,,,,,,
hingekarrt,False,,,,,,,,,,,,,,,,,,,,,,,,1.0,,,,
hingekommen,False,,,1.0,,,,,,,,,,,,,,,,,,,,,,,,,
hingekriegt,False,,,,,1.0,,,,,,,,,,1.0,,,,,,,,,,,,,
hingemeldet,False,,,1.0,,,,,,,,,,,,,,,,,,,,,,,,,
hingenutschen,False,,,,,,,,,1.0,,,,,,,,,,,,,,,,,,,
hingeschicken,False,,,,,2.0,,,,,,,,,,,,,,,,,,,,,,,
hingeschrieben,False,,,,,,,1.0,,,,,,,,,,,,,,,,,,,,,
hingestimmt,False,,,,,1.0,,,,,,,,,,,,,,,,,,,,,,,
hingucken,False,,,,,,,,,,,,,1.0,,,,,,1.0,,,,1.0,,1.0,,,
hinhalten,False,,,,,,,,,,,,,,,,,,,,,,,1.0,,,,1.0,
hinken,False,,1.0,,1.0,,,,,,,,,,,2.0,,,,,,,,,,,,,
hinklicken,False,,,,,,,,,,,,,,,,1.0,,,,,,,,,,,,
hinkommen,False,,,,1.0,2.0,1.0,,,,,,,,,,1.0,,,,,,,1.0,,,,1.0,
hinkriegen,False,1.0,,,2.0,,1.0,2.0,,3.0,,1.0,,,,,,1.0,,,,9.0,1.0,,1.0,,,,
hinlaufen,False,,,,,,,,,,,,,,,,,1.0,,,,,,,,,,,
hinlegen,False,,,,,,1.0,2.0,,,,,,,,,,,,,,,,,,,,,
hinlänglich,False,,,,,,,,,,,,,,,,,,,,1.0,,,,,,,,
hinnehmen,False,,,,,,,,,,,,,,,,,,,,,2.0,2.0,,,,,,
hinnimmen,False,,,,,1.0,,,,,,,,,,,,,,,,,,,,,,,
hinraten,False,,,,,,,,,,,,,,,,,1.0,,,,,,,,,,,
hinreichend,False,,,,,,,,,,,,,,,,,,,1.0,,,,,,,,,
hinreisen,False,,,,,,,,1.0,,,,,,,,,,,,,,,,,,,,
hinrichtung,False,,,,,,,,,,,,,,,,,,,,,,1.0,,,,,,
hinschauen,False,,,1.0,,,,,,,,,,,,1.0,,,,,,2.0,,2.0,,,1.0,,
hinscheben,False,,1.0,,,,,,,,,,,,,,,,,,,,,,,,,,
hinschicken,False,,,,,,,1.0,,,,,,,,,,1.0,,,,,,,,,,1.0,
hinschieben,False,,,,,,,,,,,,,,,,,,,,1.0,,,,,,,,
hinsetzen,False,,,1.0,,,1.0,1.0,,1.0,,,,1.0,,,,1.0,,,,,,,,,,,
hinsicht,False,,,,,,,,1.0,,1.0,,1.0,1.0,,,,,,,,,3.0,,,,1.0,1.0,
hinsichtlich,False,,,,,,,,,,,,,,,,,,,,,2.0,,,,,,,
hinstellen,False,,,,1.0,4.0,,2.0,1.0,,,,,1.0,,1.0,,,,,,2.0,1.0,,,,,1.0,
hinten,False,2.0,2.0,,,,2.0,1.0,,3.0,2.0,1.0,1.0,,,,,1.0,,,,2.0,2.0,3.0,,,,2.0,
hintendran,False,,,,,,,,,,,,,,,,,,,,,,,,,,,2.0,
hintenrum,False,,,,1.0,1.0,,,,1.0,,,,,,,,,,,,,,,,,,,
hinter,True,6.0,1.0,1.0,3.0,1.0,,1.0,,4.0,,1.0,1.0,,,2.0,,,2.0,2.0,1.0,,3.0,2.0,11.0,1.0,1.0,,
hinterausgang,False,,,,,,,,,,,,,,,,,,,,,,,1.0,,,,,
hinterbein,False,,,,,,,1.0,,,,,,,,,,,,,,,,,,,,,
hintereinander,False,,,,,,,,,,,,,,,,,,,,,,,,,,,1.0,
hinterfragen,False,,,,,,,,,,,,,,,,,,,1.0,,2.0,2.0,,,,,,
hintergedanke,False,,,,1.0,,,,,1.0,,,,,,,,,,,,,,,,,,,
hintergehen,False,,,,,2.0,,,,,,,,,,,,,,,,,,,,,,,
hintergrund,False,,3.0,1.0,2.0,,,4.0,,1.0,1.0,,1.0,2.0,,,,1.0,1.0,,,2.0,3.0,3.0,1.0,,2.0,2.0,1.0
hintergrundgeschichte,False,,,,,,,,,,,,1.0,,,,,,,,,,,,,,,,
hintergrundgespräch,False,,,1.0,,,,,,,,,,,,,,,,,,,,,,,,,
hintergrundsicherheitslü,False,,,1.0,,,,,,,,,,,,,,,,,,,,,,,,,
hintergrundwissen,False,,,,,,,,,,,,,,,,,,,,,,,,,1.0,,,
hinterher,False,3.0,,1.0,2.0,4.0,,,,,,,,2.0,,2.0,,1.0,,,,9.0,,,2.0,,,,1.0
hinterhergeh,False,,,,,,,1.0,,,,,,,,,,,,,,,,,,,,,
hinterherkommen,False,,,,,,,,,,,,,,,,,,,,,,,,,,,2.0,
hinterherläufen,False,,1.0,,,,,,,,,,,,,,,,,,,,,,,,,,
hinterherschießen,False,,1.0,,,,,,,,,,,,,,,,,,,,,,,,,,
hinterherweinen,False,,,,,,,,,,,,,,,,,,,,,,,,1.0,,,,
hinterherzuwerfen,False,,,,,,,1.0,,,,,,,,,,,,,,,,,,,,,
hinterkopf,False,,2.0,,,,,,,1.0,,,,,,1.0,2.0,,,,,,,,,,,1.0,
hinterlassen,False,,,,,,,,1.0,,,,,,,,,1.0,,,,,2.0,,,,,1.0,
hinterlegen,False,,2.0,,,,,,,,,,,,,,,3.0,,,,,,,,,,,
hinterlegung,False,,,,,,,,,1.0,,,,,,,,,,,,,,,,,,,
hinterlässt,False,,,,,,,,,,,,,,,,,,,,1.0,,,,,,,,
hintermann,False,,,,,,,,,,,,,,,,,,,,,,,,,,1.0,,
hintern,False,,,,1.0,,,,,,,,,,,,,,,,,,,,,,,,
hinterstecken,False,,,,,,,,,,,,,,,,,,,,,,1.0,,,,,,
hinterstehen,False,,,,,,,,,,,,,,,,,,,,,,1.0,,,,,,
hinterstellen,False,,,,,,,,,,,,,,,1.0,,,,,,,,,,,,,
hintertupfing,False,,,,,,1.0,,,,,,,,,,,,,,,,,,,,,,
hintertür,False,,,,,,,,,,2.0,,,,,,1.0,,,,,2.0,,,,,,,
hintertüre,False,,1.0,,,,,,1.0,,,,,,,,,,,,,2.0,,,,,,,
hinterweg,False,,,,,,,,,1.0,,,,,,,,,,,,,,,,,,,
hinversenden,False,,,,,,,,,,,,,,,1.0,,,,,,,,,,,,,
hinweg,False,,,,1.0,2.0,,,1.0,1.0,,,,,,,,1.0,1.0,1.0,,,,,,,,2.0,3.0
hinweggehen,False,,,,,,,,,,,,,,,,,,,,,6.0,,,,,,,
hinwegsetzen,False,,,,,,,,,,,,,,,,,,,,,,,,,,,1.0,
hinweis,False,1.0,1.0,,,2.0,1.0,,,,,,,,,,,2.0,,,1.0,,,3.0,,,,1.0,
hinweisen,False,,,,,1.0,2.0,1.0,,1.0,1.0,1.0,,,,,1.0,1.0,,,2.0,,4.0,1.0,,,1.0,1.0,1.0
hinwerfen,False,,,,,,,1.0,,,,,,,,,,1.0,,,,,,,,,,,
hinz,False,,,,1.0,,,,,,,,,,,,,,,,,,,,,,,,
hinziehen,False,,,,1.0,,,,,,,,,,,,,,,,,,,,,,,,1.0
hinzu,False,,,,,,,1.0,,5.0,,,,,,,,,,,,,,,,,,,
hinzuarbeiten,False,,,,,,,,,,1.0,,,,,,,,,,,,,,,,,,
hinzubauen,False,,,,,,,,,,,,,,,,,,,,,,,1.0,,,,,
hinzubekommen,False,1.0,,1.0,,,,,,,,,,,,,,,,,,,,,,,,,
hinzufügen,False,2.0,1.0,,,1.0,,,,4.0,3.0,,4.0,,2.0,1.0,,,,2.0,,3.0,,,,,,1.0,
hinzufügung,False,,,,,,,,,1.0,,,,,,,,,,,,,,,,,,,
hinzugeben,False,,,,,1.0,,,,,,,,,,,,,,,,,,,,,,,
hinzugeholen,False,,,,1.0,,,,,,,,,,,,,,,,,,,,,,,,
hinzugezogen,False,,,,,,,,,,,,,,,,,,,,,,,,,,,,1.0
hinzukommen,False,,,,,,,,1.0,1.0,,,,,,,,,,,,,,1.0,,,,,
hinzuschicken,False,,,,,,,,1.0,,,,,,,,,,,,,,,,,,,,
hinzuspeichern,False,,,,,,,,,,,,,,,,,1.0,,,,,,,,,,,
hinzuverstehen,False,,,,,,,,,1.0,,,,,,,,,,,,,,,,,,,
hinzuziehen,False,,,,,,,,,,,,,,,,,,,,,,,,,,,,2.0
hinzuziehung,False,,,,,,,,,,,,,,,,,,1.0,,,,,,,,,,
hipp,False,,,,,,,,,,,,,,,,,,,,,,,,,,,,1.0
hirn,False,1.0,,,1.0,,,,,,,,,,,,,,,,,,,,,,,,
historia,False,,,,,,,,,,,,,,,,,,,,,2.0,,,,,,,
historie,False,,,,,,1.0,,,,,,,,,1.0,,,,,,,2.0,,,,2.0,,
historisch,False,,1.0,,,,,,1.0,,,,1.0,,,,,1.0,,,,2.0,10.0,,,3.0,,1.0,
hit,False,1.0,,,,,,,,,,,,,,,,,,,,,,,,,,,
hm,False,,3.0,8.0,,,3.0,,,,,,,,,,,1.0,,,,,,,,,,,2.0
hobby,False,,,,,,,,,,,,1.0,,,,,,,,,,,,1.0,,4.0,,
hobbyist,False,,,,,,,,,,,,,,,,,,,,,,,,,,,1.0,
hoc,False,,,,,,,,,,,,,,,,,,,,,,,,,,,1.0,
hoch,False,13.0,3.0,5.0,5.0,5.0,5.0,3.0,4.0,2.0,,,3.0,1.0,2.0,3.0,1.0,5.0,6.0,3.0,3.0,10.0,6.0,1.0,2.0,3.0,1.0,4.0,3.0
hochabwertend,False,,,,,,,,,,,,,,,,,,1.0,,,,,,,,,,
hocharbeitet,False,,,,,,,,,,,,,,,,,,,1.0,,,,,,,,,
hochdruck,False,,,,,,,,,,,,,,,,,,,,,,,,,1.0,,,
hochfahren,False,,,,,,,,,,,,,,,,,,,,,2.0,,,,,,,
hochgehen,False,,,,,,,1.0,,,,,,,,,,,,,,,,,,,,,
hochgeladen,False,,2.0,,,,,,,,,,,,,,,,,1.0,,,,,4.0,,,,
hochgenehmen,False,,1.0,,,,,,,,,,,,,,,,,,,,,,,,,,
hochgerüsten,False,,,,,,,,,1.0,,,,,,,,,,,,,,,,,,,
hochgespieln,False,,,,,,,,,,,,,,,,,,,,,2.0,,,,,,,
hochgezählen,False,,,2.0,,,,,,,,,,,,,,,,,,,,,,,,,
hochkommen,False,,,,,,,,,,,1.0,,,,,,,,,,,,,,,,,
hochkomplex,False,,,,,,,,,,,,1.0,,,,,,,,,,,,,,,,
hochladen,False,,5.0,,,,,,,,,,,,,,3.0,,,,,,,,,,,,
hochlegen,False,,,,,,,,,,,,1.0,,,,,,,,,,,,,,,,
hochlädst,False,,,,,,,1.0,,,,,,,,,,,,,,,,,,,,,
hochoffiziell,False,,,,,,,,,,,,,,,,,,,,,,,,,,1.0,,
hochoffizieuse,False,,,,,,,,,,,,1.0,,,,,,,,,,,,,,,,
hochphase,False,,,,,,,,,,,,,,,,,,,,,,,,,,1.0,,
hochphotosuppe,False,,,,1.0,,,,,,,,,,,,,,,,,,,,,,,,
hochproblematisch,False,,,,,,,,,,,,,,,,,,,,,,,,,1.0,,,
hochrangig,False,,,,,,,,,,,,,,,,,,,,,,,,,,1.0,,
hochschule,False,1.0,,,,,,,,,,,,,,,,,,1.0,,,,,,,,,
hochschwierig,False,,,,,,,1.0,,,,,,,,,,,,,,,,,,,,,
hochseil,False,1.0,,,,,,,,,,,,,,,,,,,,,,,,,,,
hochsensibel,False,,,,1.0,,,1.0,,,,,,,,,,,,,,,,,,,,,
hochsetzen,False,,,,,,,1.0,,,,,,1.0,,,,,,,,,,,,,,,
hochtechnologieland,False,,,,,,,1.0,,,,,,,,,,,,,,,,,,,,,
hochtrabende,False,,,,,,,,,,,,1.0,,,,,,,,,,,,,,,,
hochtreiben,False,,,,,,,,,,,,,,,,,,,,,,,,,,,1.0,
hochwahrscheinlich,False,,1.0,,,,,,,,,,,,,,,,,,,,,,,,,,
hochwasser,False,,,,,,,,,,,,,,,,,,,,,,,,,,1.0,,
hochziehen,False,,,,,,,,,,,,,,,,,,,,,,,,,,,1.0,
hochzustellen,False,,1.0,,,,,,,,,,,,,,,,,,,,,,,,,,
hochzählen,False,,,,1.0,,,,,,,,,,,,,,,,,,,,,,,,
hockel,False,,,,,,,,,,,,,,,,,1.0,,,,,,,,,,,
hoffen,False,1.0,2.0,2.0,,5.0,,1.0,5.0,,2.0,2.0,,,,,,1.0,2.0,2.0,1.0,7.0,3.0,1.0,1.0,1.0,,2.0,2.0
hoffentlich,False,,,2.0,,,3.0,,,,1.0,,,,,,,1.0,,,,,2.0,,1.0,2.0,,,
hoffnung,False,2.0,,,,1.0,1.0,2.0,,3.0,,3.0,,,,,4.0,,2.0,,1.0,2.0,5.0,,,1.0,3.0,1.0,
hoffnungsfroh,False,,,,,,,,,,,,,,,,,,,1.0,,,,,,,,,
hoffnungslos,False,,,,,,,1.0,,,,,,,,,,,,,,,,,,,,,
hoheit,False,,,,,1.0,,,,3.0,,,,,,,,,,,,,,,,,,,
hohen,False,,,,,,,,,,,,,,,,,,1.0,,,,,,,,,,
hohl,False,,,,,1.0,,,,,,,,,,,,,,,,,,,,,,,
hol,False,,,,,,,,,,,,,,,,,1.0,,,,,,,,,,,
hole,False,,,,1.0,,,,,,,,1.0,,,,,,,,,,,,,,,,
holen,False,1.0,1.0,,2.0,,1.0,,,2.0,,,,4.0,8.0,,,1.0,,,3.0,2.0,1.0,,3.0,,1.0,,2.0
holger,False,,,,,,,,,,,,,,,1.0,,,,,,,,,,,,,
holistisch,False,,,,,,,1.0,,,,,,,,,,,,,,,,,,,,,
hollywood,False,,,,,,,,,,,,2.0,,,,,,,,,,,,,,,,
holländisch,False,,,,,1.0,,,,,,,,,,,,,,,,,,,,,,,
holz,False,,,,,1.0,,,,,,,,,1.0,,,,,,,,1.0,,,,,,
holzplatte,False,,,,,,,,,,,,,,,,,,,,,,,,1.0,,,,
home,False,,2.0,,,,,,,,,,,,,,,,,,1.0,,,,,,,,
homeoffice,False,,,1.0,,,,,,,,,,,,,,,,,,,,,,,,,
homepage,False,,,,,,,,,,,,,,,,,,,,,,,,,,,,1.0
homestorie,False,,,,,1.0,,,,,,,,,,,,,,,,,,,,,,,
homöopathie,False,,,1.0,,,,,,,,,,,,,,,,,,,,,,,,,
honker,False,,,1.0,,,,,,,,,,,,,,,,,,,,,,,,,
honkhase,False,,1.0,,,,,,,,,,,,,,,,,,,,,,,,,,
hood,False,,,,,,,,,,,,2.0,,,,,,,,,,,,,,,,
hoppt,False,,,,,,,,1.0,,,,,,,,,,,,,,,,,,,,
hops,False,,,,,,,,,,,,,,,,,1.0,,,,,,,,,,,
hopsgedommene,False,,,,,,,,,,,,,,,,,1.0,,,,,,,,,,,
horazé,False,,,,1.0,,,,,,,,,,,,,,,,,,,,,,,,
horn,False,,,,,,,,,,,,,,,,,,,,,2.0,,,,,,,
horoskop,False,1.0,,,,,,,,,,,,,,,,,,,,,,,,,,,
horror,False,,,,,,,,,,,,1.0,,,,,,,,,,,,,,,,
horst,False,,,,,,,1.0,,,,,,,,,,,,,,,,,,,,,
horstmann,False,,,,,,,,,,,,,,,,,,,,,,,,,1.0,,,
hose,False,1.0,,,,,1.0,,,,,,3.0,,,,,,,,,,,,,,,,
hosentasche,False,1.0,,,,,,,,,,,,,,,,,,,,,,,,,,,
hosenwelt,False,,,,,,,,,,,,7.0,,,,,,,,,,,,,,,,
hosenweltalternative,False,,,,,,,,,1.0,,,,,,,,,,,,,,,,,,,
hoshi,False,,,,,,,,,,,,,,1.0,,,,,,,,,,,,,,
host,False,,,,,,,,,,,,,,,,,,,,,,,,,,,1.0,
hoste,False,,,,,,,,,,,,,,,,1.0,,,,,,,,,,,,
hosten,False,,,,,,,,,,,,1.0,,,,,,,,,,,,,,,3.0,
hoster,False,,1.0,,,,,,,,,,,,,,,,,,,,,,,,,10.0,
hosting,False,,1.0,,,,,,,,,,,,,,,,,,,,,,,,,,
hotline,False,,,,,1.0,,,,,,,,,,,,,,,,,,,,,,,
hotspot,False,,,,,,,,,,,,,,,,,,,,,,,1.0,,,,,
how,False,,,,,,,,,1.0,,,2.0,,,,,,,,,,,,,,,,
html,False,1.0,,,,,,,,,,,,,,,,,,,,,,,,,,,
hub,False,,,,,,,,,,,,,,,,,,,,,,2.0,,,,,,1.0
hucking,False,,,,,,,,,,,,2.0,,,,,,,,,,,,,,,,
hufe,False,,,,,,,1.0,,,,,,,,,,,,,,,,,,,,,
hugh,False,,,,,,,,,,,,1.0,,,,,,,,,,,,,,,,
huh,False,,1.0,,,,,,,,,,,,,,,,,,,,,,,,,,
human,False,,,,,,1.0,,,,2.0,,,,,,,,,,,,,,,,,2.0,
humbled,False,,,,,,,,,,,,,,,,,,,,,,,,,1.0,,,
humor,False,,,,,,2.0,,,,,,,,,,,,,,,,,,,,,,
hund,False,1.0,,,,,,1.0,,,,,1.0,,,,,,,,,,,,,,,,
hundert,False,,,,,3.0,1.0,1.0,1.0,,,,,,,,,2.0,,,,2.0,1.0,,,,1.0,5.0,
hunderter,False,,,,,,,,,,,,,,,,,,,,,,1.0,,,,,,
hunderterstücko,False,,,,1.0,,,,,,,,,,,,,,,,,,,,,,,,
hundertfache,False,,,,,,,,,,,,,,,,,,,,,,,,,,,1.0,
hundertprozentig,False,,,1.0,,,,,,,,,,,,,1.0,,,,,,,1.0,,,,,
hunderttausend,False,,,1.0,,,,,,,,,,,,,,,,,,,,,,,,2.0,
hungern,False,,,,,,,,,,,,,,,,,,,,,,1.0,,,,,,
hungerquote,False,,,,,,,,,,,,,,,,,,,,,,1.0,,,,,,
hurra,False,,,,,,,,,,,,,,,,,1.0,,,,,,,,,,,
hust,False,,,,,,,,,,,,,,,,,,,,,,,,,,1.0,,
hut,False,1.0,,,,,1.0,,,,,,,,,,,,,,,,,,,,1.0,,
hux,False,,,,,,,,,,,,1.0,,,,,,,,,,,,,,,,
hygieneamt,False,,,,,,,,,,,,,,1.0,,,,,,,,,,,,,,
hygieneproblem,False,,,,,,,,,,,,,,1.0,,,,,,,,,,,,,,
hygienesmiley,False,,,,,,,,,,,,,,1.0,,,,,,,,,,,,,,
hype,False,,,,,,,,,,,,,,,,,,,,,,3.0,,,,,,
hypothese,False,,,,,,,,,,,,,,,,,,1.0,,,,,,,,,,
hä,False,,,1.0,,,,,,2.0,,,,,,1.0,,,,,,,,,1.0,,,1.0,
häkchen,False,,,,,,,,,,,,,,,,,2.0,,,,,,,,,,,
hälfte,False,,1.0,1.0,,,1.0,,,1.0,,,1.0,3.0,1.0,1.0,1.0,,,,1.0,,,,,,4.0,,1.0
hältsen,False,,,,,,,,,,,,1.0,,,,1.0,,,1.0,,,,,,,,,
hältst,False,,,,,,1.0,,,,,,,,,,,,,,,4.0,,,1.0,,,,
händisch,False,,,,,,,,,,,,,,,,,,,,,,1.0,,,,,,
händler,False,,,,,,,,,,,,,1.0,,,,,,,,,,,,,,,
hängen,False,4.0,1.0,3.0,8.0,2.0,,2.0,3.0,3.0,,,2.0,2.0,2.0,5.0,,3.0,2.0,5.0,3.0,4.0,5.0,1.0,1.0,,,1.0,
hängenbleiben,False,,,,,,1.0,,,,,,,,,,,,,,1.0,,,,,,,,
hängstn,False,,,,,,,,,,,,,,,1.0,,,,,,,,,,,,,
hässlich,False,1.0,,,,,,,,,,,,,,,,,,,,,,,,,,,
hätteen,False,,,,,,,,,,1.0,,,,,,,,,,,,,,,,,,
hätten,True,,,,,,,,,,,1.0,,,,,,,,,,,,,,,,,
hättest,False,,,,,,,,,,,,1.0,,,,,,,1.0,,,,,,,1.0,1.0,1.0
hättet,False,,,,,1.0,,,1.0,,,,,,,1.0,,2.0,,,1.0,,,,,,,,
häufig,False,5.0,2.0,6.0,2.0,2.0,6.0,,2.0,2.0,4.0,3.0,5.0,,2.0,3.0,1.0,5.0,2.0,4.0,22.0,,5.0,1.0,3.0,4.0,,4.0,13.0
häufung,False,,,,,,,,,1.0,,,,,,,,,,,,,,,,,,,
höchst,False,,1.0,,,,,,,,,,,,,,,,,,,,,,,,1.0,,
höchste,False,,1.0,,,,,,,,,,,,,,,,,,,,,,,,,,
höchstens,False,,,,,,,,,1.0,,,,,,,,,,,,,,,,,,,
höchstgerecht,False,,,,,,,,,,,,,,,,,,,,,,,,,,2.0,,
höchstgericht,False,,,,,,,,,,,,,,,,,,,,,,,,,,6.0,,
höchstgerichten,False,,,,,,,,,,,,,,,1.0,,,,,,,,,,,,,
höchstpersönlich,False,,,2.0,,,,,,,,,,,,,,,,,,,,,,,,,
höchstrechtlich,False,,,,,1.0,,,,,,,,,,,,,,,,,,,,,,,
höchstrichterlich,False,,,,,1.0,,1.0,,,,,,,,3.0,,,,,,,,,,,,,
höflich,False,,,,,,,,,,,,,,,,1.0,,1.0,,,,,,,,,,
höhe,False,,,,,,,,,,,,1.0,1.0,,,,,,1.0,1.0,,,,,,,,
höherringig,False,,,,,,,1.0,,,,,,,,,,,,,,,,,,,,,
höherwertig,False,,,,,,,,,,,,,,,,,,,,,,,,1.0,,,,
höhnrissig,False,,1.0,,,,,,,,,,,,,,,,,,,,,,,,,,
höht,False,,,,,,,,,,,,,,,1.0,,,,,,,,,,,,,
hölle,False,,1.0,,,,,,,1.0,,,,,,,,,,,,,,,1.0,,,,
hölscher,False,,,,,,,,,,,,,,,,,,,,,,,,,1.0,,,
hör,False,,,,,,,1.0,,,,,,,,1.0,,,,,,,,,,,,,
höre,False,,1.0,,,,,,,,,,,,,,,,,,,,,,,,,,
hören,False,15.0,5.0,4.0,10.0,7.0,6.0,8.0,6.0,4.0,10.0,2.0,2.0,,5.0,7.0,3.0,4.0,7.0,10.0,3.0,2.0,8.0,3.0,8.0,2.0,4.0,3.0,3.0
hörend,False,,,,,1.0,,,,,,,,,,,,,,,,,,,,,,,
hörer,False,,,1.0,2.0,,,,4.0,,1.0,,,,,1.0,1.0,1.0,1.0,1.0,,,,1.0,,,1.0,2.0,4.0
hörerin,False,1.0,1.0,2.0,2.0,,1.0,1.0,2.0,2.0,2.0,,1.0,1.0,,1.0,,1.0,,,,,,,,,,,1.0
hörerinnen,False,,,,1.0,1.0,,1.0,,,,,2.0,1.0,,1.0,,,,,2.0,,2.0,,2.0,,,2.0,
hörgerät,False,3.0,,,,,,,,,,,,,,,,,,,,,,,,,,,
hörgeräteakustiker,False,1.0,,,,,,,,,,,,,,,,,,,,,,,,,,,
hörst,False,,,,,,,,,,,,,,,,,,,,1.0,,,,,,,,
hübsch,False,,,,,,,,,,,,1.0,,,,,,,,,,,,2.0,,,,
hühn,False,,,1.0,,,,,,,,,,,,,,,,,,,,,,,,,
hüpfen,False,1.0,,,,,,,,,,,,,,,,,,,,,,,,,,,
hürde,False,,,,,1.0,,,9.0,,,1.0,,,,,1.0,4.0,,1.0,,2.0,,,1.0,,,,
hüt,False,,,,,,,,,,,,1.0,,,,,,,,,,,,,1.0,,,
hüterin,False,,,,,,,,,,,,,,,,1.0,,,,,,,,,,,,
hüttel,False,,,,,,,,,,,,,,,,,,,,,2.0,,,,,,,
i,False,,,,2.0,,,2.0,1.0,,,,21.0,,,,,,,,,,,,,,,,
iads,False,,,,1.0,,,,,,,,,,,,,,,,,,,,,,,,
iban,False,,,,,,,,,,,,,2.0,,,,,,,,,,,,,,,
ibiza,False,,,,,,,,,,,,,,,,,,,,,,,,,,4.0,,
ich,True,359.0,323.0,220.0,315.0,196.0,192.0,262.0,144.0,266.0,132.0,128.0,466.0,167.0,151.0,342.0,162.0,153.0,228.0,282.0,327.0,798.0,206.0,117.0,101.0,164.0,201.0,239.0,129.0
icq,False,,,,,,,,,,,,,,,2.0,,,,,,,,,,,,,
id,False,,,7.0,,,,1.0,,1.0,,,,,,,,,,,,2.0,,,,,,,
ideal,False,4.0,,,,,,,,1.0,,,,,,2.0,3.0,,3.0,,,,,,,,,1.0,
idealerweise,False,1.0,,,,,,,3.0,2.0,,,,,,1.0,,,,,,,,,,,,,
idealfall,False,,,,,,,,,,,,,,1.0,,,,,,,,,,,,,,
idealisieren,False,,,,,,,,,,,,,,,,,,,,,,,,,,,1.0,
ideallösung,False,,,,,,,,,,,,,,,,,,,,,,1.0,,,,,,
idealtypisch,False,,,,,,,,,,,,,,,,,,,,1.0,,,,,,,,
idealvorstellung,False,1.0,,,,,,,,,,,,,,,,,,,,,,,,,,,
idee,False,7.0,14.0,11.0,13.0,3.0,2.0,13.0,3.0,7.0,6.0,1.0,5.0,9.0,2.0,13.0,7.0,3.0,,5.0,3.0,33.0,2.0,4.0,6.0,3.0,3.0,6.0,3.0
ideenrichtung,False,,,,,,,1.0,,,,,,,,,,,,,,,,,,,,,
idefault,False,,,,,,,,,,,,,,,,,,,,,,,,,,,1.0,
ideisch,False,,,,,,,,,,,,,,,,,,,,,,,,1.0,,,,
identifier,False,,,,1.0,1.0,,4.0,,,,,,,,,,,,,,,,,,,,,
identifikation,False,,,,,,,,,1.0,,,,,,,,,,,,,,,,,,,
identifizierbar,False,,,,1.0,,,,,2.0,,,,,,,,,,,,,,,,,,,
identifizieren,False,,,,,1.0,,1.0,,1.0,,,,,,,,1.0,,,,5.0,,,,,,3.0,
identify,False,,,,,,,,,,,,,,,,,17.0,,,,,,,,,,,
identisch,False,,,,,,,,,1.0,,,,,,,,1.0,,,,,,,,,,,
identity,False,,,,,,,,,,,,,,,,,,,,,,,,,,2.0,,
identität,False,,1.0,,1.0,,,1.0,,17.0,,,1.0,,,,,2.0,,,,2.0,,,,1.0,1.0,,
identitätsdokument,False,,,,,,,,,,,,,,,,,,,,,,,,,1.0,,,
identitätsinformatione,False,,,,,,,,,1.0,,,,,,,,,,,,,,,,,,,
identitätsmanagement,False,,,,,,,2.0,,,,,,,,,,,,,,,,,,,,,
identitätsnachweis,False,,,,,,,,,1.0,,,,,,,,,,,,,,,,,,,
identitätsprüfung,False,,,,,,,,,1.0,,,,,,,,,,,,,,,,,,,
identitätssystem,False,,,,,,,,,,,,,,,,,,,,,,,,,,1.0,,
ideologie,False,,,,,,,,,,,,,,,,,,,,,,,,,,2.0,,
ideologiefrei,False,,,,,,,,,,,,,,,,,,,1.0,,,,,,,,,
ideologisch,False,,,,,,,,,,,,,,,,,,,,,,,,,,1.0,,
idr,False,,,,,,,,,,,,,,,,,,,,,,,,,,,,1.0
ids,False,,,2.0,,,,,,,,,,,,,,,,,,,,,,,,,
iesg,False,,,,,,,,1.0,,,,,,,,,,,,,,,,,,,,
ietf,False,,,,,,,,7.0,,,,,,,,,,,,,,,,,,,,
iets,False,,,,,,,,,,,,,,,,,,,,,,,,,,,1.0,
iff,False,,,,,,,,,1.0,1.0,,,,,,,,,,,,,,,,1.0,,
ifg,False,,,1.0,,,,,,,,,,,4.0,,,,,,,,,,,1.0,,,
ignorant,False,,,,,,,,,,,,,,,1.0,,,,,,,,,,,,,
ignorieren,False,1.0,,,,,,,,1.0,,,,,,1.0,,,,,,,,,,,1.0,,1.0
ihds,False,,,,2.0,,,,,,,,,,,,,,,,,,,,,,,,
ihm,True,2.0,1.0,2.0,,,2.0,1.0,1.0,1.0,,,5.0,,,1.0,,,,,,,,,,1.0,3.0,,
ihn,True,3.0,2.0,1.0,3.0,,6.0,2.0,3.0,3.0,3.0,2.0,5.0,,,3.0,1.0,,,,,,1.0,,,3.0,1.0,1.0,1.0
ihnen,True,,1.0,6.0,2.0,3.0,2.0,7.0,,,,,1.0,4.0,,,3.0,3.0,,2.0,,2.0,4.0,,3.0,1.0,1.0,4.0,
ihr,True,49.0,58.0,57.0,49.0,61.0,18.0,54.0,30.0,36.0,7.0,28.0,42.0,19.0,43.0,36.0,24.0,53.0,31.0,24.0,24.0,78.0,43.0,53.0,87.0,11.0,72.0,61.0,41.0
ihrs,False,,,,,,,,,,,,,,,,,1.0,,,,,,,,,,,
iidas,False,,,,,,,,,,,,,,,,,,,,,,,,,,2.0,,
ikea,False,,,,,,,,,,,,,,,,,,,,,,1.0,,,,,,
ilf,False,,,,,10.0,,,,,,,,,,,,,,,,,,,,,,,
ilfert,False,,,,,1.0,,,,,,,,,,,,,,,,,,,,,,,
illegal,False,,1.0,,,2.0,,,,,,,4.0,,,2.0,10.0,,,,,,,,,,3.0,2.0,
illegales,False,,,,,,,,,,,,3.0,,,,,,,,,,,,,,,,
illegitim,False,,1.0,,,,,,,,,,,,,,,,,,,,,,,,,,
illoyal,False,,1.0,,,,,,,,,,,,,,,,,,,,,,,,,,
illusorisch,False,,,,1.0,,,,,,,,,,,,,,,,,4.0,,,,,,,
ilmenau,False,,,,,,,,,,,,,,,,,,,,,,,,1.0,,,,
ilva,False,,1.0,,1.0,,,,,,,,,,,,,,,,,,,,,,,,
image,False,,,,,,,,,,,,1.0,,,,,,,,,,1.0,,,,,,
imagegrund,False,,,,,,,,,,,,,,,,,,,,,,1.0,,,,,,
images,False,,,,,,,,,,1.0,,,,,,,,,,,,,,,,,,
immanent,False,,1.0,,,,,,,,,,,,,,,,,,,,,,,,,,
immer,True,63.0,57.0,43.0,73.0,55.0,27.0,44.0,25.0,43.0,25.0,38.0,76.0,32.0,24.0,86.0,12.0,27.0,46.0,26.0,40.0,130.0,46.0,27.0,47.0,23.0,65.0,36.0,7.0
immerhin,False,,,,,4.0,,4.0,,2.0,,,1.0,,,,,1.0,1.0,1.0,,7.0,1.0,,,1.0,,,
immersion,False,,,,,,,,,,,,1.0,,,,,,,,,,,,,,,,
impact,False,,,,,,1.0,,,1.0,,4.0,1.0,,,,,,,1.0,,,,,,,2.0,,
imperialismus,False,,,,,,,,,,,,,,,,,,,,,,2.0,,,,,,
impersonator,False,,,,,,,,,1.0,,,,,,,,,,,,,,,,,,,
impetus,False,,,,1.0,,,,,,,,,,,,,,,,,,,,,,,,
implementation,False,,,,,,,,,2.0,,,,4.0,,,,,,,,,,,,,,,
implementieren,False,,,,2.0,,,2.0,3.0,3.0,,,,1.0,,,,,,,,4.0,1.0,,,,,,
implementierung,False,,,,3.0,,,2.0,7.0,,,,,,1.0,,,,,,,,,,,,,1.0,
implementierungswerk,False,,,,1.0,,,,,,,,,,,,,,,,,,,,,,,,
implikation,False,,,,,,,,,,,,,,,,,,,,,2.0,,,,,,,
implizit,False,,1.0,,,,,,,,,,,,,,,,,,,,,,1.0,,,,
implodieren,False,,,,,,,,,,,,,,,,,,,,,,,,,,1.0,,
improvisiert,False,,,,,,,,,,,1.0,,,,,,,,,,,,,,,,,
impuls,False,,1.0,,1.0,,,2.0,,,,,,1.0,,1.0,,,,,,,,,,,,,
imsi,False,,,,,,,,,,,,,,,,,1.0,,,,,,,,,,,
imstande,False,,,,,,,1.0,,,,,,,,,,,,,,,,,,,,,
in,True,193.0,226.0,158.0,281.0,263.0,152.0,206.0,170.0,174.0,205.0,102.0,362.0,150.0,141.0,290.0,163.0,112.0,171.0,248.0,138.0,604.0,289.0,165.0,163.0,111.0,309.0,153.0,186.0
inakzeptabel,False,,,,,,,,,,,,,,,,,,,,,,2.0,,,,,,
inbox,False,,,,,,,,,,,,,,,1.0,,,,,,,,,,,,,
inconvenient,False,,,,,,,,,,,,,,,,,1.0,,,,,,,,,,,
indem,True,2.0,1.0,1.0,1.0,4.0,,,2.0,3.0,,,1.0,2.0,1.0,2.0,1.0,2.0,1.0,1.0,2.0,,1.0,2.0,,,3.0,3.0,
index,False,,,,,1.0,,,,,,,,,,,,,,,,,,,,,,,
indianer,False,,,,,1.0,,,,,,,,,,,,,,,,,,,,,,,
indie,False,1.0,,,,,,,,,,,1.0,,,,,,,,,,,,,,,,
indien,False,,,,,,,,,,2.0,,1.0,,,,,,,,,,7.0,,,,,,
indigen,False,,,,,,,,,,,,,,,,,,,,,,1.0,,,,,,
indikator,False,,1.0,,,,,,,,,,,,,,,,,,,,,,,,,,
indirekt,False,,,,1.0,,,,,1.0,,,1.0,,,,,,,,,,,,,,,1.0,
indisch,False,,,1.0,,1.0,,,,,,,,,,,,,,,,,,,,,,,
individualisieren,False,,,,,,,,,,,,,,,,,,,,,,3.0,,,,,,
individualisiert,False,,,,,,,,,,,,,,,,,,,,,,1.0,,,,,,
individuell,False,1.0,,,,,,1.0,1.0,,,1.0,,,,,1.0,,1.0,,,,1.0,,,,,,
individuum,False,,,,,,,1.0,1.0,,1.0,,,,,1.0,,,,,,,,,,,,,
indiz,False,,,,,1.0,,,,,,,,,,,,,,,,,,,,,,,
industrie,False,,,,,,,2.0,,3.0,,,,,,,,,,,,,8.0,,,,,,
industrieausschuss,False,,,,,,,,,5.0,,,,,,,,,,,,,,,,,,,
industrieinteresse,False,,,,,,,,,,,,,,,,,,,,,,,,,,1.0,,
industriekonform,False,,,,,,,1.0,,,,,,,,,,,,,,,,,,,,,
industrieland,False,,,,,,,,,,,,,,,,,,,,,,1.0,,,,,,
industriell,False,,,,1.0,,,,,,,,,,,,,,,,,,,,,,,,
industrieprodukt,False,,,,,,,,,,,,,,,,,,,,,,2.0,,,,,,
industrievertretung,False,,,,,,,,,,,,,,,,,,,,,1.0,,,,,,,
industriezahl,False,,,,,,,1.0,,,,,,,,,,,,,,,,,,,,,
industry,False,,,,,,,,,,1.0,,,,,,,,,,,,,,,,,,
ineinander,False,,,,,,,,,,,,,,,,1.0,,,,,,,,,,,,
ineinandergreifen,False,1.0,,,,,,,,,,,,,,,,,,,,,,,,,,,
inept,False,,,,,,,,,,,,1.0,,,,,,,,,,,,,,,,
infam,False,,,,1.0,,,,,,,,,,,1.0,,,,,,,,,,,,,
infektion,False,,,,,2.0,,,,,,,,,,,,,,,,,,,,,,,
infight,False,,,,,,,,,,,,,,,,,,,,,,,,,,1.0,,
infiltrieren,False,,,,,,,,,,,,,,1.0,,,,,,,,,,,,,,
infizieren,False,,,,,6.0,,,,,,,,,,,,,,,,,,,,,,,
info,False,,,,,,,,,,,,,,1.0,,,,,,,,,,,,,,
infolge,False,,,,,,,,,,,,,,,,,,,,,,,1.0,,,,,
infopunkt,False,,,,,,,,1.0,,,,,,,,,,,,,,,,,,,,
informal,False,,,,,,,,,,2.0,,,,,,,,,,,,1.0,,,,,,
informant,False,,,,,1.0,,,,,,,,,,,,,,,,,,,,,,,
informatik,False,,,,,,,,,,,,1.0,,,,,,,1.0,,,,,,,,,3.0
informatiker,False,,,,,1.0,,,,,,,,,,,,,,4.0,,,,,,,,,3.0
informatikeransatz,False,,,,,,,,,,,,,,,,,,,1.0,,,,,,,,,
informatikerin,False,,,,,,,,,,,,,,,,,,,,,,,,,1.0,,,
informatikerinnen,False,,,,,1.0,,,,,,,,,,,,,,,,,,,,,,,
informatikermäßig,False,,,,,1.0,,,,,,,,,,,,,,,,,,,,,,,
informatikprofessor,False,,,,,1.0,,,,,,,,,,,,,,,,,,,,,,,
informatikstudent,False,,,,,,,1.0,,,,,,,,,,,,,,,,,,,,,
informatikstudium,False,,,,,,,,,,,,1.0,,,,,,,,,,,,,,,,
information,False,2.0,1.0,2.0,2.0,5.0,1.0,1.0,6.0,7.0,6.0,1.0,4.0,,4.0,1.0,8.0,1.0,1.0,3.0,2.0,2.0,1.0,9.0,,1.0,1.0,8.0,6.0
informationell,False,,,,3.0,,,,,,,,,,,,,,1.0,,1.0,,,1.0,,,,,2.0
informationsangebot,False,,,,,,,,,,,,,,,,,,,,,,,,,,,,1.0
informationsdokument,False,,,,,,,,,1.0,,,,,,,,,,,,,,,,,,,
informationsfreiheit,False,,,,,,,,,,,,1.0,,10.0,,2.0,,1.0,1.0,,,,1.0,,,,,
informationsfreiheitsbereich,False,,,,,,,,,,,,,,1.0,,,,,,,,,,,,,,
informationsfreiheitsgesetz,False,,,1.0,,,,,,,,,,,3.0,,,,,1.0,,,,1.0,,,2.0,,
informationsfreiheitsgesetzorganisation,False,,,,,,,,,,,,,,1.0,,,,,,,,,,,,,,
informationsfreiheitssach,False,,,,,,,,,,,,,,1.0,,,,,,,,,,,,,,
informationsgesellschaft,False,,,,,,,,,,,,,,,,1.0,,,,,,,,,,,,
informationsgewinnung,False,,,,,,1.0,,,,,,,,,,,,,,,,,,,,,,
informationslage,False,,,,,,,,,,,,,,,,1.0,,,,,,,,,,,,
informationspflicht,False,,,1.0,,,,,,,,,,,,,,,,,,,,,,,,,
informationsrunde,False,,,,,,,,,,1.0,,,,,,,,,,,,,,,,,,
informationsseite,False,,1.0,,,,,,,,,,,,,,,,,,,,,,,,,,
informationssicherheit,False,,1.0,,,,,,,,,,,,,,,,,,,,,,,,,,
informationstechnik,False,1.0,,,,2.0,,,,,,,,,,,,,,,,2.0,,,,,,,
informationstechnikzentrum,False,,,,,,,2.0,,,,,,,,,,,,,,,,,,,,,
informatisch,False,,,,,,,,,,,,,,,,,,,1.0,,,,,,,,,
informell,False,,,,,,,,,,6.0,,,,,,,,,,,,,,,,,,3.0
informieren,False,1.0,,8.0,1.0,3.0,1.0,2.0,1.0,,4.0,,,,,,,7.0,,,,2.0,,1.0,,,,,
informiert,False,,,,,,,,,,,2.0,,,,,,,,,,,,,,,,,1.0
infos,False,,,,,,,,,,,,,,15.0,,,,,,,,1.0,,,,,,
infrag,False,,,,,,,,,,,,,,,,,,,,1.0,,,,,,,,
infrage,False,,,,,,,,,,,,,,,,,,,,,,,,,,,,1.0
infrastructures,False,,,,,,,,,,,,,,,,,,,,,,,,,,1.0,,
infrastruktur,False,,5.0,2.0,6.0,1.0,,10.0,,8.0,,1.0,,,,4.0,,,1.0,1.0,6.0,10.0,12.0,,3.0,2.0,1.0,5.0,
infrastrukturangebot,False,,,,,,,,,,,,,,,,,,,,,,2.0,,,,,,
infrastrukturausbau,False,,,,,,,2.0,,,,,,,,,,,,,,,,,,,,,
infrastrukturbereich,False,,,,,,,,,,,,,,,,,,,,,,,,,,,1.0,
infrastrukturbereitstellung,False,,,,,,,,,,,,,,,,,,,,,2.0,,,,,,,
infrastrukturetätisch,False,,,,,,,,,,,,,,,,,,,,,3.0,,,,,,,
infrastrukturier,False,,,,,1.0,,,,,,,,,,,,,,,,,,,,,,,
infrastruktursystem,False,,,,,,,,,,,,,,,,,,,,1.0,,,,,,,,
inge,False,,,,,,,,,,,,,,,,,,,,,,2.0,,,,,,
ingenieur,False,,,,,,,,3.0,,,,,,,,,,,,,,,,,,,,3.0
ingenieurabschluss,False,,,,,,,,,,,,,,,,,,,,,,,,,,,,1.0
ingo,False,,,,,,,,,,,,,,,,,,,,,,13.0,,,,,,
inhaber,False,,,,,,,,,,,,,,,,,1.0,,,,,,,,,,1.0,
inhalt,False,3.0,13.0,,1.0,1.0,1.0,3.0,3.0,1.0,1.0,,,,,2.0,20.0,7.0,2.0,,,,5.0,,1.0,1.0,1.0,7.0,
inhaltemoderation,False,,,,,,,,,,,,,,,,2.0,,,,,,,,,,,,
inhaltlich,False,,3.0,,2.0,,,5.0,2.0,1.0,,1.0,,1.0,,1.0,1.0,,4.0,5.0,,14.0,,,,2.0,4.0,,
inhaltsbezogen,False,,,,,,,,,,1.0,,,,,,,,,,,,,,,,,,
inhaltsdat,False,,,,,,,,,,1.0,,,,,,,,,,,,,,,,,,
inhaltung,False,,,,,,,,,,,,,,,,,,,1.0,,,,,,,,,
inhouse,False,,,,,1.0,,,,,,,,,,,,,,,,,,,,,,,
inhärent,False,,,,1.0,,,,,,,,1.0,,,,,1.0,,,,,,,,,,,
initial,False,,,,,,,,,,,,,,,,,,,,,,,1.0,,1.0,,,
initiative,False,,1.0,,,1.0,,1.0,,1.0,,1.0,,,2.0,,,,1.0,2.0,,,,4.0,,,1.0,,
initiativrecht,False,,,,,1.0,,,,,,,,,,,,,,,,,,,,,,,
initiieren,False,,,,,,1.0,,,,,,,,,,,,,,,,,,,,,1.0,
inklusion,False,1.0,,,,,,,,,,,,,,,,,,,1.0,,,,,,1.0,,
inklusiv,False,,,,,,,,,,,,,,,,,,,,1.0,,,,,,,,
inklusive,False,,,,,2.0,,,,1.0,,,,,1.0,,,,,,,2.0,,,,,,,2.0
inkompatibel,False,,,,,,,,,,,,,,,,,,,,,,,,1.0,,,,
inkompetent,False,,,,,,,1.0,,,,,,,,,,,,,,,,,,,,,
inkompetenz,False,,1.0,,,,,,,,,,,,,,,,,,,,,,,,,,
inkonsistenz,False,,,,,,,,,,,,,,,,,,,,,2.0,,,,,,,
inkrafttreten,False,,,,,,,,,,,,,,,,2.0,,,,,,,,,,,,
inkriminiert,False,,,,,1.0,,,,,,,,,,,,,,,,,,,,,,,
inlandsgeheimdienst,False,,,,,,,,,,,,,,,,,,,,,,,,,,1.0,,
inländer,False,,,,,,,,,,,,,,,,,,,,2.0,,,,,,,,
inne,False,,,,,,,,,,,,,,,,,,,,,,,,,1.0,,,1.0
innehaben,False,,,,,,,,,,,,,,,,1.0,,,,,,,,,1.0,,,
innen,False,1.0,1.0,1.0,,,,,,,,,,,2.0,,3.0,,1.0,,,,,,,,,,
innenausschuss,False,,,,,,,,,1.0,,3.0,,,,,,,11.0,,,,,,,,,,
innenkommissarin,False,,1.0,,,,,,,,,,,,,,,,,,,,,,,,,,
innenleut,False,,,,,,,,,,,,,,,,,,,,,1.0,,,,,,,
innenleute,False,,,,,,,,,,,,,,,,,,,,,3.0,,,,,,,
innenminister,False,,,,,,,,,,,,,,,,,,,2.0,,,,,,,2.0,,
innenministerin,False,,,,,,,1.0,,,,,,,,,,,,,,4.0,,1.0,,,,,
innenministerinn,False,,,,1.0,,,,,,,,,,,,,,,,,,,,,,,,
innenministerium,False,,,,,,,2.0,,,,,,,2.0,2.0,,,,,,,,,,1.0,6.0,,
innenministerkonferenz,False,,,,4.0,,,,,,,,,,,,,,,,,,,,,,,,
innenpolitik,False,,,,,,,,,,,,,,,,,,,,,,,,,,1.0,,
innenpolitiker,False,,,,,,,,,,,,,,,1.0,,,,,,,,,,,,,
innenpolitisch,False,,,,,,,,,,,,,,,1.0,,,,,,,,,,,,,
innenstadtbereich,False,,,,,,,,,,,,,,,,,,,,,,,1.0,,,,,
innenstadtplätz,False,,,,,,,,,,,,,,,,,,,,,,,1.0,,,,,
innerdeutsch,False,,,,,,,,,,,,,,,,,,,,,,,,,,,,1.0
innere,False,,,,,,,,,,,,,,,,,,,,,,,1.0,,,,,
inneren,False,,,,,,,,,,,,,,,,,,,,,,,,,,1.0,,
innerer,False,,,,,2.0,,,1.0,,,,1.0,,,,,,,,,2.0,,,,1.0,,,
inneres,False,,1.0,,,,,,,,,1.0,,,,,,,,,,,,,,1.0,,,
innerfranzösisch,False,,,,,,,,,,,,,,,1.0,,,,,,,,,,,,,
innerhalb,False,,,3.0,1.0,3.0,,6.0,3.0,,,1.0,,,1.0,1.0,3.0,1.0,,12.0,1.0,8.0,3.0,,,1.0,,,
innerlich,False,,,,,1.0,,,,,,,1.0,,,,,,1.0,,,,,,,,,2.0,
innovation,False,,,,1.0,,,1.0,,,,,,,,,2.0,,2.0,1.0,,4.0,12.0,,,2.0,,,
innovationsbremse,False,,,,,,,,,,,,,,,,,,,,,,,,,,,,1.0
innovationsfeindlichkeit,False,,,,,,,,,,,,,,,,,,,,1.0,,,,,,,,
innovationsverbund,False,,,,1.0,,,,,,,,,,,,,,,,,,,,,,,,
innovativ,False,,,,,,,,,,,,,,,,,,,,,,2.0,,,,,,
innovatives,False,,,,,,,,,,,,1.0,,,,,,,,,,,,,,,,
innovator,False,,,,,,,,,,,,,,,,,,,,,,,,,1.0,,,
inoffiziell,False,,,,,,,,1.0,,,,,,,,,,,,,,,,,,,,
inpol,False,,,,,,,,,,,,,,,,,,,,,2.0,,,,,,,
input,False,3.0,,,,,,,,,,1.0,,,,,1.0,,,,,,,,,,,,
inquiry,False,,,,,,,,,,,,,,,,,,,,,,4.0,,,,,,
insbesondere,False,1.0,,2.0,2.0,1.0,5.0,4.0,2.0,4.0,3.0,,1.0,,,2.0,4.0,,3.0,1.0,3.0,16.0,10.0,1.0,,1.0,,,2.0
inscription,False,1.0,,,,,,,,,,,,,,,,,,,,,,,,,,,
insel,False,,3.0,,,,,,,,,,,,,,,,,,,,,,,,,,
insgesamt,False,2.0,,2.0,,1.0,1.0,1.0,2.0,,,,,,,,,,2.0,1.0,2.0,4.0,6.0,1.0,,,,1.0,2.0
insider,False,,,,,,,,,,,,,,,,,,,,,,,,1.0,,,,
insofern,False,1.0,,,,1.0,3.0,3.0,5.0,4.0,,4.0,4.0,4.0,3.0,3.0,,1.0,8.0,3.0,1.0,17.0,2.0,1.0,1.0,3.0,3.0,5.0,8.0
insoweit,False,1.0,,,,,,,,,,,,,,,,,,,,,,,,,,,1.0
inspiration,False,,,,,,,,,,,,,,,,,,,,,,,,,1.0,,,
inspirieren,False,,,,,,,,,,,,,,,,,,,,,,,,2.0,,,,
insta,False,,,,,,,,,,,,,,,,,,,,,,,,,,1.0,,
instabil,False,,,,,,,,,,,,,,,,,,,,,,6.0,,,,,,
instabilität,False,,,,,,,,,,,,,,,,,,,,,,1.0,,,,,,
instagram,False,,,,,,,,,,,,,,,,1.0,,,,,2.0,,,,1.0,1.0,,
installieren,False,1.0,2.0,,,2.0,,,,1.0,,,2.0,,,,,3.0,,,1.0,2.0,,,,,,2.0,
installiert,False,,1.0,,,,,,,,,,,,,,,,,,,,,,,,,,
instant,False,,,,,,,,1.0,,,,,,,,,,,,,,,,,,,,
instantly,False,,,,,,,,,,,,,,,1.0,,,,,,,,,,,,,
instanz,False,,,1.0,,,,,,,,,,,3.0,,,,1.0,,,,,4.0,,,,1.0,
instanzenweg,False,,,,,,,,,,,,,,,,,,,,,,,2.0,,,,,
instinktiv,False,1.0,,,,,,,,,,,,,,,,,,,,,,,,,,,
institut,False,3.0,,,,,,,,,,,,,,,,1.0,,,,,3.0,,,,,,
institution,False,,2.0,2.0,3.0,6.0,1.0,1.0,6.0,2.0,1.0,,1.0,,3.0,5.0,6.0,,,,,2.0,,1.0,,1.0,3.0,,4.0
institutionalisiert,False,,,,,,,,,,,,,,,,,,,,,1.0,,,,,,,
institutionell,False,1.0,,,,,,,,2.0,,,,,,,,,,,,,,,,,,,
institutionelle,False,,,,,,,,,,,,,,,,,,,1.0,,,,,,,,,
instrument,False,,,1.0,,3.0,2.0,,,,,,,,,1.0,,,,1.0,1.0,,,,,,,,
inszenieren,False,,,,,,,,,,,,,,,,,,,1.0,,,,,,,,,
int,False,1.0,,,,,,,,,,,,,,,,,,,,,,,,,,,
integration,False,,,,,,,,,,,,,,,,1.0,,,,,4.0,,,,,,,
integrieren,False,,1.0,,,,,,1.0,,,,2.0,,,1.0,,1.0,,,,,,,,,1.0,,
integrität,False,,,,,1.0,,,,,,,,,,,1.0,,,,,,,,,,,,
integritätsverlust,False,,,,,1.0,,,,,,,,,,,,,,,,,,,,,,,
intelligenz,False,2.0,,,,,,2.0,,,,,,,,,,,,,,,,,,,,,
intensiv,False,,,,,2.0,,1.0,,,1.0,,,,,1.0,,,2.0,3.0,,2.0,,,,,,,
intention,False,,,,,,,,,1.0,,,,,,,,,,,,,,,,,,1.0,
inter,False,,,,,,,,1.0,,,,,,,,,,,,,,,,,,,,
interagieren,False,,,,,,,1.0,,,,,1.0,,,,,,,,,,,,,,1.0,,
interaktion,False,2.0,,,,,,,,,,,,,,,,,,,,2.0,,,,,,,
interaktiv,False,,,1.0,,,,,,,,,,,,,,,,,,,,,,,,,
interception,False,,,,,,,,,,,,,,,1.0,,,,,,,,,,,,,
interdisziplinarität,False,1.0,,,,,,,,,,,,,,,,,,,,,,,,,,,
interdisziplinär,False,,,,,,,,,,,1.0,,,,,,,,,,,,,,,,1.0,
interessant,False,3.0,5.0,5.0,11.0,3.0,7.0,1.0,,1.0,8.0,1.0,13.0,8.0,6.0,5.0,2.0,4.0,4.0,4.0,,24.0,11.0,2.0,3.0,1.0,3.0,6.0,4.0
interessante,False,,,1.0,2.0,,,,,,,,2.0,,,,,,,,,,,,,1.0,,,
interessanter,False,,1.0,1.0,1.0,,,,,,,,,,,1.0,,2.0,,1.0,,,,,,,,,1.0
interessanterweise,False,,,,,,,1.0,,,,,1.0,,,,,,,1.0,,4.0,,,,,1.0,,
interesse,False,4.0,3.0,1.0,3.0,,1.0,,3.0,2.0,3.0,,3.0,1.0,6.0,3.0,,1.0,2.0,,,5.0,11.0,,,1.0,4.0,6.0,1.0
interessengruppe,False,,,,,,,,,,,,,,1.0,,,,,,,,,,,,,,
interessenslage,False,,,,,,,,,,,,1.0,,,,,,,,,,,,,,,,
interessenspunkte,False,,,,,,,,,,,,1.0,,,,,,,,,,,,,,,,
interessent,False,,,,,2.0,,,,,,,,,,,,,,,,,,,,,,,
interessenträger,False,,,,,,,,1.0,1.0,,,,,,1.0,,,,,,,,,,,,,
interessenverband,False,,,,,,,,,,,,,,,,,,,,,,,,,,,,1.0
interessieren,False,2.0,1.0,,4.0,2.0,2.0,1.0,1.0,2.0,1.0,,6.0,6.0,1.0,1.0,3.0,,2.0,2.0,,1.0,,,1.0,,3.0,,5.0
interessiersen,False,,,,,,,,,,,,,1.0,,,,,,,,,,,,,,,
interessiert,False,,1.0,,2.0,1.0,1.0,,2.0,,,,1.0,,1.0,,,,1.0,,,3.0,2.0,1.0,4.0,,4.0,,1.0
interessierter,False,,1.0,,,,,,3.0,,,,,,,1.0,,,,,,,,,,,,,
interface,False,7.0,,,1.0,,,,,,,,,,,,,1.0,,,,,,,1.0,,,,
interfaces,False,4.0,,,,,,,,,,,,,,,,1.0,,,,,,,,,,,
intern,False,,1.0,,,,,4.0,2.0,,,2.0,,,7.0,1.0,,,3.0,2.0,,2.0,,,2.0,3.0,,1.0,5.0
internalisieren,False,,,,,,,,,,,,,,1.0,,,,,,,,,,,,,,
international,False,,,1.0,2.0,9.0,2.0,2.0,,2.0,23.0,,4.0,,,,,,,,1.0,8.0,3.0,,,1.0,11.0,1.0,3.0
internationales,False,,,,,,,,,,,,,,,,,,,1.0,,,,,,,,,
internationalisieren,False,,,,,,,,,,,,1.0,,,,,,,,,,,,,,,,
internationalisierung,False,,,,,,,,,,,,1.0,,,,,,,,,,,,,,,,
internet,False,1.0,18.0,1.0,,4.0,1.0,4.0,8.0,6.0,,,3.0,2.0,,10.0,2.0,1.0,,,2.0,3.0,14.0,,1.0,2.0,,15.0,1.0
internetanbieter,False,,,,,1.0,,,,,,,,,,1.0,,,,,,,,,,,,,
internetanbindung,False,,,,,,,,,,,,,,,,,,,,,,2.0,,,,,,
internetanschluss,False,,1.0,,,,,2.0,,,,,,,,2.0,,,,,,4.0,,,,,,,
internetanschlüs,False,,,,,,,1.0,,,,,,,,,,,,,,,,,,,,,
internetdienstleister,False,,,,,,,,,,,,,,,1.0,,,,,,,,,,,,,
internetinfrastruktur,False,,,,,1.0,,,,,,,,,,,,,,,,,2.0,,,,,,
internetkabel,False,,,,,,,,,,,,,,,,,,,,,,2.0,,,,,,
internetlandschaft,False,,1.0,,,,,,,,,,,,,,,,,,,,,,,,,,
internetnutzung,False,,,,,,,,,,,,,,,,,,,,,,2.0,,,,,,
internetpolizei,False,,,,,,,,,,,,,,,1.0,,,,,,,,,,,,,
internetseit,False,,2.0,,,,,,,,,,,,,1.0,,,,,,,,,,,,,
internetseite,False,,,,,,,,,,,,,,,1.0,,,,,,,,,,,,1.0,
internetverkehr,False,,,,,1.0,,,,,,,,,,,,,,,,,,,,,,,
internetwirtschaft,False,,,,,,,,,,,,,,,,,,,,,3.0,,,,,,,
internetzugang,False,,,,,,,,,,,,,,,2.0,,1.0,,,,,6.0,,,,,,
internetüberwachung,False,,1.0,,,,,,,,,,,,,,,,,,,,,,,,,,
interoperabel,False,,,,1.0,,,,,2.0,,,,,,,,,,,,,,,,,,,
interoperabilität,False,,,,1.0,,1.0,,4.0,,,,,,,,,,,,,,,,,,,,
interoperabilitätstest,False,,,,,,,,1.0,,,,,,,,,,,,,,,,,,,,
interpersonell,False,,6.0,,,,,,,,,,,,,,,,,,,,,,,,,,
interpersonelle,False,,1.0,,,,,,,,,,,,,,,,,,,,,,,,,,
interpol,False,,,,,,,,,,1.0,,,,,,,,,,,,,,,,,,
interpretation,False,1.0,2.0,,1.0,,,,,,,,,,,,,,,,,2.0,,,,,,1.0,1.0
interpretationsspielraum,False,,,,,,,,,,,,,,,1.0,,,,,,,,,,,,,
interpretieren,False,2.0,,,,,,1.0,,,,,1.0,,,,,,,,,,,,,,,,
interrupt,False,,,,1.0,,,,2.0,,,,,,,,,,,,,,,,,,,,
intersonell,False,,1.0,,,,,,,,,,,,,,,,,,,,,,,,,,
intervall,False,,,,,,,,,,,,,,,,,1.0,,,,,,,,,,,
intervalle,False,,,,,,,,,,,,,,,,,1.0,,,,,,,,,,,
intervenieren,False,,,,,,,,,,,,,,,,,,,,,,,,,,1.0,,
interview,False,,,2.0,,,,,1.0,,,,,,,,,,,,,,11.0,,,1.0,2.0,,1.0
intim,False,1.0,,,,1.0,,,,,,,,,,,,,,,,,,,,,,,
intimate,False,,,,,,,,,,1.0,,,,,,,,,,,,,,,,,,
intimsphäre,False,,,,,1.0,,,,,,,,,,,,,,,,,,,,,,,
intimste,False,,,,,1.0,,,,,,,,,,,,,,,,,,,,,,,
into,False,,,,,,,,,,,,,,,,,,,1.0,,2.0,,,,,,1.0,
intransparent,False,,1.0,,,,,,,,1.0,2.0,,,,,,,,,,,,,,,,,
intransparenz,False,,,,,,,,,,,,,,,,,,,,,,,,,1.0,,,
intuition,False,1.0,,,,,,,,,,,,,,,,,,,,,,,,,,,
intuitiv,False,2.0,,,,,,,2.0,,,,,,,,,,,,1.0,,,,,1.0,,,
inventarliste,False,,,,,,,,,,,,,,,,,,,,,,,,1.0,,,,
inventarsystem,False,,,,,,,,,,,,,,,,,,,,,,,,1.0,,,,
invest,False,,,,,,,,,,,,,,,,,,,,,,,,,,1.0,,
investieren,False,1.0,,1.0,,,,2.0,,,,1.0,,,,1.0,1.0,,,1.0,,2.0,,1.0,,,,,
investigativ,False,,,,,,,,,,,,,,,1.0,,,,,,,,,,,,,
investition,False,,,,,,,1.0,,,,,,,,,,,,,,,,,,,,,
investitionsprüfung,False,,,,,,,,,,,,,,,,,,,,,,,,,1.0,,,
investor,False,,,,,,,,,,,,,1.0,,,,,,,,,,,,,,,
involvieren,False,,1.0,,1.0,,2.0,,,,,,,,,1.0,3.0,,,4.0,,,,,,,,,1.0
inwiefern,False,,,,,,,1.0,,,,,2.0,,,,,,,,,6.0,,,,,,1.0,1.0
inwieweit,False,,,,2.0,1.0,1.0,2.0,,,,1.0,1.0,,,1.0,1.0,,1.0,2.0,1.0,,,,,,1.0,,
inzentiviert,False,,,,,,,,,,,,,,,,,,,,,2.0,,,,,,,
inzertifizieren,False,,,,,,,1.0,,,,,,,,,,,,,,,,,,,,,
inzwischen,False,,1.0,1.0,,,,1.0,1.0,,,,,1.0,5.0,,4.0,4.0,,,,,4.0,,3.0,,4.0,9.0,1.0
ios,False,,,,,,,,,,,,,,,,,2.0,,,,,,,,,,,
ip,False,1.0,,,,,,,,,,,,,,,,,,,,2.0,,,1.0,,,3.0,
iphone,False,1.0,,,,,,,,,,,,,,,,,,,,,1.0,,3.0,,,,
iphones,False,,,,,1.0,,,,,,,,,,,,,,,,,,,,,,,
ips,False,,,,,,,,,,,,,,,,,,,,,,,,,,,4.0,
iran,False,,,,,2.0,,,,,1.0,,,,,,,,,,,,,,,,,,
irc,False,,,,,,,,,,,,,,,1.0,,,,,,,,,,,,,
irgend,True,1.0,,,,,1.0,,,,,,,,,,,,,,,,,,1.0,,,,
irgendein,False,1.0,8.0,1.0,7.0,5.0,4.0,3.0,2.0,4.0,,3.0,1.0,5.0,1.0,1.0,2.0,6.0,1.0,2.0,3.0,8.0,2.0,3.0,2.0,2.0,4.0,4.0,3.0
irgendeiner,False,1.0,1.0,1.0,1.0,,,,1.0,,,,,,,,,1.0,,,1.0,4.0,,,,,,,
irgendetwas,False,,,,,1.0,,1.0,2.0,1.0,,,,,,,,,,,,2.0,,,,,,,
irgendjemand,False,,8.0,,,1.0,,2.0,2.0,8.0,,,3.0,4.0,1.0,,,4.0,1.0,2.0,1.0,4.0,,1.0,2.0,,4.0,,
irgendjemanden,False,,,,,,,1.0,,,,,1.0,,,,1.0,,,,,2.0,,,,,,,
irgendsowa,False,,,,1.0,,,,,,,,,,,,,,,,,,,,,,,,
irgendwann,False,5.0,4.0,5.0,3.0,7.0,3.0,3.0,3.0,6.0,2.0,8.0,4.0,1.0,2.0,3.0,2.0,4.0,1.0,3.0,1.0,2.0,5.0,6.0,7.0,,2.0,8.0,
irgendwas,False,7.0,5.0,7.0,6.0,2.0,4.0,3.0,,6.0,,8.0,5.0,8.0,3.0,4.0,1.0,1.0,1.0,5.0,7.0,15.0,,,6.0,,4.0,5.0,
irgendwelch,False,,,,,,,,,,,,,3.0,,,,,,,,,1.0,,,,,1.0,
irgendwelche,False,,,,1.0,,,,,,,,,,,,,,,,,,,,,,,,
irgendwelcher,False,5.0,3.0,4.0,6.0,7.0,1.0,3.0,,3.0,1.0,1.0,3.0,7.0,3.0,5.0,2.0,3.0,3.0,4.0,,,1.0,1.0,2.0,,1.0,6.0,
irgendwer,False,2.0,,,,,1.0,,,,,,,1.0,,,,,,,,,,,1.0,,1.0,,
irgendwie,False,79.0,55.0,82.0,77.0,39.0,83.0,60.0,11.0,39.0,8.0,72.0,56.0,107.0,45.0,31.0,12.0,14.0,31.0,92.0,36.0,78.0,20.0,37.0,18.0,27.0,28.0,39.0,2.0
irgendwo,False,6.0,7.0,1.0,11.0,3.0,2.0,5.0,5.0,2.0,,2.0,1.0,6.0,,6.0,,5.0,1.0,3.0,3.0,22.0,2.0,2.0,10.0,,2.0,8.0,
irgendwohin,False,,,,1.0,,,,,,,,,,,,,,,,,,,,,,,,
irland,False,,,,,,,,,,,,,,,,2.0,,,,,,,,,,,,
irmhild,False,4.0,,,,,,,,,,,,,,,,,,,,,,,,,,,
irmisch,False,1.0,,,,,,,,,,,,,,,,,,,,,,,,,,,
ironischerweise,False,,,,,,,,,,,,,,,,,,,,,,,,,,,,1.0
irrational,False,,,,,,,1.0,,,,,,,,,,,,,,,,,,,,,1.0
irre,False,,,1.0,,,,,,,,,1.0,,,,,,,,,,,,,,,,
irreführend,False,,,,,,,,,,1.0,,,,,,,,,,,,,,,,,,
irreführung,False,1.0,,,,,,,,,,,,,,,,,,,,,,,,,,,
irregulär,False,,,,,,,,,,,,,1.0,,,,,,,,,,,,,,,
irrelevant,False,,1.0,,,,,,,,,,,,,1.0,,,,2.0,,,,,,,,,
irren,False,,1.0,,,,,,,,,,1.0,,,,,,,,,,,,,,,,
irrglauben,False,,,,1.0,,,,,,,,,,,,,,,,,,,,,,,,
irrig,False,,,,,,,,,,,,,,,,,,,,,2.0,,1.0,,,,,
irritieren,False,,,1.0,1.0,,1.0,,,,,,,,,,,,,,,,,,,,,,
irritierend,False,,,,,,,,,,,,,,,,,,,,,,,,,,,,1.0
irritiert,False,,,,,,,,,,,,,,,,,1.0,,,,,,,,,,,
irrsinnig,False,,,,,1.0,,,,,,,,,,,,,,,,,,,,,,,
irtf,False,,,,,,,,1.0,,,,,,,,,,,,,,,,,,,,
isolieren,False,,,,,,,,,,1.0,,,,,,,,,,,,,1.0,,,,,
israel,False,,,,,9.0,,,,,,,,,,,,,,,,,,,,,,,
israelisch,False,,,,,5.0,,1.0,,,,,,,,,,,,,,,,,,,,,
issen,False,,,,,,1.0,,,,,,,,,,,,,,,,,,,,,,
issues,False,,,,1.0,,,,,,,,,,,,,,,,,,,,,,,,
it,False,1.0,,1.0,,,,3.0,,,,,,,,,,,,,,4.0,,1.0,,,,,
italien,False,,,,,2.0,,,,,,,,,1.0,1.0,,,,,,,,,,,,,2.0
italienisch,False,1.0,,,,,,,,,,,,,,,,,,,,,,,,,,,
item,False,,,,,,,,,,,,,,,,,,,,,,,,3.0,,,,
iteration,False,,,,,,,,,,,,1.0,,,,,,,,,,,,,,,1.0,
iterativ,False,,,,,,,,,,,,,,,,1.0,,,,,,,,2.0,,,,
itf,False,,,,,,,,12.0,,,,,,,,,,,,,,,,,,,,
itfs,False,,,,,,,,1.0,,,,,,,,,,,,,,,,,,,,
itre,False,,,,,,,,,1.0,,,,,,,,,,,,,,,,,,,
itz,False,,,,,,,4.0,,,,,,,,,,,,,,,,,,,,,
ja,True,149.0,156.0,199.0,207.0,157.0,205.0,224.0,106.0,176.0,111.0,73.0,232.0,118.0,111.0,208.0,86.0,182.0,138.0,155.0,143.0,539.0,175.0,111.0,65.0,76.0,131.0,126.0,78.0
jackman,False,,,,,,,,,,,,1.0,,,,,,,,,,,,,,,,
jaded,False,,,,,,,1.0,,,,,,,,,,,,,,,,,,,,,
jagen,False,,1.0,,,,,,,,,,,,,,,,,,,,,,,,,,
jahr,True,12.0,23.0,17.0,19.0,25.0,7.0,31.0,13.0,7.0,8.0,7.0,22.0,7.0,17.0,22.0,19.0,8.0,10.0,14.0,21.0,38.0,25.0,19.0,7.0,4.0,29.0,7.0,21.0
jahrelang,False,1.0,,,,2.0,,,1.0,,,,,,1.0,,,,,1.0,,2.0,,,,,,,
jahresanfang,False,,,,1.0,,,,,,,,,,,,,,,,,,,,,,,,
jahresbericht,False,,,,,,,,,,,,,,,,,,,,,,2.0,,,,,,1.0
jahresende,False,,,,,,,,,,,,,,,,,,,,,2.0,,,,,,,
jahresumsatz,False,,,,,,,,,,,,,,,,,1.0,,,,,,,,,,,
jahreszahl,False,,,,1.0,,,,,,,,,,,,,,,,,,,,,,,,
jahreszahle,False,,,,,,,,,,,,,,,,,,,1.0,,,,,,,,,
jahrhundert,False,,,,,,,,,,,,,,,,1.0,,,,,,3.0,,,,,,
jahrzehnt,False,1.0,,,1.0,1.0,2.0,3.0,1.0,2.0,,1.0,2.0,1.0,1.0,5.0,1.0,1.0,,,,2.0,1.0,,,1.0,2.0,,
jaja,False,,,,,1.0,,1.0,,,,,1.0,,,,,,,,,,,,,,,,
jammern,False,,,,,,,,,,,,,,,,,,,,,2.0,,,,,,,
jan,False,,,,,,,,,,,,,,,,,,,,,1.0,,,,,,,
jana,False,,,,,1.0,,,,,,,,,,,,,,,18.0,,,,,,,,
jane,False,1.0,,,,,,,,,,,,,,,,,,,,,,,,,,,
januar,False,,,1.0,,,,,,,,,,,,,,,,,,5.0,,,,,,,2.0
japan,False,,,,,,,,,,2.0,,,,,,,,,,,,,,,,,,
jargon,False,,,,,,,,1.0,,,,,,,,,,,,,,,,,,,,1.0
jatzombeck,False,,,,,,,,,,,,,,,,,,,,,,,,,2.0,,,
java,False,,,,,,,1.0,,,,,,,,,,,,,,,,,,,,,
javascript,False,,,,,,,,,,,,,,,,,1.0,,,,,,,,,,1.0,
javier,False,,,,,,,,,,,,,,,,,,,,,,1.0,,,,,,
jawohl,False,,,,,1.0,,1.0,,,,,1.0,,,,,,,,,,,,1.0,,,,
je,True,,2.0,1.0,2.0,,2.0,1.0,,6.0,2.0,,1.0,,,2.0,,2.0,1.0,4.0,3.0,,3.0,2.0,5.0,,1.0,3.0,
jede,True,,1.0,,,,,,,,,,,,,,,1.0,,,,,,,,,,,
jedenfalls,False,,1.0,,1.0,1.0,1.0,1.0,2.0,1.0,1.0,,4.0,2.0,1.0,1.0,,4.0,5.0,,,4.0,1.0,,,,1.0,,1.0
jeder,True,22.0,36.0,20.0,14.0,11.0,21.0,6.0,10.0,21.0,10.0,2.0,22.0,9.0,6.0,15.0,9.0,24.0,13.0,16.0,7.0,38.0,16.0,15.0,15.0,10.0,17.0,19.0,16.0
jedermann,True,,,,,,,,,,,,,,,,,,,,,2.0,,,,,,,
jederzeit,False,1.0,,1.0,,,,,1.0,,,,,2.0,,,1.0,,,,,,,1.0,,,,,1.0
jedoch,True,,,,,,,1.0,,,,,,,,,,,,,,,,,,,,,
jedweder,False,,,,,,,,,,1.0,,,,,,,,,,,,,,,,,,
jeglicher,False,,1.0,,,,,,,,,,,,,,,,,,,3.0,,,,,,,
jein,False,,2.0,,1.0,,,,,4.0,,,,,,,,,,,,,,,,,,,
jemals,False,,1.0,,,2.0,,,,2.0,,,,,,1.0,,,3.0,,,,1.0,,,,,1.0,
jemand,True,13.0,7.0,9.0,4.0,9.0,15.0,10.0,6.0,14.0,,2.0,18.0,6.0,3.0,23.0,6.0,16.0,3.0,4.0,5.0,10.0,5.0,7.0,10.0,3.0,7.0,7.0,6.0
jener,True,,1.0,1.0,,,,,,,2.0,,2.0,1.0,,4.0,,,1.0,,,,,,,,6.0,,
jenny,False,,,,,,,,,,,,,,,,,,,,,,,,4.0,,,,
jens,False,,,1.0,2.0,,1.0,,,,,,,,,,,,,,,,,,,,,,
jenseits,False,,1.0,,,,,,,1.0,,,1.0,,,,,,,,1.0,5.0,3.0,,,,,,
jere,False,1.0,,,,,,,,,,,,,,,,,,,,,,,,,,,
jeska,False,,,,,,,,,1.0,,,,,,,,,,,,,,,,,,,
jessica,False,,,,,,,,,2.0,,,,,,,,,,,,,,,,,,,
jesus,False,,,1.0,,,,,,,,,,,,,,,,,,,2.0,,,,,,
jetzig,False,,,,,,,,,,1.0,,,1.0,,1.0,,,,,,,,,,,,,1.0
jetzt,True,83.0,182.0,105.0,133.0,102.0,83.0,170.0,68.0,147.0,114.0,66.0,116.0,81.0,70.0,142.0,94.0,50.0,59.0,122.0,91.0,311.0,106.0,74.0,77.0,64.0,91.0,98.0,70.0
jetztzeit,False,,,,,,,,,,,,1.0,,,,,,,,,,,,,,,,
jeweilig,False,1.0,2.0,,,2.0,,,,,4.0,5.0,,,,3.0,,1.0,1.0,,,,1.0,,,,1.0,,
jeweils,False,,2.0,,,1.0,3.0,,,,1.0,,,,,,,,2.0,2.0,1.0,,,1.0,1.0,,,1.0,
jgpt,False,,,,,,,,,,,,,,,,,,,,,,2.0,,,,,,
jiska,False,,,,,,,,,3.0,,,,,,,,,,,,,,,,,,,
jitsi,False,,,,,,,,,,,,,,,,,,,1.0,,,,,,,,,
jo,False,,1.0,,1.0,,1.0,,,,,,,,,,,,,,,,,1.0,,,,,
joa,False,,,,,,,1.0,,,,,,,,,,,,,,,,,,,,,
joachim,False,,,,,,,,,,,,,,,,,,,,,,,,,,,1.0,
job,False,1.0,,,,,,,1.0,,,,,,,,3.0,,2.0,,,,,,1.0,1.0,4.0,1.0,1.0
jobcenter,False,,,,,,,,,,,,,,1.0,,,,,,,,,,,,,,
jochen,False,1.0,,,,,,,,,,,,,,,,,,,,,,,,,,,
johansen,False,,2.0,,,,,,,,,,,,,,,,,,,,,,,,,,
johansson,False,,,,1.0,,,,,,,,,,,,,,,,,,,,,,,,
john,False,,,,,,,,,,,,4.0,,,,,,,,,,,,,,,,
johnny,False,,,,,,1.0,,,,,,3.0,,,,,,,,,,,,,,,,
jolie,False,,,,,,,,,,,,5.0,,,,,,,,,,,,,,,,
jonas,False,,,,,,,,,,,,,,,,,,,,,,,,,,,3.0,
journal,False,,,,,,,,,,,,,,,,1.0,,,,,,,,,,,,
journalisierung,False,,,,,,,,,,,,,,,,,,,,,,,,,,,1.0,
journalismus,False,,,1.0,,,,,,,,,,,,2.0,,,,,,2.0,,,,,,,
journalist,False,,,1.0,,3.0,,,,1.0,5.0,,,,,9.0,,,,,,2.0,,,,,,,
journalistin,False,,1.0,2.0,,4.0,1.0,,,,,,,,,,,,,,,,,,,,,,
journalistinnen,False,,,,,1.0,,,,,,,,,1.0,,,,,,,,,,,,,,
journalistisch,False,,,1.0,,1.0,,,,,,,,,3.0,4.0,,,,,,,2.0,,,,1.0,,
jovial,False,,,,,,,,,,,,,,,,,1.0,,,,,,,,,,,
jubeljahr,False,,,,,,,,,1.0,,,,,,,,,,,,,,,,,,,
jubiläum,False,,,,,,,,,,,,,,,,,,,,,,,,,,3.0,,
jubiläumsjahr,False,,,,,,,,,,,,,,,,,,,,,,,,,,1.0,,
jubiläumssendung,False,,,,,1.0,,,,,,,,,,,,,,,,,,,,,,,
jugend,False,1.0,,,,,,,,,,,1.0,,,,,,,,,,,,,1.0,,,
jugendfrei,False,,,,,,,,,,,,1.0,,,,,,,,,,,,,,,,
jugendhakt,False,,,,,,,,,,,,,,,,,,,2.0,,,,,,,,,
jugendliche,False,,5.0,,,,,,,,3.0,,,,,,2.0,,,,,2.0,,,,,,,
jugendmedienschutz,False,,,,,,,,,,,,,,,,3.0,,,,,,,,,,,,
jugendmedienschutzgesetz,False,,,,,,,,,,,,,,,,1.0,,,,,,,,,,,,
jugendschutz,False,,,,,,,,,,,,,,,,3.0,,,,,,,,,,,,
juli,False,,,,1.0,1.0,,,1.0,,,,,,,,,1.0,,1.0,,,,1.0,,,1.0,,
julian,False,,,,,,,,,,,,,,,,,,,,,,,,,,6.0,,
jung,False,1.0,2.0,,,,,,,,,1.0,2.0,,1.0,2.0,,2.0,1.0,,1.0,2.0,,,,1.0,,,
juni,False,,,,3.0,1.0,1.0,,,,,,,,1.0,,3.0,,,3.0,2.0,,,,,,,,
jura,False,,,,,,,,,,2.0,,,,,,,,,,,,,,,,,,1.0
jurastudium,False,,,,,,,,,,,,,,,,,,1.0,,,,,,,,,,
juri,False,,,,,,,,,,,,1.0,,,,,,,,,,,,,,,,
jurisdiktion,False,,,,,,,,1.0,,,,,,,,,,,,,,,,,,,,
jurisprudenz,False,,,,,,,,,,,,,,,,,,2.0,,,,,,,,,,
jurist,False,1.0,,,,3.0,2.0,,1.0,,1.0,2.0,,,,3.0,,1.0,11.0,,3.0,,,1.0,,,,,14.0
juristerei,False,,,,,,,,,,,1.0,,,,,,,,,,,,,,,,,
juristin,False,,,1.0,,1.0,,,,,,,,,,,,,4.0,,,,,,,,3.0,,
juristisch,False,,4.0,1.0,,6.0,,,,,2.0,2.0,1.0,1.0,2.0,11.0,,,5.0,,4.0,4.0,,3.0,,,2.0,1.0,3.0
jury,False,,,,,,,,,,,,1.0,,,,,,,,,,,,,,,,
just,False,1.0,,,,,,,,,1.0,,,,,1.0,,,,,,,,,,1.0,,,
justierbel,False,,1.0,,,,,,,,,,,,,,,,,,,,,,,,,,
justiz,False,,,,,,,,,,,,,,3.0,,,,,1.0,,,,,,1.0,,,
justizausschuss,False,,,,,,,,,,,,,,,,,,,2.0,,,,,,,,,
justiziar,False,,,,,,,,,,,,,,,1.0,,,,,,,,,,,,,
justizjahre,False,,,,,,,,,,,,,,1.0,,,,,,,,,,,,,,
justizminister,False,,,,,,,1.0,,,,,,,,,,,,,,,,,,,,,
justizministerium,False,,,,,1.0,,3.0,,,2.0,,,,2.0,,,,,2.0,,2.0,,,,3.0,,,
justizskandal,False,,,,,,,,,,,,,,,,,,,,,,,,,,1.0,,
justizverwaltung,False,,,,,,,,,,,,,,1.0,,,,,,,,,,,,,,
jutta,False,,,,,,,,,,,,,,,,,,,,,,,,,1.0,,,
jährlich,False,,,,,,,,,,,,,,,,,,,,,,,,,,1.0,,
jänner,False,,,,,,,,,,2.0,,,,,,,,,,,,,,,,,,
jüng,False,,1.0,,,,,,,,,,,,,,,,,,,,,,,,,,
jüngst,False,,,,,,,,,,,,,,,,,1.0,,,,,,,,,,,
jürgen,False,,,,,,,,,,,,,,,,,,,,15.0,,,,,,,,
k,False,,,,,,,,,,,,,,,,,,,,,,,,2.0,,,,
kabarettist,False,,,,,,,,,,,,,,,,,,,,,,,,,,1.0,,
kabel,False,,,,,,,,,,,,,,,2.0,,,,,,,,,10.0,,,,
kabelbericht,False,,,,1.0,,,,,,,,,,,,,,,,,,,,,,,,
kabelfernsehen,False,,,,,,,1.0,,,,,,,,,,,,,,,,,,,,,
kabelkist,False,,,,,,,,,,,,,,,,,,,,,,,,1.0,,,,
kabinett,False,,,,,,,,,,,1.0,,,1.0,,,,1.0,1.0,,,,,,,,,
kabinettgesetz,False,,,,,,,,,,,1.0,,,,,,,,,,,,,,,,,
kabinettsentwurf,False,,,,,,,,,,,1.0,,,,,,,,,,,,,,,,,
kacheltext,False,,,1.0,,,,,,,,,,,,,,,,,,,,,,,,,
kacke,False,,,,,,,,,,,,,1.0,,,,,,,,,,,,,,,
kaffee,False,1.0,,,,,,,,,,,1.0,,,,,,,,,,,,,,,,
kaffeebohnenhersteller,False,,,,,,,,,,,,,,,,,,,,,,,1.0,,,,,
kaffeesatzleserei,False,,,,,,,1.0,,,,,,,,,,,,,,,,,,,,,
kaffeesatzlesung,False,,,,,,,1.0,,,,,,,,,,,,,,,,,,,,,
kai,False,,1.0,,,,,,,,,,,,,,,,,,,,,,,,,,
kakao,False,,,,,,,,1.0,,,,,,,,,,,,,,,,,,,,
kaledi,False,,,,,,,,,,1.0,,,,,,,,,,,,,,,,,,
kalender,False,,,,,,,,,,,,,,,,,,,,,,,,1.0,,,6.0,
kalenderspruch,False,,,,,,,,,,,,,,,,,,,,1.0,,,,,,,,
kalenderwoche,False,,,,,,,,,,,,,,,,,,,,,,,,,,,1.0,
kalesi,False,,2.0,,,,,,,,,,,,,,,,,,,,,,,,,,
kali,False,,,,,,,,,,,,,,,,,,,1.0,,,,,,,,,
kalibrierter,False,,,,,,,1.0,,,,,,,,,,,,,,,,,,,,,
kalifornien,False,,,,,,,,,,,,1.0,,,,,,,,,,,,,,,,
kalisi,False,,4.0,,,,,,,,,,,,,,,,,,,,,,,,,,
kalk,False,,,,,,,,,,,,,,,,,,,,,,,5.0,,,,,
kalkül,False,,,,,,,,,,,,,,,,,,,,,,2.0,,,,,,
kallise,False,,,,,,,,,,,,,,,,,,,1.0,,,,,,,,,
kallisi,False,,1.0,,,,,,,,,,,,,,,,,,,,,,,,,,
kallisis,False,,,,,,,,,,,,,,1.0,,,,,,,,,,,,,,
kalt,False,1.0,,,,,,,,,,,,,,,,,,,,,,,,,,,
kalte,False,,,,,,,,,,,,,,,,,,,,,2.0,,,,,,,
kamera,False,,,,,1.0,,1.0,,,,,1.0,,,1.0,,,,,,2.0,,15.0,31.0,,1.0,,
kameraengel,False,,,,,,,,,,,,,,,,,,,,,,,,2.0,,,,
kamerageschichte,False,,,,,,,,,,,,,,,,,,,,,,,1.0,,,,,
kameraüberwachung,False,,,,,,,,,,,,,,,,,,,,,4.0,,1.0,,,,,
kamm,False,,,,,,,1.0,,,,,,,,,,,,,,,,,,,,,
kammer,False,,,,,,,,,,,,,,,2.0,,,,,,,,2.0,,,,,
kammerüberwachung,False,,,,,,,,,,,,,,,,,,,,,,,1.0,,,,,
kampagne,False,,2.0,,,,,1.0,,1.0,,,,,17.0,,,,,,,,2.0,1.0,,,6.0,,
kampagnemäßig,False,,,,,,,,,,,,,,1.0,,,,,,,,,,,,,,
kampf,False,,1.0,,,,,2.0,,,,,1.0,,3.0,,,,,,,2.0,4.0,,,,1.0,3.0,
kampfbegriff,False,,,,,,,,,,,,,,,,,,,,,,,,,,,1.0,
kamst,False,,,,,,,,,,,,,,,,,,1.0,,,,,,,,,,
kanada,False,,1.0,,,1.0,,,,,,,,,,,,,,,,,1.0,,,,,,
kanal,False,,7.0,,2.0,,,,,5.0,,,,,,,,1.0,,,,,,,3.0,,3.0,,
kanalierprozess,False,,,,,,,,,1.0,,,,,,,,,,,,,,,,,,,
kandidat,False,,,,,,,,,,,,,,,,,,1.0,,,6.0,,,,,,,2.0
kandidatin,False,,,,,,,1.0,,,,,,,,,,,,,,,,,,,,,
kandidatinne,False,,,,,,,,,,,,,,,,,,,,,,,,,1.0,,,
kandidieren,False,,,,,,,,,,,,,,,,,,,1.0,,,,,,,,,
kandiru,False,,,,,1.0,,,,,,,,,,,,,,,,,,,,,,,
kaninchen,False,,,,,,,,,,,1.0,,,,,,,,,,,,,,,,,
kannlösung,False,,,,,,,,,1.0,,,,,,,,,,,,,,,,,,,
kannst,True,5.0,6.0,4.0,17.0,8.0,6.0,14.0,6.0,7.0,3.0,4.0,13.0,23.0,6.0,18.0,2.0,13.0,1.0,1.0,10.0,14.0,7.0,3.0,,,8.0,4.0,5.0
kanon,False,,,,,,,,,,,,1.0,,,,,,,,,,,,,,,,
kantork,False,,,,,,,,,,,,,,,,,2.0,,,,,,,,,,,
kantorkel,False,,,,,,,,,,,,,,,,,1.0,,,,,,,,,,,
kanzlei,False,,,,,1.0,,,,,,,,,,,,,,,,,,,,,,,
kanzleie,False,,,,,1.0,,,,,,,,,,,,,,,,,,,,,,,
kanzler,False,,,,,1.0,,2.0,,,,,,,,,,,1.0,,,,,,,,,,
kanzleramt,False,,,,,,,,,,,,,,2.0,,,,,,,,,,,,,,
kanzleramtschef,False,,,,,,1.0,,,,,,,,1.0,,,,,,,,,,,,,,
kanzlerschaft,False,,,,,,,,,,,,,,,,,,,,,,,,,,1.0,,
kapazität,False,,1.0,,,,,,,,,2.0,,,,,1.0,,,,,,,,,1.0,,,
kapazitätenfrage,False,,,,,,,,,,,,,,,,,,1.0,,,,,,,,,,
kapitalentwurf,False,,,,,,,,,,,1.0,,,,,,,,,,,,,,,,,
kapitalismus,False,1.0,,,,,,1.0,,1.0,,,,,,,,,,,,,16.0,,,,,1.0,
kapitalistisch,False,2.0,,,,,,,,,,,,,,,,,,,,,,,,,1.0,,
kapitalverbrechen,False,,,,,,,,,,,,,,,2.0,,,,,,,,,,,,,
kapitel,False,,,,,,,1.0,,,3.0,,,,,,,1.0,,,1.0,,,,,,,,
kappe,False,,,,,,,,,,,,,,,1.0,,,,,,,,,,,,,
kappen,False,,,,,,,,,,,,,,,1.0,,,,,,,,,,,,,
kaprizier,False,,,,,,,,,,,,,,,,,,1.0,,,,,,,,,,
kaputt,False,1.0,2.0,11.0,5.0,,,,,4.0,,2.0,8.0,1.0,,,,1.0,1.0,,,,,,2.0,,,4.0,
karcho,False,,,,,,,,,,,,,,,,,,,,,,,,,,,1.0,
karikieren,False,,,,1.0,,,,,,,,,,,,,,,,,,,,1.0,,,,
karin,False,,,,,,,,,,,,,,,,,,,,,,1.0,,,,,,
karl,False,1.0,,1.0,,,,,,,,1.0,6.0,,,,,,,,,,,,,,,,
karlsruhe,False,,,,,1.0,1.0,,,,,,,,,3.0,,,,,,,,,,,,,
karneval,False,1.0,,,,,,,,,,,,,,,,,,,,,,1.0,,,,,
karriere,False,,,,,,,,,,1.0,,,,,,,,,,,,,,,,,,
karsten,False,1.0,,,,,,,,,,,,,,,,,,,,,,,,,,,
karte,False,1.0,,,1.0,1.0,,2.0,,,1.0,,,24.0,,,,4.0,,,1.0,,2.0,1.0,,,,,
kartellrecht,False,,,,,,,,,,,,,,,,,,,,,2.0,,,,,,,
kartenhaus,False,,,,,,,1.0,,,,,,,,,,,,,,,,,,,,,
kartenwelt,False,1.0,,,,,,,,,,,,,,,,,,,,,,,,,,,
kartenzahlung,False,1.0,,,,,,,,,,,,3.0,,,,,,,,,,,,,,,
kartenzahlungsdienstleister,False,,,,,,,,,,,,,2.0,,,,,,,,,,,,,,,
kartenzahlungsterminal,False,,,,,,,,,,,,,1.0,,,,,,,,,,,,,,,
kartocke,False,,,,,,,,,,,,,,,,,1.0,,,,,,,,,,,
karus,False,,,,,,,1.0,,,,,,,,,,,,,,,,,,,,,
kaspar,False,,,,,,,,,,,,9.0,,,,,,,,,,,,,,,,
kasper,False,,,,,,,,,,,,17.0,,,,,,,,,,,,,,,,
kasperl,False,,,,,,,,,,,,1.0,,,,,,,,,,,,,,,,
kasse,False,,,,2.0,,,,,,,,,,,,,,,,,,,,,,,,
kassel,False,,,,,,,,,,,,1.0,,,,,,,,,,,,,,,,
kassenärztliche,False,,,1.0,,,,,,,,,,,,,,,,,,,,,,,,,
kassieren,False,,,,,,,3.0,,,,,,,,1.0,,,,,,,,,,,,,
kassle,False,,,,,,,,,,,,,,,,,,,,,,,,,1.0,,,
kasten,False,,,,,,,,,,,,,,,,,,,,,,,2.0,,,,,
kastenweg,False,1.0,,,,,,,,,,,,,,,,,,,,,,,,,,,
kastl,False,,,,1.0,,,,,,,,,,,,,,,,,,,,,,,,
katalog,False,,,,,1.0,,,,,,,,,,,,,1.0,,,,,,,,,,
katalonien,False,,,,,1.0,,,,,,,,,,,,,,,,,,,,,,,
katastrophal,False,,,,2.0,,,,,,,,,,,,,,,,,,,,,,,,
katastrophe,False,,1.0,,,,1.0,,,,,,1.0,1.0,,,,,,,,,,,,,,,
katastrophenschutz,False,,,,,,,,,,,,,,,,,,,,,,,,,,1.0,,
kategorie,False,1.0,,,4.0,,,,,,1.0,,1.0,1.0,,,3.0,,,1.0,,2.0,2.0,,1.0,,,,
kategorisch,False,,,,2.0,,,,,,,,,2.0,,,,,,,,,,,,,,,
kater,False,1.0,,,,,,,,,,,,,,,,,,,,,,,,,,,
katharina,False,,,,,4.0,,,,,,,,,,,,,,,,,,,,,,,
katja,False,,,,,,,,,,,,,,,,,,,1.0,,,,,,,,,
katze,False,,,1.0,,,,,,,,,,,,,,,,1.0,,,,,,,,,
kauderwelsch,False,,,,,,,,,,,,,,,,,,,,,,,,,,,3.0,
kauf,False,,,,,,1.0,1.0,,,,,,,,,,,,,,,,,,,,,
kaufen,False,2.0,,4.0,,5.0,1.0,2.0,,4.0,,,1.0,9.0,3.0,2.0,,1.0,,2.0,1.0,2.0,2.0,,12.0,,,,
kaufradio,False,,,,,,1.0,,,,,,,,,,,,,,,,,,,,,,
kaufst,False,,,,,,,,,,,,,1.0,,,,,,,,,,,,,,,
kaum,True,,,,1.0,1.0,1.0,,1.0,2.0,1.0,,1.0,,1.0,,1.0,,,,2.0,2.0,6.0,,,1.0,,6.0,1.0
kausalität,False,,,,,,,,,,,,,,,,,,,,,,,,,1.0,,,
kautschuk,False,,,,,,,,,,,,,,,,,,,,,,1.0,,,,,,
kdp,False,,,,,,,,,,,,1.0,,,,,,,,,,,,,,,,
keanu,False,,,,,,,,,,,,3.0,,,,,,,,,,,,,,,,
kehrn,False,,1.0,,,,,,,,,,,,,,,,,,,,,,,,,,
kehrseite,False,,,,,1.0,,,,,,,,,,,,,,,,,,,,,1.0,,
kehrtwende,False,,,,,,,,,,,,,,,1.0,,,,,,,,,,,,,
kein,True,19.0,36.0,46.0,39.0,36.0,17.0,37.0,27.0,29.0,27.0,8.0,29.0,34.0,10.0,50.0,13.0,37.0,24.0,28.0,32.0,80.0,34.0,8.0,19.0,12.0,26.0,27.0,12.0
keiner,True,2.0,,2.0,,3.0,6.0,1.0,,1.0,,,2.0,2.0,,3.0,1.0,1.0,,1.0,,15.0,,1.0,,,1.0,,
keinerlei,False,,,,1.0,3.0,,,,,,,1.0,,,2.0,1.0,,,,,,,,,,,,
keinesfalls,False,,,,,,,,,,2.0,,,,,,,,,,,,,,,,,,
keins,False,,,,,,,,,2.0,,,,,,,,,,,,,,,,,,,
keks,False,,,,,,3.0,,,,,,,,,,,,,,,,,,,,,,
kekse,False,,,,,,2.0,,,,,,,,,,,,,,,,,,,,,,
kelber,False,,,,,,,,,,,,,,,,,,2.0,,,,,,,,,,1.0
keller,False,,,,,,,,,,,,,,1.0,,,,,,,,,,,,,,
kelly,False,,,,,,,,,,,,,,,,,,,2.0,,,,,,,,,
kenia,False,,,,,,,,,,,,,,,,,,,,,,11.0,,,,,,
kenn,False,1.0,,,,,,,,,,,,,,,,,,,,,,,,,,,
kennen,False,5.0,14.0,3.0,1.0,8.0,2.0,7.0,6.0,9.0,4.0,2.0,15.0,4.0,8.0,8.0,3.0,15.0,8.0,12.0,3.0,6.0,4.0,4.0,6.0,5.0,9.0,5.0,4.0
kennenlernen,False,1.0,,,,,,,,,,,,,1.0,,,,1.0,1.0,1.0,,,,,,2.0,,1.0
kenner,False,,,,,,,,,,,,,,,,,,,,,,,,1.0,,,,
kennerinn,False,,,,,,,,,,,,,,,,,,,,,,,,1.0,,,,
kennst,False,,,,,,,,,,,,1.0,,,,,,,,,,,,,,,,
kennt,False,,,,,,,,,,,,,,,,,,,,,,,,,,,1.0,
kenntnis,False,1.0,,,,,,,,,1.0,,,,,1.0,,1.0,,1.0,,,,,,,,1.0,
kennzeichnen,False,,,,,,,,,,,,,,,1.0,,,,,,,,,,,,,
kennzwang,False,,,,,,,,1.0,,,,,,,,,,,,,,,,,,,,
kern,False,,2.0,,1.0,1.0,,,1.0,4.0,1.0,,1.0,,,6.0,,1.0,,,1.0,2.0,,,2.0,,1.0,,1.0
kernargument,False,,,,,,,,,,,,,,,1.0,,,,,,,,,,,,,
kernbereich,False,,,,,1.0,1.0,,,,,,,,,,,,,,,,,,,,,,
kernbestand,False,,,,,,,,,,1.0,,,,,,,,,,,,,,,,,,
kernbestandteil,False,,,,,,,,,,,1.0,,,,,,,,,,,,,,,1.0,,
kernforderung,False,,,,1.0,,,,,,,,,,,,,,,,,,,,,,,,
kernpunkt,False,,,,,,,,,,2.0,,,,,,,,1.0,,,,,,,,,1.0,
kernthema,False,,,,,,,,,,,,,,,,,,,,,,,,,,,,1.0
kerntheme,False,,,,,,,,,,,,,,,,,,,,,,,,,,1.0,,
kernziel,False,,,1.0,,,,,,,,,,,,,,,,,,,,,,,,,
kessel,False,,1.0,,,,,,,,,,,,,,,,,,,,,,,,,,
kette,False,3.0,1.0,,,,,,,2.0,,,,,,,,3.0,,,,,2.0,,,,,,
kevin,False,,,,,,,,,,,,1.0,,,,,,,,,,,,,,,,
key,False,,,,,,,1.0,,2.0,,,,,,,,,,,,,,,,,,,
keycrawler,False,,,,,,,,,,,,,,,,,,,,,,,,,,,1.0,
keyserver,False,,2.0,,,,,,,,,,,,,,,,,,,,,,,,,,
kgb,False,,,,,,,,,,,,1.0,,,,,,,,,,,,,,,,
khaleesi,False,,,,5.0,,,,,,,2.0,,,,,1.0,,1.0,2.0,,,,,,,,,
khalesi,False,,2.0,,,,,,,,,,,,,,,,,,,,,,,,,,
khalisi,False,,5.0,,,,,,,,,,,,,,,,,,,,,,,,,,
khashoggi,False,,,,,1.0,,,,,,,,,,,,,,,,,,,,,,,
ki,False,2.0,6.0,,1.0,,,1.0,,,,,,,,,,,,4.0,2.0,52.0,4.0,,,1.0,1.0,30.0,2.0
kick,False,,,,,,,,,,,,,,,,,,,,,,,,,,1.0,,
kids,False,1.0,,,,,,,,,,,,,,,,,,,,,,,,,,,
kies,False,,,,,,,,,,,,,,,,,,,,,2.0,,,,,,,
kill,False,,,,,,,,,,,,1.0,,,,,,,,,,,,,,,,
kilo,False,,,1.0,,,,,,,,,,,,,,,,,,,,,,,,,
kilogramm,False,,,,,,,,,,,,,,,,,,,,,,2.0,,,,,,
kilometer,False,,,,,,,,,,,,,,,,,,,,,2.0,,,1.0,,,,
kilowattstunde,False,,,,,,,1.0,,,,,,,,,,,,,,6.0,,,,,,,
kind,False,2.0,9.0,,1.0,1.0,1.0,2.0,1.0,,1.0,,5.0,1.0,2.0,3.0,6.0,,,,,15.0,2.0,,,,,,
kindepornografie,False,,,,,,,,,,1.0,,,,,,,,,,,,,,,,,,
kinder,False,,,,,,,,,,,,,,,,2.0,,,,,1.0,,,,,,,
kindergarten,False,,,,,,,,,,,,,1.0,,,,,1.0,,,,,,,,,,
kinderinnen,False,,,,1.0,,,,,,,,,,,,,,,,,,,,,,,,
kindermissbrauch,False,,,,,,,,,,,,,,,,,,,,,2.0,,,,,,,
kinderponografie,False,,,,,,,,,,,,,,,,,,,,,2.0,,,,,,,
kinderpornograf,False,,1.0,,,,,,,,,,,,,,,,,,,,,,,,,,
kinderpornografie,False,,,,,,,,,,,,,,,,,,,,,2.0,,,,,,,
kinderpornografisch,False,,1.0,,,,,,,,,,,,,,,,,,,,1.0,,,,,,
kinderpornographisch,False,,1.0,,,,,,,,,,,,,,,,,,,,,,,,,,
kinderschaft,False,,,,,,,,,,,,,,,,,1.0,,,,,,,,,,,
kinderschutz,False,,,,,,,,,,,,,,,1.0,,,,,,6.0,,,,,,,
kinderschutzkampagne,False,,,,,,,,,,,,,,,,,,,,,2.0,,,,,,,
kinderschutzorganisation,False,,,,,,,,,,,,,,,1.0,,,,,,,,,,,,,
kinderwagen,False,1.0,,,,,,,,,,,,,,,,,,,,,,,,,,,
kindesmissbrauch,False,,5.0,,,,,,,,2.0,,,,,,,,,,,2.0,,,,,,,
kindesmissbrauchdarstellunge,False,,,,,,,,,,1.0,,,,,,,,,,,,,,,,,,
kindesmissbrauchsabbildung,False,,4.0,,,,,,,,,,,,,,,,,,,,,,,,,,
kindesmissbrauchsabbildungen,False,,1.0,,,,,,,,,,,,,,,,,,,,,,,,,,
kindesmissbrauchsdarstellung,False,,2.0,,,,,,,,3.0,,,,,,,,,,,,1.0,,,,,,
kindesmissbrauchserbildung,False,,1.0,,,,,,,,,,,,,,,,,,,,,,,,,,
kindesmissbrauchsmaterial,False,,,,,,,,,,1.0,,,,,,,,,,,,,,,,,,
kindesmissbrauchsmisshandlunge,False,,1.0,,,,,,,,,,,,,,,,,,,,,,,,,,
kindesmissbrauchsstellung,False,,1.0,,,,,,,,,,,,,,,,,,,,,,,,,,
kindesmisshandlung,False,,1.0,,,,,,,,,,,,,1.0,,,,,,,,,,,,,
kings,False,,,,,,,,,,,,1.0,,,,,,,,,,,,,,,,
kinofilm,False,,,,,,,,,,,,1.0,,,,,,,,,,,,,,,,
kipp,False,,,,,,,,1.0,,,,,,,,,,,,,,,,,,,,
kippen,False,,,,,1.0,,,,,,,,,,3.0,,,,1.0,,,2.0,,,,,,
kira,False,1.0,,,,,,,,,,,,,,,,,,,,,,,,,,,
kirche,False,,,,,,,,,,,,,,,,,1.0,,,,,,,,,,,
kis,False,,1.0,,,,,,,,,,,,,,,,,,,3.0,,,,,,2.0,
kiste,False,,1.0,,,,,,,,,,,,,,,,,1.0,,,,,1.0,,,,
kit,False,,,,,,,1.0,,,,,,,,,,,,,,,,,,,,,
kita,False,,,,,,,,,,,,,,1.0,,,,,,,,,,,,,,
klaassen,False,,,,,,,,,1.0,,,,,,,,,,,,,,,,,,,
klage,False,,,,3.0,,,,,1.0,,,,,3.0,,2.0,,1.0,,,2.0,,29.0,,,,,
klageeinreichung,False,,,,,,,,,,,,,,,,,,,,,,,2.0,,,,,
klagemäßig,False,,,,,,,,,,,,,,,,,,,,,,,1.0,,,,,
klagen,False,,,,4.0,,,,,,,,,,6.0,,,,1.0,,2.0,,,3.0,,,1.0,,1.0
klageprozess,False,,,,,,,,,,,,,,,,,,,,,,,1.0,,,,,
klageverfahren,False,,,,,,,,,,,,,,,,,,,,,,,2.0,,,,,
klageweg,False,,,,,,,,,,,,,,,,,,,,,,,1.0,,,,,
klamm,False,,,,,,,,,,,,1.0,,,,,,,,,,,,,,,,
klammer,False,,,1.0,,,,,,,,,,,,,,,,,,,,,,,,,
klammern,False,,,,,,,,,,,,,,,,,,,1.0,,,,,,,,,
klamotte,False,,,,,,,,,,,,,,,,,,,,,,1.0,,,,,,
klamottenproduktion,False,,,,,,,,,,,,,,,,,,,,,,1.0,,,,,,
klandestin,False,,,,,1.0,,,,,,,,,,,,,,,,,,,,,,,
klangen,False,,,,,,,,,,,,,,,,,,,,,1.0,,,,,,,
klangst,False,,,,1.0,,,,,,,,,,,,,,,,,,,,,,,,
klappe,False,,,,,,,,,,,,,,,,,,,,,,,,1.0,,,,
klappen,False,2.0,2.0,1.0,1.0,1.0,1.0,3.0,,,,,,1.0,,,1.0,,,1.0,1.0,2.0,2.0,,,,2.0,,1.0
klar,False,7.0,13.0,8.0,12.0,15.0,13.0,13.0,22.0,12.0,5.0,11.0,10.0,6.0,10.0,31.0,24.0,12.0,1.0,10.0,9.0,72.0,12.0,6.0,2.0,8.0,19.0,6.0,8.0
klarerer,False,,,,,,,,,,,,,,,,,,,,,,,,,1.0,,,
klarerweise,False,,,,,,,,,,2.0,,,,,,,,,,,,,,,,,,
klarkommen,False,,,,,1.0,,,,,,,,,,,,1.0,,,,,,,,,,,2.0
klarkommt,False,,,1.0,,,,,,,,,,,,,,,,,,,,,,,,,
klarmachen,False,,1.0,,,,,,,,,1.0,,,,,1.0,,,,,,,,,,,,
klarnamen,False,,,,1.0,,,,,,,,,,,,,,,,,,,,,,,,
klarnamenpflicht,False,,1.0,,,,,,,,,,,,,,,,,,,,,,,,,,
klarnamensmanier,False,,,,1.0,,,,,,,,,,,,,,,,,,,,,,,,
klarstellen,False,,,,,,,,,,,,,,,1.0,,,,,,2.0,,,,,,1.0,
klarstellung,False,,,,,,,,,,1.0,,,,,,,,,,,,,,,,,,
klartext,False,,,,,,,,,,,,,,,1.0,,2.0,,,,,,,,,,,
klasse,False,1.0,,1.0,,,,1.0,,,,,,,,,,,,1.0,,,,,,,,,
klassenraum,False,,,,,,,,,,,,,,,,,,,,,2.0,,,,,,,
klassifizieren,False,,,,,,,,,,,,,,,,,,,,1.0,,,,,,,,
klassiker,False,1.0,,,,,,,,1.0,,1.0,,,,1.0,2.0,2.0,,,1.0,,,,,,,,
klassisch,False,1.0,1.0,1.0,2.0,,2.0,3.0,1.0,2.0,1.0,,3.0,,1.0,2.0,4.0,2.0,3.0,1.0,1.0,13.0,4.0,,7.0,2.0,2.0,1.0,4.0
klassischerweise,False,1.0,,,,,1.0,2.0,,,,1.0,,,,3.0,,,,,,,,,2.0,,,,1.0
klaudifizierus,False,,,,,,,1.0,,,,,,,,,,,,,,,,,,,,,
klauen,False,,1.0,,,,,,,,,,1.0,,,,,2.0,,,,,,,,,,,
klaus,False,,,,,,,,,,,,,,,,,,,,,16.0,,,,,,,
kleiderkammer,False,,,,,,,,,,,,,1.0,,,,,,,,,,,,,,,
klein,True,16.0,13.0,6.0,2.0,5.0,2.0,6.0,6.0,5.0,1.0,1.0,2.0,3.0,5.0,13.0,3.0,4.0,3.0,9.0,9.0,14.0,4.0,7.0,16.0,,4.0,18.0,3.0
kleinanzeig,False,,,,,,,,,,,,,,,,1.0,,,,,,,,,,,,
kleine,True,1.0,,,,,1.0,,,,,,,1.0,,,,,,,,,,1.0,,,,,
kleineren,False,,,,,,1.0,,1.0,,,,,,,,,,,,,,,,,,,,
kleines,True,,,,,,,,1.0,,,,,,,,,,,,,,,,,,,,
kleingedruckte,False,,,,,,,,,,,,,,,,1.0,,,,,,,,,,,,
kleinscheiß,False,,,,,1.0,,,,,,,,,,,,,,,,,,,,,,,
kleinsid,False,,1.0,,,,,,,,,,,,,,,,,,,,,,,,,,
kleinzeit,False,,1.0,,,,,,,,,,,,,,,,,,,,,,,,,,
kleinzeitscann,False,,1.0,,,,,,,,,,,,,,,,,,,,,,,,,,
kleinzeitscanning,False,,1.0,,,,,,,,,,,,,,,,,,,,,,,,,,
klemmen,False,,,,,1.0,,,,,,,,,,,,,,,,,,,,,,,
klick,False,,,,,,,,,,,,,2.0,,,,,,,,4.0,,,2.0,,,1.0,
klickbar,False,1.0,,,,,,,,,,,,,,,,,,,,,,,,,,,
klicken,False,3.0,,1.0,,3.0,,2.0,,,,1.0,1.0,1.0,,,,5.0,,,,2.0,,,1.0,1.0,3.0,3.0,
klicker,False,,,,,,,,,,,,,,,,,2.0,,,,,,,,,,,
klickkarte,False,,,,,,,,,,,,,1.0,,,,,,,,,,,,,,,
klicks,False,,,,,,,,,,,,,,,,,,,,,,,,3.0,,,,
klientelpolitik,False,,,,,,,1.0,,,,,,,,,,,,,,,,,,,,,
klima,False,,,,,,,3.0,,,,,,,,,,,2.0,2.0,,,,,,,,,
klimaaktivistinn,False,,,,,2.0,,,,,,,,,,,,,,,,,,,,,,,
klimakatastrophe,False,,,,,,,,,1.0,,,,,,,,,,,,,,,,,,1.0,
klimakrise,False,,,,,,,1.0,,,,,,,,,,,,1.0,,,,,,,,,
klimapolitik,False,,,,,,,,,,,,,,,,,,,3.0,,,,,,,,,
klimaprotest,False,,,,,,,,,,,,,,,,,,,1.0,,,,,,,,,
klimasach,False,,,,,,,,,,,,,,,,,,,2.0,,,,,,,,,
klimaschutzbereich,False,,,,,,,,,,,,,,,,,,,,,,,,,,1.0,,
klimawandel,False,,,,,,,,,,,,,,,,,,,2.0,,,,,,,,,
klingelbeut,False,,,,,,,,,,,,,,,,,,,,,,,,,,1.0,,
klingeln,False,,,,,,,,,,,,,,,,,1.0,,,,,,,,,,,
klingen,False,1.0,2.0,4.0,10.0,3.0,,10.0,2.0,4.0,,1.0,4.0,1.0,2.0,8.0,,,,2.0,2.0,10.0,1.0,1.0,5.0,,10.0,1.0,3.0
klingt,False,1.0,,,1.0,,,1.0,,,,,,,,,,,,,,,,,,,,,
klinik,False,,,,2.0,,,,,,,,,,,,,,,,,,,,,,,,
klinke,False,,,,1.0,,,,,,,,,,,,,,,,,,,,,,,,
klinkenstecker,False,,,,,,,,,,,,,,,,,,,,,,,,1.0,,,,
klischee,False,,,,,,,1.0,,,,,6.0,,,,,,,,,,,,,,,,
klitsche,False,,,,,,,,,,,,2.0,,,,,,,,,,,,,,,,
klitzklein,False,,,,,,,,,,,,,,,,,,,1.0,,,,,,,,,
klon,False,,,,,,,,,,,,,1.0,,,,,,,,,,,,,,,
klopfen,False,,,,,,,,,,,,1.0,,,,,,,1.0,,,,,,,,,
kluft,False,,,,,,,,,,,,,,,,,,,,,,,,,1.0,,,
klug,False,,,,,,,,,,,,,1.0,,,,,,,,,,,,,,,
kläger,False,,,,1.0,,,,,,,,,,,,,,,,,,,3.0,,,,,
klägerin,False,,,,1.0,,,,,,,,,,,,,,,,,,,,,,,,
klären,False,,3.0,2.0,1.0,,,1.0,,4.0,,,,,2.0,1.0,,,,,3.0,4.0,,8.0,2.0,,1.0,3.0,1.0
klärung,False,,,,,,,,,,,,,,1.0,,,,,,,,,,,,,,
klöchtergeld,False,,,,,,,,,,,,,1.0,,,,,,,,,,,,,,,
klöppeln,False,,,,,,,,,,,,,1.0,,,,,,,,,,,,,,,
knacken,False,,,,,,,,,,,1.0,,,,,,,,,,,,,,,,,
knackig,False,,,,,,,,,,,,,,,,,,1.0,,,2.0,,,,,,,
knackpunkt,False,,1.0,,,,,,,,1.0,,,,,,,,,,,,,,,,,,
knackwort,False,,,,,,,,,,,1.0,,,,,,,,,,,,,,,,,
knapp,False,,,2.0,,,,2.0,,,,,,,1.0,2.0,3.0,,1.0,2.0,,2.0,,,1.0,,2.0,,2.0
knast,False,,,,,1.0,,,,,,,,,2.0,,,,,,,,,,,,,,
kneten,False,,,,,,1.0,,,,,,,,,,,,,,,,,,,,,,
knetfigure,False,,,,,,1.0,,,,,,,,,,,,,,,,,,,,,,
knicke,False,,,,,,,,,,,,,,,,,,,,,,,,1.0,,,,
knicken,False,,,,,,,1.0,,,,,,,,,,,,,,,,,,,,,
knie,False,,,,,1.0,,,,,,,,,,,,,,,,,,,,,1.0,1.0,
kniff,False,,1.0,,,1.0,,,,,,,,,,,,,,,,,,,,,,,
knirschend,False,,,,,,,1.0,,,,,,,,,,,,,,,,,,,,,
knock,False,,,,,1.0,,,,,,,,,,,,,,,,,,,,,,,
knopf,False,2.0,,2.0,,,,,,,,,,,,,,,,,,,,,,,,,
knopfdruck,False,,,,,,,,,,,,,,,,,,,,,,,,,,1.0,,
knopfloch,False,,,,,,,,,,,,1.0,,,,,,,,,,,,,,,,
knoten,False,1.0,,,1.0,,1.0,,,,,,,,,,,,,,,,,,,,,,
know,False,,,,,,,1.0,,,,,,,,,,,,,,,,,,1.0,,,
knowledge,False,,,,,,,,,,,,1.0,,1.0,,,,,,,,,,,,,,
knöpfe,False,4.0,,,,,,,,,,,,,,,,,,,,,,,,,,,
knüpfen,False,,,,2.0,1.0,,,,,,,,,,,,,,,1.0,,,,,,,,
koalieren,False,,,,,,,,,,,,,,,,,,,4.0,,,,,,,,,
koalition,False,,,,,2.0,3.0,14.0,,,1.0,,,,2.0,1.0,,,,13.0,,2.0,,,,,1.0,,
koalitionsabkommen,False,,,,,,,,,,,,,,,,,,,,,,,,,,1.0,,
koalitionsarbeit,False,,,,,,,,,,,,,,,,,,,1.0,,,,,,,,,
koalitionsausschuss,False,,,,,,,,,,,,,,1.0,,,,,,,,,,,,,,
koalitionsfaktor,False,,,,,,,,,,,,,,,,,,,1.0,,,,,,,,,
koalitionsfraktion,False,,,,,,,,,,,,,,,,,,,1.0,,,,,,,,,
koalitionsintern,False,,,,,,,,,,,,,,,,,,,1.0,,,,,,,,,
koalitionskommission,False,,,,,,,,,,,,,,,,,,,1.0,,,,,,,,,
koalitionspartei,False,,,,,,,,,,,,,,,,,,,,,,,,,1.0,,,
koalitionspartner,False,,,,,,,,,,,,,,,,,,,3.0,,,,,,,,,
koalitionsstreit,False,,,,,,,1.0,,,,,,,,,,,,,,,,,,,,,
koalitionstechnisch,False,,,,,,,,,,,,,,,,,,,1.0,,,,,,,,,
koalitionsverhandlung,False,,,,,,,,,,,,,,,,,,,5.0,,2.0,,,,1.0,,,
koalitionsvertrag,False,,3.0,,,1.0,,33.0,,,,3.0,,,,2.0,,,,9.0,,8.0,,,,1.0,,,
koalitionsvertragsversprechen,False,,,,,,,,,,,,,,,,,,,1.0,,,,,,,,,
koalitionär,False,,,,,,,1.0,,,,,,,,,,,,,,,,,,,,,
kobalt,False,,,,,,,,,,,,,,,,,,,,,,2.0,,,,,,
kobaltabbau,False,,,,,,,,,,,,,,,,,,,,,,1.0,,,,,,
kobold,False,,,,,,,,,,,,,,,,,,,,,,1.0,,,,,,
koch,False,1.0,1.0,,,,,,,,,,6.0,,,,,,,,,,,,,,,,
kochbuch,False,,,,,,,,,,,,,,,,,,,,,,,,,,,4.0,
kochen,False,1.0,,,,,2.0,,1.0,,,,,,,,1.0,,,,,,,1.0,,,,1.0,
kofferraum,False,,,,,,,,,,,,,,,,,,,,,,,,1.0,,,,
kofinanzieren,False,,,,,,,,,,,,,,,,,,,1.0,,,,,,,,,
kognitiv,False,,,,,,,,,,,,1.0,,,,,,,,,,,,,,,,
kohl,False,,,,,,,1.0,,,,,,,,,,,,,,,,,,,,,
kohle,False,,,1.0,,,,,,,,,,,,,,,,,,2.0,,,,,1.0,,
kohort,False,,,,1.0,,,,,,,,,,,,,,,,,,,,,,,,
kohorte,False,,,,1.0,,,,,,,,,,,,,,,,,,,,,,,,
kohärent,False,,1.0,,,,,,,,,,,,,,,,,,,,,,,,,,
kolder,False,,,,,,,,,,,,,,,,,,,,,,2.0,,,,,,
kollaborativ,False,,,,,,,,,,,,1.0,,,,,,,,,,,,,,1.0,,
kollaborieren,False,,,,,,,,,,,,2.0,,,,,,,,,,,,,,,,
kollateralschaden,False,,,,,1.0,,,,,,,,,,,,,,,,,,,,,,,
kollateralschäd,False,,,,,1.0,,,,,,,,,,,,,,,,,,,,,,,
kollateralschäde,False,,,,,,,,,,,,,,,1.0,,,,,,,,,,,,,
kollege,False,1.0,,1.0,,,,,,,1.0,,,,,,,,,2.0,,,1.0,,,,,1.0,9.0
kollegial,False,,,,,,,,,,,,,,,,,,,,,,,,,,,,1.0
kollegin,False,,,1.0,,,,,,2.0,2.0,,,,,,,,1.0,,,,,,,,4.0,1.0,2.0
kollektiv,False,,,,,,,,,,,,,,1.0,,,,,,,,,,,,,2.0,
kollidierend,False,,,,,,,1.0,,,,,,,,,,,,,,,,,,,,,
kolonial,False,,,,,,,,,,,,,,,,,,,,,,13.0,,,,,,
kolonialgeschichte,False,,,,,,,,,,,,,,,,,,,,,,2.0,,,,,,
kolonialisator,False,,,,,,,,,,,,,,,,,,,,,,2.0,,,,,,
kolonialisieren,False,,,,,,,,,,,,,,,,,,,,,,1.0,,,,,,
kolonialismus,False,,,,,,,,,,,,,,,,,,,,,,44.0,,,,,,
kolonialismusbegriff,False,,,,,,,,,,,,,,,,,,,,,,2.0,,,,,,
kolonialmacht,False,,,,,,,,,,,,,,,,,,,,,,2.0,,,,,,
kolonie,False,,,,,,,,,,,,,,,,,,,,,,6.0,,,,,,
kolonisator,False,,,,,,,,,,,,,,,,,,,,,,2.0,,,,,,
kolonismus,False,,,,,,,,,,,,,,,,,,,,,,4.0,,,,,,
kolumbianisch,False,,,,,,,,,,,,,,,,,,,,,,,,,,1.0,,
kolumbien,False,,,,,,,,,,1.0,,,,,,,,,,,,1.0,,,,2.0,,
kolumbus,False,,,,,1.0,,,,,,,,,,,,,,,,,,,,,,,
kolumne,False,,,,,,,,,,,,,,,,,,,,,,,,,,1.0,1.0,
kombi,False,,,1.0,,,,,,,,,,,,,,,,,,,,,,,,,
kombination,False,,1.0,1.0,,,,,,,,,,,,,,,,,1.0,,,,3.0,1.0,1.0,,
kombinieren,False,,,,2.0,,,,,,,,,,,,,,,,1.0,2.0,,,,,,,
komfort,False,1.0,,,,,,,,,,1.0,,,,,,,,,,,,,,,,,
komisch,False,1.0,2.0,,1.0,2.0,1.0,2.0,,1.0,,,3.0,,3.0,1.0,1.0,1.0,,,,,,,,1.0,,,
komischerweise,False,,,,,,,,,,,1.0,,,,,,,,,,,,,,,,,
komitee,False,,,,,,,,,,1.0,,,,,,,,,,,,,,,,,,
komiteesitzunge,False,,,,,,,,,,1.0,,,,,,,,,,,,,,,,,,
komm,False,1.0,,1.0,,,,1.0,,,,,,,,,,,,,,2.0,1.0,,,,,1.0,
komma,False,,,1.0,,1.0,,,,,,,,,,,,,,4.0,,,,,,,,,
kommandozeile,False,,,,,,,,,,,,1.0,,,,,,,,,,,,,,,,
kommen,True,37.0,37.0,30.0,32.0,28.0,25.0,30.0,22.0,47.0,11.0,28.0,46.0,27.0,22.0,38.0,18.0,20.0,18.0,26.0,18.0,109.0,19.0,7.0,22.0,16.0,37.0,52.0,18.0
kommend,False,1.0,,,,,,,,,1.0,,,,,,,,1.0,,,,,,1.0,,,,
kommentar,False,,,,1.0,1.0,1.0,4.0,2.0,1.0,,1.0,2.0,1.0,,,1.0,,,,,,4.0,1.0,,,1.0,,2.0
kommentarfeld,False,,,,,,,,,1.0,,,,,,,,,,,,,,,,,,,
kommentieren,False,,1.0,,,,,,,,,4.0,,,,1.0,,,,,,2.0,,,,,,,
kommentierung,False,,,,,,,,,,,,,,,1.0,,,,,,,,,,,,,
kommerz,False,,,,,,,,,,,,1.0,,,,,,,,,,,,,,,,
kommerzialisieren,False,,,,1.0,,,,,,,,,,,,,,,,,,,,,,,,
kommerziell,False,,,,3.0,2.0,,,2.0,1.0,,,2.0,,,1.0,,,,,,,,,1.0,,1.0,,
kommissar,False,,1.0,,,1.0,,,,,,,,,,,2.0,,,,,,,,,,,,1.0
kommissariat,False,,1.0,,,,,,,,,,,,,,,,,,,,,,,,,,
kommissarin,False,,1.0,,,,,,,,,,,,,,1.0,,,,,,,,,,,,
kommissarinn,False,,,,,,,,,,,,,,,,1.0,,,,,,,,,,,,
kommission,False,,7.0,,12.0,1.0,3.0,,,3.0,1.0,,,,,,46.0,,,,,,,,,,,,32.0
kommissionsvorschlag,False,,,,,,,,,1.0,,,,,,,,,,,,,,,,,,,
kommn,False,,,,,,,,,,,,,,,,,,,,,,,,,,,1.0,
kommsen,False,,1.0,,1.0,,,1.0,,,,,,,,,,,1.0,,,,,,,,,,
kommst,False,1.0,,1.0,,1.0,,,,,,,,1.0,,,,,,,,2.0,,,,,,,
kommunal,False,,,,,,,3.0,,,,,,,1.0,,,,1.0,,,,,,,,,,
kommunale,False,,,,,,,,,,,,,,1.0,,,,,,,,,,,,,,
kommunales,False,,,,,,,,,,,,,,,,,,,1.0,,,,,,,,,
kommunalwahl,False,,,,,,,,,,,,,,2.0,,,,,,,,,,,,,,
kommune,False,,,,,,,3.0,,,,,,5.0,,,,,1.0,2.0,,,,,,,,,
kommunikation,False,1.0,32.0,4.0,,6.0,1.0,1.0,5.0,3.0,,,,,,13.0,,1.0,,1.0,,12.0,,,,,2.0,,
kommunikationsanbieter,False,,,,,,,,,,,,,,,1.0,,,,,,,,,,,,,
kommunikationsdat,False,,,,,,1.0,,,,,,,,,1.0,,,,,,,,,,,,,
kommunikationsdatum,False,,,,,,,,,,,,,,,2.0,,,,,,,,,,,,,
kommunikationsdienstleistung,False,,,,,,,,,,,,,,,2.0,,,,,,,,,,,,,
kommunikationsdinge,False,,1.0,,,,,,,,,,,,,,,,,,,,,,,,,,
kommunikationsebene,False,,,,,,,,,,,1.0,,,,,,,,,,,,,,,,,
kommunikationseinrichtung,False,,,,,,,,,,,,,,,1.0,,,,,,,,,,,,,
kommunikationsinfrastruktur,False,,1.0,,,,,,,,,,,,,,,,,,,,,,,,,,
kommunikationskanal,False,,1.0,,,,,,,,,,,,,,,,,,,,,,,,,,
kommunikationsmetadat,False,,,,,,,,,,,,,,,1.0,,,,,,,,,,,,,
kommunikationsmittel,False,,1.0,,,,,,,,,,,,,,,,,,,,,,,,,,
kommunikationsnetz,False,,,,,,,,,,,,,,,1.0,,,,,,,,,,,,,
kommunikationspartner,False,,3.0,,,,,,,,,,,,,,,,,,,,,,,,,,
kommunikationspartnerinn,False,,,,,1.0,,,,,,,,,,,,,,,,,,,,,,,
kommunikationsstrategie,False,,,,,,,,,,,,,,,,,,,,,,,,,,1.0,,
kommunikationssystem,False,,1.0,,,,,,,,,,,,,,,,,,,,,,,,,,
kommunikationstechnologie,False,,,,,,,,,,1.0,,,,,,,,,,,,,,,,,,
kommunikationsteilnehmerinn,False,,1.0,,,,,,,,,,,,,,,,,,,,,,,,,,
kommunikationsvorgäng,False,,,,,,,,,,,,,,,1.0,,,,,,,,,,,,,
kommunikationsweg,False,,,,,,,,,,,,,,,,,,,,,2.0,,,,,,,
kommunikativ,False,,,,,,,,,,,,,,,1.0,,,,,,,,,,,,,
kommunismus,False,,,,,,,,,,,,,,,,,,,,,2.0,,,,,,,
kommunistisch,False,,,,,,,,,,,,,,,,,,,1.0,,,,,,,,,
kommunizieren,False,1.0,16.0,3.0,1.0,2.0,,2.0,1.0,11.0,,,,,,5.0,1.0,,,1.0,1.0,2.0,,,,,1.0,,1.0
kommunizierst,False,,,,,,,,,2.0,,,,,,,,,,,,,,,,,,,
kompatibel,False,,,,,,,,3.0,,,,,,,1.0,,,,,,,,,,,,,
kompensation,False,,,,,,,,,,,,,,,,,,,,,,1.0,,,,,,
kompensationszahlung,False,,,,,,,,,,,,,,,,,,,,,,,,,,,1.0,
kompensieren,False,,,,,,,,,,,,,,,,,,,,1.0,,,,,,,1.0,
kompetent,False,,,,,,,1.0,,,,,,,,,1.0,,,,,,,,,,2.0,,1.0
kompetenz,False,4.0,,,,,,1.0,3.0,,2.0,,1.0,,,,,,1.0,1.0,3.0,,,1.0,,4.0,1.0,,1.0
kompetenzaufbau,False,,,,,,,,,,,,,,,,,,,,1.0,,,,,,,,
kompetenzbündelung,False,,,,,,,,,,,,,,,,,,,,,,,,,1.0,,,
kompetenzgerangel,False,,,,,,,,,,,,,,,,,,,,,,,,,1.0,,,
kompetenzlevel,False,,,,,,,,1.0,,,,,,,,,,,,,,,,,,,,
kompetenzminister,False,,,,1.0,,,,,,,,,,,,,,,,,,,,,,,,
kompetenzrahmen,False,1.0,,,,,,,,,,,,,,,,,,,,,,,,,,,
kompilieren,False,,,,,,,,,1.0,,,,,,,,,,,,,,,,,,,
kompisieren,False,,,,,,,,,,,,,,,,,,,,,2.0,,,,,,,
komplett,False,7.0,1.0,4.0,5.0,5.0,1.0,6.0,3.0,5.0,5.0,3.0,1.0,4.0,2.0,7.0,1.0,1.0,1.0,2.0,2.0,21.0,4.0,3.0,4.0,2.0,7.0,2.0,
komplex,False,,2.0,1.0,7.0,3.0,,,5.0,5.0,1.0,,4.0,1.0,1.0,2.0,3.0,,1.0,,2.0,8.0,1.0,,,,2.0,1.0,3.0
komplexes,False,,,,1.0,,,,,,,,,,,,,,,,,,,,,,,,
komplexität,False,,,,,,,,1.0,2.0,,,1.0,,,,,,,,,,,,,,,1.0,2.0
komplexitäts,False,1.0,,,,,,,,,,,,,,,,,,,,,,,,,,,
komplexitätsebene,False,,,,,,,,,,,,,,,,,,,,,,,,,,,,1.0
kompliziert,False,3.0,6.0,3.0,9.0,,,,1.0,4.0,,,,2.0,,2.0,2.0,,,1.0,1.0,4.0,1.0,1.0,1.0,,,,2.0
komplizierte,False,,,,1.0,,,,,,,,,,,,,,,,,,,,,,,,
komponente,False,,,,1.0,2.0,1.0,7.0,1.0,3.0,,2.0,6.0,,,1.0,,,,,1.0,,,,,1.0,1.0,3.0,1.0
kompressierung,False,,,,,,,,,,,,,,,,,,,,,,,,1.0,,,,
komprimieren,False,,,,,1.0,,,,,,,,,,,,,,,,,,,,,,,
kompromettieren,False,,,,,,,,1.0,,,,,,,,,,,,,,,,,,,,
kompromiss,False,,3.0,,,,2.0,,,1.0,,1.0,,,,,,,1.0,,,,,,,,,,1.0
kompromissbereitschaft,False,,,,1.0,,,,,,,,,,,,,,,,,,,,,,,,
kompromissenbereit,False,,,,,,,,,,,,,,,,,,1.0,,,,,,,,,,
kompromissvorschlag,False,,1.0,,,,,,,,,,,,,,,,,,,,,,,,,,
kompromittieren,False,,,,,,,,,2.0,,,,,,,,,,,,,,,,,,,
kompromiß,False,1.0,3.0,,1.0,,,,1.0,,,,,,,,,,,,,,,,,,,,1.0
kondensieren,False,,,,,,,,,,,,,,,,,,,,,2.0,,,,,,,
kondition,False,,,,,,,,,,,,,,,,,,,,,,2.0,,,,1.0,,
konferenz,False,,,,1.0,,,,3.0,,,,,,,1.0,,,,,1.0,,,,4.0,,,,2.0
konferenzgebäude,False,,,,,,,,,,1.0,,,,,,,,,,,,,,,,,,
konferenzisch,False,,,,,1.0,,,,,,,,,,,,,,,,,,,,,,,
konferenzsal,False,,,,,,,,,,1.0,,,,,,,,,,,,,,,,,,
konferenzvortrag,False,,,,,,,,,1.0,,,,,,,,,,,,,,,,,,,
konfigurieren,False,,,,,,,,,1.0,,,,1.0,,,,2.0,,,,,,,1.0,,,,
konflikt,False,,,,,1.0,,2.0,,2.0,,,1.0,,,,1.0,,,,,,2.0,,,,,,3.0
konform,False,,,,,,,1.0,,1.0,,,,,,,,,,,,,,,,,,,
konformer,False,,1.0,,,,,,,,,,,,,,,,,,,,,,,,,,
konfrontativer,False,,,,,,,,,,,,,,1.0,,,,,,,,,,,,,,
konfrontieren,False,,,1.0,,,,1.0,,,,,,,,,,,1.0,,,,,,,,,,
konglomerat,False,,,,,,,,,,,,,,,,,1.0,,,,,,,,,,,
kongo,False,,,,,,,,,,,,,,,,,,,,,,11.0,,,,,,
kongress,False,1.0,,,,,,,,,2.0,2.0,5.0,2.0,1.0,,,,1.0,,1.0,6.0,,,20.0,,,,
kongresstag,False,,,,,,,,,,,,,,,,,,,,,,,,1.0,,,,
kongresstage,False,,,,,,,,,,,,,,,,,,,,,,,,1.0,,,,
kongresszentrum,False,,,,,,,,,,,,,,,,,,,,,,,,1.0,,,,
kongreß,False,,,,,,,,,,,,1.0,,,,,,,,,,,,3.0,,,,
konkret,False,2.0,4.0,12.0,19.0,14.0,,3.0,7.0,7.0,10.0,2.0,5.0,7.0,9.0,16.0,5.0,9.0,16.0,4.0,5.0,34.0,11.0,4.0,1.0,4.0,10.0,,3.0
konkrete,False,,,,,,,,,,,,,,,,,,1.0,,,6.0,,,,,,,
konkretem,False,,,,,,,,,,,,,,,,,,,1.0,,,,,,,,,
konkreten,False,,,1.0,,,,,,,,,,,,,,,,,,,,,,,,,
konkretes,False,,,,,1.0,,,,,,,,,,,,,,,,,,,,,,,
konkretisieren,False,,,,,,,1.0,,,1.0,,,,,,,,,,,2.0,,,,,,,
konkurrent,False,,,,,,,,1.0,,,,,,,,,1.0,,,,,,,,,,,
konkurrenz,False,,,,,,,,,,,,,,,,,,,,,6.0,,,,,,,
konkurrenzkampf,False,,,,,,,,,,,,,,,,,,,,,,,,,1.0,,,
konkurrieren,False,,,,,,,,,,,,,,,,,,,,,,,,1.0,,,,
konnektivität,False,,,,,,,,,,,,,,,,,,,,,,8.0,,,,,,
konnektivitätslücke,False,,,,,,,,,,,,,,,,,,,,,,2.0,,,,,,
konnotation,False,,,,,,,,,,,,,,,,,,,,1.0,,2.0,,,,,,
konntest,False,,,,,,,,,,,,,,,1.0,,,,,,3.0,,,,,,1.0,
konntesten,False,,,,,,,,,,,,,,,,,,,,,1.0,,,,,,,
konntet,False,,,,,,,,,,,,,,,,,1.0,,,,,,,,,,,
konsens,False,,,,3.0,,,2.0,8.0,,6.0,1.0,,,,1.0,,,,,,,,,,,1.0,,3.0
konsensbasieren,False,,,,,,,,1.0,,,,,,,,,,,,,,,,,,,,
konsensfähig,False,,,,,,,1.0,,,,,,,,,,,,,,,,,,,,,
konsensual,False,,,,,,,,1.0,,2.0,,,,,,,,,,,,,,,,,,
konsequent,False,,,,,,,,,,,,,,,,,,,,,2.0,,,1.0,,,,
konsequenz,False,,2.0,,,3.0,,,,2.0,,,,,,,,,,,,,1.0,,,,1.0,,
konservativ,False,,,,,,,,,,,,,1.0,4.0,,,,,3.0,,,1.0,,,,,,
konservative,False,,,,1.0,,,,,,,,,,,,,,,,,2.0,,,,,1.0,,
konsistent,False,,,,,,,,,,,,,,,,,,,,,,,,,,1.0,,1.0
konsistenter,False,,,,,,,,,,,,,,,,,,,,,,,,,,1.0,,
konsistenz,False,,,,,,,,,,,,,,,,,,,1.0,,,,,,,,,1.0
konsoliant,False,,,,,,,,,,,,,,,,,,,,,,,,,,1.0,,
konsorte,False,,,,,,,,,,,,,,,,,1.0,,,,,,,,,,,
konsortium,False,1.0,,,,1.0,1.0,,,,,,,,,,,,,,,,,,,,,,
konspirativ,False,,,,,,,,,,,2.0,,,,,,,,,,,,,,,,,
konst,False,,,,1.0,,,,,,,,,,,,,,,,,,,,,,,1.0,
konstant,False,,,,1.0,,,,,,,1.0,,,,1.0,,,,,,,,,,,,,
konstantin,False,,,,,,,,,1.0,,,,,,,,,1.0,,,2.0,,,,,,,
konstanz,False,,,,,1.0,,,,1.0,1.0,,,,,1.0,,,,,2.0,2.0,,1.0,,,1.0,,
konstanza,False,,,,,,1.0,,,,,,,,,,,,,,,,,,,,,,
konstanze,False,,,,1.0,2.0,3.0,,,1.0,1.0,2.0,7.0,,1.0,6.0,,1.0,1.0,1.0,5.0,9.0,4.0,4.0,,2.0,5.0,,6.0
konstanzo,False,,,,,,,,,1.0,,,,,,,,,,,,,,,,,,,
konstatieren,False,,,,,,,1.0,,,,,,,,,,1.0,,,,,,,,,,,
konstellation,False,,,,,,,,,,,1.0,,,4.0,,,,1.0,1.0,,,1.0,,,1.0,,,
konstituieren,False,,,,,,,,,,,,,,,1.0,,,1.0,2.0,,,,,,,,,
konstruiert,False,,,,,,,,,,,,,,,,,,,,,,,,,,1.0,,
konstrukt,False,,,,,,,,,,,,,3.0,,,1.0,,,,,,,,,,,,
konstruktiv,False,,,,,,,,,,,5.0,,,,,,,,1.0,,2.0,,,,1.0,1.0,,
konsultation,False,,,,,,,,,,,2.0,,,,,,,,1.0,,,,,,,,,1.0
konsultationsfrist,False,,,,,,,1.0,,,,,,,,,,,,,,,,,,,,,
konsultationsprozes,False,,,,,,,,,,,1.0,,,,,,,,,,,,,,,,,
konsultationsprozesse,False,,,,,,,,,,,1.0,,,,,,,,,,,,,,,,,
konsultationsverfahren,False,,,,,,,1.0,,,,2.0,,,,,,,,,,,,,,,,,
konsultieren,False,1.0,,,,,,,,,,,,,,,,,,,,,,,,,,,3.0
konsum,False,,,,,,,,,,,,,,,,,,,,,,1.0,,,,,,
konsumentinnensicht,False,,,,,,,,,,,,,,,,,,,,,,,,,,,1.0,
konsumieren,False,,,,,,1.0,,,,,,,,,,,,,,,,,,,,,,
kontakt,False,2.0,2.0,,,,,1.0,1.0,,1.0,1.0,1.0,,1.0,,,,,,,,,3.0,1.0,1.0,4.0,,
kontakteverwaltung,False,,,,,,,1.0,,,,,,,,,,,,,,,,,,,,,
kontaktieren,False,,3.0,,,,,,,1.0,,,,,,,,,,1.0,,,,,,,3.0,,
kontext,False,2.0,,1.0,1.0,1.0,1.0,,1.0,5.0,2.0,,,,,1.0,6.0,,,,,6.0,3.0,1.0,,,,,
kontinent,False,,1.0,,,,,,1.0,1.0,1.0,,,,,,,,,,,,19.0,,,,,,
kontinuierlich,False,,,,,,,,,,,,,,,,,,,,,,,,,,2.0,,
kontinuität,False,,,,,,,,,,,,,,,,,,,1.0,,,2.0,,,,,,
kontinuum,False,,,,,,,,,,,,,,,4.0,,,,,,,,,,,,,
konto,False,,,1.0,,,,,,2.0,,,1.0,16.0,,,1.0,1.0,,,,,,,,,1.0,,
kontodate,False,,,,,,,,,,,,,1.0,,,,,,,,,,,,,,,
kontostand,False,,,,,,,,,,,,,1.0,,,,,,,,,,,,,,,
kontrafaktisch,False,,,,,,,,,,,,,,,,,,,,,,2.0,,,,,,
kontrast,False,1.0,,,,,,,,,,,,,,,,,,,,,,,,,,,
kontrastanforderung,False,,,,,,,,,,,,,,,,,,,,1.0,,,,,,,,
kontrastieren,False,,,,,,,,,,,,1.0,,,,,,,,,,,,,,,,
kontrastwert,False,1.0,,,,,,,,,,,,,,,,,,,,,,,,,,,
kontrollausschuss,False,,,,,,2.0,,,,,,,,,,,,,,,,,,,,,,
kontrollbehörde,False,,,,,4.0,,,,,,,,,,,,,,,,,,,,,,,
kontrolle,False,,1.0,1.0,2.0,1.0,1.0,,2.0,2.0,2.0,,1.0,,,,1.0,2.0,,,,4.0,,1.0,,,,,
kontrollelement,False,,,,,,,,,,,,,,,,,,,,,,,,1.0,,,,
kontrollgremium,False,,,,5.0,2.0,2.0,,,,,,,,,,,,,,,,,,,,,,
kontrollieren,False,,4.0,,1.0,4.0,4.0,,,,,,1.0,,,1.0,,,,1.0,,2.0,,1.0,,,1.0,,
kontrollinstanz,False,,,,,4.0,,,,,,,,,,,,,,,,,,,,,,,
kontrollmechanismus,False,,,2.0,,,,,,,,,,,,,,,,,,,,,,,,,
kontrollstelle,False,,1.0,,,,,,,,,,,,,,,,,,,,,,,,,,
kontrovers,False,,,,2.0,,,,,,2.0,,,,1.0,,,,,,,,2.0,,,,,,
konvention,False,,,,,,,,,,27.0,,,,,,,,,,,,,,,,,4.0,
konventionell,False,,,,,,,,,,,,,,,,,,,,,,,,,,,1.0,
konvergenz,False,,,,,,,,,,,,,,,,,,,,,,,,,,,1.0,
konversation,False,,1.0,,,,,,,,,,,,,,,,,,,,,,,,,,
konz,False,,,,4.0,2.0,,6.0,,2.0,1.0,,,,,5.0,1.0,1.0,,,3.0,11.0,2.0,2.0,,,4.0,2.0,
konzentrieren,False,,,,,,,,1.0,1.0,,,,,,,,,,1.0,,,,,,,,,
konzept,False,,3.0,4.0,7.0,,,2.0,2.0,5.0,,,1.0,6.0,,4.0,1.0,,,,2.0,5.0,,1.0,3.0,,1.0,,1.0
konzeptpapier,False,,,,,,,,,,,,,,,,,,,,,,,,,1.0,,,
konzern,False,,2.0,,1.0,,,,3.0,1.0,,,,,,,1.0,1.0,,,2.0,,12.0,,,,3.0,4.0,2.0
konzert,False,,,,,,,,1.0,,,,,,,,,,,,,,,,,,,,
konzervaen,False,,,,,,,,,,,,,,,,,,,1.0,,,,,,,,,
konzipieren,False,,,,1.0,,,,,,,,,,,,,,,,,,,,,,,,
kooperation,False,,1.0,,,,,,,,3.0,,,,4.0,,,,,,,,,,,,3.0,,1.0
kooperationswillig,False,,,,,,,,,,,,,,,,,,,1.0,,,,,,,,,
kooperativ,False,,,,,,,,,,,,,,,,,,,,,,2.0,,,,,,
kooperieren,False,,,,,,,,,,1.0,,,,,,,,,,,2.0,,,,,1.0,1.0,
koordinator,False,,,,,,,,,,,,,,,,1.0,,,,,,,,,,,,
koordinieren,False,,,1.0,,,,,2.0,,1.0,,,,,,2.0,,,,,,,,,1.0,,,2.0
koordiniert,False,,,,,,,,,,,,,,,,2.0,,,,,,,,,,,,
koordinierungsstelle,False,,,,,,,,,,,,,,,,2.0,,,,,,,,,,,,
kopf,False,4.0,1.0,1.0,5.0,3.0,2.0,2.0,1.0,3.0,1.0,,3.0,1.0,,4.0,2.0,,,,1.0,2.0,5.0,2.0,1.0,,1.0,4.0,1.0
kopfgeld,False,,,,,,,1.0,,,,,,,,,,,,,,,,,,,,,
kopfhörer,False,1.0,,,,,,,,,,,,,,,,,,,,,,,,,,,
kopfhöreranschlüs,False,1.0,,,,,,,,,,,,,,,,,,,,,,,,,,,
kopie,False,,,,,,,,,1.0,,,,1.0,,,,,,,,,,,,,,2.0,
kopieren,False,,,,,,,,,,,,1.0,2.0,,,,,,,,,,,,,,,
kopierer,False,,,,,,,,,,,,,1.0,,,,,,,,,,,,,,,
korb,False,,,,1.0,,,,,,,,,,,,,2.0,,,,,,,,,,,
korgummi,False,,,,,,,,,,,,1.0,,,,,,,,,,,,,,,,
korn,False,,,,,,,,,,,,,,,,,,,,,,,,,,1.0,,
korrekt,False,1.0,3.0,1.0,1.0,4.0,,1.0,5.0,2.0,3.0,,,1.0,1.0,3.0,,4.0,1.0,,1.0,2.0,,,,,,,2.0
korrektiv,False,,,,,,,,,,,,,,,,,,,,,,,,,,1.0,,
korrektur,False,,,,,,,,2.0,,,1.0,,,,,,,,,,,,,,,,,
korrelation,False,,,,,,,,,,,,,,,,,,,,,,,2.0,,1.0,,,
korrigier,False,,,,,,,,,,,,,,,,,,,,1.0,,,,,,,,
korrigieren,False,,,,,,,,,,,,,1.0,,,,,,,1.0,,,,1.0,,,,
korrigiert,False,,,,,,,,1.0,,,,,,,,,,,,,,,,,,,,
korruption,False,,,,,,,,,,1.0,,,,,,,,,,,,4.0,,,,1.0,,
korruptionsskandal,False,,,,,,,,,,,,,,,,,,,,,,,,,,1.0,,
korsett,False,,,,,,,,,,,,,,,,,,1.0,,,,,,,,,,
kosten,False,1.0,1.0,13.0,1.0,1.0,,2.0,6.0,1.0,,,1.0,,,6.0,,3.0,,,5.0,2.0,2.0,1.0,2.0,,2.0,2.0,
kostenfaktor,False,1.0,,,,,,,,,,,,,,1.0,,,,1.0,,,,,,,,,
kostenfalle,False,,,,,,,,,,,,,,,,,,,,,,,,,,,1.0,
kostenfrei,False,,,,,,,,,,,,,,,,,,,,,,,,,,,1.0,
kostengrund,False,,,,,,,,,,,,,,,,,,,,1.0,,,,,,,,
kostenlos,False,,,,,,,,1.0,1.0,,,,,,,,,,,,2.0,1.0,,,,,,
kostenlosen,False,,,,,,,,,,,,,,,,,,,,,,1.0,,,,,,
kostenrisiken,False,,,,,,,,,,,,,,,,,,,,,,,1.0,,,,,
kostenrisiko,False,,,,,,,,,,,,,,,,,,,,,,,1.0,,,,,
kostspielig,False,,,,,,,,1.0,,,,,,,,,,,,,,,,,,,,
kote,False,,,,,,,,,,,,,1.0,,,,,,,,,,,,,,,
kraft,False,,,,4.0,,,1.0,,,4.0,2.0,,,,3.0,9.0,,,,2.0,1.0,,,,,1.0,,
kraftstoffvertrieb,False,,,,,,1.0,,,,,,,,,,,,,,,,,,,,,,
kram,False,,,,1.0,,5.0,1.0,,1.0,,,,,,,,1.0,,1.0,1.0,,,,,,,,
krams,False,,,,,,,,,,,,,,,,,,,,,,,,1.0,,,,
krank,False,,1.0,1.0,3.0,,,,,,,,,,,1.0,,,,,,,,,,,,,
kranken,False,,,,,,,,,,,,,,,,,,,,1.0,,,,,,,,
krankenakte,False,,,,2.0,,,,,,,,,,,,,,,,,,,,,,,,
krankendatensatz,False,,,,1.0,,,,,,,,,,,,,,,,,,,,,,,,
krankenfasiert,False,,,,1.0,,,,,,,,,,,,,,,,,,,,,,,,
krankengeschichte,False,,,,1.0,,,,,,,,,,,,,,,,,,,,,,,,
krankenhaus,False,,,6.0,3.0,,,,,,,,1.0,,,,,,,,,,,,,,,,
krankenkasse,False,,,21.0,9.0,,,,,,,2.0,,,,1.0,,1.0,,,,6.0,,,,,,,
krankenkassenkarte,False,,,,1.0,,,,,,,,,,,,,,,,,,,,,,,,
krankenkassentat,False,,,,1.0,,,,,,,,,,,,,,,,,,,,,,,,
krankenversicherung,False,,,3.0,1.0,,,,,,,,,,,,,1.0,,,,,,,,,,,
krankenversicherungsnummer,False,,,,2.0,,,,,,,,,,,,,,,,,,,,,,,,
krankheit,False,,,3.0,16.0,,,2.0,,,,,,,,,,,,,,,,,,,,,
krankheitsbild,False,,,,2.0,,,,,,,,,,,,,,,,,,,,,,,,
krankheitsverlauf,False,,,,2.0,,,,,,,,,,,,,,,,,,,,,,,,
krankmachend,False,,,,,,,,,,,,,,,,,,,,,2.0,,,,,,,
kranz,False,,,,,,,,,,1.0,,1.0,,,,,,,,,,,,,,1.0,,
krass,False,1.0,1.0,1.0,,7.0,,1.0,,,,,3.0,3.0,4.0,1.0,,,1.0,3.0,2.0,10.0,3.0,2.0,1.0,1.0,,1.0,1.0
krasse,False,,,2.0,,1.0,,,,,,,,1.0,1.0,,,,1.0,,,,2.0,,,,,,
krasser,False,,,1.0,,,,,,,,,,,,,,,,,,,,,,,,,
krasserer,False,,,,,,,,,,,,,,,,,,,,1.0,,,,,,,,
krassiern,False,,,,,,,1.0,,,,,,,,,,,,,,,,,,,,,
kratzen,False,,,,,,,,,,,,,,,,,,,,,2.0,,,,,,,
kraulen,False,,1.0,,,,,,,,,,,,,,,,,,,,,,,,,,
kraulig,False,,,,,,1.0,,,,,,,,,,,,,,,,,,,,,,
kraut,False,,,,,,,,,,,,,,,,1.0,,,,,,,,,,,,
kraß,False,,2.0,,1.0,,1.0,,,,,,,1.0,,,,,,,,,1.0,,,,1.0,,
kreativ,False,,,,,,,,,,,,1.0,1.0,,,,,,,,,,,,,2.0,1.0,
krebeln,False,,,,,,,,,,,,,,,,,,,,,,,,,,1.0,,
krebsbehandlung,False,,,1.0,,,,,,,,,,,,,,,,,,,,,,,,,
krebsforschung,False,,,,3.0,,,,,,,,,,,,,,,,,,,,,,,,
krebsmedikament,False,,,1.0,,,,,,,,,,,,,,,,,,,,,,,,,
krebstagebuch,False,,,1.0,,,,,,,,,,,,,,,,,,,,,,,,,
krebstagebücher,False,,,1.0,,,,,,,,,,,,,,,,,,,,,,,,,
kreditkarte,False,,,,,,,,,,,,,10.0,,,,1.0,,,,,,,,,,,
kreditkartengeschäft,False,,,,,,,,,,,,,1.0,,,,,,,,,,,,,,,
kreditkartennummer,False,,,,,,,,,,,,,,,,,1.0,,,,,,,,,,,
kreditkartentransaktion,False,,,,,,,,,,,,,,,,,1.0,,,,,,,,,,,
kreditkartenzahlungssystem,False,,,,,,,,,,,,,1.0,,,,,,,,,,,,,,,
kreis,False,,,,,,,,4.0,,,1.0,1.0,2.0,,,,1.0,,,,,,,2.0,,1.0,,
kretschmann,False,,,,,,,,,,,,,,,,,,,1.0,,,,,,,,,
kretschmer,False,,,,,,,,,,,,,,,,,,,1.0,,,,,,,,,
kreuz,False,,,,,1.0,1.0,,,,,,,,,,,,,,,8.0,,,,,,,
kreuze,False,,,,,,,,,,,,,,,,,,,,,2.0,,,,,,,
kreuztabelle,False,,,,1.0,,,,,,,,,,,,,,,,,,,,,,,,
kriechen,False,,,,,,,,,,,,,,,,,,,,,2.0,1.0,,,,,,
krieg,False,,,,1.0,,,,,,,,1.0,,,,1.0,,,,,,,,,,,,
kriegen,False,3.0,4.0,4.0,10.0,8.0,2.0,6.0,,4.0,1.0,2.0,,11.0,8.0,4.0,,6.0,6.0,10.0,3.0,15.0,8.0,,5.0,2.0,4.0,8.0,3.0
kriegsen,False,,,2.0,4.0,1.0,,,,1.0,,2.0,,2.0,,1.0,,,2.0,,,,,,,,1.0,1.0,
kriegsgebiet,False,,,,,1.0,,,,,,,,,,,,,,,,,,,,,,,
kriegst,False,,,,,,,,,1.0,,1.0,,,,,,,,,,2.0,3.0,,,1.0,,,
kriminalfäll,False,,,,,,,,,,,,,,,,,,,,,,,1.0,,,,,
kriminalisierung,False,,1.0,,,,,,,,1.0,,,,,,,,,,,,,,,,,,
kriminalität,False,,,,,6.0,,,,,,,,,,11.0,,,,1.0,,2.0,,1.0,,,,,
kriminalitätbekämpfungsmaßnahm,False,,,,,,,,,,,,,,,,,,,,,,,1.0,,,,,
kriminalitätsbekämpfung,False,,,,,,,,,,1.0,,,,,,,,,,,,,,,,,,
kriminalitätsentwicklung,False,,,,,,,,,,,,,,,1.0,,,,,,,,,,,,,
kriminalitätsschwerpunkt,False,,,,,,,,,,,,,,,,,,,,,2.0,,,,,,,
kriminell,False,,,,,,,,,1.0,,,1.0,,1.0,,,,,,,,,,,,,,
kriminelle,False,,,1.0,,2.0,,,,1.0,,,1.0,,,,,,,,,,,,,,,,
krimskram,False,,1.0,,,,,,,,,,,,,,,,,,,,,,,,,,
kripp,False,,,,,,,,,1.0,,,,,,,,,,,,,,,,,,,
krise,False,,,,,,,1.0,,,,,,,,,3.0,,,,,4.0,,,,,,,
krisengebiet,False,,,,,1.0,,,,,,,,,,,,,,,,,,,,,,,
krisenmechanismus,False,,,,,,,,,,,,,,,,7.0,,,,,,,,,,,,
krisensituation,False,,,,,,,,,,,,,,,,1.0,,,,,,,,,,,,
kristallisationspunkt,False,,,,,1.0,,,,,,,,,,,,,,,,,,,,,,,
kristallkugel,False,,,,,,,,,,,,,,,,1.0,,,,,,,,,,,,
kriterium,False,,,,2.0,,1.0,1.0,3.0,,,,,,,,,,,1.0,2.0,,,,,,,,
kriti,False,,1.0,,,,,,,,,,,,,,,,,,2.0,2.0,,,,,,,
kritik,False,,,,,,,3.0,,16.0,,1.0,1.0,,,15.0,2.0,3.0,6.0,,3.0,6.0,8.0,1.0,,1.0,1.0,,8.0
kritikalität,False,,,,,,,1.0,,,,,,,,,,,,,,,,,,,,,
kritikerinne,False,,1.0,,,,,,,,,,,,,1.0,,,,,,,,,,,,,
kritikpunkt,False,,,,,,,,2.0,1.0,,,,,,,,,2.0,,,,,,,,1.0,,
kritisch,False,,3.0,1.0,3.0,2.0,,5.0,,1.0,6.0,2.0,,,,1.0,2.0,,1.0,,6.0,12.0,1.0,,,1.0,2.0,,
kritisieren,False,,,,,1.0,,,,1.0,,,1.0,1.0,,,,1.0,2.0,,1.0,8.0,,,,,2.0,,
krone,False,,,,,,,,,,,,,,,,,1.0,,,,,1.0,,,,,,
kronenzeitung,False,,,,,,,,,,,,,,,,,,,,,,,,,,1.0,,
krux,False,,,,,,,,,,1.0,,,,,,,,,,,,,,,,,,
krypt,False,,,,,,,,,1.0,,,,,,,,,,,,,,,,,,,
kryptisch,False,,,,,,,,,,,,,,,,,,,,,,,1.0,,,,,
kryptografie,False,,,,,,,,,5.0,,,,,,,,,,,,,,,,,,,1.0
kryptografisch,False,,,,,,,,,2.0,,,,,,,,,,,,,,,,,,,
kryptographie,False,,1.0,,,,,,,1.0,,,,,,,,,,,,,,,,,,,
kryptographisch,False,,,,,,,,,2.0,,,,,,,,,,,,,,,,,,,
kryptosystem,False,,1.0,,,,,,,,,,,,,,,,,,,,,,,,,,
kräftig,False,,,,,,,,,,,,,1.0,,,,,,,,,,,,,,,
ks,False,,,,,,,,,,,,,,,,,,,,1.0,,,,,,1.0,,
kuchen,False,,,,,,,,,,,,1.0,,,,,,,,,,,,,,,,
kuckuck,False,,,,,,,,,,1.0,,,,,,,,,,,,,,,,,,
kugel,False,,,,,,,,,,,,,,,,,,,,,,,,1.0,,,,
kugellager,False,,,,,,,,,,,,,,,,,,,,,,,,1.0,,,,
kulisse,False,,,,,,,,,,,,2.0,,,,,,,,,,,,7.0,1.0,,,
kulpa,False,,,,,1.0,,,,,,,,,,,,,,,,,2.0,,,,,,
kultur,False,,,1.0,,,1.0,,,,,,3.0,,1.0,,,,1.0,1.0,,,,,,,,,
kulturell,False,,,,,,,5.0,,,1.0,,5.0,,,,,,,,,,,,,,,,
kulturkampf,False,,,,,,,,,,,,1.0,,,,,,,,,,,,,,,,
kulturwissenschaftler,False,,,,,,,,,,,,1.0,,,,,,,,,,,,,,,,
kumpel,False,,,,,,,,,,,,,,,,,1.0,,,,,,,,,,,
kunde,False,,,1.0,,11.0,,,,,,,,,,3.0,,6.0,,,6.0,12.0,,,,,1.0,8.0,
kundenbindung,False,,,,,,,,,,,,,,,,,1.0,,,,,,,,,,,
kundendienstzentr,False,,,,,,,,,,,,,,,,,,,,1.0,,,,,,,,
kundenliste,False,,,,,1.0,,,,,,,,,,,,,,,,,,,,,,,
kundin,False,1.0,,3.0,,1.0,,,,,,,,,,,,5.0,,,2.0,,,,,,,2.0,
kundinnen,False,,,,,,,,,,,,,,,,,,,,,,,,,,,1.0,
kundschaft,False,,,,,,,,,,,,,,,,,1.0,,,,,,,,,,,
kunst,False,1.0,,,,,,,,,,,4.0,,,,,,,,,,,,,,,1.0,
kunz,False,,,,1.0,,,,,,,,,,,,,,,,,,,,,,,,
kupfer,False,,,,,,,1.0,,,,,,,,,,,,,,2.0,2.0,,,,,,
kuriosität,False,,,,,,,,,,,,,,,,,,,,1.0,,,,,,,,
kurs,False,1.0,,,,,,,,,,,,,,,,,,,,,,,,,,,
kursieren,False,,,,,,,,,,,,2.0,,,,,,,,,,,,,,,,
kurt,False,,,,,,1.0,,,,,,,,,,,,,,,,,,,,,,
kurve,False,,,,,,,,,,,,,,1.0,,,,,,,2.0,,,,,,1.0,
kurz,True,9.0,17.0,5.0,8.0,17.0,8.0,13.0,7.0,15.0,13.0,13.0,27.0,4.0,7.0,17.0,14.0,5.0,12.0,12.0,16.0,55.0,5.0,5.0,9.0,10.0,22.0,19.0,7.0
kurzbiofond,False,,,,,,,,,,,,,,,,,,,,,,,,,,,1.0,
kurzergänzung,False,,1.0,,,,,,,,,,,,,,,,,,,,,,,,,,
kurzfassung,False,,,,,,,,,,,2.0,,,,,,,,,,,,,,,,,
kurzform,False,,,,1.0,,,,,,,,,,,,,,,,,,,,,,,,
kurzfristig,False,1.0,,,,,1.0,,2.0,,,,,,,1.0,,,,,,,,,,,,1.0,
kurzgeschichte,False,,,,,,,,,,,,1.0,,,,,,,,,,,,,,,,
kurznachricht,False,,,,,,,,,,,,,,,,,6.0,,,,,,,,,,,
kurzprogramm,False,,,,,,,,,,,,,,,,,,,,,8.0,,,,,,,
kurzprogramme,False,,,,,,,,,,,,,,,,,,,,,2.0,,,,,,,
kurzvorstellung,False,,,,,,,,,,,,,,,,,,,,,,,,,,1.0,,
kurzweilig,False,,,,,,,,,,,,1.0,,,,,,,,,,,,,,,,
kurzzeitig,False,,,,,2.0,,,,,,,,,,,,,,,,,,,,,,,
kuwak,False,,,,,,,,,1.0,,,,,,,,,,,,,,,,,,,
kämmerchen,False,,,,,,1.0,,,,,,,,,,,,,,,,,,,,,,
kämpfen,False,2.0,,,1.0,2.0,2.0,,,,,,7.0,,5.0,,2.0,,,1.0,,,3.0,,,,3.0,1.0,
käppch,False,,,,1.0,,,,,,,,,,,,,,,,,,,,,,,,
käse,False,,,,,,1.0,,,,,,,,,,,,,,,,,,,,,,
kästchen,False,,,,,,,,,,,,,,,,,1.0,,,,,,,,,,,
käufer,False,,,,,3.0,,,,,,,,,,,,,,,,,,,,,,,
köln,False,,,,,,,,,,,,,,3.0,1.0,,,,,,,,17.0,1.0,,,,
kölner,False,,,,,,,,,,,,,,,,,,,,,,,4.0,,,,,
könig,False,,,,,,,,,2.0,,,,,,,,,,1.0,,,1.0,,,,,,
königin,False,,,,,,,,,1.0,,,,,,,,,,,,,,,,,,,
königreich,False,,,,,,,,,,,,,,,,,,,,,,,,,2.0,,,
können,True,121.0,192.0,120.0,142.0,132.0,70.0,98.0,88.0,184.0,63.0,55.0,75.0,129.0,66.0,155.0,79.0,80.0,63.0,90.0,140.0,243.0,133.0,61.0,80.0,27.0,92.0,131.0,73.0
könnsten,True,,,,1.0,1.0,,1.0,,1.0,1.0,,,2.0,,1.0,,2.0,,,1.0,,,,,,,,
könnt,True,,,,2.0,,,1.0,,1.0,,,1.0,,1.0,,,,,1.0,3.0,3.0,1.0,2.0,5.0,1.0,1.0,2.0,1.0
könnte,True,,2.0,,3.0,,,,,,1.0,,2.0,,,1.0,,1.0,,,,,,,1.0,,,,
könnten,True,,,,,,,2.0,1.0,,,,,,,1.0,,,,,,2.0,,,1.0,,1.0,2.0,1.0
könntest,False,2.0,,3.0,3.0,,,2.0,1.0,1.0,2.0,,,1.0,,1.0,,2.0,1.0,1.0,1.0,,,,,,1.0,,
könntet,False,1.0,,,,,,,,,,,1.0,,,,,1.0,,,,2.0,,,1.0,,,,
köpige,False,,,,,,,1.0,,,,,,,,,,,,,,,,,,,,,
körnchen,False,,,,,,,1.0,,,,,,,,,,,,,,,,,,,,,
körper,False,,,,,3.0,,,,,,,,,,,,,,,,,,,,,,,
körperdat,False,,,,,,,2.0,,,,,,,,,,,,,,,,,,,,,
körperlich,False,1.0,,,,,,,,,,,2.0,,,,,,,,,,,,,,,,
küche,False,,,,,,,,,,,,,,1.0,,,,,,,,,,,,,,
kümmern,False,2.0,1.0,3.0,,1.0,1.0,,1.0,,,,,,,2.0,2.0,1.0,,3.0,,,,4.0,,,1.0,,
künftig,False,,,,,,,,,,,,,,,,,,,,1.0,,,,,,,,
künstler,False,,1.0,,,,,,,,,,1.0,,,,,,,,,,,,,,,,
künstlerinn,False,,,,,,,,,,,,,,,,,,,,,,,,,,1.0,,
künstlerisch,False,,,,,,,,,,,,5.0,,,,,,,,,,,,,,,,
künstlich,False,2.0,,,,,,2.0,,,,,1.0,5.0,,,,,,,,,,,,,,,
kürz,False,,,,,,,,,,,,,,,,,,,,,,,,1.0,,,,
kürzel,False,,,,,,,,,1.0,1.0,,,,,,,,,,,,,,,,,,
kürzest,False,,,,,,,,,,,,,,,2.0,,,,,,,,,,,,,
kürzlich,False,,,,1.0,,,,,,,,,,,,,1.0,,,1.0,,,,,,1.0,1.0,
kürzung,False,,,,,,,,,,,,,1.0,,,,,,,,,,,,,,,
küste,False,,,,,,,,,,,,,,,,,,,,,,2.0,,,,,,
lab,False,,,,,5.0,,,,,,,,,,,,,,1.0,,,,,,,,,
label,False,,,1.0,,,,,,,,,,,,,,,,,,,2.0,,,,1.0,,
labeln,False,,,,,,,,,,,,,,,,,,,,,,1.0,,,,,,
laber,False,,,,,,1.0,,,,,,,,,,,,,,,,,,,,,,
labor,False,,,,,1.0,,1.0,,,,,,,,,,,,,,,,,,,,,
labyrinth,False,,,,,,,,,,,,,,,,,,,,,,,,,,,8.0,
lachen,False,,,2.0,3.0,,2.0,,,,,1.0,2.0,,,,,,2.0,,,4.0,,,,,,,
lack,False,,,,,,,,,,,,,,,,,1.0,,,,,,,,,,,
laden,False,3.0,3.0,1.0,,,7.0,2.0,2.0,,,6.0,1.0,2.0,,,,,,1.0,,,,,,1.0,,1.0,2.0
lag,False,,,,,,,,,,,,,,,,,,,1.0,,,,,,,,,
lage,False,2.0,3.0,,1.0,,,1.0,2.0,4.0,,,,1.0,,,1.0,,,1.0,2.0,6.0,,,1.0,,1.0,1.0,
lager,False,1.0,,,,,,,,,,,,,,,,,,,,,,,1.0,,,,
lagerhaltung,False,,,,,,,,,,,,,,,,,,,,,,,,1.0,,,,
lagern,False,,,,,,,,,,1.0,,,,,,,,,,,,,,,,,,
laie,False,,,,1.0,,,1.0,,,,,,,,1.0,,,,,,,,,,,,,1.0
laienperspektive,False,,,,,,,,,1.0,,,,,,,,,,,,,,,,,,,
lalala,False,,,,,,,,,,,,,,,,,,,,,2.0,,,,,,,
land,False,3.0,6.0,,8.0,36.0,4.0,2.0,2.0,18.0,11.0,,,7.0,3.0,10.0,7.0,3.0,1.0,4.0,,24.0,24.0,,,1.0,11.0,,8.0
landefeld,False,,,,,,,,,,,,,,,,,,,,,5.0,,,,,,,
landen,False,1.0,8.0,3.0,2.0,,,3.0,2.0,1.0,,,,1.0,5.0,1.0,2.0,1.0,1.0,1.0,1.0,,3.0,,2.0,,,2.0,6.0
landesabgeordneter,False,,,,,,,,,,,,,,,,,,,1.0,,,,,,,,,
landesbeauftragte,False,,,,,,,,,,,,,,,,,,,,,,,1.0,,,,,
landesbehörde,False,,,,,,,,,,,,,,,,,,,,,,,,,,,,1.0
landesdatenschutzbeauftragt,False,,,2.0,,,,,,,,,,,,,,,,1.0,,,,,,,,,
landesdatenschutzbeauftragten,False,,,,,,,,,,,,,,,,,,,,,,,,,,,,1.0
landesdatenschutzbeauftragter,False,,,,,,,,,,,,,,,,,,,,,,,,,,,,2.0
landesdatenschutzbehörde,False,,,1.0,,,,,,,,,,,,,,,,,,,,,,,,,
landesebene,False,,,,,,,,,,,,,,,,,,,5.0,1.0,,,,,2.0,,,
landesgesetz,False,,,,,,,1.0,,,,,,,,,,,,,,,,,,,,,
landesinneren,False,,,,,,,,,,,,,,,,,,,,,,2.0,,,,,,
landesliste,False,,,,,,,,,,,,,,,,,,,1.0,,,,,,,,,
landesmedienanstalt,False,,,,,,,,,,,,,,,,2.0,,,,,,,,,,,,
landesnetz,False,,,,,,1.0,,,,,,,,,,,,,,,,,,,,,,
landespolicyger,False,,,,,,,,,,,,,,,,,,,1.0,,,,,,,,,
landespolitik,False,,,,,,,,,,,,,,,,,,1.0,4.0,,,,,,,,,
landespolitisch,False,,,,,,1.0,,,,,,,,,,,,,,,,,,,,,,
landesregierung,False,,,,,,,,,,,,,,,,,,,1.0,,,,1.0,,,,,
landesspezifisch,False,,,,,,,,,,,,,,,1.0,,,,,,,,,,,,,
landesverband,False,,,,,,,,,,,,,,,,,,,1.0,,,,,,,,,
landesverfassung,False,,,,,,,,,,,,,,,,,,,,1.0,,,,,,,,
landkreis,False,,,,,,,,,,,,,3.0,,,,,,,,,,,,,,,
landkreistag,False,,,,,,,,,,,1.0,,,,,,,,,,,,,,,,,
landläufig,False,1.0,,,,,,,,,,,,,,,,,,,,,,,,,,,
landratsfraktion,False,,,,,,,,,,,,,,,,,,,1.0,,,,,,,,,
landschaft,False,,,,,,,1.0,,,,,,,,,,,,,1.0,,,,,,,,
landtag,False,,,,,,5.0,,,,,,,,,,,,7.0,30.0,,,,,,,,,
landtagsabgeordneter,False,,,,,,,,,,,,,,,,,,,5.0,,,,,,,,,
landtagsarbeit,False,,,,,,,,,,,,,,,,,,,2.0,,,,,,,,,
landtagsfraktion,False,,,,,,,,,,,,,,,,,,,1.0,,,,,,,,,
landtagspräsident,False,,,,,,,,,,,,,,,,,,,1.0,,,,,,,,,
landtagsseit,False,,,,,,,,,,,,,,,,,,,1.0,,,,,,,,,
landtagswahl,False,,,,,,,,,,,,,,1.0,,,,,,,8.0,,,,,,,
landwehrritt,False,1.0,,,,,,,,,,,,,,,,,,,,,,,,,,,
landwirtschaft,False,,,,,,,,,,,,,,,,,,,1.0,,,,,,,,,
landwirtschaftsministerium,False,,,,,,,,,,,,,,1.0,,,,,,,,,,,,,,
lang,False,8.0,7.0,4.0,4.0,11.0,7.0,4.0,7.0,6.0,3.0,6.0,6.0,3.0,8.0,20.0,1.0,2.0,12.0,3.0,5.0,8.0,16.0,6.0,7.0,1.0,7.0,8.0,5.0
langatmig,False,,,,,,,,,,,,,,,,,,,,,,,2.0,,,,,
lange,True,1.0,8.0,9.0,2.0,5.0,5.0,5.0,,5.0,,4.0,3.0,5.0,5.0,15.0,5.0,3.0,2.0,1.0,1.0,6.0,4.0,6.0,6.0,5.0,3.0,1.0,3.0
langeweile,False,,,,,,,,,,,,,,,,,,,1.0,,,,,,,,,
langfristforschung,False,,,,1.0,,,,,,,,,,,,,,,,,,,,,,,,
langfristig,False,,,,3.0,,,,1.0,,,,,,,,,,,,,,1.0,3.0,1.0,,1.0,1.0,1.0
langjährig,False,,,,,1.0,,1.0,,,,,,,,,,,,,,2.0,1.0,,,,,,
langläuft,False,,,,,,,1.0,,,,,,,,,,,,,,,,,,,,,
langsam,False,2.0,4.0,,1.0,,,2.0,,,,,2.0,,,,,,,3.0,,4.0,1.0,1.0,,,2.0,3.0,
langweilig,False,,,,,,,1.0,,,,,,3.0,1.0,,,1.0,,,,,,,,,,,
langwellenkommunikation,False,,,,,,1.0,,,,,,,,,,,,,,,,,,,,,,
langwierig,False,,,,,,,,,,1.0,,,,,,1.0,,,1.0,,,,,,,,,
lanka,False,,,,,,,,,,1.0,,,,,,,,,,,,,,,,,,
lanz,False,,,,,1.0,,,,,,,,,,,,,,,,,,,,,,,
laptop,False,,,,,1.0,,,,,,,1.0,,,,,,,,,,,,,1.0,,,
large,False,,,,,,,,,,,,,,,,1.0,,,,,,,,,,,1.0,
largely,False,,,,,,,,,,,,,,,,,,,,,,,,1.0,,,,
lass,False,,1.0,1.0,,,,4.0,1.0,,,,,2.0,,,1.0,1.0,,,,11.0,,,1.0,,,,1.0
lassen,False,8.0,6.0,5.0,17.0,9.0,3.0,13.0,5.0,9.0,4.0,1.0,8.0,12.0,3.0,7.0,8.0,7.0,2.0,3.0,9.0,9.0,8.0,4.0,8.0,,2.0,4.0,2.0
lassn,False,,1.0,1.0,,,,,,,,,,,,,,,,,,,,,,,,,
lasst,False,,,3.0,,1.0,,,,1.0,,,,,,1.0,,,,,1.0,,,,1.0,,1.0,,
last,False,,,,,,,,1.0,,,,,,,1.0,,,,,1.0,,,,,,,5.0,
laster,False,,,,,,,,,,,1.0,,,,,,,,,,,,,,,,,
lateinamerika,False,,,,,,,,,,,,,,,,,,,,,,3.0,,,,1.0,,
lateinamerikanisch,False,,,,,,,,,,1.0,,,,,,,,,,,,,,,,1.0,,
latencies,False,,,,,,,,,,,,,,,,,,,,,,,,1.0,,,,
latency,False,,,,,,,,,,,,,,,,,,,,,,,,1.0,,,,
latenz,False,,,,,,,,,,,,,,,,,,,,,,,,,,1.0,,
latschen,False,,,,,,,,,,,,,,,,,1.0,,,,,,,,,,,
latte,False,,,,,,,,,,,,,,,,,,,,,,1.0,,,,,,
latz,False,,,,,,,,,,,,,,,,,,1.0,,,,,,,,,,
lauf,False,,,,,,2.0,1.0,,,,,,,1.0,,1.0,,1.0,,,,,,,,,,
laufen,False,6.0,5.0,3.0,8.0,4.0,7.0,4.0,,6.0,6.0,4.0,,1.0,8.0,2.0,11.0,,9.0,8.0,,10.0,6.0,9.0,7.0,3.0,5.0,7.0,4.0
laufend,False,,,,,4.0,,,,,,,,,2.0,,,,,,,,,,,,1.0,,1.0
laufenden,False,,,,,,,,,,,,,,,,,,,,,,,,,,1.0,,
launch,False,,,,,,,,,,,,,,,,,,,,,,2.0,,,,,,
laune,False,,,,,,,,,1.0,,,,,,,,,,,,,,,,,,,
laut,False,2.0,,2.0,,1.0,,,1.0,,4.0,2.0,,,,1.0,,,1.0,,,6.0,1.0,1.0,,1.0,2.0,,2.0
lauten,False,,,,,,,,,,,,,,,,,,,,,,,,,,,1.0,
lauter,False,,,,,,,,,,,,,,,,,2.0,,,,,,,,,,1.0,
lauterbach,False,,,,2.0,,,,,,,1.0,,,,,,,,,1.0,2.0,,,,,,,
lawful,False,,,,,,,,,,,,,,,1.0,,,,,,2.0,,,,,,,
lawine,False,,,,,,,,,,,,,,,,,,,,,,,,,,1.0,,
lawyer,False,,,,,,,,,,,,,,,,,1.0,,,,,,,,,,,
lay,False,,1.0,,,,,,,,,,,,,,,,,,,,,,,,,,
laysart,False,,,,,1.0,,,,,,,,,,,,,,,,,,,,,,,
lea,False,,,,,,,,,,,,,,,,,,,,,,,,,,,10.0,
leak,False,,,,,2.0,,,,,,,,1.0,1.0,,,,,,,,,,,,,,
leaken,False,,,,,,,,,3.0,,1.0,,,,,,,,,,,,,,,,,
learning,False,,,,,,,,,,,2.0,,,,,,,,,,,,,,,1.0,,
leben,False,9.0,5.0,2.0,4.0,5.0,1.0,3.0,,,,,3.0,10.0,1.0,6.0,2.0,,2.0,4.0,10.0,2.0,7.0,2.0,1.0,,1.0,3.0,
lebend,False,1.0,,,,1.0,,,,,,,1.0,,,,,,,,,,,,,,,,
lebendig,False,,,,,,,,,,,,,,,,,,,1.0,,,,,,,,,
lebensbereich,False,,,,,,,,,,,,1.0,,,1.0,,,,,2.0,,,,,,,,
lebensgefahr,False,,,,,1.0,,,,,,,,,,,,,,,,,,,,,,,
lebensgestaltung,False,,,,,1.0,,,,,,,,,,,,,,,,,,,,,,,
lebensgrundlage,False,,,,,,,,,,,,,,,,,,,,,,,,,,1.0,,
lebenshilfe,False,1.0,,,,,,,,,,,,,,,,,,,,,,,,,,,
lebensinhalt,False,,,,,,,,,,,,,,,,,,,,,,,,,,1.0,,
lebensmittel,False,,,,,,,,,,,,,1.0,,,,,,,,,,,,,,,
lebensmittelaussicht,False,,,,,,,1.0,,,,,,,,,,,,,,,,,,,,,
lebensmitteleinzelhandel,False,,,,,,,,,,,,,2.0,,,,,,,,,,,,,,,
lebensmittelkontrollbericht,False,,,,,,,,,,,,,,1.0,,,,,,,,,,,,,,
lebensmittelkontrollberichter,False,,,,,,,,,,,,,,1.0,,,,,,,,,,,,,,
lebensprofilierung,False,,,,,,,,,,,,,,,1.0,,,,,,,,,,,,,
lebensrettend,False,,,,,,,,,,,,,,,,1.0,,,,,,,,,,,,
lebensumstand,False,1.0,,,,,,,,,,,,,,,,,,,,,,,,,,,
lebensunterhalt,False,,,,,,,,,,,,,,,,,,,,,,,,,,1.0,,
lebenswelt,False,,,,,,,,,,,,1.0,,,,,,,,,,,,,,,,
lebenswältlich,False,,,,,,,1.0,,,,,,,,,,,,,,,,,,,,,
lebenszeit,False,,,,,,1.0,,1.0,,,,,,,,,,,,,,,,,,,,
lebenszyklus,False,,,,,,,,1.0,,,,,,,,,,,,,,,,,,,,
leberkäse,False,,,,,,,,,,,,,1.0,,,,,,,,,,,,,,,
leck,False,,,,,,,,,,,,,,,,,1.0,,,,,,,,,,,
lecken,False,,,,,,,,,1.0,,,,,,,,,,,,,,,,,,,
lecker,False,,,,,,1.0,,,,,,,,,,,,,,,,,,,,,,
leder,False,,,,,,,,,,,,,,,,,,,,,,,,,1.0,,,
lederhose,False,,,,,,,,,,,,,,,,,,,,,,,,,2.0,,,
ledger,False,,,,,,,1.0,,,,,,,,,,,,,,,,,,,,,
lediglich,False,,,,,,,,,,1.0,,,1.0,,,,,,,,,,,,,,,
leer,False,,,,,,,,1.0,,,,,,,,,,,,,,,,2.0,,,,
leg,False,,,,,,,,,,,,,,,,1.0,,,,,,,,,,,,
legacy,False,,,,,,,,,,,,4.0,,,,,,,,,,,,,,,,
legal,False,,,,,6.0,,,,6.0,1.0,,2.0,,,,,,,,,2.0,2.0,,1.0,,,1.0,
legalisieren,False,,,,,,1.0,,,,,,,,1.0,,,,,,,,,,,,1.0,,
legalistisch,False,,,,,1.0,,,,,,,1.0,,,,,,,,,,,,,,,,
legalität,False,,,,,,,,,,,,1.0,,,1.0,,,,,,,,,,,,,
legen,False,,1.0,2.0,1.0,2.0,,,,2.0,,1.0,,,3.0,3.0,,,2.0,3.0,1.0,8.0,3.0,,2.0,1.0,1.0,1.0,2.0
legion,False,,,,,,,,,,,,,,,,,,,,,,,,,1.0,,,
legislativ,False,,,,,,,1.0,,,,,,,,,,,,,,,,,,,,,
legislative,False,,,,1.0,,,,,,,,,,,,,,,,,,,,,,,,
legislatur,False,,,,,,1.0,4.0,,,,,,,1.0,1.0,,,2.0,11.0,,8.0,,,,2.0,,,
legislaturend,False,,,,,,1.0,,,,,,,,,,,,,,,,,,,,,,
legislaturperiode,False,,,,,,6.0,4.0,,1.0,,,,,,,,,,3.0,,20.0,,,,1.0,1.0,,
legislaturzeit,False,,,,,,,,,,,,,,,,,,,1.0,,,,,,,,,
legitim,False,,,,1.0,1.0,,,,,,,,,,,1.0,,,,,,,,,,,1.0,
legitimation,False,,1.0,,,,,,1.0,,,,,,,,,,,,,,,,,,,,
legitimieren,False,,,,,,,,,1.0,,,,,,,2.0,,,,,2.0,,,,,,,
lehmann,False,,,,,,,,,1.0,,,,,,,,,,,,,,,,,,,
lehnen,False,,,,,,,,,,,,,,,,,,,,,,,,,,,1.0,
lehre,False,,,,,,,1.0,,,,,,,,,,,,,,,,,,,,,
lehrerdiskurs,False,,,,,,,,,,,,,,,,,,,,,,1.0,,,,,,
lehrreich,False,,,,,,,,,,,,,,,,,,,,,,,,,,,1.0,1.0
lehrreichst,False,,,,,,,,,,,,,,,,,,,1.0,,,,,,,,,
lehrstühle,False,,,,,,,,,,,,,,,,,,1.0,,,,,,,,,,
lehrveranstaltung,False,,,,,,,,,,,,,,,,,,,1.0,,,,,,,,,
leib,False,,,,,,,,,,,,,,,,,,,,,,,,,,,1.0,
leiche,False,,,,,,,,,,,,,,1.0,,,,,,,,,,,,,,
leicht,True,5.0,3.0,,2.0,,,1.0,,1.0,1.0,,,3.0,1.0,2.0,2.0,1.0,1.0,3.0,1.0,2.0,3.0,2.0,,,1.0,1.0,
leichtigkeit,False,,,,,,,,,,,,,,,,1.0,,,,,,,,,,,,
leid,False,1.0,,,1.0,1.0,,1.0,,,,,,2.0,,3.0,,1.0,,1.0,,,,,,,1.0,2.0,
leiden,False,,,,,,,,,,,,,,,,,,,,,,,,,,,,1.0
leidenschaft,False,,,,,,,,1.0,,,,,,,,,,,,,,,,,,,,
leidensdruck,False,,,,1.0,,,,,,,,,,,,,,,,,,,,,,,,
leidentlich,False,,,,,,,,,,,,,,,,1.0,,,,,,,,,,,,
leider,True,1.0,2.0,9.0,3.0,7.0,1.0,2.0,1.0,7.0,3.0,6.0,3.0,2.0,,2.0,4.0,3.0,2.0,8.0,3.0,6.0,1.0,3.0,4.0,,12.0,,2.0
leidlich,False,3.0,,,,,,,,,,,,,,,,,,,,,,,,,,,
leier,False,,,,,,,,,,,,,,,,,1.0,,,,,,,,,,,
leihauto,False,,,,,,,,,,,,,,,,,,,,,,,,,,1.0,,
leinenbrille,False,,,,,,,1.0,,,,,,,,,,,,,,,,,,,,,
leinensicht,False,,,1.0,,,,,,,,,,,,,,,,,,,,,,,,,
leinwand,False,,,,,,,,,,,,,,,,,,,,,,,,1.0,,,,
leipzig,False,,,,,,,,,,,,1.0,,2.0,,,,,5.0,,,,,,,,,
leipziger,False,,,,,,,,,,,,,,,,,,,1.0,,,,,,,,,
leise,False,,,,,,,,,,,,,,,,,,,,,2.0,,,,,,,
leistbar,False,,,,,,,,,,,,,,,2.0,,,,,,,,,,,,,
leisten,False,4.0,2.0,,,2.0,1.0,1.0,3.0,4.0,1.0,,,,1.0,2.0,1.0,,,,3.0,6.0,2.0,1.0,,,2.0,,
leistend,False,,,,,,,,,,,,,,,,,,,,,2.0,,,,,,,
leistung,False,2.0,1.0,,1.0,,,,,,,,,14.0,,,,,,,2.0,2.0,,,,,,1.0,
leistungsberechtigen,False,,,,,,,,,,,,,,,,,,,,,1.0,,,,,,,
leistungsberechtigt,False,,,,,,,,,,,,,,,,,,,,,1.0,,,,,,,
leistungserbringer,False,,,,2.0,,,,,,,,,,,,,,,,,,,,,,,,
leistungserbringung,False,,,,1.0,,,,,,,,,,,1.0,,,,,,,,,,,,,
leistungsfähig,False,,,,,,,,,,,,,,,,,,,,,,,,1.0,,,,
leistungsgesetz,False,,,,,,,,,,,,,3.0,,,,,,,,,,,,,,,
leistungsprämie,False,,,,,,,1.0,,,,,,,,,,,,,,,,,,,,,
leistungsschutzrecht,False,,,,,,,,,,,,,,,,,,,,,,,,,,,1.0,
leistungsstark,False,,,,,,,,,,,,,,,,,,,,,,,,1.0,,,,
leiten,False,,,,,1.0,,,1.0,1.0,1.0,,,1.0,,1.0,1.0,,1.0,,1.0,2.0,,,1.0,,,2.0,3.0
leiter,False,,,,,,,,,,1.0,,,,,,,,,,,,,,,,,,2.0
leiterin,False,2.0,,,,,,,,,,,,,,,,,,1.0,,,,,,,,1.0,
leiterplatt,False,,,,,,,,,,,,,,,,,,,,,,1.0,,,,,,
leitesen,False,,,,,,,,,,,,,,,,,,,,1.0,,,,,,,,
leitfäde,False,,,,,,,,,,,,,,,,,,,1.0,,,,,,,,,
leitmedium,False,,,,,,,,,,,,1.0,,,,,,,,,,,,,,,,
leitung,False,1.0,1.0,,,,,1.0,,,,,,,,,,,,1.0,,,,,,,,,
leitzordner,False,,,,,,,,,,,,,,,,,,,,,,,2.0,,,,,
lektüre,False,,,,,,,,1.0,,,,,,,,,,,,,2.0,,,,,,,
lena,False,,,,,,,,,,,,,,,,,,,,,,11.0,,,,,,
lenken,False,,,,,,,,,,,,,,,,,,,1.0,,,2.0,,,,,,
lernen,False,4.0,2.0,1.0,4.0,2.0,3.0,,2.0,6.0,,1.0,4.0,3.0,1.0,1.0,1.0,,1.0,1.0,,6.0,,4.0,4.0,5.0,13.0,5.0,3.0
lernerfolg,False,,,,,,,,,,,,,,,,,,,,,2.0,,,,,,,
lernkurve,False,,,,,,,,,,,,,,,,,,,1.0,,,,,,,,,
lernschwierigkeit,False,,,,,,,1.0,,,,,,,,,,,,,,,,,,,,,
lernt,False,,,,,,,,,1.0,,,,,,,,,,,,,,,,,,,
lernverhalten,False,,,,,,,,,,,,,,,,,,,,,2.0,,,,,,,
lesbar,False,,,,,2.0,,,1.0,,,,,,,,,,,,,,,,,,,,2.0
lesegerät,False,,,,,,,,,2.0,,,,,,,,1.0,,,,,,,,,,,
lesen,False,4.0,4.0,3.0,1.0,5.0,,6.0,1.0,2.0,2.0,1.0,9.0,,,2.0,,4.0,5.0,4.0,2.0,34.0,8.0,1.0,1.0,7.0,1.0,3.0,3.0
lesenswert,False,,,,,,,,,,,,1.0,,,,,,,,,,,,,1.0,,,
leser,False,,,,,,,,,,,,,,,,,,,,,4.0,,,,,,,
lesung,False,,,,,,,,,,,7.0,,,,,,,,,,,,,,,,,
let,False,,,,,,,,,,,,,,,,,,,,,,,,,1.0,,,
letzt,False,,,,,,,,,,,,,,,,,,,,1.0,,,,,,,,
letztbetroffene,False,,,,,,,,,,,,,,,,,1.0,,,,,,,,,,,
letzte,False,,1.0,,,,,,1.0,,,,,,,,1.0,,,,,,,,,,,,
letztendlich,False,,,,,,1.0,2.0,,2.0,1.0,,,,,,5.0,,,,2.0,,,,,,,,1.0
letztens,False,1.0,,,,,,,,,,,,,,,,,1.0,,,,,,,,,,
letzter,False,5.0,8.0,3.0,8.0,9.0,6.0,7.0,9.0,6.0,4.0,,7.0,3.0,5.0,13.0,6.0,5.0,10.0,7.0,3.0,41.0,16.0,6.0,2.0,7.0,7.0,3.0,6.0
letzterer,False,,,,,,,,,1.0,,,,,,,,,,,1.0,,,,,,,,
letztes,False,,,,,,,,,,,,,,,,,,,,,,,,,,,,1.0
letztlich,False,4.0,2.0,1.0,7.0,2.0,1.0,,2.0,4.0,,,2.0,2.0,6.0,5.0,1.0,4.0,5.0,5.0,,22.0,4.0,,,,,4.0,1.0
leuchten,False,,,,,,,1.0,,,,,,,,,,,,,,,,,,,,,
leuchtturmprojekt,False,1.0,,,,,,1.0,,,,,,,,,,,,,,,,,,2.0,,,
leute,False,37.0,38.0,26.0,27.0,26.0,15.0,23.0,21.0,19.0,1.0,11.0,17.0,42.0,29.0,25.0,4.0,13.0,9.0,18.0,29.0,19.0,14.0,10.0,27.0,7.0,24.0,23.0,11.0
level,False,,,3.0,,1.0,,,,1.0,1.0,,1.0,,,1.0,,,,,,,,,3.0,,,,
leveln,False,1.0,,,,,,,,,,,,,,,,,,,,,,,,,,,
levy,False,,,,,,,,,,,,2.0,,,,,,,,,,,,,,,,
lex,False,,,,,,,,,,,,,,,,,1.0,,,,,,,,,,,
leyen,False,,2.0,,,,1.0,,,,,,,,,,,,,,,,,,,,,,
liberale,False,,,,1.0,,,,,,,,,,,,,,,,,16.0,1.0,,,,1.0,,
licht,False,,,,,,,,,,,1.0,1.0,,,,,,,,,2.0,,,1.0,,,,
lichtblick,False,,,,,,,,,1.0,,,,,,,,,,,,,2.0,,,,,,
lichtsituation,False,,,,,,,,,,,,,,,,,,,,,,,1.0,,,,,
lichtstark,False,,,,,,,,,,,,,,,,,,,,,,,,1.0,,,,
lidl,False,,,,,,,,,,,,,1.0,,,,,,,,,,,,,,,
lieb,False,2.0,4.0,5.0,8.0,2.0,1.0,7.0,2.0,3.0,,,3.0,6.0,,3.0,,2.0,1.0,,5.0,10.0,1.0,,2.0,1.0,3.0,3.0,1.0
liebe,False,,,,,,,1.0,,,,,,,1.0,,,,,,,,1.0,,,,,,
lieben,False,1.0,1.0,1.0,2.0,,,,,,1.0,,3.0,,,,,,,,,,,,1.0,,,,
liebend,False,1.0,,,,,,,,,,,,,,,,,,,,,,,,,,,
lieber,True,1.0,,4.0,,1.0,,1.0,,1.0,,,,,,1.0,1.0,1.0,,,2.0,4.0,1.0,,,,2.0,1.0,
liebling,False,1.0,,,,,,,,,,,,,,,,,,,,,,,,,,,
lieblingsanekdote,False,,,,,,2.0,,,,,,,,,,,,,,,,,,,,,,
lieblingsbeispiel,False,,,,,,,,,,2.0,,,,,,,,,,,,,,,,,,
lieblingsfrage,False,,,,2.0,,,,,,,,,,,,,,,,,,,,,,,,
lieblingsnarrativ,False,,,,1.0,,,,,,,,,,,,,,,,,,,,,,,,
lieblingssatz,False,,,,,,,,,,,,,,,,,,,1.0,,,,,,,,,
lieblingsstadt,False,,,,,,,,,,,,1.0,,,,,,,,,,,,,,,,
lieblingsthema,False,,,,1.0,,,1.0,,,,2.0,,,,,,,,1.0,,,,1.0,,,,,
lieblingstrick,False,,,1.0,,,,,,,,,,,,,,,,,,,,,,,,,
lieblingszahl,False,,,,,,,1.0,,,,,,,,,,,,,,,,,,,,,
liechtenstein,False,,,,,,,,,,,,,,,,,,,,,,,,,,,,1.0
lied,False,,,,,1.0,,,,,,,,,,,,,,1.0,,,,,,,,,
lieferkett,False,,,,,,,,,,,,,,,,,,,,,,2.0,,,,,,
lieferkette,False,,,,,,,,,,,,,,,,,1.0,,,,,,,,,,,
lieferkettengesetz,False,,,,,,,,,,,,,,,,,,,,,,3.0,,,,,,
liefern,False,,1.0,,,4.0,1.0,1.0,,2.0,1.0,,,,,,1.0,,,,1.0,,,1.0,,2.0,1.0,6.0,
liegen,False,3.0,4.0,6.0,6.0,6.0,6.0,6.0,2.0,3.0,2.0,,3.0,1.0,2.0,7.0,,6.0,5.0,1.0,2.0,15.0,6.0,1.0,1.0,6.0,,1.0,1.0
liegend,False,,,,,,,1.0,,,,,,,,,,,,,,,,,,,,,1.0
liegt,False,,,,,1.0,,,,,,,,,,,,,,,,,,,,,,,
life,False,,,1.0,,,,,,,,,,,,,,,,,,,,,,,,,
liga,False,,,,,,,,,,,,,,,,,,,,,,,,1.0,,,,
like,False,,,,,,,2.0,,,,,,,,,,,,,,,,,,,,,
liken,False,,1.0,,,,,,,,,,,,,,,,,,,,,,,,,,
lilith,False,,,,,,,,,,,,,,,,,,,,,,,,,1.0,,,
lillet,False,,,2.0,,,,,,,,,,,,,,,,,,,,,,,,,
lillit,False,,,1.0,,,,,,,,,,,,,,,,,,,,,,,,,
limit,False,,,,,,,,,,1.0,,,,,,,,,,,,,,,,,,
linden,False,,,,,,,,,,,,,,,,,,,,,,,,,,,,2.0
lindinge,False,,,,,,,,,,,1.0,,,,,,,,,,,,,,,,,
lindinger,False,,,,,,,,1.0,,1.0,,,,2.0,,,,2.0,1.0,,,,,,,,,
line,False,,1.0,,1.0,,,,,,,,,,,,,,,,,,,,,,,,
linear,False,,,,,,,,,,,,,,,,,,,,,,,,2.0,,,,
linguistik,False,1.0,,,,,,,,,,,,,,,,,,,,,,,,,,,
linie,False,,,,,,,,,,,,,,,1.0,2.0,,,2.0,,2.0,1.0,,,,3.0,,
link,False,,1.0,,,2.0,,,,,,,,,,,1.0,1.0,,,,,2.0,,1.0,1.0,,3.0,
linke,False,,,,,,,,,,,1.0,,,1.0,1.0,,1.0,3.0,2.0,,34.0,,,,,,,
linkedin,False,,,,,,,,,,,,,,,,3.0,,,,,,,,,5.0,,,
linker,False,,,,,,,,,,,,2.0,,,,,,,1.0,,,,,,,,,
linkliste,False,,1.0,,,,,,,,,,,,,,,,,,,,,,,,,,
links,False,3.0,4.0,,1.0,1.0,,,,,,,2.0,1.0,1.0,,,1.0,,,,,,1.0,,,,4.0,
linus,False,,,,,,1.0,,,,,,,,,,,,,,,,,,,,,,
lippe,False,,,,,,,,,1.0,,,,,,,,,,,,,,,,,,,
lippenbekenntnis,False,,,,,,,,,,,1.0,,,,,,,,,,,,,,,,,
lisa,False,,,,,,,2.0,1.0,,,,,,,,,,1.0,,,,,,,,,,
lisbeth,False,,,,,,,,,,,,2.0,,,,,,,,,,,,,,,,
lisen,False,,,,,,,,,,,,,,,,,,1.0,,,,,,,,,,
liste,False,,1.0,1.0,2.0,20.0,4.0,,,4.0,6.0,,3.0,2.0,,1.0,1.0,4.0,,3.0,1.0,2.0,,,2.0,1.0,,1.0,3.0
listen,False,,,,,,,,,,,,,,,,,,,,,,1.0,,,,,1.0,1.0
listenpreis,False,,,,,,,,,,,,,,,,,,,,,,,,2.0,,,,
listing,False,,1.0,,,,,,,,,,,,,,,,,,,,,,,,,,
literally,False,,1.0,,,,,,,1.0,,,,,,,,,,,1.0,,1.0,,1.0,,,,
literatur,False,,,,,,,,,,,,2.0,,,,,,,,,,,,,,,,
literaturtipp,False,,,,,,,,,,,,,,,,,,,,,,2.0,,,,,,
lithium,False,,,,,,,,,,,,,,,,,,,,,,4.0,,,,,,
lithiumabbau,False,,,,,,,,,,,,,,,,,,,,,,3.0,,,,,,
lithiumstarkenländ,False,,,,,,,,,,,,,,,,,,,,,,1.0,,,,,,
litt,False,,,1.0,,,,,,,,,,,,,,,,,,,,,,,,,
little,False,,,1.0,,,,,,,,,,,,,,,,,,,,,,,,,
littlet,False,,,2.0,,,,,,,,,,,,,,,,,,,,,,,,,
live,False,,,,,,1.0,,,,1.0,,1.0,1.0,,,1.0,,3.0,,,2.0,,1.0,1.0,,,1.0,
livebetrieb,False,,,,,,,,,,,,,,,,,,,,,,,,2.0,,,,
livestream,False,,,,,,,,,,1.0,,,,,,,,,,,,,,1.0,,,,
lizenz,False,,,,,,,,9.0,,,,,,,,,,,7.0,,,,,2.0,,1.0,,
lizenzieren,False,,,,,,,,1.0,,,,,,,,,,,,,,,,,,2.0,,
lkw,False,,,,,,,,,,,,,,,,,,,,,,,,1.0,,,,
llms,False,,,,,,,,,,,,,,,,,,,,,,,,,,1.0,,
load,False,,,,,,,,,,,,,,,,,,,,,,,1.0,,,,,
lob,False,,,,,,,,,,,,,,,,,,,,,,,,,,1.0,,
lobbyarbeit,False,,,,,,,,,,,,,1.0,,,,,,,,,,,,,,,
lobbyieren,False,,,,,,,,,,,,,,1.0,,,,,,,,,,,1.0,,,
lobbying,False,,,,,,,,,,,,,,,,1.0,,,,,,,,,,,,
lobbyismus,False,,,,1.0,,,,,1.0,,,,,,,,,,,,,,,,,,,
lobbyist,False,,,,,,,,,,,,,,,,,,,,,,,,,,1.0,,
lobbykontakte,False,,,,,,,,,,,,,,1.0,,,,,,,,,,,,,,
lobbymöglichkeit,False,,,,,,,,,1.0,,,,,,,,,,,,,,,,,,,
lobbyorganisation,False,,,,,,,,,,,1.0,,,,,,,,,,,,,,,,,
lobbytreffe,False,,,,,,,,,,,,,,3.0,,,,,,,,,,,,,,
loben,False,,,,,,,,,,,,,,,,,,,,,,,,,,2.0,,
lobhudel,False,,,,,,,1.0,,,,,,,,,,,,,,,,,,,,,
lobo,False,,,,,,,,,,,,,,,,,,,,,,,,,1.0,,,
lobschweiß,False,,,,1.0,,,,,,,,,,,,,,,,,,,,,,,,
loch,False,,,,,,,,,1.0,,,,,,,,,,,,,,,,,,,
locken,False,,,,,,,1.0,,,,,,,,1.0,,,,,,,,,,,,,
locker,False,,1.0,,,,1.0,,1.0,,,1.0,,,,,,,1.0,,,2.0,,,,,,1.0,
lockfil,False,,,1.0,,,,,,,,,,,,,,,,,,,,,,,,,
lockfiles,False,,,1.0,,,,,,,,,,,,,,,,,,,,,,,,,
lockstep,False,,,,,,,,,,,,,,,,,,,,,,,,,,1.0,,
log,False,,,,,,,,,,,,,,,,,,,,,,,,2.0,,,,
logdate,False,,,,,,,,,,,,,,,,,1.0,,,,,,,,,,,
loggen,False,,,1.0,,,,1.0,,,,,,,,,,,,,,,,,,,,,
logging,False,,,,,,,1.0,,,,,,,,,,,,,,,,,,,,,
logisch,False,1.0,,,2.0,1.0,,,1.0,1.0,,1.0,,,,,,,,,,,,,,1.0,,,1.0
logischerweise,False,,,,,,,,,1.0,,,,,,,,,,,,,,,,1.0,,,
logistika,False,,,,,,,,,,,,,,,,,,,,,,,,2.0,,,,
logistikfirm,False,,,,,,,,,,,,,,,,,,,,,,,,1.0,,,,
logistikunternehmen,False,,,,,,,,,,,,,,,,,,,,,,,,2.0,,,,
logistisch,False,,,,,,,,,,,,,,,,1.0,,,,,,,,,,,,
logo,False,,,,,,,,1.0,1.0,,,,,,,,,,,,,,,,,,,
lohn,False,,,,,,,,,,,,,,,,,,,,,,1.0,,,,,,
lohnen,False,1.0,,,,1.0,,,,,,,2.0,,,,,,3.0,1.0,,,2.0,1.0,,,,,
lohninger,False,,,,,,,,,,1.0,,,,,,,,,,,,,,,,1.0,,
lohnt,False,,,,,1.0,,,,,,,,,,,,,,,,,,,,,,,
lohnzettel,False,,,,,1.0,,,,,,,,,,,,,,,,,,,,,,,
lokal,False,,,2.0,,,,1.0,,,,,,,,,1.0,,,1.0,,,2.0,1.0,1.0,,,,
lokalitäte,False,,,,,,,,,,,,1.0,,,,,,,,,,,,,,,,
lokalpresse,False,,,,,,,,,,,,,,,,,,,1.0,,,,1.0,,,,,
lokalregierunge,False,,,,,,,,,,,,,,,,,,,,,,1.0,,,,,,
lokation,False,,,,,,,,,,,,,,,,,,,,,,,,1.0,,,,
lokationsdat,False,,,,,,,1.0,,,,,,,,,,,,,,,,,,,,,
longitudinal,False,,,,1.0,,,,,,,,,,,,,,,,,,,,,,,,
loop,False,,,,,,1.0,,,,,,,,,,,,,,,,,,,,,,
los,True,,2.0,2.0,,3.0,1.0,4.0,,,2.0,2.0,,2.0,2.0,2.0,1.0,,2.0,2.0,,2.0,2.0,3.0,3.0,1.0,2.0,3.0,1.0
lose,False,,,,,,1.0,,,,,,,,,,,,,,,,,,1.0,,,,
loser,False,,,,,,,,,,,,1.0,,,,,,,,,,,,,,,,
losgehen,False,,1.0,,1.0,,1.0,,,,1.0,,,,,,,1.0,,,,,,1.0,,,,1.0,
losgelöst,False,,,,1.0,,,,,,,,,,,,,,,,,,,,,,,,
losgesegelt,False,,,,,,,,,,,,,,,,,,,,,,1.0,,,,,,
losgetreten,False,,,,,,,,,,,,,,,,1.0,,,,,,,,,,,,
loslachen,False,,,,,1.0,,,,,,,,,,,,,,,,,,,,,,,
loslegen,False,,,,,,,,,,1.0,,,,,,,,,,,,,,,,,,
loslässen,False,,,1.0,,,,,,,,,,,,,,,,,,,,,,,,,
loslösen,False,,,,1.0,,,,,,,,,,,,,,,,,,,,,1.0,,,
losrannen,False,,,,,,,1.0,,,,,,,,,,,,,,,,,,,,,
losschicken,False,,,,,,,,,,,,,,,,,,,,,,,,,,,1.0,
lostreten,False,,,,,,,,1.0,,,,,,,1.0,1.0,,,,,,,,,,,,
loswerden,False,,,,,,,,1.0,,,,,,1.0,,,,,1.0,1.0,,1.0,,1.0,,,,
loszukommen,False,,,,,,,,,1.0,,,,,,,,,,,,,,,,,,,
loweist,False,,,,,,,,,,,,,,,,,,,,,,,,,,1.0,,
loyal,False,,,,,,,,,,,,,,1.0,,,,,,,,,,,,,,
ltd,False,1.0,,,,,,,,,,,,,,,,,,,,,,,,,,,
luft,False,,1.0,,,,,,,,,3.0,,1.0,1.0,,,,,,,,,,,,,,
luise,False,,,,,,,,,,,,,,,,,,,,,,,,,1.0,,,
lukrativ,False,,,,1.0,,,1.0,,,,,,,,,,,,,,,,,,,,,
lumumba,False,,,,,,,,,,,,,,,,,,,,,,1.0,,,,,,
lupe,False,1.0,,,,,,,1.0,,,,,,,,,,,,,,2.0,,,,,,
lust,False,1.0,1.0,,,,,2.0,,,,,1.0,2.0,,,1.0,,,,,,,4.0,,1.0,,,2.0
lustig,False,2.0,1.0,2.0,3.0,,,2.0,,2.0,,1.0,2.0,,1.0,,,1.0,2.0,,,,,,1.0,2.0,,,
lustiger,False,,,,,,,,,,,1.0,,,,,,,,,,,,,,,,,
lustigerweise,False,,,,,,,,,1.0,,1.0,,,,,,,,,,,,,,,,,
luthur,False,,,,,,,,,,,,,,,,,,,,,,,,,,,1.0,
lutschen,False,,1.0,,,,,,,,,,,,,1.0,,,,,,,,,,,,,
luxemburg,False,,,,,,,,,,,,,,,,,,,,,,,,,,,,1.0
luxus,False,,,,,,,,,,,,,,,,,,,,,,,,,,2.0,,
luxusfall,False,,,,,,,,,,,,,,,,,,,,,,,,,,,,1.0
luxusproblem,False,1.0,,,,,,,,,,,,,,,,,,,,,,,,,,,
läber,False,,,,,,,,,,,,,,,,,,,,1.0,,,,,,,,
lächerlich,False,,,,,1.0,,,,,,,,,,1.0,,1.0,,,,,,,,,,1.0,
länderarbeit,False,,,,,,,,,,,,,,,,,,,,,2.0,,,,,,,
länderbehörden,False,,,,,,,,,,,,,,,,,,,,,,,,,,,,1.0
länderebene,False,,,,,,,,,,,,,,,,,,,,,,,,,1.0,,,
ländergruppe,False,,,,,,,,,,,,,,,,,,,,,,,,,,,,1.0
länderliste,False,,,,,1.0,,,,,,,,,,,,,,,,,,,,,,,
länderrecht,False,,,,,,,,,,,,,,,,,,,,,,,1.0,,,,,
läng,False,,,1.0,,,,,,,,,,,,1.0,,,1.0,,,2.0,,,,,,,
länge,False,,2.0,,,,,,,,,,,,,,,,,,,2.0,,,,,,1.0,1.0
länger,False,,,,,,,,,,,,,,,,,,,,,2.0,,,,,,,
längst,False,,,1.0,1.0,,,1.0,,,,,,,,3.0,,,,,,,3.0,,1.0,,,,
längsten,False,,,,,,,,,,,,,,,,,,,,,2.0,,,,,,,
läppern,False,,,1.0,,,,,,,,,,,,,,1.0,,,,,,1.0,,,,,
lässt,False,2.0,4.0,,2.0,,,1.0,1.0,1.0,,,,1.0,,2.0,2.0,2.0,,,2.0,6.0,,2.0,5.0,,,4.0,
lästig,False,,,,,,,,,,,,,1.0,,,,,,,,,,,,,,,
läufst,False,,,,,,1.0,,,,,,,,,,,,,,,,,,,,,,
läuten,False,,,,,,,,,,,,,,,,,,,,,,,,,,1.0,,
lösbar,False,,,,,,,,,,,,,,,,,,,,,,,,,,1.0,,
löschen,False,,3.0,,2.0,,,1.0,,,,,,,1.0,4.0,1.0,3.0,,,,,,,,,,,
löschung,False,,1.0,,,,,,,,,,,,,,,,,,,,,,,,,,
lösen,False,2.0,2.0,2.0,5.0,1.0,,2.0,2.0,7.0,,,1.0,3.0,,,,,1.0,,2.0,2.0,1.0,,2.0,,,2.0,
lösung,False,3.0,1.0,2.0,19.0,,,2.0,1.0,10.0,,2.0,1.0,5.0,,1.0,,8.0,,,19.0,,2.0,1.0,3.0,,,11.0,2.0
lösungsorientiert,False,,,,,,,,,,,,,,,,,,,,,,,,,,1.0,,
lösungsstrategie,False,,,,,,,,,,,,,,,,,,,,,,,,,1.0,,,
lösungsversprechen,False,,,,,,,1.0,,,,,,,,,,,,,,,,,,,,,
lösungsvorschlag,False,,,,,,,,,,,,,,,,,,,,3.0,,,,,1.0,,,
löwe,False,,,,,,,,,,,,,,,,,,,,,,,,,1.0,,,
löwensaal,False,,,,,,,,,,,,,,,,,,,2.0,,,,,,,,,
lücke,False,,,11.0,,3.0,,1.0,,,,,,,,,1.0,2.0,,1.0,2.0,2.0,,,,,1.0,,
lüge,False,,,,,,1.0,1.0,,,,,,,,,,,,,,,,,,,,,
lügen,False,,,,,,,,,1.0,,,,,,,,,,,,2.0,,,,,,,
m,False,1.0,,,,,,,,,,,,,,,,,,,,,,,,,,,
maas,False,,,,,,,,,,,,,,1.0,1.0,,,,,,,,,,,,,
maaßen,False,,,,,,2.0,,,,,,,,,,,,,,,,,,,,,,
mac,False,,,,,,,,,,,,2.0,,,,,,,,,,,,,,,,
macgyver,False,,,,,,,,,,,,8.0,,,,,,,,,,,,,,,,
mach,False,2.0,1.0,,,1.0,,,,,,,,,,,,,,,,,,,,,1.0,,2.0
machbar,False,,1.0,,,,,,,,,,,,,,,,,,,,,,2.0,,,1.0,
machbarkeit,False,1.0,,,,,,,,,,,,1.0,,,,,,,,,,,,,,,
mache,False,,,,2.0,,,1.0,,,,,,,,,,,,,,,,,,,,,
machen,True,79.0,76.0,70.0,81.0,74.0,39.0,53.0,59.0,94.0,22.0,26.0,76.0,59.0,62.0,94.0,31.0,34.0,34.0,59.0,60.0,181.0,55.0,41.0,50.0,28.0,82.0,75.0,46.0
machine,False,,,,,,,,,,,,1.0,,,,,,,,,,,,,,,3.0,
machst,False,1.0,,,1.0,,,,,,,,,,,,,,,,,,,,,,,,
macht,True,1.0,6.0,3.0,1.0,2.0,2.0,3.0,,3.0,,,1.0,,4.0,1.0,3.0,1.0,1.0,1.0,,10.0,5.0,,2.0,2.0,3.0,,1.0
machtasymmetrie,False,,,,,,,,,,,,,,,1.0,,,,,,,,,,,,,
machtbeziehung,False,,,,,,,,,,,,,,,,,,,,,,1.0,,,,,,
machtdynamik,False,,,,,,,,,,,,,,,,,,,,,,2.0,,,,,,
machtoption,False,,,,,,,,,,,,,,,,,,,,,4.0,,,,,,,
machtspektrum,False,,,,,,,,,,,,,,,,,,,,,,,,,,1.0,,
machtstruktur,False,,,,,,,,,,,,,,,,,,,,,,3.0,,,,,,
machtvakuum,False,,,,,,,,,,,,,,,,,,,,,,1.0,,,,,,
machtverhältnis,False,,,,,,,,,,,,,,,,,,,,,,1.0,,,,,,
machtübernahme,False,,,,,,,,,,,,,,1.0,,,,,,,,,,,,,,
macron,False,,,,,1.0,,,,,,,,,,,,,,,,,,,,,,,
magazin,False,2.0,,,,,,,,,,,,,1.0,,,,,,,,,,,,,,
magazine,False,,,,,,,,,,,,,,,,,,,,,,2.0,,,,,,
magen,False,,,,,,1.0,,,,,,,,1.0,,,,,,,,,,,,,,
magenproblem,False,,,,,,,,,,,,,,1.0,,,,,,,,,,,,,,
magic,False,,,1.0,,,,,,,,1.0,,,,,,,,,,,,,,,,,
magical,False,,,,,,,,,,,,,,,,,,,,,2.0,,,,,,,
magie,False,,,,,,,,,,,,1.0,,,,,,,,,,,,,,,1.0,
magisch,False,,,,2.0,,,1.0,,,,,,,,,,,,,,,,,,,,,
magst,True,1.0,,,,,,,,,1.0,,,,,1.0,1.0,,,,1.0,,,,,,,,
mahlzeit,False,,,,,,,,,,,,,,,1.0,,,,,,,,,,,,,
mahnen,False,,,,,,,,,,,,,,,,,,,,,,,,,,,1.0,
mai,False,,,,1.0,,,,,,,,,,,,2.0,,,,,,,,,4.0,1.0,,
mail,False,1.0,,1.0,,1.0,,,,,,,1.0,,,1.0,,2.0,,,4.0,,,,,,,,
mailadreß,False,,,,,,,,,,,,,,,,,1.0,,,1.0,,,,,,,,
mailinglist,False,,,,,,,,1.0,,,,,,,,,,,,,,,,,,,,
mailingliste,False,,,,,,,1.0,3.0,,,,,,,,,,,,,,,,,,,,
mailprogramm,False,,1.0,,,,,,,,,,,,,,,,,,,,,,,,,,
main,False,,,,1.0,,,,,,,,,,,,,,,,,,,,,,,,
mainstream,False,,,,,,,,,,,,1.0,,,,,,,,,,,,,,,,
major,False,,,,,,,,,,,,,,,,,,,,,2.0,,,,,,,
makler,False,,,1.0,,,,,,,,,,,,,,,,,,,,,,,,,
mal,False,77.0,87.0,87.0,81.0,65.0,73.0,80.0,66.0,70.0,52.0,47.0,69.0,42.0,46.0,87.0,49.0,46.0,50.0,73.0,45.0,212.0,54.0,46.0,51.0,28.0,58.0,65.0,52.0
malerei,False,1.0,,,,,,,,,,,,,,,,,,,,,,,,,,,
man,True,136.0,212.0,144.0,181.0,109.0,88.0,128.0,144.0,194.0,132.0,84.0,166.0,121.0,64.0,193.0,56.0,97.0,119.0,179.0,166.0,397.0,179.0,99.0,115.0,21.0,128.0,162.0,58.0
management,False,,,,,1.0,,,,,,,,,,,,,,,,,,,,1.0,,,
managen,False,,,,,,,1.0,,,,,,,,,1.0,,,,,,,,,,,,
manager,False,,,,,,,,,,,,,,,,,,,,,,,,,1.0,,,
manche,True,,,,1.0,,,,,,,,,,,,1.0,,,,,,,,,,,,
mancher,True,,,3.0,6.0,6.0,2.0,,3.0,,1.0,2.0,,3.0,,2.0,5.0,2.0,6.0,1.0,6.0,10.0,2.0,,2.0,1.0,7.0,2.0,1.0
manchmal,False,13.0,2.0,6.0,2.0,5.0,8.0,7.0,5.0,1.0,3.0,4.0,4.0,2.0,3.0,2.0,4.0,2.0,11.0,6.0,4.0,8.0,2.0,4.0,8.0,3.0,10.0,14.0,2.0
mandant,False,,,,,,,,,,,,,,,1.0,,,,,,,,,,,,,
mandantinne,False,,,,,1.0,,,,,,,,,,,,,,,,,,,,,,,
mandarin,False,,,,,,,,,,,,,,,,,,,,,,2.0,,,,,,
mandarinkinesisch,False,,,,,,,,,,,,,,,,,,,,,,,,,,1.0,,
mandat,False,,,,,,,,,,,,,,,,,,,1.0,,,,,,,,,5.0
mandatsträger,False,,,,,,,,,,,,,,,,,,,1.0,,,,,,,,,
mangel,False,,,,,,,,,,,,,,,,,,,,1.0,,,,,,,,
mangelhaft,False,,,,,,,,,,,,1.0,,,,,,,,,,,,,,,,
mangelnd,False,,,1.0,,,,1.0,,,2.0,,,,,,,,,,,,,,,,,,
manik,False,,,,,,,,,,,,1.0,,,,,,,,,,,,,,,,
manipulation,False,,,,,,,,,,,,,,,,1.0,,,,,,,,,,,,
manipulationstechnik,False,,,,,,,,,,,,1.0,,,,,,,,,,,,,,,,
manipulieren,False,,6.0,,,1.0,,,,,,,2.0,,,,,,,,,,,,,,,,
manipulierend,False,,,,,,,,,,,,1.0,,,,,,,,,,,,,,,,
manko,False,,,,,1.0,,,,,,,,,,,,,,,,,,,,,,,
mann,False,3.0,,,,1.0,,,1.0,,,,4.0,,1.0,,,,1.0,,1.0,4.0,2.0,,,,,,
manneuerbar,False,,,,,,,,,,,,,,,,,,,1.0,,,,,,,,,
mannigfaltig,False,,,,,1.0,,,,,,,,,,,,,,,,,,,,,,,
mannstunde,False,,,,,,,,,,,,,,,,,,,1.0,,,,,,,,,
manual,False,,,,,,,,,,,,4.0,,,,,,,,,,,,,,,,
manuell,False,,,1.0,,,,,,,,,,,,1.0,,,,,,,,,,,,,
maps,False,,,,,,,,,,,,,,,,1.0,,,,,,,,,,,,
marathon,False,,1.0,,,,,,,,,,,,,,,,,,,,,,,,,,
march,False,,,,,,,,,,,,,,,,,,,,,,,,,,1.0,,
marcus,False,,,,,,,,,,,,,,,,,,,,,,6.0,,,,,,
marge,False,,,,,,,,,,,,,,,1.0,,,,,,,,,,,,,
marginal,False,,,,,,,,,1.0,,1.0,,,,,,,,,,,,,,,,,
marginalisierten,False,,,,,,,,,,,,,,,,,,,,,,1.0,,,,,,
marianne,False,,,,,,,,,,,,,1.0,,,,,,,,,,,,,,,
marion,False,,,,,,1.0,,,,,,,,,,,,,,,,,,,,,,
marions,False,,,,,,,,,,,,,,,,,,,,,,,,,,,3.0,
mark,False,,,,,,,,,,,,,,,,,,,,,2.0,,,,,,,
markdown,False,,,,,,,,,,,,,,,,,,,1.0,,,,,,,,,
market,False,,,,1.0,,,,,,,1.0,,,,,,,,,,,,,,,,,
marketer,False,,,,,,,,,,,,,,,,,,,,,2.0,,,,,,,
marketing,False,,,,,1.0,,,,,,,,,,,,,,,,,,,,,,,
marketingveranstaltung,False,,,,,,,,,,,,,,,,,,,,,,,,1.0,,,,
markets,False,,,,,,1.0,,,,,,,,,,,,,,,4.0,,,,,,,
markieren,False,,1.0,,,,,,,,,,,,,,,,4.0,,,,,,,,,,
markiert,False,1.0,,,,,,,,,,,,,,,,,,,,,,,,,,,
markt,False,1.0,4.0,10.0,2.0,20.0,,,1.0,,,,1.0,,,,1.0,,,,,2.0,7.0,,,,2.0,1.0,
marktanteil,False,,,,,,,,,,,,,,,,,,,,1.0,,,,,,,,
marktführer,False,,,,,,,,,,,,,,,1.0,,,,,,,,,,,,,
marktmacht,False,,,,,,,,,,,,,,,,,,,,,3.0,,,,,,,
marktplatz,False,,,,,,,,,,,,,,,,1.0,,,,,,,,,,,,
marktplätz,False,,,,,,,,,,,,,,,,1.0,,,,,,,,,,,,
marktüberwachung,False,,,,,,,,,,,,,,,,,,,,1.0,,,,,,,,
markus,False,4.0,1.0,4.0,3.0,1.0,,5.0,,3.0,,,5.0,2.0,1.0,3.0,,5.0,,,1.0,7.0,,,2.0,3.0,2.0,,
marokkanisch,False,,,,,1.0,,,,,,,,,,,,,,,,,,,,,,,
marxistisch,False,,,,,,,,,,,,,,,,,,,,,,2.0,,,,,,
maschine,False,1.0,,,,,,,,,,,4.0,,,,,1.0,,,,,,,,,1.0,2.0,
maschinelel,False,2.0,,,,,,,,,,,,,,,,,,,,,,,,,,,
maschinell,False,,,,,1.0,,,,,,,,,,,,,,,,,,,,,,,
maschinenlesbar,False,,,1.0,,,,,,,,,,,,,,,,,,6.0,,,,,,,
maschinensprache,False,,,,,,,,,,,,1.0,,,,,,,,,,,,,,,,
maschinerie,False,,1.0,,,,,,,1.0,,,,,,,,,,,,,,,,,,,
maske,False,1.0,,1.0,,,,,,,,,4.0,,,,,,,,,2.0,,,,,,,
maskottchen,False,,,,,,,,,,,,,,,,,,,,,,,,2.0,,,,
masse,False,,1.0,,,,,,,1.0,,,,,,,,,1.0,,1.0,,,,,,,1.0,
massendatenauswertung,False,,,,,,,,,,,,,,,,,,,,,2.0,,,,,,,
massenhaft,False,,,,,,3.0,,,,,,,,,1.0,,,,,,,,,,,,,1.0
massenproblem,False,,,,,,,1.0,,,,,,,,,,,,,,,,,,,,,
massenscan,False,,,,,,,,,,,,,,,,,,,,,2.0,,,,,,,
massenspeicher,False,,,,,,,,,,,,,,,1.0,,,,,,,,,,,,,
massenspeicheren,False,,,,,,,,,,,,,,,1.0,,,,,,,,,,,,,
massenspeicherung,False,,,,,,,,,,,,,,,3.0,,,,,,,,,,,,,
massenstartstrojan,False,,1.0,,,,,,,,,,,,,,,,,,,,,,,,,,
massentauglichkeit,False,,,,,,,,1.0,,,,,,,,,,,,,,,,,,,,
massenweise,False,,,,1.0,,,,,,,,,,,,,,,,,,,,,,,,
massenüberwachung,False,,1.0,,,,5.0,5.0,,1.0,,,,,,3.0,,,,,,14.0,,1.0,,,,,
massenüberwachungsansatz,False,,,,,,,,,,,,,,,,,,,,,3.0,,,,,,,
massiv,False,1.0,5.0,,,1.0,,4.0,,,,,,,,2.0,1.0,,,,,4.0,1.0,,,,2.0,1.0,
mast,False,,,,,,,,,,,,,,,,,,,,,,,1.0,,,,,
master,False,,,,,,,,,,1.0,,,,,,,,,,,,,,,,,,
mastodon,False,,,,,,,,,,,,,,,,,,,,,,,1.0,,,2.0,,
mastodontuit,False,,,,,,,,,,,,,,,,,,,,,,,,,,,1.0,
material,False,,12.0,1.0,,,,2.0,,2.0,,,,,,,,,,,,,1.0,2.0,,,,,
materialium,False,,1.0,,,,,,,,,,,,,,,,,,,,,,,,,,
materie,False,,1.0,1.0,,,,,,,,,,,,1.0,,,,,,,,,1.0,,,,
materiell,False,,,,,,,,,,,,,,,,,,,,,,4.0,,,,,,
mathe,False,,1.0,,,,,,,3.0,,,,,,,,,,,,,,,,,,,
mathematik,False,,1.0,,,,,,,1.0,,,,,,,,,,,,,,,,,,,
mathematisch,False,,2.0,,,,,,,1.0,,,,,,,,,,,,,,,,,1.0,,
mathespielereium,False,,1.0,,,,,,,,,,,,,,,,,,,,,,,,,,
matrix,False,,3.0,,,,,,2.0,,,,12.0,,,,,,,,,,,,,,,,
matrixer,False,,1.0,,,,,,,,,,,,,,,,,,,,,,,,,,
matron,False,,,,,,,,,,,,1.0,,,,,,,,,,,,,,,,
matte,False,,,,1.0,,,,,,,,,,,,,,,,,,,,,,,,
mattert,False,,,,,,,,,,,,,,,,,,,,2.0,,,,,,,,
matthias,False,,,,,,,,,,,,2.0,,,,,,,,,,,,,,,,
maultaschenauflauf,False,,,,,,1.0,,,,,,,,,,,,,,,,,,,,,,
mauritius,False,,,,,,,,,,1.0,,,,,,,,,,,,,,,,,,
maus,False,6.0,,,,,,,,,,,,,,,,2.0,,,,,,,,,,,
mautuntersuchungsausschuss,False,,,,,,1.0,,,,,,,,,,,,,,,,,,,,,,
max,False,,,,,,,,,,,,5.0,,,,1.0,,2.0,,,,,,,,,,
maximal,False,,,2.0,,,,,,,,1.0,,2.0,,,,,1.0,1.0,,2.0,1.0,,,,,1.0,
maximalen,False,,,,,,,,,,,,,,,,,,,,,,,,1.0,,,,
maximalforderung,False,1.0,,,,,,,,,,,,,,,,,,,,,,4.0,,,,,
maximum,False,,,,,,,,,,,,,,,,,,,,,,,,,,2.0,,
maximumlevel,False,,,,,,,,,1.0,,,,,,,,,,,,,,,,,,,
mayb,False,,,,,,,,,1.0,,,,,,1.0,,,,,,,1.0,,,,,,
maybe,False,,,,,,,,,1.0,,,,,,,,,,,1.0,,,,,,,,
mayer,False,,,,,,,,,,,,,,,,,,,1.0,,,,,,,,,
mayhem,False,,,,,,,,,,,,1.0,,,,,,,,,,,,,,,,
maß,False,,,,,2.0,1.0,1.0,1.0,,,1.0,1.0,,,,,1.0,1.0,,1.0,4.0,2.0,,,,,,
maßgeblich,False,,,,,,,1.0,,,1.0,,1.0,,,,,,,1.0,,,,,,1.0,,,
maßnahme,False,,4.0,1.0,1.0,,,4.0,,,5.0,,,,,3.0,4.0,,,2.0,2.0,2.0,,4.0,,2.0,1.0,,
maßstab,False,,,,,,,,,1.0,,,,,,,,,,,,,,,,,,,
maßvoll,False,,,,,,,,,,,,,,,,,,,,,2.0,,,,,,,
mbit,False,,,,,,,1.0,,,,,,,,,,,,,,,,,,,,,
mckinsey,False,,,,,,,,,,,,,,,,,,,,,,,,,2.0,,,
mctc,False,,,,,,,,,,,,,,,,,1.0,,,,,,,,,,,
mdb,False,,,,,,,,,,,2.0,,,,,,,,,,,,,,1.0,,,
me,False,,,,,,,,,,,,,,,1.0,1.0,,,,,,,,,,,,
mechanisch,False,1.0,,,,,,,,,,,,,,,,,,,,,,,,,,,
mechanismus,False,2.0,1.0,,,2.0,,1.0,,1.0,,,,,,,2.0,1.0,,,1.0,,,,,,,,1.0
mechias,False,,,,,,,,,,,,,,,,,,,,,,2.0,,,,,,
meckeren,False,,,,,,,,,,,,,,,,,,,,,,,,1.0,,,,
meckern,False,,,,,,,,,,,,,,,,,1.0,,,,,,,,,,,
medaille,False,,3.0,,,,,,,,,,,,,,,,,,,,,,1.0,,1.0,,
media,False,,2.0,1.0,1.0,,,,,,,,,,,,,,,3.0,,13.0,2.0,,2.0,,2.0,,
mediacccd,False,,,,,,,,,,,,,,,,,,,,,,,,1.0,,,,
medial,False,,2.0,1.0,,6.0,2.0,,,,4.0,,1.0,,,,,,1.0,,,2.0,1.0,,,,,,
mediamarkt,False,,,,,,,,,,,,,,,,,,,,,,,,,1.0,,,
medianer,False,,,,,,,,,,,,,,,,,,,,1.0,,,,,,,,
mediaplayer,False,1.0,,,,,,,,,,,,,,,,,,,,,,,,,,,
medias,False,,,,,,,,,,,,,,,,,1.0,,,,,,,,,,,
medienaktion,False,,,,,,,,,,,,,,,,,,,,,,,,,,1.0,,
medienarbeit,False,,1.0,,,,,,,,1.0,,,,,,,,,,,,,,,,,,
medienbericht,False,,,,,1.0,,,,,,,,,,,,,,,,,,,,,,,
medienberichterstattung,False,,,,,2.0,,,,,,,,,,,,,,,,,,,,,,,
medienbrüch,False,,,,,,,,,,,,,,,,,,,1.0,,,,,,,,,
medienform,False,,,,,,,,,,,,,,,,,,,,,,1.0,,,,,,
medienforma,False,,,,,,,,,,,,,,,,,,,,,,1.0,,,,,,
mediengeschichte,False,,,,,,,,,,,,1.0,,,,,,,,,,,,,,,,
medienhaus,False,,,,,,1.0,,,,,,,,,,,,,,,,,,,,,,
medienhäusern,False,,1.0,,,,,,,,,,,,,,,,,,,,,,,,,,
medienkonsortium,False,,,,,,,1.0,,,,,,,,,,,,,,,,,,,,,
medienkontrolle,False,,,,,,,,,,,,,,,,,,,,,3.0,,,,,,,
medienkulturwissenschaft,False,,,,,,,,,,,,1.0,,,,,,,,,,,,,,,,
medienpartner,False,,,1.0,,,,,,,,,,,,,,,,,,,,,,,,,
medienpolitik,False,,,,,,,,,,,,,,,,,,,1.0,,,,,,,,,
medienpräsenz,False,,,,,,,,,,1.0,,,,,,,,,,,,,,,,,,
medienseite,False,,,,,,,,,,,,,,,,,,,,,2.0,,,,,,,
medienwelt,False,,,,,,,,,,,,1.0,,,,,,,,,,,,,,,,
medienwirksam,False,,,,,,,,,,,,2.0,,,,,,,,,,,,,,,,
medienwissenschaft,False,,,,,,,,,,,,1.0,,,,,,,,,,,,,,,,
medienöffentlichkeit,False,,,,,1.0,,,,,,,1.0,,,,,,,,,,,,,,,,
medikament,False,,,5.0,,,,,,,,,,,,,,,,,,,,,,,,,
medikamententagebuch,False,,,1.0,,,,,,,,,,,,,,,,,,,,,,,,,
medikation,False,,1.0,,,,,,,,,,,,,,,,,,,,,,,,,,
meditationsübung,False,,,1.0,,,,,,,,,,,,,,,,,,,,,,,,,
medium,False,1.0,5.0,8.0,,4.0,,,,,1.0,1.0,3.0,,3.0,,,,,1.0,,5.0,1.0,,,1.0,8.0,,2.0
medizin,False,,,,2.0,,,,,,,1.0,,,,,,,,,,,,,,,,,
mediziner,False,,,,2.0,,,1.0,,,,,,,,1.0,,,,,,,,,,,,,
medizinforscher,False,,,,1.0,,,,,,,,,,,,,,,,,,,,,,,,
medizinisch,False,,,1.0,7.0,1.0,,,,,,3.0,,,,,,,,,,,,,,,,,
medizinprodukt,False,,,2.0,,,,,,,,,,,,,,,,,,,,,,,,,
meer,False,,,,,,,,,,,,,,,,,,,,,,,,,,,1.0,
meet,False,,,,,1.0,,,,,,,,,,,,,,,,,,,,,,,
meeting,False,,,,,,,,3.0,,1.0,,,,,,,,,,,,,,2.0,,,,1.0
mega,False,,2.0,2.0,,1.0,,3.0,,3.0,,,,2.0,,3.0,,,,1.0,,1.0,1.0,,1.0,,1.0,,
megabyte,False,,,,,,,,,,,,,,,1.0,,,,,,,,,,,,,
megias,False,,,,,,,,,,,,,,,,,,,,,,2.0,,,,,,
mehlprogramm,False,,1.0,,,,,,,,,,,,,,,,,,,,,,,,,,
mehr,True,21.0,40.0,21.0,30.0,43.0,19.0,21.0,16.0,32.0,17.0,17.0,24.0,20.0,27.0,48.0,13.0,28.0,34.0,25.0,44.0,102.0,32.0,20.0,16.0,4.0,36.0,39.0,11.0
mehrarbeit,False,,,,,,,,,,,,,,,,,,1.0,,,,,,,,,,
mehraufwand,False,,,,,,,,,,,,,,,,,,,,,,,,,,,1.0,
mehrere,False,1.0,3.0,3.0,4.0,7.0,4.0,2.0,8.0,1.0,3.0,1.0,7.0,1.0,,6.0,1.0,10.0,4.0,,4.0,8.0,,3.0,2.0,,3.0,1.0,1.0
mehrerteidniss,False,,,,,,,,,,,,,,,,,,,1.0,,,,,,,,,
mehrfach,False,,,,1.0,1.0,1.0,,2.0,1.0,1.0,1.0,2.0,1.0,,,2.0,2.0,3.0,,,,,,,,,,1.0
mehrheit,False,,,,,1.0,5.0,,1.0,,2.0,,,,,3.0,,,1.0,3.0,,,4.0,1.0,,,3.0,,1.0
mehrheitsfähig,False,,,,,,,,,,2.0,,,,,,,,,,,,,,,,,,1.0
mehrheitsverhältnis,False,,,,,,,,,,,,,,,,,,,,,,,,,,2.0,,
mehrmals,False,,,,,,,,,,1.0,,1.0,,,,,,,,,,,,,,,,
mehrstufig,False,,,,1.0,,,,,,,,,,,,,,,,,,,,,,,,
mehrstündig,False,,,,,,,,,,,,,,,,,,,,,,,1.0,,,,,
mehrwert,False,1.0,,,,,,,,,,,,,,,,,1.0,,3.0,,2.0,,,,,,
mehrwinger,False,,,,1.0,,,,,,,,,,,,,,,,,,,,,,,,
mehrzahl,False,,,,,,1.0,,1.0,,,,,,,,,,,,,,,,1.0,,,,
meiden,False,,,,,,,,,,,,,,,,,,,,,,1.0,,,,,,
meilenstein,False,,,,,,,,,,,,,,,,,,,,,,,,,,,,1.0
meilstein,False,,,,,,,,,,,,,,,,,,,1.0,,,,,,,,,
mein,True,43.0,37.0,9.0,55.0,12.0,10.0,15.0,9.0,32.0,5.0,1.0,27.0,14.0,10.0,32.0,13.0,12.0,23.0,21.0,18.0,66.0,17.0,6.0,5.0,9.0,15.0,23.0,13.0
meinen,True,6.0,11.0,26.0,6.0,16.0,15.0,16.0,6.0,7.0,14.0,5.0,14.0,8.0,5.0,5.0,2.0,5.0,8.0,7.0,5.0,65.0,6.0,2.0,3.0,4.0,8.0,9.0,1.0
meiner,True,,,,1.0,,,,,,,,,,,,,,,,,,,,,,,,
meinetwegen,False,1.0,,,1.0,2.0,,,1.0,,,,5.0,1.0,1.0,,,1.0,,,,3.0,,,,,,,
meinst,False,2.0,,1.0,2.0,,,5.0,,1.0,,,5.0,,,2.0,,4.0,,,2.0,6.0,,1.0,,,1.0,3.0,1.0
meinte,False,,,,,,1.0,,,,,,,,,,,,,,,,,,,,,,
meintest,False,,,,,,,,,,,,,,,,,,1.0,,,,,,,1.0,,,
meinung,False,3.0,1.0,1.0,,2.0,1.0,,1.0,2.0,4.0,,1.0,,,1.0,4.0,,4.0,1.0,2.0,12.0,,2.0,,1.0,7.0,1.0,5.0
meinungsbeitrag,False,,,,,,,,,,,,,,,,,,1.0,,,,,,,,,,
meinungsbildung,False,,,,,,,,,,,,,,,,,,1.0,,,2.0,,1.0,,,,,
meinungsfreiheit,False,,,,,,,,,,1.0,,,,,1.0,1.0,,,,,,,,,,,,
meinungsfreiheitsfrag,False,,,,,,,,,,1.0,,,,,,,,,,,,,,,,,,
meinungsäußerung,False,,2.0,,,,,,,,,,,,,1.0,,,,,,,,1.0,,,,,
meinwohlorientiern,False,,,,,,,,,,,2.0,,,,,,,,,,,,,,,,,
meist,False,,,,,,,,,,,,1.0,,,,,,,,,,,,,,,,
meistbenutzt,False,,,,,,,,,,,,,,,,,1.0,,,,,,,,,,,
meistens,False,5.0,2.0,3.0,2.0,4.0,1.0,,7.0,1.0,1.0,18.0,10.0,5.0,2.0,1.0,2.0,1.0,1.0,2.0,1.0,,,1.0,8.0,1.0,1.0,2.0,
meister,False,5.0,1.0,1.0,3.0,2.0,8.0,,2.0,3.0,4.0,1.0,3.0,5.0,7.0,1.0,3.0,3.0,1.0,,1.0,,2.0,,2.0,,4.0,7.0,
meißeln,False,,,,,,,,1.0,,,,,,,,,,,,,,,,,,,,
meld,False,1.0,,,,,,,,,,,,,,,,,,,,,,,,,,,
meldebescheinigung,False,,,,,,,,,,,,,,,,,,,,1.0,,,,,,,,
melden,False,,1.0,9.0,,,1.0,5.0,,,,,,,,,7.0,6.0,,1.0,1.0,4.0,2.0,,1.0,,2.0,3.0,
meldepflicht,False,,,,,,,,,,,,,,,,,1.0,,,,2.0,,,,,,,
meldesen,False,,,,,,,1.0,,,,,,,,,,,,,,,,,,,,,
meldestelle,False,,,,,,,,,,,,,,,,1.0,,,,,4.0,,,,,,,
meldeverpflichtung,False,,,,,,,,,,,,,,,,,,,,,2.0,,,,,,,
meldeweg,False,,,,,,,,,,,,,,,,1.0,,,,,,,,,,,,
meldewege,False,,,,,,,,,,,,,,,,2.0,,,,,,,,,,,,
meldinglist,False,,,,,,,,1.0,,,,,,,,,,,,,,,,,,,,
meldung,False,,1.0,1.0,,,,,,,,,,,,,1.0,2.0,,,,,,,,,,,
mele,False,,,,,,,,,,,,,,,,,,,,,,1.0,,,,,,
meloni,False,,,,,,,,,,,,,,1.0,,,,,,,,,,,,,,
member,False,,,,,,,,,2.0,,,,,,,,,,,,,,,,,,,
meme,False,,1.0,,,,,1.0,,,,,1.0,,,1.0,,,,,,,1.0,,,,1.0,,
menge,False,2.0,3.0,2.0,4.0,6.0,5.0,2.0,2.0,7.0,2.0,1.0,1.0,,1.0,3.0,,5.0,1.0,1.0,1.0,,8.0,1.0,,3.0,1.0,5.0,3.0
menni,False,,,,,,,,,,,,,,,,,,,1.0,,,,,,,,,
mensch,False,35.0,22.0,12.0,34.0,3.0,4.0,14.0,7.0,1.0,4.0,3.0,21.0,12.0,11.0,18.0,4.0,18.0,7.0,7.0,40.0,20.0,17.0,,10.0,10.0,21.0,16.0,8.0
menschen,False,,,,,,,,,,,,,,,,,,,,,,,,,,1.0,,
menschenfeindlich,False,,,,,,,,,,,,,,,,,,,,,2.0,,,,,,,
menschengerichtshof,False,,,,,1.0,,,,,,,,,,,,,,,,,,,,,,,
menschenleben,False,,,,1.0,,,,,,,,,,,,,,,,,,,,,,,,
menschenrecht,False,,1.0,,,1.0,1.0,,,,12.0,,,1.0,1.0,,,,1.0,,,,2.0,,,1.0,1.0,,
menschenrechtlich,False,,,,,,,,,,,,,,,,,,,,,,1.0,,,,1.0,,
menschenrechtsaktivist,False,,,,,1.0,,,,,,,,,,,,,,,,,,,,,,,
menschenrechtsanwälte,False,,,,,1.0,,,,,,,,,,,,,,,,,,,,,,,
menschenrechtsarbeit,False,,,,,,,,,,1.0,,,,,,,,,,,,,,,,,,
menschenrechtsgerichtshof,False,,,,,2.0,,,,,,,,,,,,,,,,,,,,,,,
menschenrechtskonvention,False,,,,,1.0,,,,,1.0,,,,,,,,,,,,,,,,,,1.0
menschenrechtsorganisation,False,,,,,,,,,,1.0,,,,,,,,,,,,,,,,1.0,,
menschenrechtsschutz,False,,,,,,,,,,2.0,,,,,,,,,,,,,,,,,,
menschenrechtsstandard,False,,,,,,,,,,1.0,,,,,,,,,,,,,,,,,,
menschenrechtsverteidiger,False,,,,,1.0,,,,,,,,,,,,,,,,,,,,,,,
menschenunwürdig,False,,,,,,,,,,,,,,,,,,,,,,2.0,,,,,,
menschenverachtend,False,,,,,,,,,,,,,2.0,,,,,,,,,,,,,1.0,,
menschenverstand,False,1.0,,,,,,,,,,,,,,,,,,,,,,,,,,,
menschenwürde,False,,,,,,,,,,,,,3.0,,,,,,,,2.0,,,,,,,
menschenwürdig,False,,,,,,,,,,,,,2.0,,,,,,,,,1.0,,,,,,
menschenzentrierter,False,,,,,,,,,,,1.0,,,,,,,,,,,,,,,,,
menschheit,False,,,,,,,,,,,,3.0,,,,,,,,,,,,1.0,,,,
menschlich,False,2.0,,,,,,,,,,,3.0,,,3.0,,,1.0,1.0,,,,,,,,,
mental,False,,,,,,,,,,,,,,,,1.0,,,,,2.0,,,,,,,
mentor,False,,,,,,,,1.0,,,,,,,,,,,,,,,,,,,,
mep,False,,,,,,,,,,,,,,,,,,,,,,,,,,1.0,,
meps,False,,,,,,,,,1.0,,,,,,,,,,,,,,,,,,,
merchant,False,,,,,,,,,,,,,4.0,,,,,,,,,,,,,,,
merkel,False,,,,,1.0,6.0,6.0,,,,,,,2.0,,,,,,,,,,,,,,
merkelt,False,,,,,,,1.0,,,,,,,,,,,,,,,,,,,,,
merken,False,7.0,2.0,1.0,3.0,4.0,2.0,1.0,3.0,2.0,,7.0,3.0,,13.0,3.0,1.0,1.0,2.0,2.0,2.0,2.0,2.0,1.0,,,1.0,2.0,1.0
merkmal,False,,,,3.0,,,1.0,,,,,1.0,,,,,,,,,,,,,,,,
merkwürdig,False,,,,,,,,,,,,,,,,,,,,1.0,2.0,,,,,,,2.0
message,False,,,,,,,,,,,,,,,,,,,,,6.0,,,,,,,
messaging,False,,,,,,,,15.0,,,,,,,,,,,,,,,,,,,,
messanging,False,,1.0,,,,,,,,,,,,,,,,,,,,,,,,,,
messbar,False,,,,,,,,,,,,,,,,,,,,,,,,,,,1.0,
messe,False,,,,,1.0,,,,,,,,,,,,,,,,,,,,,,,
messen,False,,,1.0,,,,1.0,,1.0,,,,,,,,,,3.0,,,,,,,,,
messenger,False,,15.0,,,2.0,,2.0,15.0,,,,,,1.0,,,2.0,,,,2.0,,,,,,,
messesaal,False,,,,,,,,,,,,,,,,,,,1.0,,,,,,,,,
messing,False,,,,,,,,1.0,,,,,,,,,,,,,,,,,,,,
messnetter,False,,,,,,,,1.0,,,,,,,,,,,,,,,,,,,,
messy,False,,,,,,,,,1.0,,,,,,,,,,,,,,,,,,,
meta,False,,1.0,,,,,,2.0,,,,,,,,1.0,,,,2.0,2.0,12.0,,,,2.0,1.0,
metadat,False,,,,,,,,2.0,,,,,,,1.0,,,,,,,,,1.0,,,,
metadatensatz,False,,,,,,,,,1.0,,,,,,,,,,,,,,,,,,,
metadatum,False,,,,,,,,1.0,,,,,1.0,,9.0,,,,,,,1.0,,3.0,,,,
metaebene,False,,,,,,1.0,,,,,,,,,,,,,,,2.0,,,,,,,
metafrage,False,,,,,,,,,,,,,,,,,,,,,,,,,,,,1.0
metainformation,False,,,,,,1.0,,,,,,,,,,,,,,,,,,,,,,
metall,False,,,,,,,,,,,,,,,,,,,,,,1.0,,,,,,
metanotar,False,,,,,,,,,1.0,,,,,,,,,,,,,,,,,,,
metapher,False,,,,,1.0,,,,,,,,,,,,,,1.0,,,4.0,,,,,1.0,
metathemen,False,,,,,,,1.0,,,,,,,,,,,,,,,,,,,,,
meter,False,2.0,1.0,,,,2.0,,,,,,,,,,,,,1.0,1.0,2.0,,1.0,2.0,,,,
meterweis,False,,,,,,1.0,,,,,,,,,,,,,,,,,,,,,,
methode,False,,,,2.0,1.0,,,1.0,,,,,,1.0,,,,,,,,,,,,,,1.0
metropole,False,,,,,,,,,,,,,,,,,,,,,,2.0,,,,,,
metropoli,False,,,,,,,,,,,,1.0,,,,,,,,,,,,,,,,
mexiko,False,,,,,3.0,,,,,,,,,,,,,,,,,,,,,,,
mhm,False,,25.0,16.0,,1.0,3.0,,1.0,1.0,,,1.0,,,,,1.0,,,1.0,,,1.0,,,,1.0,
micelli,False,,,,,,,,,,,,,,,,,,,,,,2.0,,,,,,
mich,True,27.0,13.0,7.0,11.0,5.0,2.0,19.0,4.0,9.0,8.0,2.0,21.0,9.0,9.0,21.0,4.0,4.0,9.0,15.0,27.0,69.0,5.0,6.0,4.0,,10.0,9.0,10.0
michael,False,,,,,,,,,,,,,,,,,,,2.0,,,2.0,,,,,,
microsoft,False,2.0,,,,,,,,,2.0,,,,,,1.0,1.0,,,1.0,,,,,,,2.0,1.0
middle,False,,,,,,,,,2.0,,,,,,,,,,,,,1.0,,,,1.0,,
midi,False,1.0,,,,,,,,,,,,,,,,,,,,,,,,,,,
mierau,False,,,,,,,,,,,,1.0,,,,,,,,,,,,,,,,
mies,False,,1.0,,,,,,,,,,,,,,,,,,,,,,,,,,
mieten,False,,,,,,,,,,,,,,,,,,,,,,,,1.0,,,,
mieter,False,,1.0,,,,,,,,,,,,,,,,,,,,,,,,,,
mieterebene,False,,,1.0,,,,,,,,,,,,,,,,,,,,,,,,,
migration,False,,,,,,,,,,,,,,,,,,,1.0,,2.0,,,,1.0,,,1.0
migrationsbereich,False,,,,,,,,,,,,,,1.0,,,,,,,,,,,,,,
migrationsfrag,False,,,,,,,,,,,,,,,,,,,,,2.0,,,,,,,
migrationspolitik,False,,,,,,,,,,,,,,,,,,,,,2.0,,,,,,,
migrationspolitisch,False,,,,,,,,,,,,,2.0,,,,,,,,,,,,,,,
migrationsrecht,False,,,,,,,,,,,,,,1.0,,,,,,,,,,,,,,
mikrofon,False,,,,,1.0,,,1.0,,,,,,,,,,,,,,1.0,,1.0,,,,
mikrowelle,False,,,,,,,1.0,,,,,,,,,,,,,,,,,,,,,
mila,False,,,,,,,,,,,,,,,,,,,,,,2.0,,,,,,
milagros,False,,,,,,,,,,,,,,,,,,,,,,2.0,,,,,,
milchkanne,False,,,,,,,1.0,,,,,,,,,,,,,,2.0,,,,,,,
militär,False,,,,,3.0,,,,,,,,,,,,,,,,,,,,,,,
millennium,False,,,,,,,,,,,,1.0,,,,,,,,,,,,,,,,
milliarde,False,,3.0,,,1.0,,1.0,3.0,,,,,,2.0,,,2.0,,,,,8.0,,,,,1.0,
milliardenfach,False,,,,1.0,,,,,,,,,,,,,,,,,,,,,,,1.0,
million,False,2.0,3.0,,7.0,,,1.0,,,,,,,,,2.0,6.0,,,2.0,2.0,6.0,1.0,,,6.0,,
millionenvertrag,False,,,,,,,,,,,,,,,,,,,,,,,,,,1.0,,
millisekunde,False,,,,,1.0,,,,,,,,,,,,,,,,,,,2.0,,,1.0,
mimi,False,,,,,,,,3.0,,,,,,,,,,,,,,,,,,,,
min,False,1.0,,,,,,,,,,,,,,,,,,,,,,,,,,,
minder,False,,,,,,,,,,,,,,,,,,1.0,,,,,,,,,1.0,
minderheit,False,,,,,,,,,,,,,,,,,,,,,,4.0,,,,1.0,,1.0
minderheitenmeinung,False,,,,,,1.0,,,,,,,,,,,,,,,,,,,,,,
minderheitenrecht,False,,,,,,1.0,,,,,,,,,,,,,,,,,,,,,,
minderjährig,False,,1.0,,,,,,,,,,,,,,,,,,,,,,,,,,
minderjährige,False,,2.0,,,,,,,,,,,,,,,,,,,,,,,,,,
mindermeinung,False,,,,,,,,,1.0,,,,,,,,,,,,,,,,,,,
mindestens,False,2.0,,2.0,1.0,2.0,,,1.0,,,,,,1.0,2.0,,2.0,1.0,,,,1.0,,2.0,,,1.0,
mindesthaltbarkeitsdat,False,,,,,,,1.0,,,,,,,,,,,,,,,,,,,,,
mindestmaß,False,,,,,,,,,,1.0,,,,,,,,,,,,,,,,,,
mindeststandard,False,,,,,,,,,,,,,2.0,,,,,,,,,,,,,,,
mindestvorgabe,False,,,,,,,,,,,,,,,,,,,,,2.0,,,,,,,
mindset,False,,,1.0,,1.0,,,,,2.0,,1.0,,,,,,,,,,2.0,,,,,,
minenfeld,False,,,,,,,2.0,,,,,,,,,,,,,,,,,,,,,
mineralisch,False,,,,,,,,,,,,,,,,,,,,,,2.0,,,,,,
minimal,False,,,,,1.0,,,,,,,,,,1.0,,,,,,,,,,,1.0,,
minimalstandard,False,,,,,1.0,,,,,,,,,,,,,,,,,,,,,,,
minimieren,False,,,,1.0,,,,,,,,,,,,,,,,,,,,,,,1.0,
minimierung,False,,,,,,,,1.0,,,,,,,,,,,,,,,,,,,,
minimum,False,,,1.0,,,,,,,,,,,,,,,,,,,,,,,,,
mining,False,,,,,,,,,,,,,,,,,,1.0,,,,,,,,,,
minister,False,,1.0,,,,,,,,,,,,,,,,,,,,,,,6.0,,,
ministerienmitarbeiter,False,,,,,,,,,,1.0,,,,,,,,,,,,,,,,,,
ministerin,False,,4.0,,,,,,,,,,,,,,,,,,,,,,,1.0,,,
ministerinn,False,,,,,,,,,,,,,,,,,,,,,,,,,1.0,,,
ministerinnenrat,False,,4.0,,,,,,,,,,,,,,,,,,,,,,,,,,
ministerium,False,,,,1.0,,,2.0,,,,1.0,,,2.0,,,,3.0,18.0,,2.0,,,,45.0,3.0,,
ministeriumsbetrieb,False,,,,,,,,,,,,,,,,,,,,,,,,,1.0,,,
ministeriumslogik,False,,,,,,,,,,,,,,,,,,,,,,,,,1.0,,,
ministeriumverhalt,False,,,,,,,,,,,,,,,,,,,,,2.0,,,,,,,
ministerpräsident,False,,,,,,,1.0,,,,,,,,,,,,2.0,,,,,,,,,
ministerpräsidentin,False,,,,,,,1.0,,,,,,,,,,,,,,,,,,,,,
ministerrat,False,,1.0,,,,,,,,,,,,,,,,,,,,,,,,,,
minorität,False,,,,,,,,,,,,,,,,,,,,,,2.0,,,,,,
minus,False,,,,,,,5.0,,,,,,1.0,,,,,,,,,,,2.0,,,,
minute,False,3.0,,2.0,,,,2.0,,,8.0,2.0,1.0,,,2.0,,5.0,12.0,,,,,1.0,3.0,,1.0,,
minutes,False,,,,,,,,,,,,1.0,,,,,,,,,,,,,,,,
minutiös,False,,,,,,,,1.0,,,,,,,,,,,,,,,,,,,,
mir,True,38.0,30.0,19.0,16.0,22.0,9.0,16.0,12.0,28.0,13.0,6.0,29.0,16.0,7.0,32.0,2.0,9.0,16.0,24.0,30.0,88.0,11.0,3.0,6.0,4.0,22.0,22.0,5.0
mirfakai,False,,,,,,,,,,,,,,,,,,,,,,,,,,1.0,,
mischen,False,,1.0,,1.0,,,,,,,,,,,,,,,1.0,,,,,1.0,,,,
mischer,False,,,,,,,,,,,,,,,,,,,,,,,,3.0,,,,
mischmasch,False,,,,,,,,,,,,,,,,,,,,,,,,1.0,,,,
mischpult,False,,,,,,,,,,,,,,,,,,,,,,,,2.0,,,,
mischung,False,,,,,,,,,,,,1.0,,,,,1.0,,,,2.0,,,1.0,,,1.0,
misleading,False,,,,,,,,,2.0,,,,,,,,,,,,,,,,,,,
miss,False,,1.0,,,,,,,,,,,,,,,,,,,,,,,,,,
missachtung,False,1.0,,,,,,,,,,,,,,,,,,,,,,,,,,,
missbrauch,False,,1.0,,,6.0,,,2.0,1.0,1.0,,,1.0,,2.0,,,,,1.0,4.0,,,,,,,
missbrauchdarstellung,False,,,,,,1.0,,,,,,,,,,,,,,,,,,,,,,
missbrauchen,False,,3.0,,,,,1.0,,,1.0,,,1.0,,1.0,1.0,1.0,,,,2.0,,,,,,,
missbrauchsabbildung,False,,1.0,,,,,,,,,,,,,,,,,,,,,,,,,,
missbrauchsdarstellung,False,,,,,,,,,,,,,,,1.0,,,,,,,,,,,,,
missbrauchsfall,False,,,,,1.0,,,,,,,,,,,,,,,,,,,,,,,
missbrauchshandlung,False,,1.0,,,,,,,,,,,,,,,,,,,,,,,,,,
missbrauchsoptio,False,,,,,,,,,,,,,,,,1.0,,,,,,,,,,,,
missbrauchspotential,False,,1.0,,,,,,,,,,,,,,,,,,,,,,,,,,
missbrauchspotenzial,False,,,,,,,,,,,,,2.0,,,1.0,,,,,,,,,,,,
missbrauchsszenario,False,,1.0,,,,,,,,,,,,,,,,,,,,,,,,,,
missbrauchsübergriff,False,,,,,,,,,,,,,,,,,,,,,,,1.0,,,,,
missbräuchlich,False,,,,,3.0,,,,,,,,,,1.0,,,,,,,,,,,,,
missinformation,False,,,,,,,,,,,,,,,,1.0,,,,,,,,,,,,
missinformationen,False,,,,,,,,,1.0,,,,,,,2.0,,,,,,,,,,,,
mission,False,,,,,,,,,,,,,,,,,,,,,,2.0,,,,,,
missstand,False,,,,,,1.0,,,,,,,,,,,,,,,,,,,,,,
misstrauen,False,,4.0,,,,,,,1.0,,,,,,,,,,,,,,,,,,,
missverhältnis,False,,,,,,,,1.0,,,,,,,,,,,,,,,,,,,,
missverständnis,False,,,,,,,,,,,,,,,1.0,1.0,,,,,,,,,,,,
missverständnissen,False,,,,,,,,,,,,,,,,1.0,,,,,,,,,,,,
mist,False,,1.0,1.0,,,,,,,,2.0,2.0,,1.0,,1.0,,,,,,,,,1.0,,2.0,
misterienwald,False,,,,,,,1.0,,,,,,,,,,,,,,,,,,,,,
mistig,False,,,,,,,,,,,,,,1.0,,,,,,,,,,,,,,
mit,True,92.0,66.0,75.0,75.0,90.0,60.0,100.0,51.0,86.0,51.0,48.0,98.0,72.0,51.0,76.0,45.0,58.0,33.0,77.0,74.0,176.0,63.0,65.0,70.0,41.0,112.0,71.0,53.0
mitarbeiten,False,,,,,,,,,1.0,,,,,,,,,,,,,,,1.0,,3.0,,5.0
mitarbeitende,False,,,,,,,,,,,1.0,,,,,,,,1.0,,,,,,,,,
mitarbeiter,False,,,,,,,1.0,1.0,,,,1.0,,,,,1.0,,,,,,2.0,,,,,8.0
mitarbeiterin,False,,,,,,,,,,,,,,,,,1.0,,,,,,,,,,,
mitarbeiterinne,False,,,,,,,1.0,,,,,,,,,,,,,,,,,,,,,
mitarbeiterinnen,False,,,,,,,,,,,,,,1.0,,,,,,,,,,,,2.0,,
mitbedenken,False,,,,,,,,,,,,,,,,,,,,1.0,,,,,,,,
mitbedenkt,False,,,,,,,,,,1.0,,,,,,,,,,,,,,,,,,
mitbekommen,False,1.0,1.0,2.0,1.0,,1.0,2.0,,1.0,,,,,2.0,,,,2.0,2.0,1.0,8.0,,,,,1.0,,1.0
mitbenutzen,False,,,,,,,1.0,,,,,,,,,,1.0,,,,,,,,,,,
mitbestimmung,False,,,,2.0,,,,,,,,,,,,,,,,,,,,,,,,
mitbewohner,False,,,,,,,,,,,,,,,,,1.0,,,,,,,,,,,
mitbrauch,False,,1.0,,,,,,,,,,,,,,,,,,,,,,,,,,
mitbringen,False,1.0,,1.0,1.0,,,,,,,,1.0,,,,,,,,,,1.0,,2.0,,2.0,,
mitdachen,False,1.0,,1.0,,,,1.0,,,,,,,,,,,,,1.0,,,,,,,,
mitdebattieren,False,,,,,,,1.0,,,,,,,,,,,,,,,,,,,,,
mitdenken,False,,,1.0,,,,1.0,,3.0,2.0,,,,,,,,,,3.0,,,,,,,,
miteinander,False,4.0,7.0,1.0,1.0,2.0,,2.0,7.0,3.0,,,1.0,,,,,1.0,2.0,2.0,2.0,,,,,1.0,1.0,1.0,1.0
miteinbeziehen,False,,,,1.0,,,,,,,,,,,,,,,,,,,,,,,,
miterleben,False,,,1.0,,,,,,,1.0,,,,,,,,,,,,,,,,,,
mitesser,False,1.0,,,,,,,,,,,,,,,,,,,,,,,,,,,
mitfolg,False,,,,,,,,,,,,,,,1.0,,,,,,,,,,,,,
mitführen,False,,,,,,,,,,,,,,,,,,,,1.0,,,,,,,,
mitgeben,False,,,,,,,,,,1.0,,,,,,,,,1.0,,,,1.0,,,,,
mitgefahren,False,,,,,,,,,,,,,,,,,,,,,,,,1.0,,,,
mitgegeben,False,,,,,,,,,,,,,,,,,,,,,,,,,,,1.0,
mitgegründen,False,,1.0,,,,,,,,,,,,,,,,,,,,,,,,,,
mitgehen,False,,,,,,,,,,,,3.0,,,,,2.0,,,,,,,,,,,
mitgehören,False,,,,,1.0,,,,,,,,,,,,,,,,,,,,,,,
mitgenommen,False,,,,,,,,,,,,,,,,,,,,,,,1.0,,,,,
mitgeschnitten,False,,,,,,,,,,,,,,,,,1.0,,,,,,,,,,,
mitgeschrieben,False,,,,,,,,,2.0,,,,,,,,,,,,,,,,,,,1.0
mitgespeichert,False,,,,,,,,,,,,,,,,,,,,,2.0,,,,,,,
mitglied,False,,2.0,,,,6.0,,1.0,,6.0,,1.0,,,,1.0,,,3.0,,1.0,,,,2.0,2.0,,1.0
mitglieds,False,,,,,,,,,,1.0,,,,,,,,,,,,,,,,,,
mitgliedschaft,False,,,,,,,,,,,,,,,,,,,1.0,,,,,,,,,
mitgliedsland,False,,,,,1.0,1.0,,,,,,,,,,,,,,,,,,,,,,6.0
mitgliedsstaat,False,,,,,1.0,,,,,,,,,,,1.0,,,,,,,,,,,,
mitgliedsstaatenfall,False,,,,,,,,,,1.0,,,,,,,,,,,,,,,,,,
mitgliedsstände,False,,,,,1.0,,,,,,,,,,,,,,,,,,,,,,,
mitgliedstaat,False,,,,,,,,,,1.0,,,,,,3.0,,,,,,,,,,,,9.0
mitgliedstaateneben,False,,,,,,,,,,,,,,,,1.0,,,,,,,,,,,,
mithelfen,False,,,,,,,,,,,,,,,,,,,2.0,,,,1.0,1.0,,,,
mithilfe,False,,,,,,,,,,,,,,,,,,,1.0,,,,,,,,1.0,
mithören,False,,,,,,,,,1.0,,,,,,,,,,,,,,,,,,,
mitkauf,False,,,,,1.0,,,,,,,,,,,,,,,,,,,,,,,
mitkommunizieren,False,,,,,,,,,,,,,,1.0,,,,,,,,,,,,,,
mitkriegen,False,,,,,,,,,,,,,1.0,,,,,,,,4.0,,,1.0,,,,
mitkriegst,False,,1.0,,,,,,,,,,,,,,,,,,,,,,,,,,
mitlachen,False,,,1.0,,,,,,,,,,,,,,,,,,,,,,,,,
mitleben,False,,,,,,,1.0,,,,,,,,,,,,,,,,,,,,,
mitlesbar,False,,,,,,,,,,,,,,,,,1.0,,,,,,,,,,,
mitlesen,False,,2.0,,,,,,2.0,1.0,,,,,,,,1.0,,,,,,,,,,,
mitliefern,False,,,,,,,,,1.0,,,,,,,,,,,,2.0,,,,,,1.0,
mitlieferst,False,,,,,,,,,,,,,,,,,,,,,2.0,,,,,,,
mitlockt,False,,,,,1.0,,,,,,,,,,,,,,,,,,,,,,,
mitmachen,False,,,,1.0,2.0,1.0,,12.0,3.0,,,,,,,,,1.0,,,,,,8.0,,1.0,,
mitmischen,False,,,,,,,,1.0,,,,,,,,,,,,,,,,,,,,
mitnehmen,False,,,,,,,1.0,,2.0,,1.0,,,1.0,,1.0,1.0,1.0,2.0,,,4.0,1.0,2.0,1.0,,1.0,
mitnick,False,,,,,,,,,,,,1.0,,,,,,,,,,,,,,,,
mitnimmen,False,1.0,,,,,,,,,,,,,,,1.0,1.0,,,,,,,1.0,,,,
mitprotokollieren,False,,,,,,2.0,,,,,,,,,,,,,,,,,,,,,,
mitregieren,False,,,,,,,,,,,,,,,,,,,,,,,,,,1.0,,
mitschleppen,False,,,,,,,,,,,,,,,,,,,,,,,2.0,,,,,
mitschneiden,False,,1.0,,,1.0,,,,,,,,,,,,,,,,,,,2.0,,,,
mitschneidet,False,,1.0,,,,,,,,,,,,,,,,,,,,,,,,,,
mitschnitten,False,,,,,,,,,,,,,,,,,,,,,,,,1.0,,,,
mitschreiben,False,,,,,,,1.0,,,,,,,,,,,,,,,,,,,,,
mitschwingen,False,,,,,,,,,,,,,,,,,,1.0,,,,,,,,,,
mitspielen,False,,1.0,,,1.0,,,,1.0,,,,,,,,,,,,,,,,,,,
mitspieln,False,,,,,,,,,,,,,,,,,,,,,,,,,,1.0,,
mitstalten,False,,,,,,,,1.0,,,,,,,,,,,,,,,,,,,,
mitstreiterin,False,,,,,,,,,,,,,,,,,,,,,,,1.0,,,,,
mittagspause,False,,,,,,2.0,,,,,,,,,,,,,,,,,,,,,,
mitte,False,1.0,,,1.0,2.0,,1.0,2.0,2.0,,1.0,,,1.0,1.0,,,,1.0,1.0,,,,,,,,1.0
mitteilen,False,,,,,,,,,,,,,,,,,1.0,,,,,,,,,,,
mitteilung,False,,,,,,,,,,,,,,,,,,,,,2.0,,,,,,,
mittel,True,3.0,,,,1.0,8.0,4.0,,,,,1.0,,3.0,2.0,3.0,,1.0,,,4.0,,1.0,,,1.0,1.0,
mittelalter,False,,,,,,,,,,,,1.0,,,,,,,,,,,,,,,,
mittelbar,False,,,,,,,,,,1.0,,,,,,,,,,,,,,,,,,
mitteldinge,False,,,,1.0,,,,,,,,,,,,,,,,,,,,,,,,
mittelfeld,False,,,,,,,,,,,,,,,,,,,,,,,,,,,,1.0
mittellang,False,,,,,,,,,,,,,,,,,1.0,,,,,,,,,,,
mittelpunkt,False,,,,,,,,,1.0,,,2.0,,,,,,,,,,,,,,,,
mittelstandsbefragung,False,,,,,,,,,,,,,,,,,,1.0,,,,,,,,,,
mitten,False,,1.0,,,1.0,,2.0,,,,1.0,,,,,,,,,,,,,,,1.0,,
mittendrin,False,,,,,,,,,,1.0,,,,,,,,,,,,,1.0,,,,,
mittippen,False,,,,,,1.0,,,,,,,,,,,,,,,,,,,,,,
mittlerer,False,1.0,,,,,1.0,,,,,,,,,,,,,1.0,,,,,,,,1.0,
mittlerweile,False,4.0,4.0,2.0,2.0,5.0,,4.0,4.0,6.0,2.0,,8.0,,,6.0,2.0,5.0,3.0,2.0,9.0,19.0,5.0,3.0,2.0,,1.0,1.0,1.0
mittragen,False,,,,,,1.0,,,,1.0,,,,,,,,,1.0,,,,,,,,,
mittwoch,False,,,,,,,,,,,,,,,,,,,,,,,,,,1.0,,
mittäter,False,,,,,,1.0,,,,,,,,,,,,,,,,,,,,,,
mitunter,False,,,,,,,,,,3.0,,,,,,,,,,,,,,,,,,
mitunterzeichnen,False,,,,,,,,,1.0,,,,,,,,,,,,,,,,,,,
mitverbring,False,,,,,,,1.0,,,,,,,,,,,,,,,,,,,,,
mitvernommen,False,,,,,,,,,,,,1.0,,,,,,,,,,,,,,,,
mitwirken,False,,,,,1.0,1.0,,4.0,,,,,,,,,,,,,,1.0,,,,,,4.0
mitwirkst,False,,,,,,,,1.0,,,,,,,,,,1.0,,,,,,,,,,
mitwirkung,False,,,,,,,,,,,,,,1.0,,,,,,,,,,,,,,
mitwirkungspflicht,False,,,,,2.0,,,,,,,,,,,,,,,,,,,,,,,
mitzeichnung,False,,,,,,,,,,,,,,,,,,,,,,,,,1.0,,,
mitziehen,False,,,,,,,,,,,,,,,,,,,,,,,,,,,,1.0
mitzuverdienen,False,,,,,,,,,,,,,1.0,,,,,,,,,,,,,,,
mitzuwachsen,False,,,,,,,,,,,,,,,,,,,,,,,,,,1.0,,
mitzählen,False,,,,,1.0,,,,,,,,,,,,,,,,,,,,,,,
mix,False,,,,,,,,,,,,,,,,,,,,,,,,1.0,,,,
mls,False,,,,,,,,12.0,,,,,,,,,,,,,,,,,,,,
mnemonic,False,,,,,,,,,,,,2.0,,,,,,,,,,,,,,,,
mobil,False,3.0,,,,,,,,,,,,,,,,3.0,,,,,,,1.0,,,,
mobilbetriebssystem,False,,,,,,,,,,,,,,,,,1.0,,,,,,,,,,,
mobilbetriebssystemhersteller,False,,,,,1.0,,,,,,,,,,,,1.0,,,,,,,,,,,
mobile,False,,,,,,,,,1.0,,,,,,,,17.0,,,,,,,,,,,1.0
mobilemon,False,,,,,1.0,,,,,,,,,,,,,,,,,,,,,,,
mobilfunk,False,,,,,,,,,,,,,,,2.0,,,,,,2.0,2.0,,,,,,
mobilfunkanbieter,False,,,,,1.0,,,,,,,,,,,,1.0,,,,,,,,,,,
mobilfunkleutum,False,,,,,,,,,,,,,,,,,1.0,,,,,,,,,,,
mobilfunknetz,False,,,,,,,,,,,,,,,5.0,,,,,,2.0,,,,,,,
mobilfunknetzbetreiber,False,,,,,,,,,,,,,,,2.0,,,,,,,,,,,,,
mobilfunknummer,False,,,,,2.0,,,,,,,,,,,,3.0,,,,,,,,,,,
mobilfunkstandard,False,,,,,,,1.0,,,,,,,,,,,,,,,,,,,,,
mobilfunkvertrag,False,,,,,,,,,,,,,,,,,3.0,,,,,,,,,,,
mobilfunkzelle,False,,,,,,,,,,,,,,,1.0,,,,,,,,,,,,,
mobilisieren,False,,1.0,,,,,,,,,,,,,,,,,,,,,,,,,,
mobilisierung,False,,,,,,,,,,,,,,,,,,,,,,1.0,,,,,,
mobilität,False,,,,,,,,,,,,,,,,,,,,3.0,,,,,,,,
mobilnummer,False,,,,,2.0,,,,,,,,,,,,,,,,,,,,,,,
mobiltelefon,False,,,,,,,,,2.0,,,,,,1.0,,11.0,,,,,,,,,,,
mobiltelefonanbieter,False,,,,,,,,,1.0,,,,,,,,,,,,,,,,,,,
mobiltelefonnummer,False,,,,,,,,,,,,,,,,,5.0,,,,,,,,,,,
mobiltelefonvertrag,False,,,,,,,,,,,,,,,,,4.0,,,,,,,,,,,
mochen,True,,,,,,,,,,,,1.0,,,,,,,,,4.0,,,,,,,
mode,False,1.0,,,,,,,,,,,,,,,,1.0,,,,,,,,,,,
model,False,1.0,,,,,,,,,,,,,,,,,,,,,,,,,,1.0,
modell,False,2.0,,1.0,2.0,,,1.0,1.0,,,,,,,,,,,,,,5.0,1.0,1.0,,1.0,4.0,
modelling,False,,,,,,,,1.0,,,,,,,,,,,,,,,,,,,,
moderation,False,,,,,,,,,,,,,,,,2.0,1.0,,,,,,,,,,,
moderationsentscheidung,False,,,,,,,,,,,,,,,,1.0,,,,,,,,,,,,
moderator,False,,1.0,1.0,2.0,,,,,,,,1.0,,,,,2.0,,,1.0,,,,,,,,
moderieren,False,,,,,,1.0,,,1.0,1.0,,,,1.0,,1.0,,,,,2.0,3.0,,,,1.0,,
modern,False,,,,,,,7.0,2.0,,,,,,,,,,,1.0,,,,,,,,1.0,1.0
modernisieren,False,,,,,,,,,,,,,,,,,,,,,,,,1.0,,1.0,,
modernisierungsprojekt,False,,,,,,,,,,,,,,,,,,,,,,,,,1.0,,,
modiste,False,,,,,,,,,,1.0,,,,,,,,,,,,,,,,,,
modul,False,,,,,,,,,,,,,,,,,,,,,,,,2.0,,,,
modus,False,2.0,,,,,,,,,,,,,,,,1.0,,,,,,,,,,,
moin,False,,,,,,,,,,,,,,,,,,,,,,,,1.0,,,,
moment,False,3.0,6.0,6.0,,3.0,,3.0,10.0,5.0,4.0,5.0,1.0,2.0,,16.0,2.0,2.0,1.0,2.0,1.0,14.0,2.0,1.0,,1.0,5.0,4.0,3.0
momentan,False,,,2.0,2.0,1.0,,1.0,1.0,5.0,6.0,,,1.0,,1.0,,,,,3.0,8.0,,,,,,3.0,2.0
momentum,False,,,,,,,,,,,,,,,1.0,,,,,,,,,,,,,
monat,False,1.0,3.0,10.0,1.0,,3.0,1.0,1.0,3.0,,,,7.0,,4.0,6.0,,1.0,4.0,2.0,4.0,1.0,1.0,5.0,2.0,4.0,5.0,1.0
monatelang,False,,,,,,,,,,,,,,,,,,,,,,,,,,,1.0,
monatlich,False,,,1.0,,,,,,,,,,,,,,,,,,,,,,,4.0,,1.0
monatsübersicht,False,,,,,,,,,,,,,,,,,,,,,,,,,,,1.0,
mondkalb,False,1.0,,,,,,,,,,,,,,,,,,,,,,,,,,,
monetarisierung,False,,,,,,,,,,,,,,,,2.0,,,,,,,,,,,3.0,
monetäres,False,1.0,,,,,,,,,,,,,,,,,,,,,,,,,,,
money,False,,,,,,,,,,,,,,,,,,,,,,,,1.0,,,,
monitor,False,5.0,,,,,,,,,,,,,,,,,,,,,,,,,,,
monokultur,False,,,,,,,,,,,,,,,,,1.0,,,,,,,,,,,
monopol,False,,,,,,,,,,,,1.0,,,,,,,,,,,,,,,,
monopolisierung,False,,,,,,,,,,,,,,,,,,,,1.0,2.0,,,,,,,
monument,False,,,,,,,,,,,,,,,,,,,1.0,,,,,,,,,
moodle,False,,,,,,,,,,,,,,,,,,,,,,,,,,1.0,,
moosbrocker,False,,,,,,,,,,,,,,,3.0,,,,,,,,,,,,,
moosbroker,False,,,,,,,,,,,,,,,1.0,,,,,,,,,,,,,
moosbrugger,False,,,,,,,,,,,,,,,1.0,,,,,,,,,,,,,
moral,False,,,,,1.0,,,,,,,,,,,,,,,,,,,,,,,
moralisch,False,,,,,1.0,,,,,,,,,,,,,,,1.0,,1.0,,,,1.0,,
moralpanik,False,,,,1.0,,,,,,,,,,,,,,,,,,,,,,,,
moratorium,False,,,,,1.0,,1.0,,,,,,,,,,,,,,,,,,,,,
mord,False,,,,,4.0,,,,,,,,,,1.0,,,,,,,,,,,,,
mordzeitpunkt,False,,,,,,1.0,,,,,,,,,,,,,,,,,,,,,,
more,False,,,,,,,,1.0,,,,,,,,,,,,,,,,,,,,
morgen,True,,,1.0,1.0,1.0,,5.0,,,,1.0,,,,,,1.0,,2.0,,,,,,,,,1.0
morgens,False,,,,,,,,,,,,,,,,,,,,,,,,1.0,,,,
morgige,False,,,,,,,1.0,,,,,,,,,,,,,,,,,,,,,
morhardt,False,1.0,,,,,,,,,,,,,,,,,,,,,,,,,,,
moritz,False,,,,,,,,,,,,1.0,,,,,,,,,,,,,,,,
morsen,False,,1.0,,,,,,,,,,,,,,,,,,,,,,,,,,
moss,False,,,,,,,,,,,,1.0,,,,,,,,,,,,,,,,
motiv,False,,,,,1.0,,,,,,,1.0,,2.0,,,,,,,,,,,,,,
motivation,False,2.0,1.0,1.0,,,,2.0,1.0,7.0,,,,3.0,,,,,,,1.0,,1.0,,,,,,
motivationshilfe,False,1.0,,,,,,,,,,,,,,,,,,,,,,,,,,,
motivieren,False,1.0,1.0,1.0,,,1.0,3.0,,,,,1.0,,,,,,,,,,,,1.0,,,,
motiviert,False,,,,,,,,,,,,,,,,,,,,,,,,,,1.0,,
motor,False,,,2.0,,,,,1.0,,,,,,,,,,,,,,,,,,,,
motorisch,False,1.0,,,,,,,,,,,,,,,,,,,,,,,,,,,
mottenkiste,False,,,,,,,,,,,,,1.0,,,,,,,,,,,,,,,
motto,False,,,,1.0,,,1.0,,,,2.0,,,,,,,,,,,,,,,,,
movable,False,,,,,,,,,,,,,,,,,,,,,,,,,,1.0,,
mozilla,False,,,,,,,,,4.0,,,,,,,,,,,,,,,,,,,
mpv,False,,,,,,,,,,,,,,,,,,,,,,,,1.0,,,,
much,False,,,,,,,,,,,,,,,,,,,,,,,,,,1.0,,
muddy,False,,,,,,,,,,,,,,,,,,,,,,,,,,1.0,,
multifunktionscomputer,False,,,,,,,,,,,,,,,,,,,,1.0,,,,,,,,
multimedial,False,,,,,,1.0,,,,,,,,,,,,,,,,,,,,,,
multimilliardäre,False,,,,,,,,,,,,,,,,,,,,,,2.0,,,,,,
multimillionenmarkt,False,,,,,1.0,,,,,,,,,,,,,,,,,,,,,,,
multinational,False,,,,,,,,,,,,,,,,,,,,,,,,,,1.0,,
multiple,False,,,,,1.0,,,,,,,,,,,,,,,,,,,,,,,
multiplex,False,,,,,,,,,,,,,,,,,,,,,,,,2.0,,,,
multiplikationsfehler,False,,1.0,,,,,,,,,,,,,,,,,,,,,,,,,,
mund,False,,,,,,,1.0,,,,,,,,,2.0,,1.0,,,2.0,,,,,,,
mundart,False,,,,,,,,,,,,,,,,,,,,,,,,,,1.0,,
mundfusselig,False,,,,,,,1.0,,,,,,,,,,,,,,,,,,,,,
mundfustig,False,,,,,,,1.0,,,,,,,,,,,,,,,,,,,,,
munition,False,,,,,,,,,,,,,,,,,,,,,,,,,,1.0,,
munter,False,,,,,,,,,,,,,,,,,,,,,,,,2.0,,,,
museum,False,1.0,,,,,,,,,,,,,,,,,,,,,,,,,,,
music,False,1.0,1.0,1.0,1.0,1.0,2.0,1.0,2.0,1.0,2.0,2.0,1.0,1.0,2.0,1.0,2.0,1.0,,2.0,1.0,,,,,,,,
musik,False,,2.0,,,,,,,,,,,,,,,,,1.0,,,,,,,,,
musikalbe,False,,,,,,,,,,,,,,,1.0,,,,,,,,,,,,,
musikprojekt,False,,1.0,,,,,,,,,,,,,,,,,,,,,,,,,,
musikwunsch,False,,,,1.0,,,,,,,,,,,,,,,,,,,,,,,,
musk,False,,,,,,,,,,,,,,,,,,,,1.0,6.0,7.0,,,,1.0,,
muskel,False,,,,,,,,,,,,,,1.0,,,,,,,,,,,,,,
muss,True,37.0,53.0,33.0,43.0,37.0,11.0,29.0,31.0,29.0,17.0,14.0,29.0,12.0,5.0,33.0,16.0,26.0,14.0,41.0,52.0,83.0,32.0,16.0,18.0,7.0,21.0,23.0,13.0
mussen,True,16.0,13.0,3.0,13.0,5.0,6.0,7.0,8.0,11.0,6.0,6.0,10.0,7.0,2.0,17.0,4.0,8.0,3.0,9.0,18.0,37.0,5.0,2.0,3.0,5.0,6.0,13.0,3.0
mussn,True,1.0,1.0,,1.0,,3.0,,1.0,3.0,,1.0,,,1.0,1.0,,2.0,,2.0,2.0,2.0,1.0,,,,,1.0,
musst,True,4.0,1.0,2.0,10.0,5.0,1.0,5.0,1.0,6.0,,2.0,7.0,1.0,2.0,11.0,,12.0,,5.0,1.0,6.0,,,1.0,,3.0,4.0,
musste,True,1.0,,,,1.0,1.0,,2.0,,,,1.0,,,,,,,,,2.0,,,,,,,
musstest,False,,,,,,,,,,,,,,,,,,,,,4.0,1.0,,,,,,
musstn,True,,,,,,,1.0,,,,,,,,1.0,,1.0,,1.0,,,,,,,,,
must,False,,1.0,,,,,,,,,,,,,,,,,,,,,,,,,,
mustard,False,,,,,,,,,,,,,,,,,,,,,,,,,,,1.0,
muster,False,,1.0,,,,,,,,,,1.0,,,,,2.0,,,,,1.0,,,,,,
musterausschreibung,False,,,,,,,,,,,,,1.0,,,,,,,,,,,,,,,
mustererkennung,False,,,,,,,1.0,,,,,,,,,,,,,,,,,,,,,
musterverfahren,False,,,,,,,,,,,,,,,,,,,,,2.0,,,,,,,
mut,False,,,,,,,2.0,1.0,1.0,,,,,,,,,,,,,,,,,,,
mutig,False,,,,,,,,,,,,2.0,,,,,,,,,,,,,,,,
muttersprache,False,1.0,,,,,,,,,,,,,,,,,,,,,,,,,,,
mutwillig,False,,,,,,,,,,,,,1.0,,,,,,,,,,,,,,,
mythologie,False,,,,,1.0,,,,,,,,,,,,,,,,,,,,,,,
mythos,False,,,,,,,,,,,,1.0,,,,,,,,,,,,1.0,,,,
mächtig,False,,,,,1.0,,1.0,,,,,,,,,,,,,,,,,,,1.0,,
mächtigen,False,,,,,,,,,,,,,,,,,,,,,,2.0,,,,,,
mädchen,False,,,,,,,,,,,,,,,,,,,,,,,,,,1.0,,
mär,False,,,,,,,,,,,,1.0,,,,,,,,,,,,,,,,
märchenstunde,False,,,,,1.0,,,,,,,,,,,,,,,,,,,,,,,
märz,False,,,,,,,,,,,1.0,,,,,,,,,,,,1.0,,,,,
mäuschen,False,,,,,,1.0,,,,,,,,,,,,,,,,,,,,,,
mäßig,False,,,,,,,,,1.0,,,,,,,,,,,,,,1.0,,,,,
möchteen,False,,,,4.0,,,2.0,,2.0,,1.0,1.0,,,,,1.0,,,,,,,1.0,,2.0,,
möchten,False,13.0,18.0,3.0,28.0,4.0,,13.0,1.0,19.0,8.0,4.0,13.0,2.0,2.0,12.0,6.0,10.0,3.0,8.0,13.0,29.0,6.0,6.0,6.0,2.0,2.0,12.0,10.0
möchtest,False,,1.0,,3.0,,,,1.0,,,,,,,,,5.0,,,1.0,,,1.0,,,,,
mögen,True,1.0,,,2.0,1.0,,,1.0,1.0,2.0,,3.0,1.0,,2.0,,1.0,,1.0,,2.0,,,,,1.0,1.0,3.0
möglich,True,7.0,7.0,4.0,5.0,5.0,2.0,6.0,1.0,3.0,5.0,,1.0,9.0,4.0,14.0,,4.0,1.0,5.0,4.0,12.0,6.0,1.0,3.0,1.0,8.0,5.0,1.0
mögliche,False,,1.0,,,,,,,,1.0,,1.0,,,2.0,,,,1.0,,,,,,,,1.0,
möglichen,False,,,,,,,,,,,,,,,,,,,,,,,1.0,,,,,
möglicherweise,False,3.0,1.0,1.0,3.0,2.0,,3.0,,3.0,5.0,,,1.0,2.0,1.0,,1.0,1.0,,,2.0,2.0,1.0,2.0,,,3.0,3.0
möglichkeit,False,2.0,14.0,3.0,16.0,10.0,2.0,9.0,1.0,10.0,6.0,,,3.0,3.0,,4.0,4.0,,4.0,10.0,11.0,19.0,1.0,3.0,3.0,1.0,7.0,4.0
möglichkeitenraum,False,,,,1.0,,,,,,,,,,,,,,,,,,,,,,,,
möglichkeitsverfügung,False,,,,,,,,,1.0,,,,,,,,,,,,,,,,,,,
möglichst,False,4.0,,7.0,7.0,,,,2.0,,,,1.0,2.0,,5.0,1.0,,,,2.0,4.0,3.0,,4.0,,2.0,8.0,
möglichstes,False,,,,,,,,,,1.0,,,,,,,,,,,,,,,,,,
mörder,False,,,,,,,,,,,,1.0,,,,,,,,,,,,,,,,
müd,False,,,1.0,,,,,,,,,,,,,,,,,,,,,,,,,
müdigkeit,False,,,,,,1.0,,,,,,,,,,,,,,,,,,,,,,
mühe,False,2.0,,,1.0,1.0,,,,1.0,,,1.0,,,,,1.0,1.0,,,,,,,,,1.0,
mühle,False,1.0,2.0,,,,,,,,,,,,,,,,,,,,,,,,,,
mühsam,False,,,,,,,,,,,,,,,,,,,,,,,1.0,,,,,
mühselig,False,,,,,,,,,,,,,,,,,,,1.0,,,,,,,,,
mühsig,False,,,,,,,,,,,,,,,,,,,,,,,1.0,,,,,
müll,False,,,,,,,,,,,,,,,,,,,,,,3.0,,,,,1.0,
müller,False,,,,,,,,,,,,1.0,,,,,,,,,,,,,,,,
müllhalde,False,,,,,,,,,,,,,,,,,,,,,,2.0,,,,,,
müllindustrie,False,,,,,,,,,,,,,,,,,,,,,,1.0,,,,,,
münchen,False,,,,,2.0,,,,,,,,,,,,,,,,,,,,,,,
münden,False,,,,,,,,,,,,,1.0,,,1.0,,,,,,,,,,,,
mündlich,False,,,,1.0,1.0,,,,,,1.0,,,,,,,2.0,,,,,2.0,,,,,2.0
münster,False,,,,,,,,,,,,1.0,,,,,,,,,,,,,,,,
müssen,True,28.0,34.0,30.0,32.0,20.0,10.0,28.0,17.0,30.0,13.0,16.0,16.0,22.0,8.0,34.0,30.0,28.0,4.0,16.0,22.0,45.0,25.0,16.0,11.0,8.0,15.0,18.0,11.0
müsst,True,,,,,,,,,,,,,,,,1.0,,,,,,1.0,,,,,,
müsste,False,1.0,1.0,,,,,,,,1.0,,1.0,,,,,,,,,,,,,,,,
müssteen,False,,,,,,,,1.0,,,,,,,,,,,,,1.0,,,,,,,
müssten,True,2.0,3.0,,2.0,3.0,1.0,4.0,,1.0,,,1.0,,,2.0,3.0,,,2.0,,3.0,,,2.0,,1.0,1.0,1.0
müsstest,False,,,,,,,,,,,,,,,1.0,,,,,,,,,,,,,
müsstestn,False,,,,1.0,,,,,,,,,,,,,,,1.0,1.0,1.0,,,,,,,
müsstet,False,,1.0,,,,,,,,,,,,,,,,,,,,,,,,,,
müßig,False,,,,,,,,,,,,,,,,,,,,,,,3.0,,,,,
n,False,1.0,,,,,,,,,,,,,,,,,,,,,,,,,,,
na,True,15.0,9.0,14.0,2.0,12.0,15.0,12.0,7.0,5.0,1.0,,9.0,5.0,1.0,12.0,,3.0,5.0,,3.0,16.0,5.0,2.0,,,1.0,1.0,6.0
nach,True,10.0,14.0,12.0,12.0,18.0,11.0,28.0,4.0,7.0,6.0,8.0,14.0,13.0,11.0,10.0,5.0,9.0,9.0,11.0,8.0,48.0,17.0,9.0,12.0,8.0,21.0,18.0,4.0
nacharbeiten,False,,,,,,,,,,,,,,,,,,1.0,,,,,,,,,,
nacharbeitung,False,,,,,,,,,,,,,,,,,,1.0,,,,,,,,,,
nachbar,False,,,,,,,1.0,,,,,,,,,,,,,,,,,,,,,
nachbesserung,False,,,,,,,,,,,,,,,,,,1.0,,,,,,,,,,
nachbestellen,False,,,,,,,,,,,,,,,,,1.0,,,,,,,,,,,
nachdem,True,,,5.0,,2.0,3.0,1.0,,4.0,1.0,1.0,,1.0,,1.0,,1.0,1.0,2.0,1.0,,3.0,8.0,4.0,2.0,2.0,3.0,
nachdenken,False,4.0,3.0,,1.0,1.0,,,,1.0,2.0,1.0,3.0,2.0,,1.0,1.0,,,1.0,1.0,2.0,,,,,,2.0,
nachdenklich,False,,1.0,,,,,,,,,,,,,,,,,,,,,,,,,,
nachdenkst,False,,,,,,,,,,,,,,,,,,,,,2.0,,,,,,,
nachdrücklich,False,,,,,,,,,,,1.0,,,,,,,,,,,,,,,,,
nacheinander,False,,,,,,,,1.0,,,,,,,,,,,,,,,,,,,,
nachempfindet,False,,,,,,,,,,1.0,,,,,,,,,,,,,,,,,,
nacherlebbar,False,,,,,,,,,,,,1.0,,,,,,,,,,,,,,,,
nacherzählen,False,,,,,,,,,,,,1.0,,,,,,,,,,,,,,,,
nachfolge,False,,,,,,,,,,,,,,,,,,,,,,,,,,,1.0,
nachfolgend,False,,,,,,,,,,,,,,,1.0,,,,,,,,,,,,,
nachfolger,False,,,,,,,,,,,,,,,,,,,,,,,,1.0,1.0,,1.0,
nachfolgerin,False,,,,,,,,,,,,,,,,,,1.0,,,,,,,,,,
nachfrage,False,,,,,,,,,,,,,,,,1.0,1.0,1.0,,1.0,,,1.0,,1.0,1.0,1.0,1.0
nachfragen,False,1.0,,3.0,,1.0,,,,1.0,1.0,,1.0,2.0,,1.0,1.0,,,2.0,,,,,1.0,,,2.0,
nachfüllen,False,1.0,,,,,,,,,,,,,,,,,,,,,,,,,,,
nachgang,False,,,,,,,,,1.0,,,,,,,,,,,,,,,,,,,
nachgeben,False,,,,,,,,,,,,,,,,,,,,,,,,,,,,1.0
nachgeguckt,False,,,,,,,,,,,,1.0,,,,,,,1.0,,,,,1.0,,,,
nachgehen,False,,1.0,,,,,,,,,,,,,,,,,,,,,,,,,,
nachgelageren,False,,,,,,,,,,,,,,,,,,,,,,,,,,1.0,,
nachgelagert,False,,,,,,,,,,,1.0,,,,,,,,,,,,,,,,,
nachgelocht,False,,,,,,,,,,,,1.0,,,,,,,,,,,,,,,,
nachgeordnet,False,,,,,,,,,,,,,,,,,,,,,,,,,1.0,,,
nachgeprüft,False,,,1.0,,,,,,,,,,,,,,,,,,,,,,,,,
nachgeschafft,False,,,,,,,,,,,,,,,,1.0,,,,,,,,,,,,
nachgeschaut,False,,,2.0,,,,,,,,,,,,,,,,,,,,,,,,,
nachgeschlagen,False,,,,,,,,,1.0,,,,,,,,,,,,,,,,,,,
nachgezogen,False,,,,,,,,,,,,,,,,,,,,,,,,,1.0,,1.0,
nachging,False,,1.0,,,,,,,,,,,,,,,,,,,,,,,,,,
nachgucken,False,,,,,,,2.0,,,,,,,,2.0,,3.0,,1.0,,,,,,,,1.0,
nachhaken,False,,,,,,,,,,,,,,,,,,,,,,,1.0,,,,,
nachhall,False,,,,,,,,,,,,,,,,,,,,,,,,,,,1.0,
nachhaltig,False,,,,,,,3.0,,1.0,,,,1.0,1.0,,,,1.0,,,,,,,,1.0,,
nachhaltigkeit,False,,,,,,,6.0,,,,,,,,,,1.0,,,,,,,,,,1.0,
nachhaltigkeitsaspekt,False,,,,,,,1.0,,,,,,,,,,,,,,,,,,,,,
nachhaltigkeitsdebatte,False,,,,,,,3.0,,,,,,,,,,,,,,,,,,,,,
nachhaltigkeitsfrag,False,,,,,,,1.0,,,,,,,,,,,,,,,,,,,,,
nachhaltigkeitsperspektive,False,,,,,,,,,,,,,,,,,,,,,,,,,,,1.0,
nachhaltigkeitsschwerpunkt,False,,,,,,,,,,,,,,,,,,,,,2.0,,,,,,,
nachher,False,,,,3.0,,2.0,1.0,4.0,2.0,,,3.0,,,,1.0,1.0,,1.0,,4.0,,1.0,2.0,,2.0,1.0,1.0
nachhinein,False,,,,,1.0,,,,,1.0,,,,1.0,,,,1.0,,,,,1.0,2.0,,,,
nachholbedarf,False,,,,1.0,,,,,,,,,,,,,,,,,,,,,,,,
nachimplementieren,False,,,,,,,,1.0,,,,,,,,,,,,,,,,,,,,
nachkommen,False,,,,1.0,,,,,,,,,,,,,,,1.0,,,,,,,,,
nachladen,False,,,,,,,1.0,,,,,,,,,,,,,,,,,,,,,
nachlassen,False,,,,,,,,,,,,,,,,,,1.0,,,,,,,,,,
nachlegen,False,,,,,,,,,,,,,,,,,,,,,,,,,,1.0,,
nachlesen,False,,,,,2.0,,,3.0,,,,,,,,,,,1.0,,,,1.0,,,,,
nachliesen,False,,,,,1.0,,,,,,,,,,,,,,,,,,,,,,,
nachlässigkeit,False,,,,,,,,,,,,,,,,,,,,1.0,,,,,,,,
nachmachen,False,,,,,,,,,1.0,,,1.0,,1.0,,,,,,,,,,,,,,
nachmacher,False,,,,,,,,,,,,,,,,,,,,,,,,,1.0,,,
nachmittag,False,,,,,,,,,,1.0,,,,,,,,,,,,,,,,,,
nachname,False,,,,,1.0,,1.0,,,,,,,,,,,,,,,,,,,,,
nachrecherchieren,False,,,,,1.0,,,,,,,,,,,,,,,,,,,,,,,
nachreichen,False,,,,,,,,,,1.0,,1.0,,,,,,,,,,,,,,,,
nachricht,False,1.0,18.0,2.0,,1.0,,2.0,12.0,2.0,,,,1.0,1.0,3.0,,9.0,,,,2.0,1.0,,,,1.0,1.0,
nachrichtenartikel,False,,,,,,1.0,,,,,,,,,,,,,,,,,,,,,,
nachrichtendienst,False,,,,,,,,1.0,,,,,,,,,,,,,,,,,,,,
nachrichtendienstlich,False,,,,,,,,,,,,,,,,,,,,,,,,,,1.0,,
nachrichtenformat,False,,,,,,,,,,,,,,,,,1.0,,,,,,,,,,,
nachrichteninhalt,False,,,,,,,,,,,,,,,,,,,,,,,,,,1.0,,
nachrichtenverkehr,False,,,,,,,,,,,,,,,,,1.0,,,,,,,,,,,
nachrichtenzyklus,False,,1.0,,,,,,,,,,,,,,,,,,,,,,,,,,
nachruf,False,,,,,,,,,,,,,,,,,,,,,,,,,,,1.0,
nachrüsten,False,,2.0,,,,,,,,,,,,,,,,,,,,,,,,,,
nachsatz,False,,,,,,,,,,,,,,,,,,,,,,,,,1.0,,,
nachschauen,False,,,1.0,,,,,,,,,,,1.0,,,1.0,,,,,,,,,,,
nachschieben,False,,,,,,,,,,,,1.0,,,,,,,,,,,,,,,,
nachschlüssel,False,,,,,,,,,,,,,,,,,,,,,4.0,,,,,,,
nachsehen,False,,,,,,,,,1.0,,,,,,,,,,,,,,,,,1.0,,
nachspezifiziert,False,,,,,,,,1.0,,,,,,,,,,,,,,,,,,,,
nachstellung,False,,,,,,,,,1.0,,,,,,,,,,,,,,,,,,,
nachsteuern,False,,,,,,,,,,,,,,,,,,,,,2.0,,,,,,,
nacht,False,,,,,,,1.0,,,,1.0,,,,,,,,,,,,,,,,,
nachtclub,False,,,,,,,,,,,,,1.0,,,,,,,,,,,,,,,
nachteil,False,,1.0,,3.0,,,,6.0,2.0,1.0,,,,1.0,,,2.0,,,,,,1.0,,,2.0,,
nachteilländ,False,,,,,,,,1.0,,,,,,,,,,,,,,,,,,,,
nachtisch,False,1.0,,,,,,,,,,,,,,,,,,,,,,,,,,,
nachtragshaushalt,False,,,,,,,,,,,,,,,,,,,1.0,,,,,,,,,
nachtraum,False,,,,,,,,,,,,,,,,,,,,,3.0,,,,,,,
nachträglich,False,1.0,,1.0,,,,,,,,,,,,,,,,,,,,,,,,,
nachts,False,,,,,1.0,1.0,,,,,2.0,,1.0,,,,,,,,,,,2.0,,,,
nachtsession,False,,,,,,,,,,1.0,,,,,,,,,,,,,,,,,,
nachtstunde,False,,,,,,,,,,,,,,,,,,,,,,,1.0,,,,,
nachverfolgbar,False,,1.0,,,,,,,,,,,,,,,,,,,,,,,,,,
nachverfolgen,False,,,,,,,,,,,,,,,,,,,,,,,,,,1.0,,
nachverfolgung,False,,,,,,,,,,,,,1.0,,,,,,,,,,,,,,,
nachverschlüsseln,False,,,,,,,,,,,,,,,,,1.0,,,,,,,,,,,
nachvollstehen,False,,,,,,,,,1.0,,,,,,,,,,,,,,,,,,,
nachvollziehbar,False,1.0,,,1.0,,,,1.0,,,,3.0,,,,,1.0,1.0,,,,,,,3.0,,,
nachvollziehbarkeit,False,,,,1.0,,,,,,,,,,,,,,,,,,,,,,,,
nachvollziehen,False,1.0,1.0,1.0,1.0,,1.0,1.0,1.0,,,,,1.0,3.0,4.0,,1.0,,2.0,,2.0,2.0,3.0,,,,1.0,
nachweis,False,,,,,,,,,,,,,,,,1.0,,,,,,,,,,,,
nachweisbar,False,,,1.0,,,,,,,,,,1.0,,,,,,,,,,,,,,,
nachweisbarkeit,False,,,1.0,,,,,,,,,,,,,,,,,,,,,,,,,
nachweisen,False,,,10.0,,1.0,,,,1.0,,,,2.0,1.0,1.0,1.0,4.0,,,1.0,,,1.0,,,,2.0,
nachwelt,False,,,,,,,,,,,,,,,,,,,,,,,,,,,1.0,
nachwort,False,,,,,,,,,,,,,,,,,,,,,,2.0,,,,,,
nachwuchs,False,,,,,,,,,,,,,,,,,,,,,,,1.0,,,,,
nachwuchsgruppenforscherin,False,,,,,,,,,1.0,,,,,,,,,,,,,,,,,,,
nachzugucke,False,,,,,,,,,,,,,,,,,1.0,,,,,,,,,,,
nackenhaar,False,,,,,,,,,,,,,,,,,,,,,,,,,,1.0,,
nackt,False,,2.0,,,1.0,,,,,,,,,,,,,,,,,,,,,,,
nacktbild,False,,3.0,,,,,,,,,,,,,,,,,,,,,,,,,,
nacktfoto,False,,3.0,,,,,,,,,,,,,,,,,,,,,,,,,,
nagel,False,,,,,,,,,,,,,,,,,,,,,,,,1.0,,,,
nah,False,1.0,1.0,,1.0,2.0,,1.0,2.0,,1.0,,,,1.0,1.0,,2.0,,3.0,2.0,4.0,,,2.0,3.0,4.0,,
nahe,False,,,,1.0,1.0,,1.0,,1.0,,,,,,,,,,,,,,,,,,,
nahelegen,False,,1.0,,,,,,,,,,,,,,,,,,,,,,,,,,
naheliegend,False,,,,,,,,1.0,1.0,,,,,,,1.0,,,2.0,,,,,,1.0,,,
naheliegt,False,,,1.0,,,,,,,,,,,,,,,,,,,,,,,,,
nahestehen,False,,,,,,,,,,,,,,,,,,,,,,,,,,1.0,,
nahrungsmittelversorgung,False,,,,,,1.0,,,,,,,,,,,,,,,,,,,,,,
nahverkehr,False,,,,,,,,,,,,,,,,,,,,1.0,,,,,,,,
nahzeit,False,,,,,,,,,,,,,,,,1.0,,,,,,,,,,,,
nairobi,False,,,,,,,,,,,,,,,,,,,,,,3.0,,,,,,
naiv,False,,1.0,,,,,,,1.0,,,,,1.0,,,,,,,,,,,,,,
naivität,False,,,,,,,,,,,,,,1.0,,,,,,,,,,,,,,
naja,False,3.0,,,14.0,23.0,,26.0,8.0,14.0,7.0,12.0,5.0,8.0,8.0,24.0,1.0,13.0,,14.0,10.0,18.0,9.0,2.0,2.0,8.0,6.0,7.0,
name,False,3.0,2.0,6.0,4.0,10.0,1.0,3.0,4.0,3.0,3.0,1.0,7.0,2.0,,2.0,,2.0,3.0,3.0,1.0,2.0,1.0,1.0,2.0,3.0,5.0,5.0,1.0
namens,False,,1.0,,,2.0,,,,,,,,1.0,,,,1.0,,,,,,,,,,,
namensgebung,False,,,,,1.0,,,,,,,,,,,,,,,,,,,,,,,
namensgedächtnis,False,,,,,,,,,,,,1.0,,,,,,,,,,,,,,,,
namentlich,False,,,,1.0,,,,,,2.0,,,,,1.0,,,,,,4.0,,,,,,,
nancy,False,,5.0,,,,,1.0,,,,,,,,,,,,,,,,1.0,,,,,
narrativ,False,,3.0,,2.0,,,4.0,,,,1.0,3.0,,,,,,,,,4.0,,,,,,,
narrative,False,,,,2.0,,,,,,,,,,,,,,,,,,,,,,,,
nasa,False,,,,,,,,,,,,1.0,,,,,,,,,,,,,,,,
nase,False,,,,,,,,1.0,,,,,,1.0,,,,1.0,,,,,,,,1.0,1.0,
natel,False,1.0,,,,,,,,,,,,,,,,,,,,,,,,,,,
nation,False,,,,,,,,,,3.0,,,,,1.0,,,,,,,,,,,,,1.0
national,False,,2.0,,,7.0,1.0,1.0,,2.0,4.0,,,,,3.0,9.0,,,,,4.0,,,,1.0,,,9.0
nationalbibliothek,False,,,,,,,,,,,,,,,,,,,,,,,,,,,1.0,
nationaler,False,,,,,,,,,,,,,,,,1.0,,,,,,,,,,,,
nationalgesetzgebung,False,,,,,,,,,1.0,,,,,,,,,,,,,,,,,,,
nationalrecht,False,,,,,,1.0,,,,,,,,,,,,,,,,,,,,,,
nationalstaat,False,,,,,2.0,1.0,,,2.0,,,,,,,,,,,,,,,,,,,
native,False,,,,,,,1.0,,,,,,,,,,,,,,,,,,,,,
natur,False,,1.0,,,,,,2.0,,1.0,,,,,,,,,,,,,,,,1.0,,
naturschutz,False,,,,,,,,,,,,,,,,,,,,,,,,,1.0,,,
natürlich,True,21.0,27.0,47.0,69.0,74.0,29.0,27.0,35.0,42.0,38.0,24.0,24.0,31.0,21.0,48.0,38.0,30.0,42.0,28.0,47.0,122.0,57.0,33.0,6.0,38.0,28.0,35.0,66.0
navigation,False,,,,,,,,,,,,,,,,,,,,,,,,,1.0,,,
nazi,False,,,,,,,,,1.0,,,1.0,,2.0,,,,,,,,,,,,,,
nazitraditione,False,,,,,,,,,,,,1.0,,,,,,,,,,,,,,,,
nda,False,,,,,,,,,,,,,,,1.0,,,,,,,,,,,,,
ndr,False,,1.0,7.0,,,,,,,,,,,,1.0,,,,,,,,,,,,,
ne,False,4.0,48.0,38.0,7.0,8.0,47.0,15.0,10.0,7.0,,,2.0,2.0,,3.0,1.0,1.0,3.0,2.0,3.0,6.0,2.0,,2.0,,1.0,1.0,1.0
neben,True,1.0,,,1.0,4.0,,1.0,,,1.0,,3.0,,,3.0,,3.0,,,,7.0,,1.0,,1.0,,2.0,
nebenbaustelle,False,,1.0,,,,,,,,,,,,,,,,,,,,,,,,,,
nebenbei,False,,,,,,,,,,,,,,,,,,,1.0,,,,,,,,,
nebendran,False,,,,,,,,,,,,,,,,,,,,,,,,1.0,,,,
nebeneinander,False,,,,,,,,,,,,1.0,,,,,,,,1.0,,,,,,1.0,,
nebenfigur,False,,,,,,,,,,,,2.0,,,,,,,,,,,,,,,,
nebengeplant,False,,,,,,,,,,,1.0,,,,,,,,,,,,,,,,,
nebenher,False,,,,,,,,,,,,,,,,,,,,,,,2.0,,,,,
nebenrolle,False,,,,,,,,,,,,1.0,,,,,,,,,,,,,,,,
nebensatz,False,,,,,,,,,,,,,1.0,,,,,,,,,,,,,,,
nebenstellen,False,,,,,,,,,,,,,,,1.0,,,,,,,,,,,,,
nebenstellennummer,False,,,,,,,,,,,,,,,1.0,,,,,,,,,,,,,
nebenveranstaltung,False,,,,,,,,,,,,,,,,,,,,,,,,,,1.0,,
nebenwirkung,False,,,1.0,,,,,,,,,,,,,,,,,,,,,,,1.0,,
necmac,False,,,,,,,,,,,,,,,,,,,,,6.0,,,,,,,
necmec,False,,,,,,,,,,,,,,,1.0,,,,,,,,,,,,,
nee,False,2.0,7.0,8.0,10.0,18.0,19.0,13.0,5.0,8.0,,1.0,18.0,6.0,,21.0,2.0,6.0,3.0,4.0,8.0,21.0,1.0,2.0,,1.0,3.0,4.0,2.0
need,False,,,,,,,,,,,,1.0,,,,,,,1.0,,,,,,,,,
negativ,False,,,,,1.0,,1.0,,,,,,1.0,,,1.0,,4.0,1.0,7.0,4.0,,,,1.0,,,
negative,False,,,,,,,,,,,,,,,,,,,,,,,,,,1.0,,
negatives,False,,,,,,,,,,,,,,,,,,,,1.0,,,,,,,,
nehme,False,,,,,,,,,,,,,,,,,,,,,,,,,,,1.0,
nehmen,False,4.0,11.0,6.0,12.0,4.0,9.0,10.0,4.0,9.0,8.0,8.0,10.0,3.0,2.0,5.0,3.0,10.0,3.0,6.0,9.0,26.0,8.0,5.0,6.0,2.0,7.0,12.0,6.0
neidisch,False,,,,,,,,,,,,,,,,,,,,,,,,,,1.0,1.0,
neigen,False,,,,,,,,,,,,,,,,,,,,,,,1.0,,,,,
nein,True,5.0,3.0,7.0,51.0,5.0,,11.0,4.0,9.0,10.0,5.0,11.0,10.0,2.0,33.0,,13.0,3.0,5.0,4.0,36.0,4.0,,7.0,1.0,6.0,6.0,3.0
nemesis,False,,,,1.0,,,,,,,,,,,,,,,,,,,,,,,,
nenn,False,,,,,,,,,,1.0,,,,,,,,,,,,,,,,,,
nenne,False,1.0,,,,,,,,,,,,,,,,,,,,,,,,,,,
nennen,False,1.0,11.0,2.0,3.0,8.0,6.0,3.0,17.0,2.0,12.0,,9.0,3.0,2.0,9.0,6.0,2.0,4.0,4.0,10.0,12.0,13.0,7.0,1.0,4.0,4.0,5.0,3.0
nennenswert,False,,,,,,,,,,,,,,,,,,,,,2.0,,,,,,,
nennenswerte,False,,,,,,,,,,,,,,,,,,,,,,,,,1.0,,,
nennt,False,,,,,,,,,,,,,,,,,,,,,,,,,,1.0,,
neo,False,,,,,,,,,,,,2.0,,,,,,,,,,,,,,,,
neoliberal,False,,,,,,,,,,,,,,,,,,,,,,3.0,,,,,,
ner,False,1.0,,,,,,,,,,,,,,,,,,,,,,,,,,,
nerd,False,2.0,,,1.0,,,,,,,,3.0,1.0,,,,,,2.0,2.0,,,,3.0,,,,
nerden,False,,,,,,,,,,,,,1.0,,,,,,,,,,,,,,,
nerdkram,False,,,,,,,,,,,,,,,,,,,,,,,,1.0,,,,
nerds,False,,,,1.0,,,,,,,,,,,,,,,,,,,,,,,,
nerdy,False,,,,,,,,,,,,1.0,,,,,,,,,,,,,,,,1.0
neriern,False,,,,,,,,,,,,,,,,,1.0,,,,,2.0,,,,,,
nerv,False,,,,,,,,,,,,,,,,,,,1.0,,,,,,,,,
nerven,False,,1.0,1.0,,,,,,,,,1.0,,,,,1.0,,1.0,1.0,,,,,,1.0,2.0,
nervenaufreibend,False,,,,,,,,,,,,,,,,,,1.0,,,,,,,,,,
nervig,False,1.0,,,2.0,,,,,,,,,,,,,1.0,,1.0,,,,,,,,,
nervte,False,,,,,,,1.0,,,,,,,,,,,,,,,,,,,,,
netflix,False,,,,,,,,,,,,2.0,1.0,,,,,,,,,,,,,,,
nett,False,,,,1.0,,,,2.0,,1.0,,,,,1.0,,1.0,1.0,,1.0,3.0,,,1.0,,,,1.0
network,False,,,,,,,,,,,,,,,2.0,,,,,,4.0,,,1.0,,,,
networks,False,,,,,,,,,,,,,,,,,,,,,,,,,,,2.0,
netz,False,3.0,1.0,,,1.0,,1.0,,1.0,,,2.0,,,11.0,3.0,2.0,,,,2.0,,,,,2.0,7.0,
netzaktivistin,False,,,,1.0,,,,,,,,,,,,,,,,,,,,,,,,
netzaktivistisch,False,,1.0,,,1.0,,,,,,,,,,1.0,,,,,,,,,,,,,
netzbetreiber,False,,,,,,,,,,,,,,,6.0,,,,,,,,,,,,,
netzdg,False,,,,,,,,,,,,,,,,,,,,,2.0,,,,,,,
netzentralitätsgesetz,False,,,,,,,,,,,,,,,,,,,,,,,,,,1.0,,
netzgeg,False,,,,,,,,,,,,,,,,1.0,,,,,,,,,,,,
netzneutralität,False,,,,,,,,,,,,,,,,,,,,,7.0,6.0,,,,5.0,,
netzneutralitätsreform,False,,,,,,,,,,,,,,,,,,,,,,,,,,1.0,,
netzneutralitätsthema,False,,,,,,,,,,1.0,,,,,,,,,,,,,,,,,,
netzpolitik,False,,,,,1.0,2.0,,,,1.0,3.0,,1.0,1.0,1.0,,,,2.0,,,,,,,10.0,,
netzpolitikartikel,False,,1.0,,,,,,,,,,,,,,,,,,,,,,,,,,
netzpolitisch,False,,2.0,,,,,,,,,3.0,,1.0,1.0,,,,,,,,,1.0,,3.0,30.0,,
netzpolitische,False,,,,,,,,,,,,,,,,,,,,,,,,,,1.0,,
netzseutralität,False,,,,,,,,,,,,,,,,,,,,,,,,,,2.0,,
netzseutralitätsverletzung,False,,,,,,,,,,,,,,,,,,,,,,,,,,1.0,,
netzteil,False,,,,,,,,,,,,,,,,,,,,,,,,1.0,,,,
netzwerk,False,,8.0,1.0,,,,,2.0,,,,,,,1.0,,,,,,,2.0,,,,2.0,,
netzwerken,False,,2.0,,,,,,,,,,,,,,,,,,,,1.0,,,,,,
netzwerkinfrastruktur,False,,,,,1.0,,,,,,,,,,,,,,,,,,,,,,,
netzwerkkabel,False,,,,,,,,,,,,,,,,,,,,,,,,1.0,,,,
netzwerkstruktur,False,,,,,,,,,,,,,,,1.0,,,,,,,,,,,,,
netzwerkverkehr,False,,,1.0,,,,,,,,,,,,,,,,,,,,,,,,,
netzwerkübertragung,False,,,,,,,,,,,,,,,,,,,,,,,,1.0,,,,
neu,True,5.0,5.0,5.0,4.0,2.0,3.0,22.0,13.0,12.0,6.0,3.0,5.0,7.0,6.0,2.0,15.0,9.0,5.0,6.0,7.0,28.0,7.0,7.0,9.0,26.0,10.0,8.0,13.0
neub,False,,,,,,,,,,,,,,,,1.0,,,,,,,,,,,,
neubeschaffung,False,,,,,,,,,,,,,,,,,,,1.0,,,,,,,,,
neue,False,,1.0,,1.0,,1.0,,,,,,,4.0,2.0,2.0,,,,,,7.0,,,,,2.0,2.0,2.0
neuerung,False,1.0,,,,,,,,,,,,,,,,,,,,,,,,,,1.0,
neuestem,False,,,,,,,,1.0,,,,,,,,,,,,,2.0,,,,,,,
neugier,False,,,,,,,,,,,,,,,,,,,,,2.0,,,,,,,
neugierde,False,,,,,,,,1.0,,,,,,,,1.0,,,,,,,,,,,,
neugierfrage,False,,,1.0,,,,,,,,,,,,,,,,,,,,,,,,1.0,
neugierig,False,,,,,,,,,,,,,,,,2.0,,,,,,,,,,,,
neugründung,False,,,,,1.0,,,,,,,,,,,,,,,,,,,,1.0,,,
neuigkeit,False,,,,,1.0,,,,,,,,,,,,,,,,,,,,,,,
neulabor,False,,,,,1.0,,,,,,,,,,,,,,,,,,,,,,,
neuland,False,,,,,,,3.0,,,,,,,,,,,1.0,,,,,,,,,,
neulich,False,,,,,,,2.0,,,,,1.0,,,,,,,,1.0,2.0,,,,,1.0,1.0,
neumarkt,False,,,,,,,,,,,,,,,,,,,,,,,2.0,,,,,
neun,True,,,,,,3.0,,,,,,,,,,,,1.0,,,2.0,,2.0,1.0,,3.0,,
neunter,True,,,,,,,,,,,,,,,,1.0,,,,,,,,,,,,
neunundvierzig,False,,,,,,1.0,,,,,,,,,,,,,,,,,,,,,,
neuschaffung,False,,,,,,,,,,,,,,,,,,,,,,,,,1.0,,,
neutral,False,,2.0,,1.0,1.0,,1.0,,,,,2.0,,,,,,2.0,,,,,,,,5.0,1.0,1.0
neutrale,False,,,,,,,,,,,,,,,,,,,,,,,,,,1.0,,
neutralität,False,,1.0,,,,,,,,,,,,,,,,,,,,,,,,1.0,,
neuwahl,False,,,,,,,,,,,,,,,,,,,1.0,,,,,,,1.0,,
neuzeit,False,,,,,,,,,,,,,,,1.0,,,,,,,,,,,,,
neuzeitlich,False,,,,,,,,,,,,1.0,,,,,,,,,,,,,,,,
never,False,,1.0,,,,,,,,,,,,,,,,,,,,,,,,,,
nevertheless,False,,,,,,,,,,,,,,,,,,,,,,,,,1.0,,,
new,False,,,,,3.0,,,,,9.0,,,,,,,,,,,,2.0,,,,2.0,,
newsletter,False,,,,,,,,,,,,,,,,,,,,,,4.0,,,,2.0,,
newsmeldunge,False,,,,,,,,,,,,,,,,,,,,,,,,,,,1.0,
newsseite,False,,,,,,,,,,,,,,,1.0,,,,,,,,,,,,,
nexibel,False,1.0,,,,,,,,,,,,,,,,,,,,,,,,,,,
next,False,,,,1.0,,,,,,,,,,,,,,,,,,,,,,,,
ngo,False,,,,,,,1.0,,2.0,1.0,,,,,,2.0,,1.0,,,,3.0,,,,2.0,,1.0
ngos,False,,1.0,,,1.0,,,,2.0,3.0,,,,1.0,,1.0,,2.0,,,,5.0,1.0,,,7.0,,
nibbler,False,,,,,,,,,,,,,,,7.0,,,,,,,,,,,,,
nicht,True,170.0,201.0,147.0,210.0,254.0,186.0,239.0,165.0,217.0,99.0,90.0,170.0,171.0,99.0,247.0,95.0,158.0,93.0,170.0,207.0,595.0,188.0,85.0,85.0,82.0,133.0,145.0,89.0
nichtdebatte,False,,,,,,,,,,,,,,,1.0,,,,,,,,,,,,,
nichte,False,,1.0,,,,,,,,,,,,,,,,,,,,,,,,,,
nichtichtmacht,False,,,,1.0,,,,,,,,,,,,,,,,,,,,,,,,
nichtig,False,,,,,,,,,,,,,,,2.0,,,,,,,,,,,,,
nichtmelden,False,,,,,,,,,,,,,,,,,1.0,,,,,,,,,,,
nichtraubladauer,False,,,,,,,,,,,,,,,,,,,1.0,,,,,,,,,
nichtregierungsorganisation,False,,,,,,,,,,,,,,,,,,,,1.0,,2.0,,,,,,1.0
nichts,True,7.0,15.0,13.0,12.0,6.0,2.0,16.0,3.0,19.0,3.0,2.0,10.0,10.0,7.0,15.0,2.0,8.0,3.0,5.0,7.0,30.0,6.0,3.0,3.0,4.0,10.0,9.0,6.0
nichtsdestotrotz,False,,,1.0,,,,,,,2.0,,,,,,1.0,,1.0,,,,,,,,,,
nichtsicherheit,False,,,,,,,,,,,,,,,,,,,,,2.0,,,,,,,
nichtwissen,False,,,,,,,,,,,,,,,1.0,,,,,,,,,,,,,
nichtwissende,False,,,,,,,,,,,,,,,1.0,,,,,,,,,,,,,
nichtöffentlich,False,,,,,,1.0,,,,,,,,,,,,,,,,,,,,,,
nick,False,,,,,,,,1.0,,,,,,,,,,,,,,,,,,,,
nicken,False,,,,1.0,,,,,,,,,,,,1.0,,,,,2.0,,,,,,,
nickend,False,,,,,1.0,,,,,,,,,,,,,,,,,,,,,,,
nickname,False,,,,,,,,,,,,1.0,,,,,,,,,,,,,,,,
nico,False,,,,,,,,,,,,,,1.0,,,,,,,,,,,,,,
nicodri,False,,,,,,,,,,,,,,,,,,,,,,2.0,,,,,,
nie,True,2.0,2.0,1.0,2.0,3.0,2.0,,6.0,3.0,1.0,1.0,8.0,,1.0,5.0,4.0,3.0,2.0,2.0,,12.0,,1.0,2.0,,7.0,5.0,3.0
nieder,False,,,,,,,1.0,,,,,,,1.0,,,,,,,,,,,,,,
niederfick,False,,,,,,,,,,,,,,,,,,,,,,,,,,1.0,,
niedergeschrieben,False,,,,,,,,,,,,,,,,,,,,,,,1.0,,,,,
niederland,False,,,,,1.0,,,,,,,,,,,,,,,,,,,,,,,
niederlande,False,,,,,1.0,,,,,,,,,,,,,,,,,,,,,,,
niederlanden,False,,,,,,,,,1.0,,,,,,,,,,,,,,,,,,,
niederlegen,False,,,,,,,,,,,,,,,,,,,,,,,1.0,,,,,
niederschlägen,False,,,,,,,,,,,1.0,,,,,,,,,,,,,,,,,
niederschwellig,False,,,1.0,,,,,,,,,,,,,,,,,,,,,,,,,
niedlich,False,,,,,,,,1.0,,,,,,,,,,,,,,,,,,,,
niedrig,False,,,1.0,,,,,,,,,,2.0,,,,,,1.0,,2.0,,,,,,,
niedriglohnsektor,False,,,,,,,1.0,,,,,,,,,,,,,,,,,,,,,
niedrigschwellig,False,1.0,1.0,,,,,,,,,,,,,,,,,,,,,,,,,,
niedrigwelt,False,,1.0,,,,,,,,,,,,,,,,,,,,,,,,,,
niemals,False,,,,,8.0,,,,,,,1.0,,,2.0,,,1.0,,,,,,,,6.0,,1.0
niemand,True,1.0,10.0,8.0,,10.0,1.0,1.0,3.0,3.0,,1.0,4.0,3.0,1.0,7.0,3.0,3.0,3.0,4.0,3.0,22.0,,3.0,,,3.0,2.0,
niet,False,,,,,,,,,,,,,,,,,,,,,,,,1.0,,,,
nigeria,False,,,,,,,,,,,,,,,,,,,,,,2.0,,,,,,
niklas,False,12.0,,,,,,,,,,,,,,,,,,,,,,,,,,,
nimm,False,1.0,,,,,,,,,,,,,,,,,,1.0,,,,,,,,,
nimmen,False,,,,1.0,,,,,,,,,,,,,,,,,,,,1.0,,,,
nimmst,False,,,,,,,,,,,,,,,,,,,,,,,,,,,,1.0
nimo,False,,,,,,,,,,,,,,,,,,,,,,,,1.0,,,,
nirgends,False,,,,,,,,,,,,,,,,,,,,,2.0,,,,,,,
nirgendwo,False,,,,,1.0,,1.0,,,,,,,,,,,,,,8.0,,,1.0,,,1.0,
nische,False,,,,,,,,,,,,,,,,,1.0,,,,2.0,,,,,2.0,,
nischending,False,,,,,,,,,,,,,,,,,,,,1.0,,,,,,,,
nischenforderung,False,,,,,1.0,,,,,,,,,,,,,,,,,,,,,,,
nischenthema,False,,,,,,,,,,,,,,,,,,1.0,,,,,,,,,1.0,
nischig,False,,,,,,,,,1.0,,,,,,,,,,,,2.0,,,,,,,
nischiger,False,,,,,,,,,,,,,,,,,,,,,2.0,,,,,,,
nist,False,,,,,,,,,,,,,,,,,,,,,2.0,,,,,,,
niveau,False,,,,1.0,,,,,,,,,,,,,,,,,,,,1.0,,,,6.0
nix,False,,,1.0,,1.0,12.0,1.0,1.0,,,,,,1.0,,,,,,,,,,,,,,
no,False,,,,,,1.0,,,,,,,,,,,2.0,,,,4.0,,,,,,1.0,
nobila,False,,,,,,,,,,,,,,,1.0,,,,,,,,,,,,,
noch,True,85.0,79.0,65.0,77.0,81.0,56.0,81.0,55.0,88.0,41.0,35.0,88.0,56.0,35.0,76.0,37.0,87.0,42.0,79.0,88.0,202.0,79.0,49.0,38.0,23.0,80.0,61.0,41.0
nochmal,False,,18.0,27.0,28.0,19.0,,18.0,28.0,23.0,12.0,20.0,16.0,10.0,7.0,36.0,30.0,24.0,20.0,25.0,16.0,83.0,23.0,25.0,10.0,18.0,4.0,8.0,10.0
nochmals,False,,,,,,,,,,,,,,,1.0,,,,,,,,,,,,,
noego,False,,,1.0,,,,,,,,,,,,,,,,,,,,,,,,,
nog,False,,,,,,,,,,,,,,,,,,,,,,,,1.0,,,,
nollywood,False,,,,,,,,,,,,2.0,,,,,,,,,,,,,,,,
nord,False,2.0,,,,,,,,,,,,,,,,,,,,,,,,,,,
nordafrika,False,,,,,,,,,,,,,,,,,,,,,,1.0,,,,,,
nordamerika,False,,,,,,,,1.0,,,,,,,,,,,,,,1.0,,,,,,
norden,False,,,,,,,,,,,,,,,,,,,,,,28.0,,,,,,
nordisch,False,,,,,,,1.0,,,,,,,,,,,,,,,,,,,,,
nordkorea,False,,,,,1.0,,,,,,,,,,,,,,,,,,,,,,,
norm,False,2.0,,,,,,1.0,,,,,,,1.0,,,,1.0,,,,2.0,,,,,,
normal,False,4.0,,1.0,2.0,1.0,9.0,1.0,1.0,4.0,1.0,,2.0,18.0,2.0,1.0,,2.0,3.0,2.0,2.0,,5.0,,5.0,,1.0,6.0,3.0
normalerweise,False,,,1.0,4.0,1.0,1.0,,,,,3.0,,1.0,2.0,,,,,2.0,,,1.0,,,,,,3.0
normalfall,False,,,,,,,,,,,,1.0,,,,,,,,,,,,,,,,
normalisieren,False,,,,,,,,,,,,,,,,,,,,,,6.0,,,,,,
normalisierung,False,,,,,2.0,,,,,,,,,,,,,,,,,,,,,3.0,,
norman,False,1.0,,,,,,,,,,,,,,,,,,,,,,,,,,,
normativ,False,1.0,,,,,,,,1.0,,,,,,,,,,,,,,,,,,,
normieren,False,,,,,,,,,,1.0,,,,,,,,,,,,,,,,,,
normungsinstitution,False,,,,,,,,,,,,,,,,,,,,,,,,,,,1.0,
north,False,,,,,,,,,,,,,,,,,,,,,,1.0,,,,,,
northern,False,,,,,,,,,,,,1.0,,,,,,,,,,,,,,,,
not,False,,,,,,,1.0,,,,,,,,,,1.0,,,1.0,,,,,,2.0,,
notar,False,,,,,,,,,4.0,,,,,,,,,,,,,,,,,,,
note,False,,1.0,,,,,6.0,,,,,,,1.0,,,1.0,,,,,,,,,,,
notes,False,,,,,,,,,,,,,,,,,,,,,,,,,,1.0,,
notice,False,,,,,,,,1.0,,,,,,,,,,,,,,,,,,,,
notifications,False,,,,,,,,,,,,,,,,,,,,,,,,,,,,1.0
notorie,False,,,,,,,,1.0,,,,,,,,,,,,,,,,,,,,
notorisch,False,1.0,,,,,,,,,,,,,,,,1.0,,,,,,,,,,,
notwendig,False,,,,,4.0,1.0,1.0,1.0,,,,1.0,,,1.0,1.0,,,1.0,1.0,2.0,,3.0,,,2.0,,2.0
notwendige,False,,,,,,,,,,,,,,,5.0,,,,,,,,,,,,,
notwendigkeit,False,,,,,,,,,,,,,,,,,,,,,,,,,,,,1.0
notz,False,,,,,,,,,,,,,,,,,,,,,4.0,,,,,,,
novego,False,,,1.0,,,,,,,,,,,,,,,,,,,,,,,,,
novellieren,False,,,,,,,,,,,,,,,,,,,1.0,,,,,,,,,
novellierung,False,,,,,,,1.0,,,,,,,,,,,1.0,,,,,,,,,,
november,False,,,,,1.0,1.0,,,5.0,1.0,2.0,,,1.0,,1.0,,,,,4.0,,3.0,,,,1.0,
novum,False,,,,,,,,,,,,,,,1.0,,,,,,,,,,,,,
now,False,,,,,1.0,,,,,,,,,,,,,,,,,,,,,,,
nrw,False,,,1.0,,,1.0,,,,,,,,,,,,1.0,1.0,,,,6.0,,,,,
nsa,False,,3.0,,,,15.0,,2.0,2.0,,,,,,,,,,,,,,,,,,,
nsdap,False,,,,,,,,,,,,1.0,,,,,,,,,,,,,,,,
nse,False,,,,,,,,,2.0,,,,,,,,,,,,,,,,,,,
nsl,False,,,,,,1.0,,,,,,,,,,,,,,,,,,,,,,
nso,False,,,,,29.0,,1.0,,,,,,,,,,,,,,,,,,,,,
nsu,False,,,,,,1.0,,,,,,,,,,,,,,,,,,,,,,
nuance,False,,,,,,,,,,,,,,,,,,,,,4.0,,,,,,,
nudel,False,,,,1.0,,,,,,,,,,,,,,,,,,,,,,,,
nudging,False,,,,,,,,,,,,,,,,,,,,2.0,,,,,,,,
nuklear,False,,,,,,,,,,,,,,,,,,,,,3.0,,,,,,,
null,False,,,2.0,,1.0,,,,2.0,,,1.0,4.0,,1.0,,,,,,2.0,,,1.0,,,,
nulle,False,,,1.0,,,,1.0,,,,,1.0,,,,,,,,,,,,,,,,
nullmals,False,,,,,,,,,,,1.0,,,,,,,,,,,,,,,,,
nullnummer,False,,,,,,,1.0,,,,,,,,,,,,,,,,,,,,,
nulpe,False,,,,,,,,,,,,,,,,1.0,,,,,,,,,,,,
numerisch,False,,,,,,,,,,,,,,,,,,,,,,2.0,,,,,,
nummer,False,,2.0,2.0,3.0,2.0,,2.0,2.0,,,,2.0,1.0,,,,3.0,1.0,,1.0,,,,1.0,3.0,1.0,,
nummerliste,False,,,,,1.0,,,,,,,,,,,,,,,,,,,,,,,
nun,True,,1.0,,2.0,2.0,1.0,3.0,8.0,3.0,2.0,,2.0,1.0,,,,1.0,1.0,4.0,3.0,4.0,2.0,4.0,,1.0,,2.0,10.0
nur,True,61.0,58.0,39.0,50.0,90.0,19.0,49.0,25.0,61.0,36.0,14.0,45.0,33.0,16.0,70.0,17.0,43.0,25.0,21.0,37.0,110.0,29.0,15.0,34.0,5.0,48.0,57.0,22.0
nut,False,1.0,,,,,,,,,,,,,,,,,,,,,,,,,,,
nutzbar,False,,,,1.0,,,,,,,,,,,1.0,2.0,,,,1.0,4.0,,,,,,,
nutzen,False,1.0,4.0,1.0,9.0,14.0,3.0,,,13.0,2.0,,,1.0,3.0,7.0,9.0,4.0,2.0,2.0,13.0,8.0,2.0,,6.0,2.0,2.0,5.0,
nutzende,False,,,,,,,,,,,,,,,,,,,,,,,,,,,1.0,
nutzenden,False,,,,,,,,,,,,,,,,,,,1.0,1.0,,,,,,,,
nutzender,False,,,,,,,,,,,,,,,,,,,,1.0,,,,,,,1.0,
nutzer,False,3.0,,1.0,,,,,,,,,,,1.0,1.0,5.0,4.0,,,2.0,6.0,2.0,,,,,1.0,
nutzerbasis,False,,,,,,,,1.0,,,,,,,,,,,,,,,,,,,,
nutzerfreundlich,False,,,,,,,,,,,,,,,,,,,,1.0,,,,,,,,
nutzerfreundlichkeit,False,,,,,,,,,,,,,,,,,,,,1.0,,,,,,,,
nutzerin,False,6.0,,,,,,,,,,,,,,,3.0,2.0,,,1.0,,2.0,,,,,,
nutzerinnen,False,1.0,2.0,,,,,,,,,,,,,,8.0,1.0,,,1.0,,4.0,,,,,,
nutzerinnenrecht,False,,,,,,,,,,,,,,,,3.0,,,,,,,,,,,,
nutzerinnenrechte,False,,,,,,,,,,,,,,,,3.0,,,,,,,,,,,,
nutzerinnus,False,,,,,,,,,,,,,,,,1.0,,,,,,,,,,,,
nutzerinrecht,False,,,,,,,,,,,,,,,,1.0,,,,,,,,,,,,
nutzerkont,False,,,,,,,,,,,,,,,,,,,,,,,,,,,,1.0
nutzerraum,False,,,,,,,,,,,,,,,,,,,,,,,,1.0,,,,
nutzerschaft,False,,,,,,,,,,,,1.0,,,,,,,,,,,,,,,,
nutzerzahle,False,1.0,,,,,,,1.0,,,,,,,,,,,,,,,,,,,,
nutzung,False,,,1.0,2.0,2.0,,1.0,,,,,,,,,,,,,1.0,2.0,,,,,,1.0,
nutzungsberechtigt,False,,,,3.0,,,,,,,,,,,,,,,,,,,,,,,,
nutzungsberechtigte,False,,,,1.0,,,,,,,,,,,,,,,,,,,,,,,,
nutzungsberechtigten,False,,,,1.0,,,,,,,,,,,,,,,,,,,,,,,,
nutzungsberechtigung,False,,,,1.0,,,,,,,,,,,,,,,,,,,,,,,,
nutzungsentzündung,False,,,,,,,,,,,2.0,,,,,,,,,,,,,,,,,
nutzungsfreundlichkeit,False,,,,,,,,,,,,,,,,,,,,1.0,,,,,,,,
nutzungsgesetz,False,,,,,,,,,,,1.0,,,,,,,,,,,,,,,,,
nutzungsrebühr,False,,,,,1.0,,,,,,,,,,,,,,,,,,,,,,,
nutzungsszenarie,False,,,,1.0,,,,,,,,,,,,,,,,,,,,,,,,
nutzungszweck,False,,,,1.0,,,,,,,,,,,,,,,,,,,,,,,,
nuxusansatz,False,,,,1.0,,,,,,,,,,,,,,,,,,,,,,,,
nächst,False,,,,,,,,,,,,,,,,,,,,3.0,,,,,,,,
nächste,False,,,,,,,,,,,,,,,1.0,1.0,,,,,,,,,,,,
nächster,False,4.0,7.0,1.0,10.0,5.0,5.0,5.0,3.0,3.0,1.0,3.0,4.0,3.0,1.0,9.0,3.0,5.0,3.0,9.0,8.0,33.0,7.0,10.0,3.0,4.0,7.0,6.0,1.0
nächstes,False,,,,,,,1.0,,,,,,,,,,,,,,,,,,,,,
nägel,False,,,,,,,,,,,,,,,,2.0,,,,,,,,,,,,
näh,False,,,,,,,,,,,,,,,,,,,,,2.0,,,,,,,
nähe,False,,,,,1.0,,,,,,,1.0,,,,,,,,,,,,,,,,
nähere,False,,,,,,,,,,,,,,,,,,,,,,,,,1.0,,,
nähern,False,,1.0,,,,1.0,,,,,,,,,1.0,,,,,,,2.0,,,,,,
nämlich,False,11.0,12.0,11.0,17.0,18.0,18.0,11.0,8.0,17.0,9.0,2.0,15.0,3.0,5.0,15.0,6.0,3.0,8.0,1.0,12.0,28.0,14.0,5.0,6.0,12.0,9.0,14.0,5.0
nö,False,,1.0,,3.0,,,,,,,,1.0,1.0,1.0,,,,,,,,2.0,,,,,1.0,
nördernfeld,False,1.0,,,,,,,,,,,,,,,,,,,,,,,,,,,
nördlich,False,1.0,,,,,,,,,,,,,,,,,,,,,,,,,,,
nötig,False,,,2.0,,,,,,1.0,1.0,,,1.0,,,1.0,,,,,,,,,,,1.0,
nützen,False,,,,,,,1.0,,,,,,2.0,,,,,,,1.0,2.0,,,,,,,
nützlich,False,,,,,,,,,,,,,,,,,,,,1.0,,,,1.0,,,,
ob,True,16.0,18.0,18.0,18.0,14.0,8.0,24.0,6.0,15.0,13.0,2.0,26.0,14.0,4.0,15.0,7.0,19.0,9.0,16.0,12.0,45.0,16.0,7.0,3.0,11.0,3.0,15.0,7.0
obd,False,,,,2.0,,,,,,,,,,,,,,,,,,,,,,,,
obdachlose,False,,,,,,,,,,,,,,,,,,,,,,,1.0,,,,,
obdort,False,,,,1.0,,,,,,,,,,,,,,,,,,,,,,,,
oben,True,4.0,3.0,,,,2.0,3.0,,6.0,1.0,1.0,1.0,,,,,1.0,1.0,,,3.0,2.0,1.0,,1.0,,2.0,
obendrauf,False,1.0,,,,,,,,,,,,,,,,,,,1.0,,,,,,,,
oberer,False,,,,,,1.0,,,3.0,,,,,,,,,,,,,,,,,,,
oberflächlich,False,,,1.0,,1.0,,,,,,,,,,,,,,,,,,,,,,,
oberthema,False,,,,,,,,,,,,,,,,,,1.0,,,,,,,,,,
oberverwaltung,False,,,,,,,,,,,,,,,,,,,,,,,1.0,,,,,
oberverwaltungsgericht,False,,,,,,,,,,,,,,,,,,,,,,,4.0,,,,,
oberverwaltungsgerichte,False,,,,,,,,,,,,,,1.0,,,,,,,,,,,,,,
oberüberschrift,False,,,,,,,,,,,,,1.0,,,,,,,,,,,,,,,
objekt,False,,,,,,,,,,,,1.0,,,,,,,,,,,,,,,,
objektiv,False,,,,,,,,,,,,,,,,2.0,,,,,,,5.0,,,1.0,,
obleuterrund,False,,,,,,,,,,,,,,,,,,1.0,,,,,,,,,,
obscurity,False,,,,1.0,,,,,,,,,,,,,,,,,,,,,,,,
obskur,False,,,,,,,,,,,,,,,,,,,,,,,,,,1.0,,
obwohl,False,,2.0,1.0,1.0,1.0,1.0,3.0,1.0,4.0,,,2.0,3.0,1.0,3.0,,1.0,,2.0,,2.0,5.0,2.0,1.0,,2.0,3.0,
och,False,,,,,,,,1.0,,,,1.0,,,,,,,,,,,,,,,,
oder,True,138.0,87.0,106.0,112.0,109.0,79.0,68.0,56.0,81.0,65.0,32.0,134.0,59.0,48.0,92.0,61.0,69.0,73.0,69.0,92.0,209.0,79.0,57.0,65.0,35.0,61.0,84.0,54.0
oecd,False,,,,,,,,,,,,,,,,,,,,,2.0,,,,,,,
oettinger,False,,,,,,2.0,,,,,,,,,,,,,,,,,,,,,,
oeuvres,False,,,,,,,,,,,,,,,1.0,,,,,,,,,,,,,
of,False,,,,,1.0,,1.0,3.0,1.0,1.0,,,1.0,,,1.0,,,,,,4.0,,,,1.0,1.0,
off,False,,,,,,,,1.0,,,,,,,,,,,,,,,,,,1.0,,
offen,True,4.0,2.0,3.0,,3.0,,1.0,9.0,14.0,4.0,5.0,,2.0,1.0,1.0,6.0,1.0,3.0,2.0,4.0,9.0,2.0,1.0,8.0,1.0,4.0,,1.0
offenbar,False,,,,3.0,4.0,1.0,2.0,1.0,,2.0,,,,,,1.0,1.0,,2.0,,10.0,,,,,,,
offenbaren,False,1.0,,,,,,,,,,,,,,,,,,,,,,,,,,,
offengelegen,False,,,,,1.0,,,,,,,,,,,,,,,,,,,,,,,
offenhalten,False,,,,,,,,,,,,,,,,,1.0,,,,,,,,,,,
offenheit,False,,,,,,,,,,,,,,,,,,,,,2.0,,,,,,,
offenige,False,,,,,,,,,,,,,,,,,,,,,,,,,,1.0,,
offenkundig,False,,,,,,,,1.0,,,1.0,,1.0,1.0,,,,,,,,,,,,,,
offenlassen,False,,,,,,,,,,,,,,,1.0,,,,,,,,,,,,,
offenlegen,False,,,,4.0,1.0,,,,,,,,,1.0,,,,,,1.0,,,1.0,,,1.0,1.0,
offensichtlich,False,1.0,,,2.0,1.0,,,,1.0,,1.0,1.0,,6.0,,3.0,,,,,,,,1.0,3.0,1.0,,
offensichtliche,False,,,,,,,,,,,,,,,,,,,,1.0,,,,,,,,
offensichtlichst,False,,,,,,,,,,,,,,1.0,,,,,,,,,,,,,,
offensiv,False,,,,,,,2.0,,,,,,,,,,,,,1.0,,,,,,,,
offenstehen,False,,,,,,,,,,,,,,,,,,,,,2.0,,,,,,,
office,False,,,,,,,,,,,,,,,,,,,1.0,,,,,,,,,
offiziell,False,2.0,1.0,4.0,,3.0,2.0,,3.0,,3.0,3.0,,,3.0,,4.0,,1.0,,,,,1.0,,1.0,1.0,2.0,
offizielle,False,,,,,,,,,,,,,,,,,,,,,,,,,,,,1.0
offline,False,2.0,,,,,,,1.0,,,,,,,,,,,,2.0,,,,,,1.0,3.0,
offliner,False,,,,,,,,,,,,,,,,,,,,3.0,,,,,,,,
oft,True,11.0,5.0,5.0,5.0,1.0,10.0,2.0,1.0,7.0,8.0,1.0,15.0,7.0,3.0,6.0,5.0,4.0,13.0,5.0,10.0,10.0,9.0,1.0,2.0,1.0,15.0,5.0,7.0
oftmals,False,1.0,,,,,,,2.0,,,,1.0,,,,,,1.0,,2.0,,,,,1.0,,1.0,
oh,False,,2.0,4.0,5.0,1.0,3.0,5.0,6.0,3.0,1.0,3.0,10.0,2.0,2.0,4.0,,8.0,1.0,9.0,5.0,16.0,2.0,2.0,2.0,2.0,2.0,3.0,1.0
ohne,True,3.0,10.0,3.0,6.0,5.0,1.0,6.0,5.0,9.0,4.0,1.0,4.0,3.0,4.0,3.0,2.0,5.0,1.0,6.0,6.0,14.0,8.0,2.0,3.0,,5.0,3.0,
ohnegleichen,False,,,,1.0,,,,,,,,,,,,,,,,,,,,,,,,
ohnehin,False,,,,,,1.0,,,1.0,1.0,,1.0,2.0,,2.0,,,,,,,1.0,,,,,,
ohnmacht,False,,,,,,,,,,,,,,,,,,,,1.0,,,,,,,,
ohnmachtsverhältnis,False,,,,,,,,,,,,,,,,,,,,,2.0,,,,,,,
ohnmächtig,False,,,,,,,,,,,,1.0,,,,,,,,,,,,,,,,
ohr,False,4.0,,,,,,,,1.0,,,,,,,,1.0,,,,,,,,1.0,,,
oi,False,,,,,,,,,,,1.0,,,,,,,,,,,,,,,,,
ok,False,4.0,,,1.0,,,1.0,,,,,2.0,,,,,,,,,,,,,,,,
okay,False,12.0,31.0,28.0,53.0,19.0,16.0,18.0,14.0,25.0,4.0,10.0,27.0,18.0,6.0,34.0,7.0,23.0,11.0,16.0,15.0,35.0,15.0,22.0,20.0,2.0,11.0,33.0,17.0
oktober,False,,,,1.0,,1.0,1.0,,,,,,2.0,,,2.0,,,,,,,,,,1.0,,
olaf,False,,,,,,,6.0,,,,,,,1.0,,,1.0,1.0,,,4.0,1.0,,,,,,
oligarchin,False,,,,,,,,,,,,,,,,,,,,,,,,,,3.0,,
oligopol,False,,,,,,,,,,,,1.0,,,,,,,,,,,,,,,,
oll,False,,,,,,,,,,,,,,,,,,,,,,,,1.0,,,,
oma,False,1.0,1.0,,,,,,,,,,,,,,,,,,1.0,,,,,,,,
ominös,False,,,,,,,1.0,,,,1.0,,,,,,,2.0,,,,,,1.0,,,,
omnibus,False,,,,,,,,,,,,,,,,,,,,,,,,,,,,5.0
on,False,,,1.0,,1.0,,,,,1.0,,,,,,,,,,,,,,,,,,
one,False,,,,,1.0,,,,,,,,,1.0,,,,,,,,,,,,,,
onkologie,False,,,1.0,,,,,,,,,,,,,,,,,,,,,,,,,
onlin,False,,,1.0,,,,,,,,,,,,,,,,,,,,,,,,,
online,False,,4.0,4.0,,,,1.0,4.0,1.0,2.0,1.0,2.0,,2.0,1.0,,1.0,,,8.0,5.0,,,4.0,,1.0,1.0,2.0
onlinezugangsgesetz,False,,,,,,,1.0,,,,,,,,,,,,,,,,,,,,,
only,False,,,,,,,,,,,,,,,,,,,,1.0,,,,,,,,
op,False,2.0,,,,,,,,,,,,,,,,,,,,,,,,,,,
opak,False,,,,,,1.0,,,,,,,,,,,,,,,,,,,,,,
open,False,,,,,,,5.0,,1.0,1.0,,,,1.0,,,,,22.0,,8.0,,,1.0,,2.0,,
openai,False,,,,,,,,,,,,,,,,1.0,,,,,,,,,,,1.0,
opencode,False,,,,,,,,,,,,,,,,,,,1.0,,,,,,,,,
opendesk,False,,,,,,,,,,,,,,,,,,,1.0,,,,,,,,,
opening,False,,,,,,,,,,,,,,,,,,,,,,,,1.0,,,,
openmls,False,,,,,,,,1.0,,,,,,,,,,,,,,,,,,,,
openstreetmaps,False,,,,,,,,,,,,,,,,,,,1.0,,,,,,,,,
operation,False,,,,,1.0,1.0,,,,,,,,,,,,,,,,,,3.0,,,,
operationalisieren,False,,,,,,,,,,,,,,,,,,,,,2.0,,,,,,,
operations,False,,,,,,,,,,,,,,,,,,,,,,,,2.0,,,,
operierst,False,,,,,,,,,,,,,,,1.0,,,,,,,,,,,,,
opfer,False,,,,,15.0,1.0,,,1.0,,,,,,1.0,,,,,1.0,,1.0,,,,1.0,,
opfergruppe,False,,,,,1.0,,,,,,,,,,,,,,,,,,,,,,,
opinion,False,,,,,,,,,,,,,,,,,,,1.0,,,,,,,,,
opportun,False,,,,,,,,,,,,,1.0,,,,,,,,,,,,,,,
opportunity,False,,,,,,,,,,,,,,,,,,,,,,,,1.0,,,,
opposition,False,,,,,2.0,12.0,1.0,,,,1.0,,,3.0,1.0,,,4.0,,,,1.0,,,,,,
oppositionelle,False,,,,,1.0,,,,,1.0,,,,,,,,,,,,,,,,,,
oppositionsfraktion,False,,,,,,,,,,,,,,,,,,1.0,,,,,,,,,,
oppositionsführer,False,,,,,1.0,,,,,,,,,,,,,,,,,,,,,,,
oppositionspartei,False,,,,,,1.0,,,,,1.0,,,,,,,1.0,,,,,,,,,,
oppositionspolitiker,False,,,,,2.0,1.0,,,,,,,,,,,,,,,,,,,,,,
opt,False,,,,4.0,,,,,,,,,,,,,,,,,,,,,,,,
optimal,False,,,,,,,,,,,,,,,,,,,,,,,,1.0,,,,
optimalerweise,False,,,,,,,,,,,,,,,,,,,,,,,,1.0,,,,
optimieren,False,,,,,,,,,,,,,,,1.0,,,,,,,,,2.0,,,3.0,
optimierungsprobleme,False,,,,,,,,,,,,,,,,,,,1.0,,,,,,,,,
optimismus,False,,,,1.0,,,,,,,,,,,,,,,,,,,,,,,,
optimistisch,False,,,,1.0,,,,,3.0,1.0,,,,1.0,,,,,,,,,,,,,2.0,
option,False,,1.0,,,,,1.0,1.0,,,,,1.0,,1.0,,,,1.0,2.0,,,,,,,,
optional,False,,,,,,,,,3.0,,,,,,,,,,,,,,,,,,,
optionsparalyse,False,,,,,,,,,,,,,,,,,,,,,,2.0,,,,,,
optisch,False,,,,,,,,,,,,1.0,,,,,,,,,,,1.0,,,,1.0,
or,False,,,,,,,,,,,,,,,,,,,,,,,,,,,1.0,
orange,False,,,,,,,,1.0,,,,,,,,,,,,,,,,,,,,
oranienburger,False,,,,,,,,,,,,1.0,,,,,,,,,,,,,,,,
orchidee,False,,,,,,,,,,,,,,,,,,,1.0,,,,,,,,,
orden,False,,,,,,,,,,,,,,,,,,,,,,1.0,,,,,,
ordentlich,False,1.0,1.0,5.0,2.0,6.0,1.0,1.0,2.0,,2.0,2.0,,,2.0,1.0,,3.0,,2.0,2.0,6.0,,,4.0,1.0,,1.0,
ordern,False,,,,,,,,,,,,,,,,,1.0,,,,,,,,,,,
ordner,False,,,,,,1.0,,,,,,,,,,,,,,,,,,,,,,
ordnung,False,1.0,,1.0,,1.0,,1.0,1.0,1.0,,,,,,,,,,,,2.0,,,,,,1.0,
ordnungsgemäß,False,,,,,,,,,,,,,,,,,,,,,,1.0,,,,,,
org,False,,,,,,1.0,,,,,,,,,,,,,,,,,,,,,,
organ,False,,1.0,,,,,,,,,,,,,,,,,,,,,,,,,,1.0
organic,False,,,,,,,,,,,,,,,,,,,,,,,,,,,1.0,
organigramm,False,,,,,,,,,,,,,,,,,,,,,,,,,2.0,,,
organisation,False,,1.0,,1.0,2.0,,1.0,6.0,3.0,9.0,9.0,,,8.0,,2.0,,1.0,,,2.0,2.0,,2.0,3.0,12.0,,1.0
organisationserlass,False,,,,,,,,,,,,,,,,,,,,,,,,,5.0,,,
organisationserlasse,False,,,,,,,,,,,,,,,,,,,,,,,,,1.0,,,
organisationsproblem,False,,,,,,,,,,,,,,,,,,,,,,,,1.0,,,,
organisationswisse,False,,,,,,,,,,,,,,,,,,,,,,,,,3.0,,,
organisationswissen,False,,,,,,,,,,,,,,,,,,,,,,,,,1.0,,,
organisatorisch,False,,,,,,1.0,,,,,,1.0,,,,,,,,,,,,,,,,
organisieren,False,1.0,3.0,,,2.0,,,,,,,,1.0,1.0,,,,,3.0,,,7.0,1.0,6.0,,4.0,,
organisiert,False,1.0,,,,,,,,,2.0,,,,,,,,,,,,1.0,,,,,1.0,
orientieren,False,,,,,,,,,,5.0,,1.0,,,,,,1.0,1.0,,,1.0,,,,,,
orientierst,False,,,,,,,,,,,,,,,,,,,,,2.0,,,,,,,
orientierung,False,,,,,,,,1.0,,,,,,,,,,,,,,,,,,,,
original,False,,1.0,,,,,,,,,,1.0,,,,,,,,,,,,,,,,
originalsprach,False,,,,,,,,,,,,,,,,,,,,,,,,1.0,,,,
originalton,False,,,,,,,,,,,,,,,,,,,,,,,,2.0,,,,
ort,False,2.0,3.0,,1.0,1.0,,,2.0,,,3.0,1.0,3.0,,3.0,1.0,1.0,2.0,4.0,,,11.0,1.0,3.0,,2.0,,
ortschaft,False,,,,,,,,,,,,,,,,,,,,,2.0,,,,,,,
ortsweis,False,,,,,,,1.0,,,,,,,,,,,,,,,,,,,,,
osten,False,,,,,,,,,,,,,,,,,,,,,,1.0,,,,,,
osteuropa,False,,,,,,,,,,,,,,,,,,,,,,1.0,,,,,,
otr,False,,,,,,,,1.0,,,,,,,,,,,,,,,,,,,,
out,False,,,,1.0,,,,,,,,,,,,,,,,,,,,,,,,
outcom,False,,,,,,1.0,,,,,,,,,,,,,,,,,,,,,,
outdated,False,,,,,,,,1.0,,,,,,,,,,,,,,,,,,,,
outen,False,1.0,,,,,,,,,,,,,,,,,,,,,,,,1.0,,,
outgesourcet,False,,,,,,,,,,,,,,,,,,,,,,1.0,,,,,,
outlook,False,,,,,,,,,,,,,,,,,,,,,,,,,,1.0,,
outpoint,False,,,,,,,,,,,,,,,,,,,,,,,,1.0,,,,
outsourcbar,False,,,,,,,,,,,,,,,,,,,1.0,,,,,,,,,
outsource,False,,,,,,,,,,,,,,,,,2.0,,,,,,,,,,,
outsourcen,False,,,,,,,,,,,,,,,,,1.0,,,,,,,,,,,
outsourcing,False,,,,,,,,,,,,,,,,,,,,,,4.0,,,,,,
outstourcingfirma,False,,,,,,,,,,,,,,,,,,,,,,2.0,,,,,,
overblown,False,,,,,,,,,,,,,,,,,,,,,2.0,,,,,,,
overplayed,False,,,,,,,,,,,,,,,,,,,,,2.0,,,,,,,
oversight,False,,,,,,,,,,,,,,,,,,,,,,,,,,1.0,,
ozg,False,,,,,,,3.0,,,,2.0,,,,,,,,,,,,,,1.0,,,
paar,False,7.0,5.0,7.0,6.0,13.0,11.0,10.0,5.0,6.0,5.0,6.0,5.0,5.0,14.0,10.0,9.0,6.0,5.0,6.0,7.0,30.0,11.0,12.0,7.0,5.0,10.0,5.0,6.0
paced,False,1.0,,,,,,,,,,,,,,,,,,,,,,,,,,,
packen,False,1.0,,,2.0,,,2.0,1.0,,,2.0,,,,,,,,1.0,,,2.0,,1.0,,1.0,1.0,
packliste,False,,,,,,,,,,,,,,,,,,,,,,,,1.0,,,,
pad,False,,,,,,,,,,,,,1.0,,3.0,,,,,,,,,,,,,
pager,False,,,,,1.0,,,,,,,,,,,,,,,,,,,,,,,
painfull,False,,,,1.0,,,,,,,,,,,,,,,,,,,,,,,,
paket,False,,,,,,,,,,,,,,,,,,,,2.0,,,,,,,1.0,
paketdienste,False,,,,,,,,,,,,,,,,,,,,1.0,,,,,,,,
paketvermittelt,False,,,,,,,,,,,,,,,,,1.0,,,,,,,,,,,
pakistan,False,,,,,,,,,,1.0,,,,,,,,,,,,,,,,,,
palantierfall,False,,,,,,,,,,,,,,,,,,1.0,,,,,,,,,,
palantir,False,,,,,,,,,,,,,,,,,,7.0,,,2.0,,,,,8.0,,
palazin,False,,,,,,,,,,,,,,,,,,,,,,,,,,1.0,,
palette,False,,,,,,,,,,,,,,,,1.0,,,,,,,,,,,,
pallantier,False,,,,,,,,,,,,,,,,,,1.0,,,,,,,,,,
pallas,False,,,,,,,,,,,,,,,,,,,,,,,,,,1.0,,
palme,False,1.0,,,,,,,,,,,,,,,,,,,,,,,,,,,
pandemie,False,1.0,,,10.0,1.0,1.0,3.0,3.0,,1.0,,1.0,,,,,,2.0,1.0,,,,,,,2.0,,
pandemiehochphase,False,,,,,,,,,,,,,,,,,,,,,,,,,,1.0,,
pandemiezeit,False,,,,,,,,,,,,,,,,,,,,,,,,,,1.0,,1.0
panel,False,,,,1.0,,,,,,1.0,,,,,,,,,,,,,,,,1.0,,
panik,False,,,1.0,1.0,,,,,,,,,,,,,,,,,,,,,,,1.0,1.0
panikmache,False,,,,,,,,,,1.0,,,,,,,,,,,,,,,,,,
panikstörung,False,,,1.0,,,,,,,,,,,,,,,,,,,,,,,,,
pannantier,False,,,,,,,,,,,,,,,,,,,,,,,,,,1.0,,
panneuropäisch,False,,,,,,,,,1.0,,,,,,,,,,,,,,,,,,,
panorama,False,,,,,,,,,,,,,,,1.0,,,,,,,,,,,,,
panzerplatte,False,,,,,,,,,,,,,,,,,,,,,,,,1.0,,,,
paper,False,,,,,,,,1.0,,,,,,,,,,,,,,,,,1.0,,,
papier,False,1.0,1.0,1.0,2.0,1.0,1.0,4.0,1.0,,1.0,2.0,,,1.0,2.0,,,,1.0,1.0,,,1.0,,2.0,,,1.0
papierchen,False,,,,,,,,,,,,,,,,,1.0,,,,,,,,,,,
papierkram,False,,,,,,,,,,,,,,,,,,,,,,,1.0,,,,,
papierpost,False,,,,,,,,,,,,,,,,,3.0,,,,,,,,,,,
paradebeispiel,False,,,,,,,,,,,,,,,,,,,1.0,,,,,,,,,
paradigm,False,,,,,,,,,1.0,,,,,,,,,,,,,,,,,,,
paradigmenwechsel,False,,,,,,,,,,,,,,,,,,,,,6.0,,,,,,,
paradise,False,,,,,,,,,,,,1.0,,,,,,,,,,,,,,,,
paradox,False,,,,,,,,,,,,,,,1.0,,,,,,,,,,,,,
paragraf,False,,,,,,,,,,,,,,,,,,,,,,,1.0,,,,,
paragrafe,False,,,,,,,,,,1.0,,,,,,,,,1.0,,,,,,,,,
paragraphen,False,,,,,,,,,,1.0,,,,,,,,,,,,,,,,,,
parallel,False,1.0,1.0,,3.0,,2.0,3.0,1.0,1.0,2.0,1.0,1.0,,,,1.0,,,,,,1.0,2.0,2.0,,,2.0,
parallele,False,,,,,,,,1.0,,,,,,,,,,,,3.0,,,,,1.0,2.0,,
parallelinfrastruktur,False,,,,,,,,,1.0,,,,,,,,,,,,,,,,,,,
parallelprozeß,False,,,,,,1.0,,,,,,,,,,,,,,,,,,,,,,
parameter,False,,,,1.0,,,,,,,,,,,,,,,,,,,,,,,,
parat,False,,,1.0,,,,,,,,,,,,,,,1.0,,,,,,,,,,
paris,False,1.0,,,,,,,,,,,,,,,,,,,,,,,,,,,
paritätisch,False,,,,,,1.0,,,,,,,,,,,,,,,,,,,,,,
paritätischen,False,,,,,,,1.0,,,,,,,,,,,,,,,,,,,,,
park,False,1.0,,,,,,,,,,,,,,,,,,,,,,,,,,,
parkett,False,,1.0,,,,,,,,,,,,,,,,,,,,,,,,,,
parlament,False,,7.0,,9.0,13.0,2.0,1.0,,3.0,1.0,2.0,,,,,1.0,,1.0,1.0,,,,1.0,,,6.0,,13.0
parlamentarier,False,,1.0,,1.0,3.0,7.0,,,1.0,,,,,,,,,,,,,,,,,,,1.0
parlamentarierin,False,,1.0,,,,,,,,,,,,,,,,,,,,,,,,,,
parlamentarisch,False,,,,2.0,3.0,5.0,1.0,,,,,,,,,,,,1.0,,,,,,5.0,1.0,,
parlamentkreis,False,,,,1.0,,,,,,,,,,,,,,,,,,,,,,,,
parlamentsarbeit,False,,,,,,,,,,,,,,,,,,,1.0,,,,,,,,,
parlamentsinformationssystem,False,,,,,,,,,,,,,,,,,,,1.0,,,,,,,,,
parliament,False,,,,,,,,,1.0,,,,,,,,,,,,,,,,,,,
part,False,,1.0,2.0,,,,1.0,,,,,,,,,,,,,,,,,,,,,
partei,False,1.0,,1.0,2.0,,1.0,5.0,2.0,3.0,2.0,1.0,3.0,,1.0,4.0,,,2.0,9.0,,104.0,,1.0,,,14.0,,
parteibuch,False,,,,,,,,,,,,,,,,,,,,,,,,,1.0,,,
parteienlandschaft,False,,,,1.0,,,,,,,,,,,,,,,,,,,,,,,,
parteienrundgang,False,,,,,,,,,,,,,,,,,,,,,2.0,,,,,,,
parteientwicklung,False,,,,,,,1.0,,,,,,,,,,,,,,,,,,,,,
parteiführung,False,,,,,,,,,,,,,,,,,,,,,2.0,,,,,,,
parteikollegen,False,,,,,,,,,,,,,,,,,,,,,,,,,,1.0,,
parteinah,False,,,,,,,,,,,,,,,,,,,,,,,,,,1.0,,
parteipolitik,False,,,,,,,,,,,,,,,,,,,1.0,,,,,,,,,
parteipolitiker,False,,,,,,,,,,,,,,,,,,,1.0,,,,,,,1.0,,
parteipolitisch,False,,,,,,,,,,,,,,1.0,,,,,,,,,,,,4.0,,
parteiprogramm,False,,,,,,,,,,,,,,,,,,,,,4.0,,,,,,,
parteiverteilung,False,,,,1.0,,,,,,,,,,,,,,,,,,,,,,,,
parteiübergreifend,False,,,,,,,,,,,,,,,,,,,,,,,,,,1.0,,
partizipativ,False,,,,,,,,,,,,,,,,,,,,,,,,,,,1.0,
partner,False,,2.0,,,1.0,,,,,,,,,,,,,,,,,,,,,1.0,,
partnerbetrag,False,,,,,,,,,,,,,1.0,,,,,,,,,,,,,,,
partnerin,False,,3.0,,,,,,,,,,,,,,,,,,,,,,,1.0,,,
partnerinn,False,,1.0,,,,,,,,,,,,,,,,,,,,,,,,,,
partnerorganisation,False,,,,,,,,,,2.0,,,,,,,,,,,,1.0,,,,,,
partnerschaft,False,,,,,,,,,,,,,,,,,,,,,,1.0,,,,,,
party,False,,1.0,,,,,,,1.0,,,,1.0,,,,,,,,,,1.0,,,,,
partylocation,False,,,,,,,,,,,,,,,,,,,,,,,1.0,,,,,
pass,False,,1.0,,,,,,,,,,,,,,,1.0,,,,2.0,,,,1.0,,1.0,
passabl,False,,,,,,,1.0,,,,,,,,,,,,,,,,,,,,,
passage,False,,,,,,,,,,,,,,,,,,,,,2.0,,,,,,,
passen,False,1.0,1.0,,,,,,7.0,,1.0,2.0,2.0,1.0,,2.0,1.0,,,,,3.0,3.0,1.0,1.0,,1.0,1.0,
passend,False,,,,2.0,,,,,,,,1.0,,,,,,,1.0,,,,3.0,,,,,
passieren,False,8.0,37.0,20.0,18.0,15.0,8.0,25.0,5.0,16.0,1.0,9.0,6.0,6.0,6.0,17.0,20.0,4.0,5.0,16.0,2.0,33.0,9.0,10.0,14.0,11.0,14.0,6.0,7.0
passiert,False,,,,,,,,,,,,,,,1.0,,,,,,,,,,,,,
passionieren,False,,,,,,,,,,,,,,,,,,,,,,,,,,,,1.0
passiv,False,,,,,,,,1.0,1.0,,,,,,,,,,,,,,,,,,,
passivität,False,,,,,,,,,1.0,,,,,,,,,,,,,,,,,,,
passportoto,False,,,,,,,,,,,,,,,,,,,,,,,,1.0,,,,
passt,False,,,,,,,,,,,,,,,,,,,,,,,,,2.0,,,
passwort,False,,2.0,,,,,,,,,,1.0,,,,,23.0,,,,3.0,,,,,,,
passwört,False,,2.0,,,,,,,,,,,,,,,14.0,,,,,,,,,,,
passwörter,False,,,,,,,,,,,,,,,,,2.0,,,,,,,,,,,
patch,False,,,,,1.0,,,,,,,,,,,,,,,,,,,,,,,
patient,False,,,6.0,10.0,,,,,,,1.0,,,,,,,,,,,,,,,,,
patientenakt,False,,,,6.0,,,1.0,,,,1.0,,,,,,,,,1.0,15.0,,,,,,,
patientenakte,False,,,,1.0,,,,,,,,,,,,,,,,,1.0,,,,1.0,,,
patientendat,False,,,,1.0,,,3.0,,,,,,,,,,,,,,2.0,,,,,,,
patientennacht,False,,,,1.0,,,,,,,,,,,,,,,,,,,,,,,,
patientennetze,False,,,,1.0,,,,,,,,,,,,,,,,,,,,,,,,
patientensicht,False,,,,1.0,,,,,,,,,,,,,,,,,,,,,,,,
patientin,False,,,13.0,11.0,,,,,,,2.0,,,,,,,,,,,,,,,,,
patientinnen,False,,,,1.0,,,,,,,,,,,,,,,,,,,,,,,,
patientinnendat,False,,,1.0,,,,,,,,,,,,,,,,,,,,,,,,,
patreon,False,,,2.0,,,,,,,,,,,,,,,,,,,,,,,,,
patrice,False,,,,,,,,,,,,,,,,,,,,,,1.0,,,,,,
patrick,False,,2.0,,,,,,,,,,,,,,,,,,,,,,,,,,
patter,False,,,,,,,,,,,,,,,,,,1.0,,,,,,,,,,
pattern,False,,,,,,,,,,,,,,,,,1.0,,,,,,,,,,,
pauschal,False,1.0,,,1.0,,,,,,,1.0,,,,,,,,,,,1.0,,,,,1.0,
pauschalisierung,False,,,,,,,,,,,,,,,,,,,,,,,,,,,1.0,
pause,False,1.0,,,,,,,,1.0,2.0,,,,,,,,1.0,,,,,1.0,,,,,
pausieren,False,,,,,,,,,,,,2.0,,,,,,,,,,,,,,,,
pavel,False,,,,,,,,,,,,1.0,,,,,,,,,,,,,,,,
pay,False,,,,,,,,,,,,,,,,1.0,,,,,,,,,,,,
payment,False,,,,,,,,,,,,,,,,,,,,1.0,,,,,,,,
paypal,False,,,,,,,,,,,,,1.0,,,,,,,,,,,,,,,
paywall,False,,,,,,,,,,,,,,,,,,,,,,,,1.0,,,,
pc,False,,,,,,,1.0,,,,,,,,,,,,,,,,,,,,,
pdf,False,,,,,,,,,,,1.0,,,,,1.0,,,,,4.0,,,,,,,
peanuts,False,,,,,,,,,,,,,,,1.0,,,,,,,,,,,,,
pech,False,,1.0,,,,,,1.0,,,,,,,,,,,,1.0,,,,,,,,
pedikriminalität,False,,,,,,,,,,,,,,,1.0,,,,,,,,,,,,,
pedro,False,,,,,1.0,,,,,,,,,,,,,,,,,,,,,,,
peer,False,,,,,,,,2.0,,,,,,,,,,,,,,,,,,,,
peering,False,,,,,,,,,,,,,,,,,,,,,2.0,,,,,,,
pega,False,,,,,1.0,,,,,,,,,,,,,,,,,,,,,,,
pegasus,False,,,,,29.0,5.0,4.0,,,,,,,,,,,,,,,,,,,,,
pegasusprojekt,False,,,,,1.0,,,,,,,,,,,,,,,,,,,,,,,
peilen,False,,,,,,,,,,,,,,,,,,,,,,,,1.0,,,,
pein,False,,,,,,,,,,,,,,1.0,,,,,,,,,,,,,,
peinlich,False,1.0,,,,,,,,,,,1.0,,,,,,,,,2.0,,,1.0,,,,
pendant,False,,,,,,,,,,1.0,,1.0,,,,,,,,,,,,,,1.0,,
peng,False,,,,,,,,,,,,4.0,,,,,,,,,,,,,,,,
penn,False,,,,,,,,,,,,,,,,,,,1.0,,,,,,,,,
pensiv,False,1.0,,,,,,,,,,,,,,,,,,,,,,,,,,,
pentester,False,,,1.0,,,,,,,,,,,,,,,,,,,,,,,,,
pentesterin,False,,,1.0,,,,,,,,,,,,,,,,,,,,,,,,,
per,False,,2.0,2.0,4.0,2.0,,2.0,,2.0,,4.0,,1.0,1.0,,1.0,7.0,,1.0,1.0,4.0,,1.0,,,,1.0,
perfekt,False,1.0,,,1.0,,,,,,1.0,,1.0,,,1.0,,2.0,,,1.0,,,,,,,,1.0
perfektion,False,1.0,2.0,,,,,,,,,,,,,,,,,,,,,,,,,,
perfide,False,,,,,,,,,1.0,,,,,,,,,,,,,1.0,,,,,,
performance,False,,,,,,,,,,,,,,,,,,,,,,,,,,,1.0,
performant,False,,,,,,,,,,,,,,,,,,,,,,,,,,,2.0,
performen,False,,,,,,,,,,,,,,,,,,,,,,,,,,,1.0,
periode,False,,,,,,,,,,,,,,,,,,,,,,1.0,,,,,,
perm,False,,,,1.0,,,,,,,,,,,,,,,,,,,,,,,,
permanent,False,,,,1.0,,,,,,,,,,,,,,,1.0,,,,1.0,,,,,
permissiv,False,,,,,,,,4.0,,,,,,,,,,,,,,,,,,,,
perpetuieren,False,,,,,,,,,,,,,,,,,,,,,2.0,,,,,,,
perplex,False,,,,,,,,,,,,,,,,,,,,,,,,,,1.0,,
perplexig,False,,,,,,,,,,,,,,,,,,,,,,,,,,,1.0,
perplexity,False,,,,,,,,,,,,,,,,,,,,,,,,,,,1.0,
persistent,False,,,,,,,1.0,,,,,,,,,,,,,,,,,,,,,
person,False,5.0,16.0,8.0,13.0,1.0,1.0,3.0,7.0,6.0,3.0,1.0,13.0,9.0,1.0,10.0,1.0,10.0,5.0,6.0,3.0,4.0,8.0,2.0,3.0,1.0,5.0,2.0,9.0
persona,False,,,,,,,,,,,,,,,,1.0,1.0,,,,,,,,,,,
personal,False,,,,,,,2.0,,,,,,,,,,,,,1.0,4.0,,1.0,1.0,3.0,1.0,,
personalaufwand,False,,,,,,,,,,,,,1.0,,,,,,,,,,,,,,,
personalausweis,False,,,,,,,,,2.0,,,,,,,,1.0,,,,,,,,,,,
personalie,False,,,,,,,,,,,,,,,,,,,,,,,,,5.0,,,
personalisiert,False,,,,,,1.0,,,,,,,,,,,,,,2.0,,,,,,,,
personalkosten,False,,,,,,,,,,,,,,,,,,,,,,,,,,1.0,,
personalwechsel,False,,,,,,,,,,,,,,,1.0,,,,,,,,,,,,,
personell,False,,1.0,,,,,1.0,,,,,,,,,,,,1.0,,,,,1.0,,,,
personenbeziehbar,False,,,,1.0,,,,,,,,,,,,,,,,,,,,,,,,
personenbeziehend,False,,,,,,,,,,,,,,,,,,,,,,,,,,,,1.0
personenbeziehunge,False,,,,1.0,,,,,,,,,,,,,,,,,,,,,,,,
personenbezogen,False,,,,,,,1.0,,,,,,,,1.0,,3.0,,,1.0,,,,,,,,2.0
personenbezug,False,,,,1.0,,,,,,,,,,,,,,,,,,,,,,,,
personengebunden,False,,,,,,,,,,,,,,,1.0,,,,,,,,,,,,,
personengruppe,False,,,,,,,,,,,,,1.0,,,,,,,,,,,,,,,
personenkreis,False,,,,,,,,,,,,,,,1.0,,,,,,,,,,,,,
perspektive,False,3.0,,,1.0,3.0,3.0,5.0,,2.0,,3.0,1.0,6.0,,1.0,8.0,,2.0,1.0,9.0,10.0,15.0,1.0,,1.0,1.0,1.0,3.0
perspektivisch,False,,,,,,,,,,,,,,,,,,,,,,,2.0,,,,,
persönlich,False,3.0,4.0,5.0,1.0,1.0,1.0,2.0,1.0,1.0,,,4.0,3.0,2.0,2.0,2.0,,3.0,2.0,4.0,9.0,1.0,1.0,,,6.0,1.0,3.0
persönlichkeit,False,,,,,,,,,,1.0,,,,,,,,1.0,,,,,,,,,,
peru,False,,,,,,,,,,1.0,,,,,,,,,,,,1.0,,,,,,
pessimismus,False,,,,,,,,,,,,,,1.0,,,,,,,,,,,,,,
pessimistisch,False,,,,,,,,,,,,,,1.0,,,,,,,,,,,,,,
pest,False,,,,,,,,,,,,,,,,,,,,,,,,1.0,,,,
peter,False,,,,,,,,,,,,,,,,,,,,,,,,,,2.0,,1.0
petition,False,,,,,,,,,,,,,,,,,,,,,,,,,,2.0,,
petto,False,,,,,1.0,,,,,,,,,,,,,,,,,,,,,,,
petzold,False,,,,,,,,,,,,1.0,,,,,,,,,,,,,,,,
pfaß,False,,,,,1.0,,,,,,,,,,,,,,,,,,,,,,,
pfeffer,False,,,1.0,,,,,,,,,,,,,,,,,,,,,,,,,
pfennig,False,,,,,,,,,,,,,,,,,1.0,,,,,,,,,,,
pferd,False,,,,,6.0,,,,,,,,,,,,,,,,,,,,,,,
pferdefuß,False,,,,,,,,,,,,,,,1.0,,,,,,,,,,,,,
pferdeschwanz,False,,,,,1.0,,,,,,,,,,,,,,,,,,,,,,,
pfff,False,,,,1.0,,,,,1.0,,,,,,,,,,,,,,,,,,,
pfitzmann,False,,,,,1.0,,,,,,,,,,,,,,,,,,,,,,,
pflanzen,False,,,,,1.0,,,,,,,,,,,,,,,,,,,,,,,
pflaster,False,1.0,,,,,,,,,,,,,,,,,,,,,,,,,,,
pflege,False,,,,,,,,,,,,,,,,,,,1.0,,,,,1.0,,,,
pflegen,False,,,,,,,2.0,,,,1.0,,,,,,2.0,,,,,,,,,,,
pflicht,False,1.0,,1.0,,,,,,,,,,,,1.0,6.0,,,,,4.0,,,,,,,1.0
pflichtpräsenztermin,False,,,,,,,,,,,,,,,,,,,,,,,,,,,,1.0
pfründ,False,,,,,,,1.0,,,,,,,,,,,,,,,,,,,,,
pfui,False,,,1.0,,,,,,,,,,,,,,,,,,,,,,,,,
pfund,False,,,,,,,,,,,1.0,,,,,,,,,,,,,,,,,
phantom,False,,,,,1.0,,,,,,,,,,,,,,,,,,,,,,,
phase,False,,,,,1.0,,2.0,2.0,1.0,,1.0,1.0,,,,,,,,,,,,,,1.0,,
phaser,False,,3.0,,,,,,,,,,,,,,,,,,,,,,,,,,
philipp,False,,,,,,,,,,,,,,,,,,,,,,,,,3.0,,,
philippinen,False,,,,,,,,,,,,,,,,,,,,,,1.0,,,,,,
philosophisch,False,,,,,,,,,,,,1.0,,,,,,,,,,,,,,,,
phishing,False,,,,,,,,,1.0,,,,,,,,,,,,,,,,,,,
phoenix,False,,,,,,,,1.0,,,,,,,,,,,,,,,,,,,,
phone,False,,,,,,,,,,,,,,,,,1.0,,,,,,,,,,,
photosensitiv,False,1.0,,,,,,,,,,,,,,,,,,,,,,,,,,,
php,False,,,,,,,,,,,,,,,,,,,,,,,,,,,4.0,
phrase,False,,,,,,1.0,1.0,,,,,,,,1.0,,,,,,,,,,,,,
physik,False,,,,,,,,1.0,,,,,,,,,,,,,,,,,,,,
physikalisch,False,,,,,,,,,,,,2.0,1.0,,,,,,,,,,,,,,,
physiker,False,,,,,,,,1.0,,,,,,,,,,,,,,,,,,,,
physisch,False,,,,,,,1.0,,,3.0,,,,,,,,,,,4.0,,,,,1.0,,
physischer,False,,,,,,,,,,,,,,,,,,,,,2.0,,,,,,,
phänomen,False,1.0,,,1.0,,1.0,,,,,,,,1.0,,1.0,,1.0,,,,,,,,,,
phänomenbereich,False,,,,,,,,,,,,,,,,,,,,,4.0,,,,,,,
pi,False,,,,,,,,,,,,,1.0,,,,,1.0,,,,,,,,,,
picture,False,,,,,,1.0,,,,,,,,,,,,,,,,,,,,,,
piept,False,1.0,,,,,,,,,,,,,,,,,,,,,,,,,,,
pilatus,False,,,,,,,,,,,,,,,,,,,,,,,1.0,,,,,
pilgerausschuss,False,,,,,,2.0,,,,,,,,,,,,,,,,,,,,,,
pimmel,False,1.0,,,,,,,,,,,,,,,,,,,,,,,,,,,
pin,False,,,,,,,,,,,,,,,,,1.0,,,,,,,,,,,
ping,False,,,,1.0,,,,,,,,,,,,,,,,,,,,,,,,
pingpong,False,,1.0,,,,,,,,,,,,,,,,,,,,,,,,,,
pipapo,False,,1.0,,,,,,,,,,,,,,,,,,,,,,,,,,
pipeline,False,,,,,,,,,,,,,,,,,,,,,,,,1.0,,,,
pipette,False,1.0,,,,,,,,,,,,,,,,,,,,,,,,,,,
piratenklappe,False,,,,,,,1.0,,,,,,,,,,,,,,,,,,,,,
piratenpartei,False,,1.0,,,,,,,,,,,,,,,,,,,,,,,,,,
pitchen,False,,,,,,,,,,,,1.0,,,,,,,,,,,,,,,,
pizarrometer,False,,,,,,,,,,,,,,,,,,,,,2.0,,,,,,,
pkgr,False,,,,,1.0,,,,,,,,,,,,,,,,,,,,,,,
plagiatorin,False,,,,,,,,,,,,,,1.0,,,,,,,,,,,,,,
plagiieren,False,,,,,,,,,,,,,,1.0,,,,,,,,,,,,,,
plakaden,False,,,,,,,,,,,,,,,,,,,,,,,,,,,1.0,
plakativste,False,,,,,,,,1.0,,,,,,,,,,,,,,,,,,,,
plakieren,False,,,,,,1.0,,,,,,,,,,,,,,,,,,,,,,
plan,False,,1.0,,1.0,1.0,,,1.0,3.0,,1.0,,,,1.0,1.0,,,,,4.0,,,,1.0,3.0,,
planen,False,1.0,1.0,,2.0,,,,1.0,1.0,,,,,,,,,,,2.0,2.0,,,1.0,,,,
planet,False,,,,,,,,,,,,1.0,,,,,,,,,,,,,,,,
planung,False,,,,,,,,,,,,,,,,,,,,,,,1.0,1.0,,,,
planungsphase,False,,,,,,,,,,,,,,,,,,,,,,,,,,1.0,,
planungstool,False,,,,,,,,,,,,,,,,,,,,,,,,1.0,,,,
plastikkart,False,,,,,,,,,,,,,3.0,,,,,,,,,,,,,,,
plastikkarte,False,,,,,,,,,,,,,3.0,,,,,,,3.0,,,,,,,,
plastisch,False,,,,1.0,,,,,,,,,,,1.0,,,,,,,2.0,,,,,,
plastisches,False,,,,,,,,,,,,,,,1.0,,,,,,,,,,,,,
platt,False,,1.0,1.0,2.0,,,1.0,,,,,2.0,2.0,,1.0,,,,,3.0,,,,1.0,1.0,1.0,,
platte,False,,,,,,,,,,,,,,,,,,,,1.0,,,,,,,,
plattform,False,,16.0,1.0,1.0,,,,,2.0,,,1.0,,5.0,1.0,26.0,,,2.0,3.0,19.0,,,,,3.0,1.0,
plattformbetreiber,False,,,,,,,,,,,,,,,,,,,,,,,,,,,1.0,
plattformdat,False,,,,,,,,,,,,,,,,1.0,,,,,,,,,,,,
plattformkontrolle,False,,,,,,,,,,,,,,,,,,,,,3.0,,,,,,,
plattformnachteil,False,,1.0,,,,,,,,,,,,,,,,,,,,,,,,,,
plattformregulierung,False,,,,,,,,,,,,,,,,1.0,,,,,,,,,,,,1.0
plattformstrategium,False,,,,,,,,,,,,,,,,,,,,,2.0,,,,,,,
plattformunternehme,False,,,,,,,,,,,,,,,,1.0,,,,,,,,,,,,
platz,False,2.0,,1.0,,,,1.0,,,1.0,,3.0,,,,,1.0,,2.0,,2.0,,19.0,1.0,,,1.0,
platzen,False,,,,,,,,,1.0,,,,,,,,,,,,,,,,,,,
platzhirsch,False,,,,,,,,,,,,,,,,,,,,,,,,1.0,,,,
platzieren,False,,,,,,,,,,,,,,,,,,1.0,,,,,,,,,,
platzierung,False,,,,,,,,,,,,,,,,,,,,,,2.0,,,,,,
plausibel,False,,2.0,,3.0,,,,,,,,3.0,,,,,,,,,2.0,,,,1.0,,,
plausibilität,False,,2.0,,,,,,,,,,,,,,,,,,,,,,,,,,
playbook,False,,,,,,,,1.0,,,,,,,,,,,,,,,,,,,,
player,False,,,,,,,,,1.0,,,,,,,,2.0,,,,2.0,,,,,,,
playing,False,,,,1.0,,,,,,,,,,,,,,,,,,,,,,,,
playstore,False,,,,,,,,,,,,,,,,1.0,,,,,,,,,,,,
please,False,,1.0,,,,,,,,,,,,,,,,,,,,,,,,,,
pleite,False,,,,,,,1.0,,,,,,,,,,,,,,,,,,,,,
plenardebatte,False,,,,,1.0,3.0,,,,,,,,,,,,,,,,,,,,,,
plenarmeeting,False,,,,,,,,,,,,,,,,,,,,,,,,,,,,1.0
plenarsitzung,False,,,,,,,,,,,,,,,,,,,,,,,,,,,,1.0
plenum,False,,,,,2.0,1.0,,,,2.0,,,,,2.0,,,,1.0,,,,,,,,1.0,
plenumsabstimmung,False,,,,,,,,,,,,,,,,,,,,,,,,,,1.0,,
plenumsentscheidung,False,,,,,,,,,,,,,,,1.0,,,,,,,,,,,,,
plot,False,,,,,,,,,,,,1.0,,,,,,,,,,,,,,,,
plotschen,False,,,,,,,,,,,,1.0,,,,,,,,,,,,,,,,
plugin,False,,,,,,,,,,,,,,,,,,,,,,,,,,,4.0,
plump,False,,,1.0,,,,,,,,,,,,,,,,,,,,,,,,,
plural,False,,,,,,,,1.0,,,,,,,,,,,,,,,,,,,,
plus,False,1.0,1.0,1.0,1.0,3.0,,3.0,,,,1.0,,,,1.0,,,,,1.0,8.0,,,1.0,,,,
plädieren,False,,,,,,,,,,1.0,,,,,,,,,,,,,,,,,,
plädoyer,False,,,,,,,,,,,,,,,,1.0,,,1.0,,,,,,,,,
pläneumscheidung,False,,,,,,,,,,,,,,,1.0,,,,,,,,,,,,,
plötzlich,False,2.0,,2.0,1.0,,,5.0,1.0,,2.0,1.0,2.0,2.0,,,,6.0,,1.0,3.0,2.0,,,,,,3.0,4.0
pockmanni,False,,,,,,,,,,,,,1.0,,,,,,,,,,,,,,,
podcast,False,2.0,2.0,,,2.0,6.0,,5.0,,5.0,2.0,6.0,,4.0,2.0,,,4.0,3.0,,2.0,7.0,1.0,,1.0,1.0,2.0,7.0
podcasting,False,,,,,,,,,,,,,,,,,,,,,,,,,,,,1.0
podium,False,,,,,,,,,,,,,,,,,,,,1.0,,,,,,,,
pog,False,,,,,,,,,,,,,,,,,,,,,,,,1.0,,,,
point,False,,,,,,,,,,,,,1.0,,,,,,,,,,,,,1.0,,
pointer,False,,,,,,,,,,,,,,,,,,,,,2.0,,,,,,,
pok,False,,,,,1.0,,,,,,,,,,,,,,,,,,,,,,,
polarisieren,False,,,,1.0,,,1.0,,,,,,,,,,,,,,,,,,,,,
polarisierung,False,,,,,,,,,,,,,,1.0,,,,,,,,,,,,,,
polen,False,,,,,11.0,1.0,,,1.0,,,,,,,,,,,,,,,,,1.0,,
policies,False,,,,,,,,,,2.0,,,,,,,,,,,,,,,,,,
policy,False,,,,,1.0,,,,,2.0,,,,,,1.0,,,,,,,3.0,,,1.0,,2.0
policyarbeit,False,,,,,,,,,,,,,,,,,,,,,,,,,,1.0,,
polit,False,,,,,,,,,,,,,,,,,,,1.0,,,,,,,,,
politbosse,False,,,,,,1.0,,,,,,,,,,,,,,,,,,,,,,
politboß,False,,,,,,1.0,,,,,,,,,,,,,,,,,,,,,,
politik,False,,,,3.0,,1.0,4.0,,3.0,,1.0,3.0,7.0,,1.0,1.0,,1.0,5.0,,6.0,,2.0,,5.0,7.0,,4.0
politikbetrieb,False,,,,,,,,,,,,,,,,,,,1.0,,,,,,,,,
politikbetriebserfahrung,False,,,,,,,,,,,,,,,,,,,,,,,,,1.0,,,
politiker,False,,,,1.0,2.0,2.0,,,,,,,4.0,,,,,1.0,,,4.0,,,,3.0,2.0,,
politikerin,False,,1.0,,,2.0,,,,,,,,1.0,2.0,,,,,1.0,,,,,,,3.0,,
politikerinn,False,,,,,,,,,,,,,,,,,,,,,,,,,,1.0,,
politikerinnen,False,,,,,,,,,,,,,,,,1.0,,,,,,,,,,1.0,,
politikerinnenbüro,False,,,,,,,,,,,,,,,,,,,,,,,,,,1.0,,
politikfeld,False,,,,,,,,,,,,,,,1.0,,,,,,,,,,,,,
politikgestaltung,False,,,,,,,,,,,,,,,,,,,,,,,1.0,,,,,
politiklandschaft,False,,,,,,,,,,,,,1.0,,,,,,,,,,,,,,,
politikmachende,False,,,,,,,,,,,,,,,,,,,1.0,,,,,,,,,
politikprozess,False,,,,1.0,,,,,,,,,,,,,,,,,,,,,,,,
politikum,False,,,,,,,1.0,,,,,,,,,,,,,,,,,,,,,
politikverbund,False,,,,,,,,,,,,1.0,,,,,,,,,,,,,,,,
politikwissenschaft,False,,,,,,,,,,,,,,,,,,,,,,1.0,,,,,,
politikwissenschaftler,False,,,,,,,,,,,,,,,,,,,,,,2.0,,,,,,
politisch,False,1.0,15.0,2.0,11.0,12.0,9.0,9.0,8.0,6.0,1.0,3.0,14.0,8.0,11.0,19.0,7.0,1.0,12.0,15.0,,20.0,19.0,2.0,,4.0,14.0,2.0,6.0
politischem,False,,,,,,,,,,,,1.0,,,,,,,,,,,,,,,,
politisieren,False,,,,,,3.0,1.0,,,,,,,,,,,,,,,,,,,,,
politisierung,False,,,,,,,,,,,,,,1.0,,,,,,,,,,,,,,
politposse,False,,,,,,1.0,,,,,,,,,,,,,,,,,,,,,,
polizei,False,,5.0,,,12.0,,1.0,,,,,1.0,,,,,,1.0,1.0,,6.0,,36.0,,,2.0,,
polizeiangehörig,False,,,,,1.0,,,,,,,,,,,,,,,,,,,,,,,
polizeiarbeit,False,,,,,,,,,,,,,,,,,,,,,2.0,,,,,,,
polizeiaufgabe,False,,,,,,,,,,,,,,,,,,,,,,,,,1.0,,,
polizeibehörde,False,,,,,2.0,,,,,,,,,,,,,,,,,,,,,1.0,,
polizeidatenbank,False,,,,,,,,,,,,,,,,,,,,,2.0,,,,,,,
polizeie,False,,,,,,,,,,,,,,,,,,,,,2.0,,,,,,,
polizeieinsatz,False,,,,,,,,,,,,,,,,,,,,,2.0,,,,,,,
polizeigesetz,False,,,,,,,,,,,,,,,,,,,,,,,2.0,,,,,
polizeigewerkschaftsding,False,,,,,,,,,,,,,,,,,,,,,2.0,,,,,,,
polizeilich,False,,,,,1.0,,,,,,,,,,,,,,,,,,1.0,,,,,
polizeisoftware,False,,,,,,,,,,,,,,,,,,,,,,,,,,1.0,,
polizeium,False,,,,,1.0,,,,,,,,,,,,,,,,,,,,,,,
polizist,False,,1.0,,,,,,,,,,,,,,,,,,,,,,,,,,
polnisch,False,,,,,1.0,,,,,,,,,,,,,,,,,,,,,,,1.0
polynomisierung,False,,,,1.0,,,,,,,,,,,,,,,,,,,,,,,,
pontius,False,,,,,,,,,,,,,,,,,,,,,,,1.0,,,,,
pool,False,1.0,,,,,,,,,,,,,,,,,,,,,,,,,,,
poolfaktor,False,,,,,,,,,,,,,1.0,,,,,,,,,,,,,,,
popkulturell,False,,,,,,,,,,,,1.0,,,,,,,,,,,,,,,,
popstar,False,,,,,,,,,,,,,,,,,,,,,,,,,,,1.0,
popularisierung,False,,,,,,,1.0,,,,,,,,,,,,,,,,,,,,,
populisiere,False,,,,,,,,,,,,,,,,,,,,,1.0,,,,,,,
populisieren,False,,,,,,,,,,,,,,,,,,,,,1.0,,,,,,,
populistisch,False,,,,,,,,,,,,,1.0,,,,,,,,,,,,,,,
populär,False,,,,,,,3.0,2.0,,,,4.0,,,,,,,,,,,,,,1.0,1.0,
porn,False,,,,,,,,,2.0,,,,,,,,,,,,,,,,,,,
pornoplattformen,False,,,,,,,,,,,,,,,,1.0,,,,,,,,,,,,
port,False,,,,,,,,,,,,,,,6.0,,,,,,22.0,,,,,,,
portal,False,,,,,,,,,,,,,1.0,,,,,,,1.0,,,,,,,,
portemonnaie,False,,,,,,,,,,,,,2.0,,,,,,,,,,,,,,,
portion,False,,,,,,1.0,,,,,,,,,,,,,,,,,,,,,,
porträtieren,False,,,,,,,,,,,,2.0,,,,,,,,,,,,,,,,
portugal,False,,,,,1.0,,,,,,,,,,,,,,,,,,,,,,,
position,False,3.0,,,4.0,,,3.0,,2.0,,1.0,1.0,1.0,,4.0,,,,,1.0,5.0,,,1.0,,3.0,1.0,
positionieren,False,,2.0,,,1.0,,1.0,1.0,,,,,,,,,,,,,4.0,,,,,,,
positioniert,False,,,,,,,2.0,,,,,,,,,,,,,,,,,,,,,
positionierung,False,,,,,,,,,,,,,,,,,,,,,,,,1.0,,2.0,,
positionspapier,False,,,,,,,,,,,1.0,,,,,,,,,,2.0,,,,,,,
positiv,False,1.0,2.0,2.0,,,,4.0,,,,1.0,3.0,1.0,2.0,,2.0,2.0,2.0,7.0,3.0,12.0,,,,,4.0,1.0,
positivbeispiele,False,,,,,,,,,,,,,,,,,,,,1.0,,,,,,,,
positive,False,,,,,,,,,1.0,,,1.0,,,,,,,,,,,,,,,,1.0
positiver,False,,,,,,,,,,,,,,,1.0,,,,,,,,,,,,,
positives,False,,,,,,,,,1.0,,,,,,,,,,,2.0,,,,,,,1.0,
post,False,1.0,,1.0,,,,,,,,,,,,,,3.0,,,,,2.0,,,1.0,,,
postadresse,False,,,,,,,,,,,,,,,,,,,,1.0,,,,,,,,
postalisch,False,,,,,,,,,,,,,,,,,1.0,,,,,,,,,,,
postalische,False,,,,,,,,,,,,,,,,,1.0,,,,,,,,,,,
posten,False,2.0,2.0,,,,,1.0,,,1.0,,,,,,1.0,,,,,,,,,,,1.0,
postident,False,,,,,,,,,,,,,,,,,1.0,,,,,,,,,,,
posting,False,,1.0,,,,,,,,,,,,,,,,,,,,,,,,,,
postkarte,False,,1.0,,,,,,,,,,,,,,,,,,,,,,,,,,
postkolonial,False,,,,,,,,,,,,,,,,,,,,,,16.0,,,,,,
postkommunist,False,,,,,,,,,,,,,,,,,,,1.0,,,,,,,,,
postkorniale,False,,,,,,,,,,,,,,,,,,,,,,2.0,,,,,,
postleitzahlbereich,False,,,,,,,,,,,,,1.0,,,,,,,,,,,,,,,
postleitzahlenbereich,False,,,,,,,,,,,,,1.0,,,,,,,,,,,,,,,
postleitzahlengebiet,False,,,,,,,,,,,,,1.0,,,,,,,,,,,,,,,
postmarxistisch,False,,,,,,,,,,,,,,,,,,,,,,2.0,,,,,,
postproduktion,False,,,,,,,,,,,,,,,,,,,,,,,,3.0,,,,
postsystem,False,,,,,,,,,,,,,,,,,1.0,,,,,,,,,,,
postweg,False,,,,,,,,,,,,,,,,,,,1.0,,,,,,,,,
potatoes,False,,,,,,,,,,,,,,,,,,,,,4.0,,,,,,,
potemkin,False,1.0,,,,,,,,,,,,,,,,,,,,,,,,,,,
potent,False,,,,,1.0,,,,,,,,,,,,,,,,,,,,,,,
potential,False,,,,,,2.0,,,,,,,,,,,,,,,,,,,,,,
potentiell,False,1.0,,,,,,,,,,,,,,,,,,,,,,,,,,,
potenzial,False,,,,,,,,,1.0,3.0,,,,,,,,,,1.0,,,2.0,,,,,
potenziell,False,,,,,1.0,,2.0,3.0,6.0,2.0,,,1.0,,,2.0,1.0,,1.0,,2.0,2.0,,,1.0,,,
potenzieren,False,,,,,,,,,,,,,,,1.0,,,,,,,,,,,,,
potsdam,False,,,,,,,,,,,,,,,,,,,,,,,1.0,,,,,
pott,False,,,,1.0,,,,,,,,,,,,,,,,,,,,,,,,
pour,False,,,,,,,,,,,,,,,1.0,,,,,,,,,,,,,
pr,False,,,,,,,,,,,,,,1.0,,,,,,,,,,,,,,
practices,False,,,,,,,,,,,,,1.0,,,,,,,,,,,,,,,
prag,False,,,,,,,,1.0,,,,,,,,,,,,,,,,,,,,
pragmatisch,False,,,,,,,,,1.0,,,,1.0,,,,,,,,7.0,,,,,,1.0,1.0
praktikabel,False,,1.0,,,,,,,,,,,,,,,,,,,,,,,,,,
praktikabilität,False,,,,,,,,,1.0,,,,,,,,,,,,,,,,,,,
praktiker,False,,,,,,,,,,,,,,,,,,,2.0,,,,,,,,,
praktisch,False,9.0,2.0,,18.0,1.0,,3.0,1.0,4.0,2.0,1.0,1.0,,1.0,,2.0,,2.0,7.0,2.0,6.0,8.0,5.0,1.0,1.0,,2.0,8.0
praktischere,False,,,,,,,,,,,,,,,,,,,,1.0,,,,,,,,
praktischerweise,False,,,,,,,,,,,,,1.0,,,,,,,,,,,,,,,
prangen,False,,,,,,,,,1.0,,,,,,,,,,,,,,,,,,,
praxis,False,,2.0,,2.0,,,,1.0,,,1.0,,,3.0,2.0,2.0,1.0,,1.0,3.0,2.0,,,,,,2.0,
praxisverbünd,False,,,,1.0,,,,,,,,,,,,,,,,,,,,,,,,
predator,False,,,,,3.0,,,,,,,,,,,,,,,,,,,,,,,
predigt,False,,,,,1.0,,,,,,,,,,,,,,,,,,,,,,,
preis,False,1.0,1.0,6.0,,,,,,,,,,,,,,2.0,,2.0,1.0,6.0,2.0,,1.0,,,3.0,
preiscrawler,False,,,,,,,,,,,,,,,,,,,,,,,,,,,1.0,
preisfrage,False,,,,,,,,,,,,,,,,,,,,,,1.0,,,,,,
preisgabe,False,,,,,,,,,,1.0,,,,,,,,,,,,,,,,,,
preisgeben,False,,,,,,,,,2.0,2.0,,,,,,,,,,,,,,,,,,
preisgestaltung,False,,,1.0,,,,,,,,,,,,,,,,,,,,,,,,,
preisklasse,False,,,,,,,,,,,,,,,1.0,,,,,,,,,,,,,
preislist,False,,,,,,,,,,,,,,,1.0,,,,,,,,,,,,,
preissteigerung,False,,,2.0,,,,,,,,,,,,,,,,,,,,,,,,,
preissuchmaschin,False,,,,,,,,,,,,,,,,,,,,,,,,,,,1.0,
premierminister,False,,1.0,,,,,,,,,,,,,,,,,,,,,,,,,,
prepaid,False,,,,,,,,,,,,,1.0,,,,,,,,,,,,,,,
preschen,False,,,,,,,,,,,,,,,,,,,,,,,,,,1.0,,
press,False,,,,,,,,,,1.0,,,,,,,,,,,,,,,,,,
presse,False,,1.0,,2.0,3.0,4.0,,,2.0,,,,,2.0,1.0,,,,,,,1.0,4.0,,,,,
presseanfrag,False,,,,,,,,,,,,1.0,,,,,,,,,,,,,,,,
presseanfrage,False,,,1.0,,,,,,,,,,,,,,,,,,,,,,,,,
presseberichterstattung,False,,,1.0,,,,,,,,,,,,,,,,,,,,,,,,,
pressefreiheitsorganisation,False,,,,,,,,,,1.0,,,,,,,,,,,,,,,,,,
pressegespräch,False,,,,,,,,,,1.0,,,,,,,,,,,,,,,,,,
pressekonferenz,False,,,,,2.0,,,,,3.0,,,,,,,,,,,,,,,1.0,3.0,,
pressemeldung,False,,,,,,,,,,,,,,,,,1.0,,,,,,,,,,,
pressemitteilung,False,,,1.0,,,,,,,,,,,,,,4.0,,1.0,1.0,,,2.0,,,1.0,,
pressesprecher,False,,,,,,,,,,,,1.0,,,,,,,,,,,,,,,,
pressesprecherin,False,,,,,,,,,,,,2.0,,,,,,,,,,,,,,,,
pressestatement,False,,,,,,,,,,,,,,,1.0,,,,,,,,,,,,,
pressestelle,False,,,,,,,,,,,,,,,,,,,,,,,,,1.0,,,
presseverteiler,False,,,,,,,,,,,,,,,,,,,,,,,,,,1.0,,
pressevertreter,False,,,,,,,,,,,,,,,,,,,,,,,1.0,,,,,
pretzels,False,,,,,,,,,,,,,,,,,,,,,,,,,1.0,,,
preußisch,False,,,,,,,,,,,,,,,,,,,,,,,,,3.0,,,
price,False,,,,,,,,,,,,,,,,,,,,,,,,1.0,,,,
prickelnd,False,,,,,,,,,,1.0,,,,,,,,,,,,,,,,,,
prima,False,,1.0,,,,,,,,,,,3.0,1.0,,,,,,,,,,1.0,,1.0,,
primary,False,,,,,,,1.0,,,,,,,,,,,,,,,,,,,,,
prime,False,,,,,,,,,,,,1.0,,,,,,,,,,,,,,,,
primär,False,,3.0,1.0,3.0,,1.0,2.0,,,,,1.0,,,,,,,,1.0,,,,1.0,1.0,,1.0,
primärdat,False,,,,1.0,,,,,,,,,,,,,,,,,,,,,,,,
primärnutzung,False,,,,5.0,,,,,,,,,,,,,,,,,,,,,,,,
primärnutzungszwecke,False,,,,1.0,,,,,,,,,,,,,,,,,,,,,,,,
prinzip,False,3.0,5.0,10.0,13.0,2.0,1.0,2.0,3.0,7.0,,3.0,4.0,5.0,1.0,7.0,1.0,,1.0,1.0,6.0,36.0,28.0,32.0,,,3.0,5.0,1.0
prinzipiell,False,1.0,4.0,1.0,2.0,,,3.0,,,,,,,,3.0,,,,,1.0,7.0,1.0,,,,1.0,,
prinzipienfrag,False,,,,,,,,,,,,,,,,,,,,1.0,,,,,,,,
priorisiert,False,,,,,,,,,,1.0,,,,,,,,,,,,,,,,,,
priorität,False,,,,,,,1.0,,,,,,,,1.0,1.0,,,,1.0,,,,,,,,
privacy,False,1.0,1.0,,15.0,2.0,,,,,1.0,,,,,,,,,,,,,,,,,,
privat,False,,4.0,,5.0,3.0,,,1.0,,,,,,1.0,2.0,,,,,,,,,,,,1.0,
privatbank,False,,,,,,1.0,1.0,,,,,,,,,,,,,,,,,,,,,
private,False,,,,,1.0,,,,,,,,,,,,,,,1.0,,,,,,,,
privateigentum,False,,,,,,,,,,,,,,,,,,,,,,3.0,,,,,,
privatheit,False,,,,,,,,,,,,,,,,,1.0,,,,,,,,,,,3.0
privatisierung,False,,,,,,,,,,,,,,,,,,,,,,,,,,1.0,,
privatleben,False,,,,,,,,,,,,,,,5.0,,,,,,,,,,,,,
privatleut,False,,,,,,,1.0,,,,,,,,,,,,,,,,,,,,,
privatleute,False,,,,,,,3.0,,,,,,,,,,,,,,,,,,,,,
privatmensch,False,,,1.0,,,,,,,,,,,,,,,,,,,,,,,,,
privatpatient,False,,,,1.0,,,,,,,,,,,,,,,,,,,,,,,,
privatperson,False,,,2.0,,,,,,,,,,,,1.0,,,,,,6.0,,,,,,,
privatschlüssel,False,,1.0,,,,,,,,,,,,,,,,,,,,,,,,,,
privatsphäre,False,,3.0,,,1.0,,1.0,1.0,,,,,,,1.0,,1.0,,,,,,,,,,,
privatsphäreimplikation,False,,,,1.0,,,,,,,,,,,,,,,,,,,,,,,,
privatunternehmen,False,,,,,,,,,,,,,,,,,,,,,2.0,,,,,,,
privatversicherte,False,,,,,,,1.0,,,,,,,,,,,,,,,,,,,,,
privatwirtschaft,False,,,,,,,,,,,,,,,,,,,,,,,,,,1.0,,
privatwirtschaftlich,False,,,,,,,,,1.0,,,,,,,,,,,2.0,,,,,,,,
privileg,False,,,,,,,,,,,,,,,1.0,,,2.0,,,,,,,,,,
privilegiert,False,1.0,,,,,,,,,,,,,,,,,,,,,,,,,,,
privilegierung,False,,,,,,,,,,,,,,,,,,1.0,,,,,,,,,,
pro,False,,5.0,,4.0,3.0,1.0,2.0,,1.0,,,,6.0,,1.0,,2.0,1.0,,,6.0,5.0,1.0,7.0,,1.0,3.0,
proaktiv,False,,,,,,,,,,,,,,,,1.0,,,,,,,,,,,,
probably,False,,,,,,,,,,,,,,,,,,,,,,,,3.0,,,,
probieren,False,,,,,,,,1.0,1.0,,,,5.0,,,1.0,,,1.0,2.0,,,,,,1.0,,1.0
problem,False,25.0,35.0,8.0,24.0,4.0,1.0,9.0,12.0,26.0,6.0,4.0,8.0,9.0,1.0,3.0,6.0,16.0,4.0,7.0,17.0,45.0,16.0,7.0,8.0,5.0,10.0,34.0,3.0
problematik,False,3.0,,,1.0,,,,,,,,,,,,,,,,,,,,,1.0,,,
problematisch,False,,,,1.0,,,,,,1.0,3.0,,1.0,,,3.0,,1.0,,,8.0,,1.0,,,,1.0,
problematische,False,,,,,,,,,,,1.0,,,,,,,,,,,,,,,,,
problemauffriss,False,,,,,,,,1.0,,,,,,,,,,,,,,,,,,,,
problembehaften,False,,,,,,,,,,,,,,,,,,,,,4.0,,,,,,,
problembelad,False,,,,,,,1.0,,,,,,,,,,,,,,,,,,,,,
problemfall,False,,,,,,,,,,,,,,,,,,,,,,,,,,,1.0,
problemfeld,False,,,,,,,,,,,,,,,,,,,,,2.0,,,,,,,
problemfäll,False,,,1.0,,,,,,,,,,,,,,,,,,,,,,,,,
problemlos,False,1.0,,,,,,,,,,,,,,1.0,,,,,,,,,,,,,
problemlösen,False,,,,1.0,,,,,,,,,,,,,,,,,,,,,,,,
problemlöser,False,,,,,,,,,,,,1.0,,,,,,,,,,,,,,,,
produkt,False,3.0,,2.0,,12.0,,,2.0,,,,,1.0,,5.0,4.0,,,,5.0,6.0,,,1.0,,,7.0,
produkthaftung,False,,,1.0,,,,,,,,,,,,,,,,,,,,,,,,,
produkthaftungsgesetz,False,,,,,,,1.0,,,,,,,,,,,,,,,,,,,,,
produktion,False,,,,1.0,,,,,,,,8.0,,,,,,,,,,,,4.0,,,,
produktionsgeld,False,,,,,,,,,,,,1.0,,,,,,,,,,,,,,,,
produktiv,False,,,,,,,,,,,,,,,,,,,,,,2.0,,,,,,
produktsicherheitsbehörde,False,,,,,,,,,,,,,,,,1.0,,,,,,,,,,,,
produzieren,False,2.0,,1.0,,1.0,1.0,,1.0,,,,,,2.0,1.0,1.0,1.0,,,,2.0,5.0,,6.0,,2.0,,
produziert,False,,,,,,,,,,1.0,,,,,,,,,,,,,,,,,,
professionalisieren,False,,,,,,,,,,,,,,,,,,,,,,,,1.0,,,,
professionalisierend,False,,,,,,,,,,,,,,1.0,,,,,,,,,,,,,,
professionalisiert,False,,,,,,,,,,,,1.0,,,,,,,,,,,,,,,,
professionalisierung,False,,,,,,,,,,,,1.0,,1.0,,,,,,,,,,,,,,
professionell,False,1.0,,,,,,,,1.0,,,,,1.0,,,,,,,,,,4.0,,1.0,,2.0
professor,False,,,,,,,,,,,,1.0,,,,,,2.0,,,,,,,1.0,,,
professorin,False,,,,,,,,,1.0,,,,,,,,,,,,,1.0,,,,,,
professur,False,,,,,,,,,,,,,,,,,,,,,,1.0,,,,,,
profi,False,,,,,,,,,,,,,,,,,,,,,,,,2.0,,,,
profil,False,,,1.0,,,,,,2.0,,,,,,8.0,,,,,,,,,,,,,1.0
profilbildung,False,,,,,,,,,,,,,,,5.0,,,,,,,,,,,,,
profilbildungsfrage,False,,,,,,,,,,,,,,,1.0,,,,,,,,,,,,,
profilieren,False,,,,,,,,,,,,,,,,,,,,,2.0,,,,,,,
profilierung,False,,,,,,,,,,,,,,,13.0,,,,,,,,,,,,,
profiling,False,,,,,,,,,,,,,,,,,,,,2.0,,,,,,,,
profisegment,False,,,,,,,,,,,,,,,,,,,,,,,,1.0,,,,
profit,False,1.0,,,,,,,,,,,1.0,,,,,,,,,1.0,2.0,,,,,,
profitieren,False,,,,,,,,,,,,,,,,,,,,1.0,,3.0,,1.0,,1.0,1.0,
profitorientiert,False,1.0,,,,,,,,,,,,,,,,,,,,,,,,,,,
profund,False,,,,,,,,,1.0,,,,,,,,,,,,,,,,,,,
programm,False,,1.0,3.0,,1.0,,1.0,,,,,3.0,,1.0,,,,,,,38.0,,,,1.0,1.0,1.0,
programmier,False,,,,,,,,1.0,,,,,,,,,,,,,,,,,,,,
programmieren,False,2.0,,1.0,,1.0,,,4.0,1.0,,,6.0,,,,,,,,,,,,1.0,,,3.0,
programmierer,False,,,,,,,1.0,,,,,,,,,,,,,,,,,,,,,1.0
programmiersprach,False,,,,,,,,,,,,2.0,,,,,,,,,,,,,,,,
programmiersprache,False,,,,,,,1.0,,,,,3.0,,,,,,,,,,,,,,,3.0,
progress,False,,,,,,,,,,,,,,,,,,,,,,,,,1.0,,,
progressiv,False,,,,,,,3.0,,,,,,,2.0,,,,,2.0,,,,,,,,,
progressivierung,False,,,,,,,1.0,,,,,,,,,,,,,,,,,,,,,
prohibitiv,False,,,,,,,,,,,,,,,,,1.0,,,,,,,,,,,
projana,False,,,,,1.0,,,,,,,,,,,,,,,,,,,,,,,
project,False,,,,,6.0,,2.0,,,,,,,,,,,,,,,,,,,,,
projects,False,,,,,1.0,,,,,,,,,,,,,,,,,,,,,,,
projekt,False,2.0,,2.0,1.0,2.0,1.0,1.0,,,1.0,1.0,1.0,2.0,8.0,,2.0,,,3.0,,2.0,7.0,4.0,,2.0,5.0,,2.0
projektantrag,False,,,,,,,,,,,,,,,,,,,,,,,,1.0,,2.0,,
projektfinanzierung,False,,,,,,,,,,,,,,,,,,,,,,,,,,1.0,,
projektgelder,False,,,,,,,,,,,,,,,,,,,,,,,,,,2.0,,
projektmanagementkompetenz,False,,,,,,,1.0,,,,,,,,,,,,,,,,,,,,,
proliferation,False,,,,,1.0,,,,,,,,,,,,,,,,,,,,,,,
promi,False,,,,,,1.0,,,,,,,,,,,,,,,,,,,,,,
promille,False,,,,,,,,,,,,,,,,,,,,,,,,,,,1.0,
prominent,False,,,,1.0,1.0,1.0,,1.0,1.0,,,2.0,,,,,,,,,,,,,,,,
prominente,False,,,,,,,,,,,,,,,,,,,,1.0,,,,,,,,
prominenz,False,,,,,,,,,,,,,,,,,,,,,2.0,,,,,,,
promo,False,,,,,,,,,,,,,,1.0,,,,,,,,,,,,,,
promovier,False,,,,,,,,,,,,,,,1.0,,,,,,,,,,,,,
promovieren,False,,,,,,,,1.0,,,,,,,1.0,,,1.0,1.0,,,,,,,,,
pronto,False,,,,,,,,,,1.0,,,,,,,,,,,,,,,,,,
proof,False,,,,,,,,,,,,,,,,,,,,,,,,,,,1.0,
prophet,False,,,,,,,,,,1.0,,,,,,,,,,,,,,,,,,
proport,False,,,,,,2.0,,,,,,,,,,,,,,,,,,,,,,
proprietär,False,3.0,,,,,,,,,,,,,,,,,,2.0,,,,,,,,,
prosperierend,False,,,,,1.0,,,,,,,,,,,,,,,,,1.0,,,,,,
prosumer,False,,,,,,,,,,,,,,,,,,,,,,,,1.0,,,,
protection,False,,,,,,,,,,,,,,,1.0,,,,,,,,,,,,,
protektionistisch,False,,,,,,,,,,,,,,,,,,,,,,1.0,,,,,,
protest,False,,2.0,,,,,,,3.0,,,,,3.0,,,,,,,,1.0,,,,,,
protestierend,False,,,,,,,,,,,,,,,,,,,,,,1.0,,,,,,
protext,False,,1.0,,,,,,,,,,,,,,,,,,,,,,,,,,
protokoll,False,,5.0,,,1.0,5.0,,8.0,,2.0,,,,,,,1.0,1.0,1.0,,,,5.0,1.0,,,,
protokollant,False,,,,,1.0,,,,,,,,,,,,,,,,,,,,,,,
protokolle,False,,,,,,2.0,1.0,2.0,,,,,,,,,,,,,,,,,,,,
protokollführ,False,,,,,,,,,,,,,,,,,,,,,,,1.0,,,,,
protokollieren,False,,,,,,6.0,,,,,,,,,,,,,,,,,3.0,,,,,
protokolliert,False,,,,,,1.0,,,,,,,,,,,,,,,,,,,,,,
prototypisch,False,,,,,,,,,,,,,,,,,,,,,,,,1.0,,,,
provider,False,,,,,,,1.0,,1.0,,,,,,8.0,,,,,,,,,,,,,
providern,False,,,,,,,,,,,,,,,1.0,,,,,,,,,,,,,
provision,False,,,,,,,,,,,,,1.0,,,,,,,,,,,,,,,
provokativ,False,,,,,,,,,,,,,,2.0,,,,,,,,,,,,,,
proxy,False,,,,,,,,,,,,1.0,,,,,,,,,,,,,,,,
prozedere,False,,,,,,1.0,,,,1.0,,,,,,,,,,,,,,,,,,
prozedur,False,,,,,,,,,,,,,,,,,1.0,,,,,,,,,,,
prozent,False,,2.0,1.0,,,1.0,1.0,,1.0,,1.0,,2.0,,2.0,,1.0,,6.0,1.0,12.0,1.0,,,,2.0,2.0,
prozentsatz,False,,,,,,,,,,,,,,,,,,,,,2.0,,,,,,,
prozentual,False,,,,,,,,,,,,,,,,,,,1.0,,,,,,,,,
prozentzahl,False,,,,,,,,,,,,,,,,,,,,,2.0,,,,,,,
prozentzahle,False,,,,,,1.0,,,,,,,,,,,,,,,,,,,,,,
prozess,False,,,2.0,2.0,1.0,2.0,,9.0,2.0,2.0,6.0,1.0,,4.0,2.0,5.0,,3.0,8.0,2.0,,,2.0,,,2.0,2.0,5.0
prozessbeobachtung,False,,,,,,,,,,,,,,,,,,,,,,,,,,2.0,,
prozessbeobachtunge,False,,,,,,,,,,,,,,,,,,,,,,,,,,1.0,,
prozessführung,False,,,,1.0,,,,,,,,,,,,1.0,,1.0,,2.0,,,,,,,,
prozesssicht,False,,,,,1.0,,,,,,,,,,,,,,,,,,1.0,,,,,
prozessstart,False,,,,,,,,,,,,,,,,,,,,,,,,,,1.0,,
prozessual,False,,,,,,,1.0,,,2.0,,,,,1.0,2.0,,,1.0,,,,,,,,,
prozesswissen,False,,,,,,,,,,,,,,,,,,,4.0,,,,2.0,,,,,1.0
prozeß,False,,,1.0,,,,3.0,,1.0,1.0,1.0,1.0,,8.0,1.0,2.0,,1.0,1.0,,,4.0,2.0,,1.0,,1.0,8.0
prädestinieren,False,,,,,,,,,,,,,,,,,,,,,,,,,,1.0,,
präferenz,False,,,,1.0,,,,,,,,,,,,,,,,,,,,,,,,
präferiert,False,,,,1.0,,,,,,,,,,,,,,,,,,,,,,,,
prägen,False,,4.0,,3.0,,1.0,,,,,1.0,1.0,2.0,,1.0,1.0,,,1.0,,,9.0,,,,,,
prägend,False,,,,,,,,,,,,,,,,,,,1.0,,,,,,,,,
prägnant,False,,1.0,,,,,,,,,3.0,,,,,,,,,,,,,,,,,
prägung,False,,1.0,,,,,,,,,,,,,,,,,,,,,,,,,,
prämie,False,,,,,,,1.0,,,,,,,,,,,,,,,,,,,,,
prämisse,False,,,,,,,,,,,,,,,,,,,,,,,,,,,1.0,
präparat,False,,,,,,,,,,,,,,,,,,,,,,,,,,,,1.0
präsent,False,,,,,,,,,,,1.0,,,,,,,,1.0,,4.0,,,,,,,
präsentieren,False,1.0,,,1.0,,,,,,,,,,,,,1.0,,,,,,,,,1.0,,
präsenz,False,,,,,,,,,,1.0,,,,,,,,,,,,,,,,,,
präsident,False,,,,,,1.0,,,,,,,,1.0,,,,1.0,,,,,,,,,,1.0
präsidentensenat,False,,,,,,,,,,,,,,2.0,,,,,,,,,,,,,,
präsidentin,False,,,,,,,,,,,,,,,,,,,2.0,,,,,,,,,
prätix,False,,,,,,,,,,,,,,,,,,,,,,,,1.0,,,,
prävention,False,,1.0,,,,,,,,,,,,,,,,,,,,,,,,,,
präventiv,False,,,,,,,,,,,,,,,,,,,,,4.0,,,,,,,
präzedenzfall,False,,,,1.0,,,,,,,,,,,,,,,,,,,,,,,,
präzis,False,,,,1.0,,,,,,,,,,,,,,,,,,,,,,,,
präzise,False,,,,2.0,,,1.0,1.0,,,,,,,,,,,,,,,,,,,,
präzisieren,False,,,,1.0,,,,,,,,,,,,,,,,,,,,,,,,
präzisierung,False,,,,,1.0,,,,,,,,,,,,,,,,,,,,,,,
präzision,False,,,,,,,1.0,,,,,,,,,,,,,,,,,,,,,
prüd,False,,,,,,,,,,,,,,,,,1.0,,,,,,,,,,,
prüfbehörde,False,,,,,1.0,,,,,,,,,,,,,,,,,,,,,,,
prüfen,False,,2.0,5.0,,2.0,,,,,,,,,,4.0,,2.0,,,,6.0,,2.0,,1.0,,,1.0
prüfprozeß,False,,,,,,,,,,,,,,,,,1.0,,,,,,,,,,,
prüfsumme,False,,,,,,,,,,,,,,,,,2.0,,,,,,,,,,,
prüfung,False,,1.0,2.0,,2.0,,,,,,,,,,3.0,,1.0,1.0,,,,,1.0,,,,,1.0
prügeln,False,,,,1.0,,,,,,,,,,,,,,,,,,,,,,,,
psch,False,,,,,,,1.0,,,,,,,,,,,,,,,,,,,,,
psd,False,,,,,,,,,,,,,,,,,1.0,,,,,,,,,,,
pseudonym,False,,,,17.0,,,,,5.0,,,,,,,,,,,,,,,,,,,
pseudonyme,False,,,,,,,,,,,,,,,,,,,,,,,,,,,,1.0
pseudonymisieren,False,,,,1.0,,,,,,,,,,,,,,,,,,,,,,,,
pseudonymisiert,False,,,,1.0,,,,,,,,,,,,,,,,,,,,,,,,
pseudonymisierung,False,,,,12.0,,,,,,,,,,,,,,,,,,,,,,,,
pseudonymisierungsschutz,False,,,,1.0,,,,,,,,,,,,,,,,,,,,,,,,
psw,False,,,,,,,,,,,,,,,,,,,1.0,,,,,,,,,
psychisch,False,,,,,,,1.0,,,,,,,,,,,,,,,,,,,,,
psychodelisch,False,,,,,,,,,,,,1.0,,,,,,,,,,,,,,,,
psychologisch,False,,,,,,,,,,,,,,,,,,,,,2.0,2.0,,,,,,
psychotest,False,,,,,,,,,,,,,,1.0,,,,,,,,,,,,,,
pu,False,,,,,,2.0,,,,,,,,,,,,,,,,,,,,,,
public,False,,,,,,,,,3.0,,,1.0,,,,2.0,,,,,,,,,,1.0,1.0,
publikation,False,,,,,,,,1.0,,,,,,,,,,,,,,,,,,,,
publikum,False,,1.0,,,,,,,,1.0,,5.0,,,,,,,,,,,2.0,,,1.0,,
publikumspressur,False,,,,,,,,,,,,,,,,,,,,,,,,1.0,,,,
publizieren,False,,,,,,1.0,,,,,,,,,,,,,,,,,,,,,,
publizistisch,False,,,,,,,,,,,,,,1.0,,,,,,,,,,,,,,
puh,False,,,,,,,1.0,,,,,,1.0,1.0,1.0,,,,,,,,,,,,1.0,
pullfaktor,False,,,,,,,,,,,,,2.0,,,,,,,,,,,,,,,
pult,False,,,,,,,,,,,,,,,,,,,,,,,,1.0,,,,
pulverfass,False,,,,,,,,,,,,,,,,,,,,,,,,,1.0,,,
punk,False,,,,,,,,,,,,3.0,,,,,,,,,,,,,,,,
punkband,False,,1.0,,,,,,,,,,,,,,,,,,,,,,,,,,
punkt,False,6.0,16.0,2.0,4.0,13.0,,7.0,10.0,8.0,17.0,5.0,1.0,4.0,1.0,10.0,2.0,4.0,5.0,5.0,12.0,49.0,4.0,4.0,2.0,6.0,2.0,9.0,4.0
punktkabinettsentwurf,False,,,,,,,,,,,1.0,,,,,,,,,,,,,,,,,
punktlandung,False,,,,,,1.0,,,,,,,,,,,,,,,,,,,,,,
punktuell,False,,,,,,,2.0,,,,,,,,,,,,,,,,,,,,,
purple,False,,,,,,,,,,,,,,,,,,,,,,2.0,,,,,,
purposes,False,,,,,,,,,,1.0,,,,,,,,,,,,,,,,,,
push,False,1.0,,,,,,,,,,,,,1.0,,,,,,,,,,,,,,
pushback,False,,,,,,,,,,,,,,1.0,,,,,,,,,,,,,,
pushen,False,,,,,,,,,,,,,,,1.0,,,,,,,,,,,,,
pustemau,False,,,,,1.0,,,,,,,,,,,,,,,,,,,,,,,
pusten,False,1.0,,,,,,,,,,,,,,,,,,,,,,,,,,,
putschdämon,False,,,,,1.0,,,,,,,,,,,,,,,,,,,,,,,
putzig,False,,,,,,,,,1.0,,,,,,,,,,,,,,,,,,,
pxw,False,,,,,,,,,,,,,,,,,,,,,,,,1.0,,,,
pädokriminalität,False,,,,,,,,,,,,,,,2.0,,,,,,,,,,,,,
pöbeln,False,,,,,,,,,,,1.0,,,,,,,,,,,,,,,,,
qntkü,False,,,,,1.0,,,,,,,,,,,,,,,,,,,,,,,
qtsp,False,,,,,,,,,2.0,,,,,,,,,,,,,,,,,,,
quali,False,1.0,,,,,,,,,,,,,,,,,,,,,,,,,,,
qualificato,False,,,,,,,1.0,,,,,,,,,,,,,,,,,,,,,
qualified,False,,,,,,,,,1.0,,,,,,,,,,,,,,,,,,,
qualifizieren,False,,1.0,,,,,,,,,,,,,,,,,1.0,,,,,,,,,2.0
qualifiziert,False,,,,,,,,,1.0,,3.0,,,,,,,,,,,,,,,,,
qualitativ,False,,,,1.0,,,,,,,,,,,,,,,1.0,2.0,6.0,,,,,,1.0,
qualität,False,,,,,,,,,,,,,,,,,,2.0,,,5.0,,,1.0,,1.0,,1.0
qualitätsaussage,False,,,1.0,,,,,,,,,,,,,,,,,,,,,,,,,
qualitätsebene,False,,,,,,,,,,,,,,,,,,,,,,,,1.0,,,,
qualitätskontroll,False,,,1.0,,,,,,,,,,,,,,,,,,,,,,,,,
qualitätskriterium,False,,,,,,,,,,,,,,,,,,,,1.0,,,,,,,,
qualitätsmerkmal,False,,,1.0,,,,,,,,,,,,,,,,,,,,,,,,,
qualitätssicherung,False,,,,,,,,,,,,,,,,,,,,,,,,,,1.0,,
qualitätsverbesserung,False,,,,,,,,,,,,,,,,,,,,1.0,,,,,,,,
qualmen,False,,,,,,,,,,,,,,,,,,,,,,,,,,,1.0,
quantentechnologie,False,,,,,,,1.0,,,,,,,,,,,,,,2.0,,,,,,,
quantifizieren,False,,,,,,,,,,,,,,,,,,1.0,,,,,,,,,,
quantitativ,False,,,,,,,,,,,,,,,,,,,1.0,,,,,,,,,
quark,False,,,,,,,,,1.0,,,,,,,,,,,,,,,,,,,
quartal,False,,,3.0,,,,,,,,,,,,,,,,,,,,,,,2.0,,
quasi,False,10.0,9.0,9.0,21.0,9.0,20.0,28.0,6.0,12.0,5.0,8.0,4.0,4.0,1.0,7.0,20.0,2.0,5.0,24.0,12.0,20.0,6.0,9.0,17.0,5.0,4.0,17.0,4.0
quatsch,False,,1.0,1.0,2.0,,,1.0,,3.0,,,1.0,4.0,,,,,,1.0,1.0,,,,2.0,,1.0,,
quatschen,False,,,,,,,,,,,,,,1.0,,,,,,,,,,,,,,
quatschig,False,,,,,,,,,,,,,1.0,,,,,,,,,,,,,,,
quell,False,,,,,,,,,,,,,,,,,,,,1.0,,,,,,,,
quellcode,False,,,,1.0,2.0,,,2.0,,,,,,,,,,,,1.0,,,,,,,,
quelle,False,,,,,2.0,1.0,,,,,1.0,,,,2.0,,,,,,,2.0,,,,,,
quellenlage,False,1.0,,,,,,,,,,,,,,,,,,,,,,,,,,,
quellenschutz,False,,,,,,,,,,,,,,,1.0,,,,,,,,,,,,,
quellenschutzgründen,False,,,,,1.0,,,,,,,,,,,,,,,,,,,,,,,
quellenticker,False,,,,,,,,,,,,,,,,,,,,,4.0,,,,,,,
quelloffen,False,,,,,,,,3.0,,,,,,,,,,,,,,,,,,,,
quer,False,,,,,,1.0,,,2.0,,,,,,,,,,,,,,,,,,,
querbeziehunge,False,,,,1.0,,,,,,,,,,,,,,,,,,,,,,,,
queren,False,,,,,,,,,,,,,,,,,,,1.0,,,,,,,,,
querlager,False,,,,,,,,,,,,,,,,,,,,,,,,,1.0,,,
querschnitt,False,1.0,,,,,,,,,,,,,,,,,,,,,,,,,,,
querschnittsproblem,False,,,,,,,,,,,,,,,,,,,,,,,,,1.0,,,
querschnittsthema,False,,,,,,,2.0,,,,,,,,,,,,1.0,,2.0,,,,1.0,,,
querschnittthema,False,,,,,,,2.0,,,,,,,,,,,,,,,,,,,,,
querverweise,False,,,,1.0,,,,,,,,,,,,,,,,,,,,,,,,
quett,False,,,,,,,,,,,,,,,,,,,,,,2.0,,,,,,
quick,False,,,,,,,4.0,,,,,,,,13.0,,,,,,2.0,,,,,,,
quickfreeze,False,,,,,,,,,,,,,,,3.0,,,,,,,,,,,,,
quietsch,False,,,,,,,,,,,,1.0,,,,,,,,,,,,,,,,
quintessenz,False,,,,,,,,,2.0,,1.0,,,,,,,,,,,,,,,,,
quo,False,,,,,,,,,,1.0,,,,,,,,,,,,,,,,1.0,,
quote,False,,,,,,,,,1.0,1.0,,,2.0,,1.0,,,,,,,,,,,,,
qvex,False,,,,,,,,,2.0,,,,,,,,,,,,,,,,,,,
rabbit,False,,,,1.0,,,,,,,,1.0,,,,,,,,,,,,,,,,
rack,False,,,,,,,,,,,,,,,,,,,,,,,,1.0,,,,
rad,False,,,,,,,,,,,,1.0,,,,,,,,1.0,,,,,,,,
radar,False,,,,1.0,,,,,1.0,1.0,,,,,,,,,,,,,,,,,,
radikal,False,3.0,2.0,,,,,,,,,1.0,,,,,,,,,,,2.0,,,,,,
radikalisieren,False,,,,,,,,,,,,,,,,,,,,,2.0,,,,,,,
radikalos,False,,,,,1.0,,,,,,,,,,,,,,,,,,,,,,,
radio,False,5.0,3.0,2.0,6.0,3.0,,4.0,,6.0,1.0,,2.0,,,1.0,,3.0,1.0,2.0,2.0,1.0,2.0,,7.0,1.0,7.0,7.0,
radioaktiv,False,,,,,,,,,1.0,,,,,,,,,,,,,,,,,,,
radiobroadcast,False,,,,,,,,,,,,,,,,,,,,,,,,1.0,,,,
radiofolg,False,,1.0,,,,,,,,,,,,,,,,,,,,,,,,,,
radiomensch,False,,,1.0,,,,,,,,,,,,,,,,,,,,,,,,,
radiosendung,False,1.0,,,,,,,,,,,,,,,,,,,,,,,,,1.0,,
radius,False,,,,,,,,,,,,1.0,,,,,,,,,,,,,,,,
rage,False,1.0,,,,,,,,,,,,,,,,,,,,,,,,,,,
rahmen,False,,5.0,1.0,1.0,1.0,2.0,1.0,3.0,2.0,3.0,,1.0,,,2.0,3.0,,,1.0,,2.0,3.0,1.0,,,,1.0,
rahmenbedingung,False,,,,,,,,,,,,,,,1.0,,,,,,,,,,,,,
rahmenwerk,False,,,,1.0,,,,,,,,,,,,,,,,,,,,,,,,
rahnen,False,,,,,,,,,,,,,,,,,1.0,,,,,,,,,,,
rainer,False,,,,,4.0,,,,,,,,,,,,,,,,,,,,,,,
ram,False,,,,1.0,,,,,,,,,,,,,,,,,,,,1.0,,,,
ramin,False,,,,,,,,,,,,,,,,,,,,,,,,,,1.0,,
ramp,False,,,,,,,,,,,1.0,,,,,,,,,,,,,,,,,
ran,False,,2.0,,2.0,2.0,1.0,,1.0,2.0,,,1.0,,4.0,,1.0,,1.0,,,2.0,,,,1.0,2.0,,1.0
rand,False,1.0,,1.0,1.0,,,1.0,2.0,,,,1.0,,,,,,,,,4.0,,1.0,,,,,
randgedrängt,False,,,,,,,,,,,,,,,,,,,,,,1.0,,,,,,
random,False,,,,,,,,,,,,,,,,,,,,,,,,,,,2.0,
randthema,False,,,,,,,,,,,,,,,,,,,,,2.0,,,,,,,
ranflansch,False,,,,,,,,,1.0,,,,,,,,,,,,,,,,,,,
range,False,,,,,,,,,,,,,,,,,,,,,,,,1.0,,,,
rangegangen,False,,,,,,,,,,,,,,,,,,,,,,,,,1.0,,,
rangehen,False,,,,,,,,,1.0,,,,,,,,,,2.0,,,,,,,,,
rangehst,False,,,,,,,,,,,,,,,,1.0,,,,,,,,,,,,
rangekommen,False,,,,,1.0,,,,,,,,,1.0,,,,,,,,,,,,,,
rangepacken,False,,,,,,,,,,,,,,1.0,,,,,,,,,,,,,,
rangeschaffen,False,,,,,,1.0,,,,,,,,,,,,,,,,,,,,,,
rangetreten,False,,,1.0,,,,,,,,,,,,,,,,,,,,,,,,,
ranghöch,False,,,,,,,,,,,,,,,,,,,,,,,,,2.0,,,
ranken,False,,,,,,,,,,,,,,,,,,,,,,,,,,,1.0,
ranking,False,,,,,,,,,,,,,,,,,,,1.0,,,,,,,,,
ranklatschen,False,,,,1.0,,,,,,,,,,,,,,,,,,,,,,,,
rankommen,False,,2.0,1.0,2.0,,1.0,,1.0,,,,,,1.0,,,,,,1.0,3.0,,,,,,,
ranschreiben,False,,,1.0,,,,,,,,,,,,,,,,,,,,,,,,,
rant,False,,,,,,,1.0,,,,3.0,,,,,,,,,,,,,,,,,
ranzoomen,False,,,,,,,,,,,,,,,,,,,,,,,,1.0,,,,
ranzugehen,False,,,,,,,,,,,,1.0,,,,,,,,,,,,,,,,
ranzukommen,False,,1.0,,,,,,,,,,,1.0,,,,,,,,,,,,,,,
ranzulegen,False,,,,1.0,,,,,,,,,,,,,,,,,,,,,,,,
raphael,False,,,,,,,,3.0,,,,,,,,,,,,,,,,,,,,
raps,False,,,,1.0,,,,,,,,,,,,,,,,,,,,,,,,
rasen,False,,,1.0,,,,,,,,,,,,,,,,,,,,,,,,,
rassismus,False,,,,,,,,,,,,,,,,,,,,,,12.0,,,,1.0,,
rassistisch,False,,,,,,,,,,,,,,,,,,,,,,,,,,1.0,,
rat,False,,3.0,,8.0,,2.0,,,2.0,1.0,,,,,,1.0,,,,,,,,,,,,5.0
ratchet,False,,,,,,,,1.0,,,,,,,,,,,,,,,,,,,,
ratcheting,False,,,,,,,,1.0,,,,,,,,,,,,,,,,,,,,
raten,False,,,3.0,2.0,,,,2.0,,,,,,,,,5.0,,,,,,,,,1.0,,1.0
ratifizieren,False,,,,,1.0,,,,,5.0,,,,,,,,,,,,,,,,,,
ratifizierung,False,,,,,,,,,,1.0,,,,,,,,,,,,,,,,,,
rating,False,,,,,,,,,,,,,,,,,,,,,,,,,,3.0,,
rational,False,1.0,,,,,,,,,,,,,,,,,,,,,,,,,,,
ratspräsidentschaft,False,,,,,,,,,,,,,,,,,,,,,,,,,,1.0,,1.0
rattenschwanz,False,,,,1.0,,,,,,,,,,,,,,,,,,,,,,,,
raubkopierer,False,,,,,,,,,,,,,,,2.0,,,,,,,,,,,,,
rauchen,False,1.0,,,,,,,,,,,,,,,,,,,,,,,,,,,
rauchzeichen,False,,2.0,,,,,,,,,,,,,,,,,,,,,,,,,,
rauernziehe,False,,1.0,,,,,,,,,,,,,,,,,,,,,,,,,,
rauf,False,,1.0,,,,,,,,,,,,,,,,,,,,,,,,,,
raum,False,4.0,4.0,,2.0,,,1.0,3.0,1.0,4.0,1.0,1.0,1.0,1.0,1.0,1.0,,1.0,4.0,2.0,10.0,,4.0,3.0,1.0,,,1.0
raumfahrt,False,,,,,,,,,,,,,,,,,,,,,,,,,1.0,,,
raus,False,6.0,6.0,1.0,2.0,,,3.0,3.0,5.0,,3.0,,,6.0,,2.0,1.0,,,2.0,7.0,4.0,,6.0,,2.0,1.0,1.0
rausbringen,False,,,,,,,,1.0,,,,,,,,,,,,,,,,,,,,
rausfiltern,False,,,,,,,,,,,,,,,1.0,,,,,,,,,,,,,
rausfinden,False,1.0,1.0,2.0,1.0,1.0,,,,1.0,1.0,1.0,1.0,1.0,1.0,2.0,,,,,1.0,,,,,,,1.0,
rausfliegen,False,,,,,,,,,2.0,,,,,,,,,,,,,,,,,,,
rausfällen,False,,,,,,,,,,,1.0,,,,,,,,,,,,,,,,,
rausgangen,False,,,,,,,1.0,,,,,,,,,,,,,,,,,,,,,
rausgeangeln,False,,,,,,,,,,,,,,,,,,,,,,,,1.0,,,,
rausgearbeiten,False,,,,,,,,,,,,,,,,,,1.0,,,,,,,,,,
rausgeben,False,,,,1.0,,,,,,,,,1.0,3.0,,,,,,,,,,,,,,
rausgebrachen,False,,,,,1.0,,,,,,,,,,,,,,,,,1.0,,,,,,
rausgebracht,False,,,,,,,1.0,,,,,,,,,,,,,,,,,,,,,
rausgefalle,False,,,,,,,,,,,,,,,,,1.0,,,,,,,,,,,
rausgefallen,False,,,,,,,,,,,1.0,,,,,,,,,,,,,,,,,
rausgefunden,False,,,,,,,,,,,,,,,,,,,,,,,,,,1.0,,
rausgegeben,False,,,,,,1.0,,,,,,,,1.0,,,1.0,,,,,,,,,,,
rausgegriffen,False,,,,,,,,,,,,,,,,,1.0,,,,,,,,,,,
rausgehauen,False,,,,,,,,1.0,,,,,,,,,,,,,,,,,,,,
rausgehen,False,,1.0,,1.0,,,,,,,,,,,,,,1.0,,,2.0,,,,,,,1.0
rausgehören,False,,,,,,,,1.0,,,,,,,,,,,,,,,,,,,,
rausgeklettern,False,,,,,1.0,,,,,,,,,,,,,,,,,,,,,,,
rausgekommen,False,,,,,,,1.0,,,,,,,,,,,,,,,,,,,,,
rausgekriegen,False,,1.0,,,,,,,,,,,,,,,,,,,,,,,,,,
rausgekörpert,False,,,,,,,,1.0,,,,,,,,,,,,,,,,,,,,
rausgelöschen,False,,,,1.0,,,,,,,,,,,,,,,,,,,,,,,,
rausgenommen,False,,,,,,,1.0,,,,,,,,1.0,,,,,,,,,,,,,
rausgesagen,False,,,,,1.0,,,,,,,,,,,,,,,,,,,,,,,
rausgeschicken,False,,,,,,,,,,,,,,,,,,,,1.0,,,,,,,,
rausgeschmissen,False,,,,,,,,,1.0,,,,,,,,,,,,,,,,,,,
rausgeschriebe,False,,,,,,,,,,,,,,,,,,1.0,,,,,,,,,,
rausgestellen,False,,,,,,1.0,,,,,,,,,,,,,,,,,,,,,,
rausgesuchen,False,,,1.0,,,,,,,,,,,,,,,,,,,,,,,,,
rausgetan,False,,,,,,,,,,,,,,1.0,,,,,,,,,,,,,,
rausgewieseln,False,,,,,1.0,,,,,,,,,,,,,,,,,,,,,,,
rausgeworfen,False,,,1.0,,1.0,,,,,,,,,,,,,,,,,,,,,,,
rausgezogen,False,,,,,,,,,,,,,,,,,,,,,,,,,1.0,,,
rausgibst,False,,,,1.0,,,,,,,,,,,,,,,,,,,,,,,,
rausgreifen,False,,,,,,,1.0,,,,,,,,,,,,1.0,,,,,,,,,
raushacke,False,,,,,,,,,,,,1.0,,,,,,,,,,,,,,,,
raushaust,False,,,,1.0,,,,,,,,,,,,,,,,,,,,,,,,
rausholen,False,1.0,1.0,1.0,,1.0,,,,1.0,,,1.0,,1.0,,,1.0,,,,,,,,,,,
raushängen,False,,,,,,1.0,,,,,,,,,,,,,,,,,,1.0,,,,
raushören,False,,,,,,,,,,,,,,,,,,,,,,,,,1.0,,,
rauskehren,False,,,,,,,,,,,,,,,,,,,1.0,,,,,,,,,
rauskommen,False,1.0,3.0,1.0,1.0,8.0,,1.0,1.0,2.0,,3.0,1.0,,2.0,1.0,,1.0,,2.0,1.0,3.0,4.0,,1.0,1.0,,,
rauskramen,False,1.0,,,,,,,,,,,,,,,,,,,,,,,,,,,
rauskriegen,False,,,,,1.0,,,,,,,,,,,,,,,,,,,,,,,
rauslesen,False,,,,,,,1.0,,,,,,,,,,,,,,,,,,,,,
rausnehmen,False,,,,,,1.0,,,1.0,,,,,,1.0,,,,,,,,,,,,,
rausnimmen,False,,,,,,,,,,,,,,,,,,,1.0,,,,,,,,,
rausputzel,False,,,,,,,,,,,,,,,1.0,,,,,,,,,,,,,
rausreden,False,,,,,1.0,,,,,,,,,,,,,,,,,,,,,,,
rausreich,False,,,,,,,,,,,,,,,,,,,1.0,,,,,,,,,
rausrücken,False,,,,,1.0,,,,,,,,,2.0,,,,,,,,,,,,,,
raussagekräftig,False,,,,1.0,,,,,,,,,,,,,,,,,,,,,,,,
rausschicken,False,,,1.0,,,,,,,,,,,,,,,,,1.0,,,,,,,,
rausschling,False,,,,,,,,,,,,,,,,1.0,,,,,,,,,,,,
rausschneiden,False,,,,,,,,,,,,1.0,,,,,,,,,,,,,,,,
raussetzen,False,,,,,,,,,,,,1.0,,,,,,,,,,,,,,,,
rausstellen,False,,,,,,,2.0,,,,,,,,,,,,,,,,,,,,,
rausstreichen,False,,,,,,,,,2.0,,,,,,,,,,,,,,,,,,,
raussuchen,False,,,,,,,,,,,,,,,1.0,,,,,,,,1.0,,,,1.0,
raustren,False,,,,,,,,,,,,,,,,,,,,,,,1.0,,,,,
raustu,False,,,,,,,,,,,,,,,,,,,,,,,,,,1.0,,
raustun,False,,,,,,,,,,,,,,,,1.0,,,,,,,,,,,,
rauszubringen,False,,,,,,,,,,,,,,1.0,,,,,,,,1.0,,,,,,
rauszudreh,False,,,1.0,,,,,,,,,,,,,,,,,,,,,,,,,
rauszufilter,False,,,,,,,,,,,,,,,1.0,,,,,,,,,,,,,
rauszugeben,False,,,,,,,,,,,,,,,,1.0,,,,,,,,,,,,
rauszukriegen,False,,1.0,,1.0,,1.0,,,,,,,,,,,,,,,,,,,,,,
raw,False,,,,,1.0,,,,,,,,,,,,,,,,,1.0,,,,,,
rbb,False,,,,,,,,,,,,,,,,,,,,,,,,1.0,,,,
reach,False,,,,,,,,,,,,,,,,1.0,,,,,,,,,,,,
read,False,,,,,,,,,,,,2.0,,,,,,,,,,,,,,,,
reagieren,False,3.0,,3.0,,2.0,,,,,,,,,,1.0,3.0,1.0,1.0,,,,,1.0,,,1.0,1.0,
reaktion,False,,,4.0,,,1.0,,,5.0,,,,,,,,,,,,,,3.0,,,,1.0,
reaktorkatastrophe,False,,,,,,,,,,,,,,,,,,,,,,,,,1.0,,,
reaktorsicherheit,False,,,,,,,,,,,,,,,,,,,,,,,,,1.0,,,
real,False,,,2.0,,,,1.0,2.0,,,,6.0,,,,,1.0,,,,,2.0,,,,,,
realbezug,False,,,,,,,,,,,,1.0,,,,,,,,,,,,,,,,
realen,False,,,,,,,,,,,,1.0,,,,,,,,,,,,,,,,
realisierbar,False,1.0,,,,,,,,,,,,,,,,,,,,,,,,,,,
realisieren,False,,,,,,,,,2.0,,1.0,,,,,,,,,,2.0,1.0,,,,,2.0,
realisierung,False,,,,,,,,,,,,,,,1.0,,,,,,,,,,,,,
realismus,False,,,,,,,,,,,,2.0,,,,,,,,,,,,,,,,
realistisch,False,,2.0,,1.0,1.0,,1.0,,1.0,,2.0,10.0,2.0,,,,,1.0,1.0,1.0,5.0,,,,1.0,,,
realistisches,False,,,,,,,,,,,,,,,,,,,,,,,,,,,1.0,
realität,False,,2.0,,1.0,2.0,,,,,,,12.0,1.0,1.0,,,,1.0,1.0,,4.0,,2.0,1.0,,,1.0,
realitätsnah,False,,,,,,,,,,,,1.0,,,,,,,,,,,,,,,,
realitätsrelevant,False,,,,,,,,,,,,,,,,,,,,,,,1.0,,,,,
really,False,,,,,,,,,,,,,,,,,,,,,,,,,,1.0,,
realpolitik,False,,,,,,,,,,,,,,,,,,,,,,,,,,3.0,,
realpolitisch,False,,,,,2.0,,,,,,,,,,,,,,,,3.0,,,,,1.0,,
realwelt,False,,,,1.0,,,,,,,,1.0,,,,,,,,,,,,,,,,
realweltbeispiel,False,,,,,,,,,1.0,,,,,,,,,,,,,,,,,,,
realweltentsprechung,False,,,,,,,,,,,,2.0,,,,,,,,,,,,,,,,
realweltlich,False,,,,,,,,,,,,2.0,,,,,,,,,,,,,,,,
realweltlicher,False,,,,,,,,,,1.0,,,,,,,,,,,,,,,,,,
reanimieren,False,,,,,,,,,,,,1.0,,,,,,,,,,,,,,,,
reboot,False,,,,,,,,,,,,1.0,,,,,,,,,,,,,,,,
rechenaufgabe,False,,,,,,,,,,,,,,,,,,,,,,,,,,,1.0,
rechenkapazität,False,,,,,,,,,,,,,,,,,,,,,2.0,,,,,,,
rechenleistung,False,,,,,,,,,,,,,,,,,,,,,3.0,,,,,,,
rechenmaschin,False,,,,,,,,,,,,1.0,,,,,,,,,,,,,,,,
rechenschaft,False,,,,,1.0,,,,,1.0,,,,,,,,,,,,,,,,,1.0,
rechenschaftspflichtig,False,,,1.0,,,,,,,,,,,,,,,,,,2.0,,,,,,,
rechenzentrum,False,,,,,,,10.0,,,,,,,,,,1.0,,,,,4.0,,,,,,
recher,False,,1.0,,,,,,,,,,,,,,,,,,,,,,,,,,
recherche,False,,2.0,8.0,,,,1.0,,,1.0,,,,2.0,7.0,,,,1.0,,,,,,,,,1.0
recherchebedarf,False,,,1.0,,,,,,,,,,,,,,,,,,,,,,,,,
recherchegespräch,False,,,1.0,,,,,,,,,,,,,,,,,,,,,,,,,
recherchekapazität,False,,,1.0,,,,,,,,,,,,,,,,,,,,,,,,,
rechercheprojekt,False,,,,,1.0,,,,,,,,,,,,,,,,,,,,,,,
recherchieren,False,,,5.0,,4.0,,,2.0,,,,,,1.0,,,,1.0,,,,,,,,,,1.0
rechlich,False,,,,,,,,,,,,,1.0,,,,,,,,,,,,,,,
rechnen,False,,2.0,,,,,,,,,1.0,,1.0,1.0,,3.0,,,1.0,,,2.0,,1.0,,,1.0,
rechner,False,,1.0,,,2.0,1.0,3.0,,4.0,,,1.0,,,2.0,,1.0,,,,,,,3.0,,,2.0,
rechnerisch,False,1.0,,,,,,,,,,,,,,,,,,,,,,,,,,,
rechnung,False,,,,,,,,,,,,,,,,,,,,,,,,,,,1.0,
recht,True,,4.0,5.0,2.0,11.0,15.0,7.0,2.0,4.0,3.0,1.0,3.0,8.0,8.0,12.0,25.0,2.0,4.0,3.0,12.0,10.0,1.0,4.0,1.0,3.0,6.0,3.0,2.0
rechte,True,,,,,,,,,,,,,2.0,,,2.0,,,,,,,,,,3.0,,1.0
rechtenfor,False,,,,,,,,,,,,,,,,,,1.0,,,,,,,,,,
rechter,True,,,,,,,1.0,,,,,3.0,,,,,,,1.0,,,,,,,1.0,,
rechtespektrum,False,,1.0,,,,,,,,,,,,,,,,,,,,,,,,,,
rechtfertigen,False,,,2.0,,,1.0,1.0,,,,,2.0,1.0,,,,,,,,,2.0,,,,1.0,,
rechtfertigungsdruck,False,,,,,,,,,,,,,,,,,,1.0,,,,,,,,,,
rechtlich,False,3.0,1.0,,3.0,6.0,6.0,3.0,,2.0,8.0,,,3.0,,3.0,2.0,1.0,8.0,,4.0,,1.0,3.0,,,2.0,8.0,4.0
rechtliche,False,,1.0,,,1.0,,,,,,,,,,,,,,,,,,,,,,,
rechtmäßig,False,,,,,,,,,,,,,,,2.0,,,,,,,,1.0,,,,,
rechts,False,3.0,1.0,,,,,,,,,,,1.0,,,,,,,,,,1.0,,,2.0,,
rechtsakt,False,,,,,,,,,,,,,,,,,,,,,,,,,,,,1.0
rechtsanwalt,False,,,,,,,,,,,,,,,,,,,,,,,,,,1.0,,
rechtsauffassung,False,,,,,,,,,,,,,,,,,,,,,,,1.0,,,,,
rechtsausschuss,False,,,,,,,,,,,,,,,,,,3.0,,,,,,,,,,
rechtsaußen,False,,,,,,,,,,,,,,,,,,,,,,,,,,1.0,,
rechtsbeihilfe,False,,,,,,,,,,1.0,,,,,,,,,,,,,,,,,,
rechtsbeistand,False,,,,,,,,,,,,,,,,,,,,,,,1.0,,,,,
rechtsbereich,False,,,,,,,,,,,,,,,,1.0,,,,,,,,,,,,
rechtsdurchsetzung,False,,,,,,,,,,,,,,,,1.0,,,,,,,,,,,,
rechtsetzung,False,,,,,,,,,,1.0,,,,,,,,,,,,,,,,,,
rechtsextreme,False,,,,,,,,,,,,,,,,,,,,,2.0,,,,,1.0,,
rechtsfrage,False,,,,,,,,,,,,,,,,,,,,,,,,,,,,2.0
rechtsgebiet,False,,1.0,,,,,,,,,,,,,,,,,,,,,,,,,,
rechtsgebild,False,,,,,1.0,,,,,,,,,,,,,,,,,,,,,,,
rechtsgebung,False,,,,,,,,,,,,,,,,,,,,,,,,,1.0,,,
rechtsgrundlag,False,,,,,,,,,,,,,,,,,,,,,,,,,,,,2.0
rechtsgrundlage,False,,,,,,,,,,,,,,,,,,,,,,,,,,,,1.0
rechtsgüterabwägung,False,,,,,,,1.0,,,,,,,,1.0,,,,,,,,,,,,,
rechtshilfe,False,,,,,,,,,,4.0,,,,,,,,,,,,,,,,,,
rechtshilfemaßnahme,False,,,,,,,,,,1.0,,,,,,,,,,,,,,,,,,
rechtsklick,False,,,1.0,,,,,,,,,,,,,,,,,,,,,,,,,
rechtskonform,False,,,,,,,,,,,,,,,1.0,,,,,,,,,,,,,
rechtslag,False,,,,,1.0,,,,,,,,,,,,,,,,,,,,,,,
rechtslage,False,,,,,2.0,1.0,,,,,,,,,1.0,,2.0,,,,,,,,,,,
rechtsmäßig,False,,,,,,,,,,,,,,,,1.0,,,,,,,,,,,,
rechtspflicht,False,,,,,,,,,,,,,,,,,,,,,,,1.0,,,,,
rechtsposition,False,,,,,,,,,,,,,,,,,,,,,,,1.0,,,,,
rechtsprechung,False,,,,2.0,1.0,,,,,1.0,,,,,,1.0,,,,,2.0,,,,,,,
rechtsproblem,False,,,,,,,,,,,,,,,,,,,,,,,,,,1.0,,
rechtsradikal,False,,,,,,,,,,,,,,1.0,,,,,1.0,,,,,,,,,
rechtsrahmen,False,,,,,,,,,,,,,,,,3.0,,,,,,,,,,,,
rechtsraum,False,,1.0,,,,,,,,,,,,,,,,,,,,,,,,,,
rechtsrechtenpartei,False,,,,,,,,,,,,,,,,,,,,,,,,,,1.0,,
rechtsruck,False,,,,,,,,,,,,,,2.0,,,,,,,,,,,,,,
rechtsräume,False,,,,,,1.0,,,,,,,,,,,,,,,,,,,,,,
rechtsschutz,False,,,,,,,,,,,,,,,,,,,,,,,1.0,,,,,
rechtssetzend,False,,,,,,1.0,,,,,,,,,,,,,,,,,,,,,,
rechtssich,False,,1.0,,,,,,,,,,,,,1.0,,,,,,,,,,,,,
rechtssicher,False,,,,,,,,,,,,,,,1.0,,1.0,,,,,,,,,,,
rechtssicherheit,False,,,,,,,,,,,,,,,,,1.0,,,,,,,,,,,
rechtsstaat,False,,,,,,,,,,,,,,,,,,,,,,,,,,1.0,,
rechtsstaatlich,False,,,,,,,,,,,,,,1.0,,,,,,,,1.0,,,,1.0,,
rechtsstaatlichkeit,False,,,,,,,,,,,,,,,,,,,,,,,,,,1.0,,
rechtsstreitigkeit,False,,,,,,,,,,,,,,,,,,,,,,,,,,,1.0,
rechtsstruktur,False,,,,,,,,,,,,,,,1.0,,,,,,,,,,,,,
rechtssystem,False,,,,,,,,,,,,,1.0,,,,,,,,,,,,,,1.0,
rechtsvergleichung,False,,,,,1.0,,,,,,,,,,,,,,,,,,,,,,,
rechtsverletzung,False,,,,,,,,,,,,,,,1.0,,,,,,,,,,,,,
rechtsverstöße,False,,,,,,,,,,,,,,,,3.0,,,,,,,,,,,,
rechtsvorschrift,False,,,,,,,1.0,,,,,,,,,,,,,,,,,,,,,
rechtsweg,False,,,,,,,,,,,,,,,,,,,,,,1.0,,,,,,
rechtswidrig,False,,1.0,,,8.0,,1.0,,,3.0,,,3.0,,,3.0,,1.0,,,,,,,,,,
rechtswidrigkeit,False,,,,,1.0,1.0,,,,,,,,,,,,,,,,,,,,,,
rechtswissenschaft,False,,,,,,,,,,1.0,,,,,,,,,,,,,,,,,,
rechtswissenschaftlich,False,,,,,,,,,,1.0,,,,,,,,,,,,,,,,,,
rechtzeitig,False,,,,,,,1.0,,,,1.0,,,,,,,,,,,,1.0,,,,,
recital,False,,,,,,,,,2.0,,,,,,,,,,,,,,,,,,,
reclaim,False,,,,,,,,,,,,,,,,,,,,,,,1.0,,,,,
record,False,,,,,,,,1.0,,,,,,,,,,,,,,,,,,,,
recordation,False,,,,,,1.0,,,,,,,,,,,,,,,,,,,,,,
recording,False,,,,,,,,,,,,,,,,,,,,,,,1.0,,,,,
recover,False,,,,,,,,,,,,,,,,,1.0,,,,,,,,,,,
recycelbar,False,,,,,,,,,,,,,,,,,,,,,,1.0,,,,,,
recyceln,False,,,,,,,,,,,,,,,,,,,,,,2.0,,,,,,
recycle,False,,,,,,,,,3.0,,,,,,,,,,,,,,,,,,,
recycling,False,,,,,,,,,,,,,,,,,,,,,,6.0,,,,,,
recyclingquote,False,,,,,,,,,,,,,,,,,,,,,,1.0,,,,,,
redakteurin,False,,,,,,,,,,,,1.0,,,,,,,,,,,,,,,,
redaktion,False,,,1.0,,,2.0,,,,,,,,,,,,,,,,,,,,,,
redaktionell,False,1.0,,,,,,,,,,,,,,,,,,,,,,,,,,,
redaktionskonferenz,False,,,1.0,,,,,,,,,,,,,,,,,,,,,,,,,
redaktionsteam,False,,1.0,,,,,,,,,,,,,,,,,,,,,,,,,,
rede,False,,1.0,1.0,,,,,,,1.0,3.0,,3.0,,,,,,1.0,,,,,,,2.0,,
reden,False,16.0,20.0,8.0,11.0,17.0,3.0,14.0,6.0,6.0,1.0,5.0,12.0,12.0,4.0,21.0,10.0,15.0,7.0,4.0,16.0,34.0,6.0,7.0,6.0,2.0,12.0,10.0,3.0
redenschad,False,,,,,,1.0,,,,,,,,,,,,,,,,,,,,,,
rederecht,False,,,,,,1.0,,,,2.0,,,,,,,,,,,,,,,,,,
redest,False,,,,,,,1.0,,4.0,,,,,1.0,1.0,,,1.0,,,2.0,,,,,1.0,,
redezeit,False,,,,,,,,,,,,,,,,,,1.0,,,,,,,,,,
redford,False,,,,,,,,,,,,1.0,,,,,,,,,,,,,,,,
rediktionell,False,,,,,1.0,,,,,,,,,,,,,,,,,,,,,,,
redlines,False,,,,,,,,,,2.0,,,,,,,,,,,,,,,,,,
redner,False,,,,,,,,,,,,,,,,,,,,,,,,2.0,,,,
rednerin,False,,,,,,,,,,,,,,,,,,,,,,,,,,1.0,,
rednerpult,False,,,,,,,,,,,,,,,,,,,,,,,,1.0,,,,
reduzieren,False,,,,,,,1.0,,,,,,1.0,,1.0,,,,,1.0,,,,,,,,
reduziert,False,1.0,,,,,,,,,,,,1.0,,,,,,,,,,,,,,,
reduzierung,False,,,,,,,,,,,,,1.0,,,,,,,,,,,,,,,
reeves,False,,,,,,,,,,,,3.0,,,,,,,,,,,,,,,,
referat,False,,1.0,,,,,,,,,,,,3.0,,,,,,,,,,,,,,15.0
referatsleiter,False,,,,,,,,,,,,,,,,,,,,,,,,,,,,1.0
referendariat,False,,,,,,,,,,,,,,,,,,1.0,,,,,,,,,,
referent,False,,,,,,,,,,,,,,,,,,,,,,,,,,1.0,,
referentenentwurf,False,,,,,,,,,,,11.0,,,4.0,,,,2.0,3.0,,,,,,,2.0,,
referentin,False,,,,,,,,,,,,,3.0,,,,,,,,,,,,,,,
referenz,False,,,,,,,,,,,,1.0,,,,,,,,,,,,,,,,
referenzierbar,False,,,,,,,,1.0,,,,,,,,,,,,,,,,,,,,
referenzieren,False,,,,,,2.0,,,,,,,,,,,,1.0,,,,,,,,,,
referenzpunkt,False,,,,,,,,,,,,,,,,,,1.0,,,,,,,,,,
referenzrahmen,False,,,,,,,,,,1.0,,,,,,,,,,,,,,,,,,
reflektieren,False,,,,,,1.0,,2.0,,,1.0,1.0,,,,,,,,,,,,,,,,
reflex,False,,,,,,,,,,,1.0,,,,,,,,,,,,,,,,,
reflexion,False,,,,,,,,,,,,2.0,,,,,,,,,,,,,,,,
reform,False,,,,,,,,,,,,,,,,,,1.0,,,,,,,,,,
reformieren,False,,,,,,1.0,,,,,,,,,,,,,,,,,,,,,,
refresher,False,,,,,,,,,1.0,,,,,,,,,,,,,,,,,,,
reg,False,,,,,,,,,,,,,1.0,,,,,,,,,,,,,,,
rege,False,,,,,,,,,,,,,,,1.0,,,,,,,,,,,,,
regel,False,1.0,4.0,13.0,5.0,7.0,10.0,6.0,6.0,6.0,,,4.0,4.0,5.0,8.0,6.0,2.0,10.0,1.0,6.0,1.0,3.0,1.0,4.0,,3.0,11.0,4.0
regelbruch,False,,,,,,,,,,,,1.0,,,,,,,,,,,,,,,,
regelfall,False,,,,,,,,,,,,,,,,,,,2.0,,,,,,,,,
regelleistung,False,,,,,,,,,,,,,1.0,,,,,,,,,,,,,,,
regelmäßig,False,1.0,1.0,4.0,,,1.0,1.0,,1.0,2.0,,,2.0,,,1.0,1.0,,3.0,1.0,,,,,1.0,1.0,3.0,1.0
regelmäßigkeit,False,,,,,1.0,,,,,,,,,,,,,,,,,,,,,,,
regeln,False,1.0,2.0,,,,3.0,2.0,,1.0,3.0,,,2.0,1.0,3.0,3.0,,1.0,3.0,1.0,8.0,,,,4.0,1.0,1.0,4.0
regelsatz,False,,,,,,,,,,,,,2.0,,,,,,,,,,,,,,,
regelung,False,2.0,,3.0,3.0,3.0,2.0,,,,2.0,,,3.0,,6.0,3.0,,4.0,,1.0,12.0,,,,,,2.0,
regelverstoß,False,,,,,,,,,,,,2.0,,,,,,,,,,,,,,,,
regelverstöße,False,,,,,,,,,,,,,,,,2.0,,,,,,,,,,,,
regen,False,,1.0,1.0,,,,,,,,,3.0,,,,,,,,,,,,,,,,
regeren,False,,,,,,,,,,,,,,,,,,,,,2.0,,,,,,,
regie,False,,,,,,,,,,,,,,,,,,,,,,,,1.0,,,,
regieren,False,,,,,,,1.0,,,,,,,,1.0,,,1.0,1.0,,4.0,,,,,,,
regierend,False,,,,,,1.0,,,,,,,,1.0,,,,2.0,,,2.0,,,,,,,
regierung,False,,3.0,,5.0,5.0,3.0,18.0,,1.0,1.0,1.0,,2.0,4.0,2.0,,,2.0,7.0,,2.0,15.0,,,1.0,13.0,,2.0
regierungsarbeit,False,,,,,,,,,,,,,,,,,,,,,,,,,1.0,,,
regierungsbildung,False,,,,,,,,,,,,,,,,,,,,,,,,,1.0,,,
regierungschef,False,,,,,1.0,,,,,,,,,,,,,,,,,,,,,,,
regierungsebene,False,,,,,,,,,,,,,,,,,,,1.0,,,,,,,,,
regierungsfraktion,False,,,,,,1.0,,,,,,,,,,,,,1.0,,,,,,,,,
regierungshandeln,False,,,,,,1.0,,,,,,,,,,,,,,,,,,,,,,
regierungskoalition,False,,,,,,,,,,,,,,,,,,,5.0,,,,,,,,,
regierungskrise,False,,,,,1.0,,,,,,,,,,,,,,,,,,,,,,,
regierungsmäßig,False,,,,,,,,,,,,,,,,,,,,,2.0,,,,,,,
regierungspartei,False,,,,,,1.0,,,,,,,,,,,,,1.0,,,,,,,1.0,,
regierungssanktioniert,False,,,,,,,,,,,,,,,,,,,,,,,,,,1.0,,
regierungsseite,False,,,,,,,,,,,,,,,,,,1.0,4.0,,,,,,,,,
regierungsseitig,False,,,,,,,,,,,,,,,,,,1.0,,,,1.0,,,,,,
regierungssprecherin,False,,,,,,,,,,,,,,,,,,,,,2.0,,,,,,,
regierungsverantwortung,False,,,,,,,,,,,,,,1.0,,,,,,,,,,,,1.0,,
regierungsvertreter,False,,,,,,1.0,,,,,,,,,,,,,,,,,,,,,,
regim,False,,,,,,,,,,,,,,,,,,,,,,1.0,,,,,,
regime,False,,1.0,,,,,,,,,,,,,,,,,,,,,,,,,,
region,False,,,,,,,2.0,,,1.0,,,1.0,,,,,,,,,19.0,,,1.0,1.0,,
regional,False,,,1.0,,,,,,,2.0,,,,,,,,,1.0,,,,,,,,,
regionalbüro,False,,,,,,,,,,,,,,,,,,,1.0,,,,,,,,,
register,False,,1.0,,,,,,,,,,,,,,,,,,,2.0,,,,,1.0,,
registerdat,False,,,,,,,,,,,,,,,,,,,,,2.0,,,,,,,
registermodernisierung,False,,,,1.0,,,3.0,,,,,,,,,,,,,,,,,,,,,
registrieren,False,,,3.0,,1.0,,,,2.0,,,,3.0,,,,1.0,,,,,,,,,,1.0,
registrierungsformular,False,,,1.0,,,,,,,,,,,,,,,,,,,,,,,,,
reglementieren,False,,,,,,,,,,1.0,,,,,,,,,,,6.0,,,,,,,
regler,False,,,,,,,,,,,,,,,,,1.0,,,,,,,,,,,
reglung,False,,,,,,,,,,,,,,,,,,,,,2.0,,,,,,,
regnen,False,,,,,,,,,,,,,,,,,,,1.0,,,,,,,,,
regularie,False,,,,,,,,,1.0,,,,,,,,,,,,,,,,,,,
regularium,False,,,,,2.0,,,,,,,,,,,,,,,,,,,,,,,
regulation,False,,,,,,,,,,,,,,,,,,,,,2.0,,,,,,,
regulatorisch,False,,,,,,,,,,,,,,,,,,,,,2.0,,,,,,1.0,
regulieren,False,,,2.0,,,,1.0,,,,,,1.0,,,3.0,,,,,2.0,4.0,,,,,,
reguliert,False,,,,,,,,,,,,,,,,1.0,,,,,,,,,,,,
regulierung,False,,,,,1.0,1.0,,,,,,,,1.0,,,,,,,10.0,5.0,,,,1.0,,
regulierungsfeindlich,False,,,,,,,,,,,,,,,,,,,,,2.0,,,,,,,
regulierungsfrag,False,,,,,,,,,,,,,,,,,,,,,,,,,1.0,,,
regulierungskritisch,False,,,,,,,,,,,,,,,,,,,,,2.0,,,,,,,
regulierungsproblem,False,,,1.0,,,,,,,,,,,,,,,,,,,,,,,,,
regulär,False,,,,1.0,,1.0,,,,,,,1.0,,,,,,,,,,,,,,,
regulärerweise,False,,,,,,1.0,,,,,,,,,,,,,,,,,,,,,,
reguläres,False,,,,,,,,,,,,,1.0,,,,,,,,,,,,,,,
rehag,False,,,,,1.0,,,,,,,,,,,,,,,,,,,,,,,
reiben,False,,,,,,,,,,,,,1.0,,,,,,,,,,,,,,,
reich,False,,,,,,,,,,,,,,,,,,,,,,4.0,,,,,,
reichen,False,4.0,2.0,3.0,1.0,8.0,,3.0,1.0,1.0,2.0,,1.0,,,3.0,,1.0,1.0,,2.0,2.0,2.0,1.0,1.0,,1.0,6.0,
reichhaltig,False,,,,2.0,,,1.0,,,,,,,,,,,,,,,,,,,,,
reichlich,False,,,,,,,,,,,,,,,,,1.0,,,1.0,,2.0,,,,,,
reichtum,False,,,,,,,,,,,,,,,,,,,,,,6.0,,,,,,
reichweite,False,,,1.0,,,,,,,,,,,1.0,,,,1.0,,,2.0,,,,,,,
reife,False,,,,,,,,1.0,,,,,,,,,,,,,,,,,,,,
reifegrad,False,,,,,,,,1.0,,,,,,,,,,,,,,,,,,,,
reifen,False,1.0,,,,,,,,,,,,,,,,,,,,,,,,,,,
reihe,False,1.0,3.0,2.0,1.0,3.0,2.0,,1.0,,,,,,,1.0,2.0,1.0,2.0,1.0,,,1.0,,,,,,1.0
reihenfolge,False,,,,,,1.0,,,,,,,,,,,,,,,,,,1.0,,,,
rein,False,9.0,6.0,4.0,3.0,1.0,3.0,6.0,1.0,1.0,1.0,5.0,4.0,4.0,,2.0,1.0,,1.0,3.0,1.0,16.0,1.0,3.0,3.0,,2.0,4.0,2.0
reinbauen,False,,,,,,,,,,,,,,,,,,,,,,,,1.0,,,,
reinbekommen,False,,,,,,,,,,,,,,,,,,,,,,,,1.0,,,,
reinbringen,False,,,,,,,,1.0,,,,,,,,,,1.0,,,,,,,,,,
reindrücken,False,,,,,,,,,,,,,,,,,1.0,,,,,,,,,,,
reindustrialisierung,False,,,,,,,,,,,,,,,,,,,,,2.0,,,,,,,
reiner,False,,,,,2.0,,,,,,,,,,,,,,,,,,,,,,,
reinfallen,False,,,,,,,,,,,,,,,,,,,,,,,,1.0,,,,
reinfinden,False,,,,,,,,,,,,,,,,,,,1.0,,,,,,,,,
reinfließt,False,,,1.0,,,,,,,,,,,,,,,,,,,,,,,,,
reinfuchse,False,,,,,,,,,,,,,,,,,,,,,,,1.0,,,,,
reinfügt,False,,,,,,,,,,,,1.0,,,,,,,,,,,,,,,,
reinfütter,False,,,,,,,,,,,,,,,,,,,,,,1.0,,,,,,
reingearbeiten,False,,,,,,,,,,,,,,,,,,,,,,,,1.0,,,,
reingeben,False,,,,,,,,,,,,,,,,,,1.0,,,,,,,,,1.0,
reingedrücken,False,,,,,,,,,,,,,,,,,,1.0,,1.0,,,,,,,,
reingefahren,False,,,,,,,,,,,,1.0,,,,,,,,,,,,,,,,
reingeflossen,False,,,1.0,,,,,,,,,,,,,,,,,,,,,,,,,
reingefügen,False,,,,,,,,,1.0,,,,,,,,,,,,,,,,,,,
reingegangen,False,,,,,,,,,1.0,,,,,,,,,1.0,,,,,,,,,,
reingegriff,False,,,,,,,,,,,,,,1.0,,,,,,,,,,,,,,
reingegucken,False,1.0,,,,,,,,,,,,,,,,,,,,,,,,,,,
reingehackt,False,,,,,,,,,,,,1.0,1.0,,,,,,,,,,,,,,,
reingehen,False,,,,,,,,1.0,,,,,1.0,,,,,2.0,1.0,,2.0,1.0,1.0,1.0,,,,
reingehören,False,,,,,,,,1.0,,,,,,,,,,,,,,2.0,,,,,,
reingekommen,False,,,,,,,,,1.0,,,,,,,,,,,,7.0,,,,,,,
reingelaufen,False,,,,,,,,,,,,,,,,,,,,,,,,1.0,,,,
reingerannt,False,,,,,,,,,,,,,,,,,,,,,,,,,,,1.0,
reingerate,False,,,,,,,,1.0,,,,,,,,,,,,,,,,,,,,
reingereichen,False,,,,1.0,,,,,,,,,,,,,,,,,,,,,,,,
reingerisse,False,,,,,1.0,,,,,,,,,,,,,,,,,,,,,,,
reingerutschen,False,,,,,,,,,,,,,,,,,,,,,,,2.0,,,,,
reingeschoben,False,,,,,1.0,,,,,,,,,,,,,,,,,,,,,,,
reingeschrieben,False,,,,,,,2.0,,,,,,,,,,,,,,,,,,,,,
reingesickeren,False,,,,,,,,,,,,,,,,,,,,,2.0,,,,,,,
reingestecken,False,,,,,,1.0,,,,,,,,,,,,,,,,,,,,,,
reingetrag,False,,,,,,,,1.0,,,,,,,,,,,,,,,,,,,,
reingewachsen,False,,,,,,,1.0,,,,,,,,,,,,,,,,,,,,,
reingeworfen,False,,1.0,,,,,,,,,,,,,,,,,,,,,,,,,,
reingeziehen,False,,,,,,,,,,,,,,,,,,,,,,,,,,,,1.0
reingezogen,False,,,,,,,1.0,,,,,1.0,,,,,,,,,,,,,,,,
reingucken,False,,3.0,,,2.0,2.0,,,,,,,1.0,,1.0,,,,,,2.0,,1.0,,,,,
reinguckendürfer,False,,,,,,,,,,,,,,,,,1.0,,,,,,,,,,,
reinhabe,False,,,,,,,,,,,1.0,,,,,,,,,,,,,,,,,
reinhardt,False,,,,,1.0,,,,,,,,,,,,,,,,,,,,,,,
reinhold,False,1.0,,,,,,,,,,,,,,,,,,,,,,,,,,,
reinhorchen,False,,,,,,,,,,,,,,,,,,,,,,,,1.0,,,,
reinhorcht,False,,,,,,,,1.0,,,,,,,,,,,,,,,,,,,,
reinhören,False,,1.0,,,,,,,,,,,,,,,,,,,,,,,,,,
reinkippe,False,,,,,,,,,,,,,,,,,,,,,,,,,,,1.0,
reinknüpfen,False,,,,1.0,,,,,,,,,,,,,,,,,,,,,,,,
reinkommen,False,1.0,,1.0,,,,,,2.0,,1.0,,,,,,2.0,,,,4.0,,,,,1.0,1.0,
reinkopieren,False,,,,,,,,,,,,,,,,,3.0,,,,,,,,,,,
reinkrieg,False,,,,,,,,,,,,,,,,,,,1.0,,,,,,,,,
reinkriegen,False,,,,,,,,,1.0,,,,,,,,,,,,,,,,,,,
reinlegen,False,,,,,,,,,,,,,,,,,1.0,,,,,,,1.0,,,,
reinmachen,False,,,,,1.0,,,,,,,,,,,,,,,,,,,,,,1.0,
reinmacht,False,,,,,,,,,,,,,,,,,,,,,2.0,,,,,,,
reinnehme,False,,,,,,,1.0,,,,,,,,,,,,,,,,,,,,,
reinnehmen,False,,,,,,,,,,1.0,,,,,,,,,,,,,,,,,,
reinnört,False,,,,,,,,,,,,,1.0,,,,,,,,,,,,,,,
reinprasseln,False,,,,,,,,,,,,,,,,,,,,,,,,,,,1.0,
reinreden,False,,,,,1.0,,,,,,,,,1.0,,,,,,,,,,,,,,
reinschauen,False,,,,,,,,,,,,,1.0,,,,,,,2.0,,,,,,,1.0,
reinschausen,False,,,,,,,,,,,,,,,1.0,,,,,,,,,,,,,
reinschneiden,False,,,,,,,,,,,,,,,,,,,,,,,,1.0,,,,
reinschnuppern,False,,,,,,,,2.0,,,,,,,,,,,,,,,,,,,,
reinschreiben,False,,1.0,1.0,,,,3.0,,1.0,,,,,2.0,,,,,,,2.0,,,,,,2.0,
reinschrieben,False,,,,,1.0,1.0,,,,,,,,,,,,,,,,,,,,,,
reinsetzen,False,,,,,1.0,,,,,,,,,,,,,,,,,,,,,,,
reinstecken,False,,,,,1.0,,,,,,,,,,,,2.0,,,,,,,1.0,,,1.0,
reinstreck,False,,,,,,,,,,,,,,,,,,,,1.0,,,,,,,,
reintun,False,,,,,,,1.0,,,,,,,,,,,,,,,,,,,,,
reinwerfen,False,,1.0,,,,,,,,,,,,,,,,,,,,,,,,,,
reinwirft,False,,1.0,,,,,,,,,,,,,,,,,,,,,,,,,,
reinziehen,False,,,,,,,,,,,,,,,,,,,,,,,,,,,1.0,
reinzoogt,False,,,,,,,,,,,,,,,,,,,,,,,1.0,,,,,
reinzoome,False,,,,,,,,,,,,,,,,,,,,,,,1.0,,,,,
reinzoomen,False,,,,,,,,,,,,,,,,,,,,,,,2.0,1.0,,,,
reinzubekommen,False,,,,,,,,,,,1.0,,,,,,,,,,,,,,,,,
reinzubringen,False,,,,,1.0,,1.0,,,,,,,,,,,,,,,,,,,1.0,,
reinzudrängel,False,,,,,,,,,,,,,,,,,1.0,,,,,,,,,,,
reinzugeben,False,,,,,,,1.0,,,,,,,,,,,,,,,,,,,,,
reinzugehen,False,,,,,,,1.0,,,,,,,,,,,1.0,,,,,,,,,,
reinzugrätsch,False,,,,,,,,,,1.0,,,,,,,,,,,,,,,,,,
reinzugucken,False,,,,,1.0,,,,,,,,,,,,,,1.0,,,,,,1.0,,,
reinzuhake,False,,,,,,,,,,,,1.0,,,,,,,,,,,,,,,,
reinzuholen,False,,,,,,,,,,,,,,,,,,1.0,,,,,,,,,,
reinzukrieg,False,,,,,,,,,,,,,,,,,,,,,,,,,1.0,,,
reinzulern,False,,,,,,,,,,,,,,,,,,,,,,,,,,,1.0,
reinzulesen,False,1.0,,,,,,,,,,,,,,,,,,,,,,,,,,,
reinzunehmen,False,,,,,1.0,,,,,,,,,,,,1.0,,,,,,,,,,,
reinzupipen,False,,,,1.0,,,,,,,,,,,,,,,,,,,,,,,,
reinzuschmeißen,False,,,,,,,,,,,,,,,,,,,,,,,,1.0,,,,
reinzusetzen,False,,,,1.0,,1.0,,,,,,,,,,,,,,,,,,,,,,
reinzustecken,False,,,,,1.0,,,,,,,,,,,,,,,,,,,,,,,
reise,False,1.0,,,,3.0,2.0,,,,,,,,,,,,,,,,,,,2.0,,,
reisekosten,False,,,,,,,,1.0,,,,,,,,,,,,,,,,,,,,
reisemittel,False,,,,,,,,1.0,,,,,,,,,,,,,,,,,,,,
reisen,False,1.0,,,,3.0,,,1.0,,,1.0,,,,,,1.0,,1.0,,,,,,,,,
reisepass,False,,,,,,,,,,,,,,,,,,,,1.0,,,,,,,,
reiseweg,False,,,,,,,,1.0,,,,,,,,,,,,,,,,,,,,
reitband,False,,,,,,,,,,,,,,,,,,,,,,,,,,1.0,,
reiten,False,,,,,,,,,,,1.0,,,,,,,,,,,,,,,,,
reiter,False,,,,,1.0,,,,,,,,,,,,,,,,,,,,,,,
reißen,False,,,,,,,,,,,,,1.0,,,,,,,,12.0,,,,,,,
reißend,False,,,,,,,,,,,,1.0,,,,,,,,,,,,,,,,
reißverschluss,False,,,,,,,,,,,,,,,,,,,,,,,,1.0,,,,
rejected,False,,,,,,,,,,,,,1.0,,,,,,,,,,,,,,,
rekonstruieren,False,,,1.0,,,,,1.0,,,,,,,,,,,,,,,,,,,,
rekord,False,,,,1.0,,,,,,,1.0,,,,,,,,,,,,,,,,,
rekrutieren,False,,,,,,,,,,,,,,,,,,,,,,,,,,1.0,,1.0
rekursiv,False,,,,,,,,,,,,,,,,,,1.0,,,,,,,,,,
relation,False,,,,,,,,,,,,,,,,,1.0,,1.0,,,,1.0,,,,,
relativ,False,4.0,16.0,10.0,12.0,6.0,10.0,3.0,19.0,12.0,4.0,6.0,8.0,8.0,6.0,7.0,14.0,9.0,9.0,6.0,5.0,14.0,16.0,4.0,2.0,4.0,9.0,8.0,7.0
relativieren,False,,,,,,,,,1.0,,,,1.0,,,,,,,,,4.0,,,,,,
relativierer,False,,,,,,,1.0,,,,,,,,,,,,,,,,,,,,,
released,False,,,,,,,,,,,,,,,,,,,,,,,,1.0,,,,
releases,False,,,,,,,,,,,,,,,,,,,,,,,,1.0,,,,
relevant,False,,1.0,8.0,,,,,4.0,,,1.0,1.0,1.0,,4.0,,1.0,,1.0,6.0,2.0,,1.0,,,1.0,3.0,1.0
relevanz,False,,,,,,2.0,,5.0,,,,,,,,,,,,1.0,,,,,,,,
relief,False,,,,,,,,,,,,1.0,,,,,,,,,,,,,,,,
religiös,False,,,,,,,,,,,,2.0,,,,,,,,,,,,,,,,
reloaden,False,,,,,,,,,,,,,,,,,1.0,,,,,,,,,,,
remote,False,,,,1.0,,,,,,,,,,,,,,,,,,,,,,,,
renata,False,,,,,,,,,,,,,,,,,,,,,,2.0,,,,,,
rennen,False,,,,,,,,,,,,,,,2.0,,,,,,,,,,,,,
renner,False,,,,,1.0,,,,,,,,,,,,,,,,,,,,,,,
rente,False,,,,,,,1.0,,,,,,,,,,,,,,,,,,,,,
reparatsleiter,False,,,,,,,,,,,,,,,,,,,,,,,,,,,,1.0
reparattechnik,False,,,,,,,,,,,,,,,,,,,,,,,,,,,,1.0
reparatur,False,1.0,,,,,,,,,,,,,,,,,,,,,,,,,,,
reparierbar,False,,,,,,,1.0,,,,,,,,,,,,,,,,,,,,,
reparieren,False,,,2.0,,,,,,,,,,,,,,,,,,,,,1.0,,,,
repertoire,False,,,,,,,,,,,,,,,,,,,,,,,,,,2.0,,
report,False,,,15.0,1.0,2.0,,,,,,,,,,,,,,,,,,,,,,,1.0
reporten,False,,,,,,,,,,,,,,,,1.0,,,,,,,,,,,,
repressalie,False,,,,,,,,,,,,,1.0,,,,,,,,,,,,,,,
repressiv,False,,4.0,,,,,,,,,,,3.0,,,,,,,,,,,,,,,
reproduzieren,False,,,,,,,,,3.0,,1.0,1.0,,,,,,,,,,,,,,,1.0,
repräsentanz,False,,,,1.0,,,,,,,,,,,,,,,,,,,,,,,,
repräsentation,False,,,,1.0,,,,,,,,4.0,,,,,,,,,,,,,,,1.0,
repräsentativ,False,,,,,,,,,,,,1.0,,,,,,1.0,,,,,,,,,,1.0
repräsentieren,False,,,,,1.0,,1.0,,,,,,1.0,,,,,,,,,,,,,,,
republik,False,,,,,,,,,,,,,,,,,,,1.0,,,3.0,,,,,,
reputationsschaden,False,,,,,,,,,,,,,,,,,1.0,,,,,,,,,,,
request,False,,,,,,,1.0,2.0,,,,,,,,,,,,,,,,,,,5.0,
res,False,,,,,,,,,,,,,,,,,1.0,,,,,,,,,,,
research,False,,,,,,,,1.0,,,,,,,,,,,,,,,,,,,,
resetten,False,,,,,,,,,,,,,,,,,1.0,,,,,,,,,,,
resilience,False,,,,,,,1.0,,,,,,,,,,,,,,2.0,,,,,,,
respekt,False,,,,,,,,,,,,,,1.0,,,,,,,,,,,1.0,,1.0,
respektieren,False,1.0,,,,,,,,,,,,,,,,,,,,,,,,,,,
respektlos,False,,,,,,,,,,,,,,,,,,2.0,,,,,,,,,,
respektvoll,False,,,,,,,,,,,,,,,,,,1.0,,,,,,,,,,
responsible,False,,,2.0,,,,,,,,,,,,,,,,,,,,,,,4.0,,
ressentiment,False,,,,,,,,,,,,,1.0,,,,,,,,,,,,,,,
ressort,False,,,,,,,,,,,,,,,,,,,1.0,,,,,,2.0,,,
ressortabstimmung,False,,,,,,,,,,,,,,,,,,,3.0,,,,,,1.0,,,
ressortstreit,False,,,,,,,,,,,,,,,,,,,,,,,,,1.0,,,
ressortzuschnitt,False,,,,,,,,,,,,,,,,,,,,,,,,,2.0,,,
ressource,False,2.0,,,,1.0,,1.0,,,,,,,,1.0,,2.0,,,,,4.0,3.0,,1.0,1.0,16.0,
rest,False,1.0,2.0,,,2.0,1.0,2.0,1.0,3.0,,1.0,4.0,1.0,,,,,,,,1.0,2.0,,1.0,1.0,1.0,3.0,
restampel,False,,,,,,,,,,,,,,,,,,,,,2.0,,,,,,,
restaurant,False,,,,,,,,,,,,,,3.0,,,,,,,,,,,,,,
restguthaben,False,,,,,,,,,,,,,1.0,,,,,,,,,,,,,,,
restlich,False,,,,,,,,,,1.0,,,,,,,,,,,,,,,,,,
restore,False,,,,,,,,,,,,,,,,,1.0,,,,,,,,,,,
restriktion,False,,,,,,,,,,,,,4.0,,,,,,,,,,,,,,,
restriktiv,False,,,,,,,,1.0,,,,,,,,,,,,,,,,,,,,
resultat,False,,,,,,,,,,,,,,,,,,,,,,,,,,1.0,,
resultiert,False,1.0,,,,,,,,,,,,,,,,,,,,,,,,,,,
resümieren,False,,,,,,,,,,,,,,,,,,,2.0,,,,,,,,,
retro,False,,,,,,,,,,,,1.0,,,,,,,,,,,,,,,,
retrospektives,False,,,,,,,,,,,,1.0,,,,,,,,,,,,,,,,
retten,False,,1.0,,,2.0,,1.0,,1.0,,1.0,1.0,,1.0,,,,,,,,1.0,,,,,,
retter,False,,,,,,,,,,1.0,,,,,,,,,,,,,,,,,,
rettung,False,,,,,,,,,,,,,,,,,,,,,,,,,,1.0,,
reupload,False,,,,,,,,,,,,,,,,,,,,,,,,1.0,,,,
review,False,,,,,,,,2.0,,,,,,,,,,,,,,,,,,,2.0,
reviewt,False,,,,,,,,,1.0,,,,,,,,,,,,,,,,,,,
revision,False,1.0,,,,,,,,,,,,,,,,,,,,,,,,,,,
revokation,False,,,,,,,,,2.0,,,,,,,,,,,,,,,,,,,
revolution,False,,,,,,,,,,,,,,,,,,,,,,1.0,,,,,,
revolutionieren,False,,,,,,,,,,,,,,,,,,,,,,,,,1.0,,,
revue,False,,,,,,1.0,,,,,,,,,,,,,,,,,,,,,,
rezept,False,,,,3.0,,,,,,,,,,,,,,,,,,,,,,,2.0,
rezipiert,False,,,,,,,,,,1.0,,,,,,,,,,,,,,,,,,
rfc,False,1.0,,,,,,,7.0,,,,,,,,,,,,,,,,,,,,
rfcs,False,,,,,,,,11.0,,,,,,,,,,,,,,,,,,,,
rg,False,1.0,,,,,,,,,,,,,,,,,,,,,,,,,,,
rhesum,False,,,,1.0,,,,,,,,,,,,,,,,,,,,,,,,
rhetorik,False,,,,,,,,,,,,,,,,,,,,,,2.0,,,,,,
rhetorisch,False,,,,,,,,,,,,,,,2.0,,,,,,,,,,,,,
rica,False,,,,,,,,,,1.0,,,,,,,,,,,,,,,,,,
richten,False,1.0,1.0,,,1.0,1.0,,,,2.0,,2.0,,,,,,2.0,,,,,,,,2.0,,
richter,False,1.0,,,6.0,,1.0,1.0,,2.0,,,,2.0,3.0,5.0,,3.0,,,,,3.0,4.0,1.0,3.0,1.0,,
richterbeschluss,False,,,,,1.0,,,,,,,,,,,,,,,,,,,,,,,
richterin,False,,,,,,,,,,,,,,,,,,,,,,,,,,1.0,,
richterinnen,False,,,,,,,,,,,,,,1.0,,,,,,,,,,,,,,
richterinnenschaft,False,,,,,,,,,,,,,,1.0,,,,,,,,,,,,,,
richtervorbehalt,False,,,,,,,,,,,,,,,2.0,,,,,,,,,,,,,
richterwahlausschüß,False,,,,,,,,,,,,,,1.0,,,,,,,,,,,,,,
richterämter,False,,,,,,,,,,,,,,1.0,,,,,,,,,,,,,,
richtig,True,11.0,11.0,13.0,9.0,13.0,16.0,12.0,5.0,17.0,11.0,5.0,15.0,17.0,1.0,18.0,4.0,10.0,2.0,9.0,13.0,43.0,14.0,17.0,13.0,4.0,13.0,14.0,4.0
richtige,False,,1.0,,,,,,,,,,3.0,,,,,,,,1.0,,,,,,,,
richtlinie,False,,2.0,,2.0,1.0,1.0,,,1.0,,,,,,9.0,2.0,,,,1.0,,1.0,,1.0,,,,1.0
richtung,False,5.0,,1.0,5.0,,1.0,5.0,1.0,3.0,2.0,10.0,1.0,2.0,3.0,1.0,,1.0,2.0,3.0,7.0,6.0,,4.0,2.0,1.0,3.0,3.0,
riechen,False,,,,1.0,,,1.0,,,,,,,,,,,,,,,,,,,,,
riegel,False,,,,,,,,,,,,,,,,,,,,,,,1.0,,,,,
riemann,False,,,,,,,,,,,,,,,,,,,,,,,,,,,,1.0
riemenschneider,False,,,,,,,,,,,,,,,,,,,,,,,,,,,,1.0
ries,False,2.0,,,,,,,1.0,,,,,,,,,,,,,,,,,,1.0,,
riese,False,,,,1.0,,,1.0,,1.0,,,,,,,,,,,,4.0,1.0,,,,,,1.0
riesen,False,,,,,,,,,,,,,,,,,,,,1.0,2.0,,,,,,,
riesenberg,False,,,,,,,,,,,,,1.0,,,,,,,,,,,,,,,
riesendebatte,False,,,,,,,,,,,,,,,1.0,,,,,,,,,,,,,
riesendurchbruch,False,,,,,,,,,,,,,,,,,,,,,,1.0,,,,,,
riesengroß,False,,,,1.0,2.0,,1.0,,1.0,1.0,,,1.0,,,,,,,,2.0,2.0,,1.0,,,1.0,
riesenkatastrophe,False,,,,,,,,,1.0,,,,,,,,,,,,,,,,,,,
riesenproblem,False,,1.0,,,,,,,,,,,,,,,1.0,,,,2.0,,,,,,,
riesenunterschied,False,,,,,,,,,,,,,,,,,,,,,2.0,,,,,,,
riesig,False,2.0,4.0,1.0,,1.0,3.0,2.0,,,,,,,2.0,2.0,2.0,,,,,6.0,5.0,,2.0,,5.0,1.0,
riesige,False,,1.0,,,,,,,,,,,,,,,,,,,,,,,,,,
riesiger,False,,,,,,,,,,,,,,1.0,,,,,,,,,,,,,,
riesiges,False,,1.0,,,,,,,,,,,,,,,,,,,,,,,,,,
riffel,False,1.0,,,,,,,,,,,,,,,,,,,,,,,,,,,
right,False,,1.0,,,,,,,,1.0,,,,1.0,,,,,,,,,,,,,,
rights,False,,,,,,,,,,2.0,,,,,,3.0,,,,1.0,,,,,,,,1.0
rigoros,False,,,,,,,,,1.0,2.0,,,,,,,,,,,,,,,,,1.0,
ring,False,,,,,,,,,,,,,,,,,,,,,,,1.0,,,,,
ringen,False,,,,,1.0,,,,,,,,,,,,,,,,,,,,,,,
risiko,False,,2.0,1.0,4.0,,,,,,,,1.0,1.0,,1.0,8.0,2.0,,,1.0,4.0,,,,,1.0,1.0,
risikobericht,False,,,,,,,,,,,,,,,,1.0,,,,,,,,,,,,
risikomanager,False,,,,,1.0,,,,,,,,,,,,,,,,,,,,,,,
risk,False,,1.0,,,,,,,,,,,,,,,,,,,,,,,,,,
ritt,False,,1.0,,,,,,,,,,,,,,,,,,,,,,,1.0,,,
ritten,False,,,,,,,,1.0,,,,,,,,,,,,,,,,,,,,
rix,False,,,,,,,,,,,,,,,,,,,,,,,,,,,1.0,
rixx,False,,,,,,,,,,,,,,,,,,,,,,,,,,,1.0,
roamt,False,,,,,,,,,,,,,,,,,1.0,,,,,,,,,,,
robert,False,,,,,,,,1.0,,,,1.0,,,,,,,,,,1.0,,,,,,20.0
robin,False,,,,,,,,,,,,2.0,,,,,,,,,,,,,,,,
robospit,False,,,,,1.0,,,,,,,,,,,,,,,,,,,,,,,
robot,False,,,,,,,,,,,,,,,,,,,,,,,,,,,2.0,
roboterarm,False,,,,,,,,,,,,1.0,,,,,,,,,,,,,,,2.0,
robotertätigkeite,False,,,,,,,,,,,,1.0,,,,,,,,,,,,,,,,
robots,False,,,,,,,,,,,,,,,,,,,,,,,,,,,3.0,
robust,False,,,,,,,,,,,,,,,,,,,,,,,,,,,1.0,
robustheit,False,1.0,,,,,,,,,,,,,,,,,,,,,,,1.0,,,,
robux,False,,,,,,,,,,,,,,,,,,,,,,,,,,,1.0,
rocken,False,,,,,,,,,,,,,,,,,1.0,,,,,,,,,,,
rockstar,False,,,,,,,,,,,,2.0,,,,,,,,,,,,,,,,
rogalla,False,2.0,,,,,,,,,,,,,,,,,,,,,,,,,,,
roh,False,,,,,,,,,,,,,,,,,,,,,,1.0,,,,,,
rohrkrepierer,False,,,,,,,,,1.0,,,,,,,,,,,,,,,,,,,
rohstoff,False,,,,,,,,,,,,,,,,,,,,,,30.0,,,,,,
rohstoffabbau,False,,,,,,,,,,,,,,,,,,,,,,5.0,,,,,,
rohstoffausbeutung,False,,,,,,,,,,,,,,,,,,,,,,3.0,,,,,,
rohstoffbereich,False,,,,,,,,,,,,,,,,,,,,,,1.0,,,,,,
rohstofffrage,False,,,,,,,,,,,,,,,,,,,,,,1.0,,,,,,
rohstoffhändler,False,,,,,,,,,,,,,,,,,,,,,,1.0,,,,,,
rohstoffkett,False,,,,,,,,,,,,,,,,,,,,,,1.0,,,,,,
rohstoffkreislauf,False,,,,,,,,,,,,,,,,,,,,,,1.0,,,,,,
rohstoffreich,False,,,,,,,,,,,,,,,,,,,,,,1.0,,,,,,
rolf,False,,,,,,,,,,,,1.0,,,,,,,,,,,,,,,,
rollator,False,1.0,,,,,,,,,,,,,,,,,,,1.0,,,,,,,,
rolle,False,2.0,2.0,1.0,1.0,2.0,2.0,5.0,4.0,2.0,1.0,,4.0,1.0,1.0,,5.0,,,1.0,2.0,22.0,6.0,3.0,2.0,,5.0,,
rollen,False,,,,3.0,2.0,,1.0,,,,,,,,,,,,,,,,,,,,1.0,
rollenspiel,False,,,,,,,,,,,,2.0,,,,,,,,,,,,,,,,
rollout,False,,,,,,,,,,,,,,,,,,,,,2.0,,,,,,,
rollstuhl,False,,,,,,,,,,,,,,,,,,,,1.0,,,,,,1.0,,
roma,False,,,,,,,,,,,,1.0,,,,,,,,,,,,,,,,
roman,False,,,,,,,,,,,,1.0,,,,,,,,,2.0,,,,,,,
root,False,,,,,1.0,,,,12.0,,,,,,,,,,,,,,,,,,,
rootca,False,,,,,,,,,2.0,,,,,,,,,,,,,,,,,,,
roots,False,,,,,,,,,3.0,,,,,,,,,,,,,,,,,,,
rootserie,False,,,,,,,,,1.0,,,,,,,,,,,,,,,,,,,
rootzertifikat,False,,,,,,,,,2.0,,,,,,,,,,,,,,,,,,,
rosenwelt,False,,,,,,,,,,,,1.0,,,,,,,,,,,,,,,,
rosig,False,,,,,,,,,,,,,,,,,,,,,,,,,,1.0,,
rostock,False,,,,,,,,,,,,,,,,,,,,,,,1.0,,,,,
rot,False,1.0,,,1.0,2.0,,,,,1.0,,,,,,,,,1.0,,,,,,,,,
rote,False,,,,,,,,,,,,,,,,,,1.0,,,,,,,,,,
rotem,False,,,,,,,,,,,,,,,,,1.0,,,,,,,,,,,
roth,False,,,,,,,,,,,1.0,,,,,,,,,,,,,,,,,
rotz,False,,,,,,,1.0,,,,,,,,,,,,,,,,,,,,,
rough,False,,,,,,,,2.0,,,,,,,,,,,,,,,,,,,,
router,False,,,,,1.0,,,,,,,,,,1.0,,,,,,,,,,,,,
routerhersteller,False,,,,,,,,,,,,,,,,,,,,,2.0,,,,,,,
routerzwang,False,,,,,,,,,,,,,,,,,,,,,,2.0,,,,,,
routier,False,,,,,,,,,1.0,,,,,,,,,,,,,,,,,,,
royale,False,,,,,,,,,,,,,,1.0,,,,,,,,,,,,,,
rss,False,,,,,,,,,,,,,,,,,,,,,,,,,,1.0,,
rtf,False,,,,,,,,1.0,,,,,,,,,,,,,,,,,,,,
ruder,False,,,,,,,,,,,1.0,,,,,,,,,,,,,,,,,
ruf,False,,,,,,,,,,,,,,,,,,1.0,1.0,,,,,,,,,
rufen,False,1.0,1.0,3.0,1.0,,2.0,,,,,,,,,1.0,,,1.0,,,,,,,,2.0,1.0,
rufnummer,False,,,,,,,,,,,,,,,,,1.0,,,,,,,,,,,
ruhe,False,,,,,,,1.0,,,,,,,,,,,1.0,,,,,,,,,,
ruhen,False,,,,1.0,,,,,,,,,,,,,,,,,,,,,,,,
ruhig,False,1.0,,,,2.0,,,,1.0,,,,,,,,,,,,,,,,,2.0,1.0,
ruhm,False,1.0,,,,,,,,,,,,,,,,,,,,,,,,,,,
ruine,False,,,,,,,,,,,,,,,,,,1.0,,,,,,,,,,
rum,False,7.0,,,1.0,1.0,1.0,1.0,1.0,1.0,,1.0,,,,2.0,,,,,,,1.0,,2.0,,,2.0,
rumfahren,False,,,,,,,,,,,,,,,,,,,,1.0,,,,,,,,
rumgangen,False,,,1.0,,,,,,,,,,,,,,,,,,,,,,,,,
rumgegangen,False,,,,,,,,,,,,,,,,,,,,,,,,,,1.0,,
rumgegucken,False,,,,,,,,,,,,,,,,,,,,,2.0,,,,,,,
rumgemachen,False,,,1.0,,,,,,,,,,,,,,,,,,,,,,,,,
rumgepöbelt,False,,1.0,,,,,,,,,,,,,,,,,,,,,,,,,,
rumgereichen,False,,,,,,,,,,,,,,,,,,,,1.0,,,,,,,,
rumgerät,False,,,,,,,,1.0,,,,,,,,,,,,,,,,,,,,
rumgeschaffen,False,,,,,,,,,,,,,,,,,,,,,2.0,,,,,,,
rumgeschaut,False,,,1.0,,,,,,,,,,,,,,,,,,,,,,,,,
rumgeschnitzt,False,,,,,,,,1.0,,,,,,,,,,,,,,,,,,,,
rumgesesse,False,,,1.0,,,,,,,,,,,,,,,,,,,,,,,,,
rumgesurft,False,,,,,,,,,,,,,,,,,,,,,,,,,,,1.0,
rumhacke,False,,,,,,,,,,,,,,,,,,,,,,,,,,1.0,,
rumheulen,False,,,,,,,1.0,,,,,,,,,,,,,,,,,,,,,
rumkommen,False,,,,,2.0,,,,,,,,,,,,,,,,,,,,,,,
rumliegen,False,,1.0,,,,,,,,,,,2.0,,,,,,,,,,,,,,,
rumliegend,False,,,,,,,1.0,,,,,,,,,,,,,,,,,,,,,
rummeckern,False,,,,,,,,,,,,,1.0,,,,,,,,,,,,,,,
rumoren,False,,1.0,,,,,,,,,,,,,,,,,,,,,,,,,,
rumreiten,False,,,,,,,,,,,,,,,,1.0,,,,,,,,,,,,
rumreißen,False,,,,,,,,,,,1.0,,,,,,,,,,,,,,,,,
rumschwanken,False,,,,1.0,,,,,,,,,,,,,,,,,,,,,,,,
rumsitzen,False,,,,,,,,,,,,,,1.0,,,1.0,,,,,,,,,,,
rumsucht,False,,,,,,,,,,,,,,,,,,,,,,,1.0,,,,,
rumwaber,False,,,,,,,1.0,,,,,,,,,,,,,,,,,,,,,
rumänien,False,,,,,,,,,,,,,,,,,,,,,2.0,,,,,,,
rund,True,,,1.0,,,,,,,,,,,,3.0,,,1.0,,,2.0,,,,,1.0,,
runde,False,,1.0,,,,1.0,,,,2.0,,,,,,,,5.0,3.0,2.0,2.0,,,,2.0,,,
rundgang,False,,,,,,,,,,,,,,,,,,,,,2.0,,,,,,,
rundsolide,False,,,,,,,,,,,,,,,,,,,,,,,,,,,,1.0
rundumlauf,False,,,,,,,,,,,,,,,,,,1.0,,,,,,,,,,
rundung,False,,,,3.0,,,,,,,,,,,,,,,,,,,,,,,,
running,False,,,,,,,,11.0,,,,,,,,,,,,,,,,2.0,,,,
runter,False,2.0,3.0,3.0,,,1.0,,1.0,,,,,3.0,,,,,,1.0,,2.0,,1.0,,,,,
runterbrech,False,,,,,,,,,,,,,,,,,,,,,3.0,,,,,,,
runterfällen,False,1.0,,,,,,,,,,,,,,,,,,,,,,,,,,,
runtergelade,False,,,,,,,,,,,,,,,,,,,,,,,,1.0,,,,
runtergeladen,False,,1.0,,,,,,,,,,,,,,,,,,,,,,,,,,
runtergesetzen,False,,,,,,,,,,,,,,,1.0,,,,,,,,,,,,,
runtergezählen,False,,,1.0,,,,,,,,,,,,,,,,,,,,,,,,,
runterholen,False,,,,,,,,,,1.0,,,,,,,,,,,,,,,,,,
runterladen,False,,3.0,2.0,,,,,,1.0,,,,,,2.0,,1.0,,,1.0,,,,,,,1.0,
runterläden,False,,,,,,,,,,,,,,,,,,,,,,,,1.0,,,,
runterreden,False,,1.0,,,,,,,,,,,,,,,,,,,,,,,,,,
runterzukrieg,False,,,,,,,,,,,,,1.0,,,,,,,,,,,,,,,
runterzuladen,False,,,,,,,1.0,,,,,,,,,,,,,2.0,,,,,,,,
russisch,False,1.0,,,,,,,,,1.0,,,,,,1.0,,,,,,,,,,3.0,,
russland,False,,,,,,,,,,8.0,,,,1.0,,,,,1.0,,,,,,,,,
rust,False,,,,,,,,1.0,,,,,,,,,,,,,,,,,,,,
rutschen,False,,,,,,,,,,,,,,,,2.0,2.0,,,,2.0,,,,,,,
ränd,False,,,,,,,,,,1.0,,,,,,,,,,,,,,,,,,
räuberbande,False,,,,,,,,,,,,1.0,,,,,,,,,,,,,,,,
räumen,False,,,,,,1.0,,,,,,,,,,,,,,,,,,1.0,,,,1.0
röntgenbild,False,,,,1.0,,,,,,,,,,,,,,,,,,,,,,,,
rösner,False,,,,,,,,,,,,,,,,,,1.0,,,,,,,,,,
rübe,False,,,,,,,,,,,,,,,,1.0,,,,,,,,,,,,
rüber,False,,,,,,,1.0,,,,,,,,,,,,,,,,,,,,,
rübergeholen,False,,,,,,,,,,,,,,1.0,,,,,,,,,,,,,,
rübergewanderen,False,,,,,,,,,,,,,,,,,,,,,,,,,2.0,,,
rüberkopiern,False,,,,,,1.0,,,,,,,,,,,,,,,,,,,,,,
rüberstell,False,,,,,1.0,,,,,,,,,,,,,,,,,,,,,,,
rüberzureichen,False,,,,1.0,,,,,,,,,,,,,,,,,,,,,,,,
rückabgewickeln,False,,,,,,,,,,,,,,,,,,,,,,1.0,,,,,,
rückauflösen,False,,,,,,,,,,,,,,,,,,,,,2.0,,,,,,,
rückblickend,False,,,,,,,,,,,,,,1.0,,,,,,,,,,,,,,
rücken,False,,,1.0,2.0,,,,,,,,,,,,,,,,,,,1.0,,,,,
rückendeckung,False,,,,,,,,,,,,,,1.0,,,,,,,,,,,,,,
rückenschmerz,False,,,6.0,,,,,,,,,,,,,,,,,,,,,,,,,
rückgriff,False,1.0,,,,,,,,,,,,,,,,,,,,,,,,2.0,,,
rückgängig,False,,,,,,,,,,,,,,,,,,,1.0,,,,,,1.0,,,
rückrechnen,False,,,,1.0,,,,,,,,,,,,,,,,,,,,,,,,
rückschließen,False,,,,,1.0,,,,,,,,,,,,,,,,,,,,,,,
rückschluss,False,,,,1.0,,,,,,,,,,,,,,,,,,,,,,,,
rückschluß,False,,,,,,,,,,,,,,,1.0,,,,,,,,,,,,,
rückschritt,False,1.0,,,,,,,,,,,,,,,,,,,,,,,,1.0,,,
rückseite,False,,,,,,,,,,,,,,,,,,,,,,,2.0,,,,,
rücksicht,False,1.0,,,,,,,,,,,,,,,,,,,,,,,,,,,
rücksichtslos,False,,,,,,,,,,,,,,,,,1.0,,,,,,,,,,,
rückständig,False,,,,,,,,,,,,,,,,,,,,,2.0,,,,,,,
rücktritt,False,,,,,4.0,1.0,,,,,,,,,,,,,,,,,,,,,,
rückwirkung,False,,,,,,,,,,,,1.0,,,,,,,,,,,,,,,,
rückwärtsgewandt,False,,,,,,,,,,,,,,,,,,,,,3.0,,,,,,,
rückzugsraum,False,,,,,1.0,,,,,,,,,,,,,,,,,,,,,,,
rühmen,False,,,,,,,,,,,3.0,,,,,,,,,,,,,,,,,
rühne,False,,,,,,,,,,,,,,,,,,1.0,,,,,,,,,,
rümpfen,False,,,,,,,,1.0,,,,,,,,,,,,,,,,,,,,
rüstenquote,False,,,,,,,,,,,,,,,,,,1.0,,,,,,,,,,
rüstisch,False,,,,,,,,,,,,,,,,,,,,,,,1.0,,,,,
rütteln,False,,,,,,,,,,,1.0,,,,,,,,,,,,,,,,,
saal,False,,,,,,,,,,1.0,,,,,,,,,1.0,,,,1.0,9.0,,,,
sabine,False,,,,,,,,,,,,,,,1.0,,,,,,,,,,,,,
sabotage,False,,,,,,,,,,,,,,,,,,,,,,,,,,,3.0,
sacha,False,,,,,,,,,,,,,,,,,,,1.0,,,,,,,,,
sachargument,False,,,,,,,,,,,,,,,,,,,,,,,,,,1.0,,
sachbearbeiter,False,,,,,,1.0,,,,,,,3.0,,,,,,,,,,,,,,,
sachbearbeiterin,False,,,,,,,,,,,,,2.0,,,,,,,,,,,,,,,
sachbearbeiterinnen,False,,,,,,,,,,,,,1.0,,,,,,,,,,,,,,,
sachbearbeitungsperson,False,,,,,,,,,,,,,1.0,,,,,,,,,,,,,,,
sache,False,20.0,21.0,16.0,12.0,18.0,15.0,7.0,1.0,18.0,6.0,3.0,11.0,11.0,8.0,8.0,18.0,3.0,6.0,19.0,10.0,51.0,,9.0,11.0,5.0,19.0,8.0,5.0
sachkenntnis,False,,,,,,,1.0,,,,,,,,,,,,,,,,,,,,,
sachkunde,False,,,,,,,,,,,,,,,,,,1.0,,,,,,,,,,
sachleistung,False,,,,,,,,,,,,,5.0,,,,,,,,,,,,,,,
sachleistungserfahrung,False,,,,,,,,,,,,,1.0,,,,,,,,,,,,,,,
sachleistungsprinzip,False,,,,,,,,,,,,,1.0,,,,,,,,,,,,,,,
sachleistungssystem,False,,,,,,,,,,,,,1.0,,,,,,,,,,,,,,,
sachlich,False,,,,,,,,,,,,,,1.0,,,,,,,,,,,,2.0,,
sachliche,False,,,,,,,1.0,,,,,,,,,,,,,,,,,,,,,
sachorientiert,False,,,,,,,,,,,,,,,,,,1.0,,,,,,,,,,
sachpolitisch,False,,,,,,,,,,,,,,,,,,,,,,,,,,1.0,,
sachse,False,,,,,,,,,,,,,,,,,,,1.0,,,,,,,,,
sachsen,False,,,,,,,,,,,,,,2.0,,,,,25.0,,,,,,,,,
sachstand,False,,,,,,,,,,,,,,,,,,,,,,,,,,1.0,,
sachverhalt,False,,,1.0,,,,,,,,,,,,,,,,,,,,1.0,,,,,
sachverhand,False,,,,,1.0,,,,,,,,,,,,,,,,,,,,,,,
sachverstand,False,,,1.0,,,,,,,,,,,,,,,,1.0,,,,,,,2.0,,
sachverständig,False,,,,,,,,,,,,,,,,,,1.0,,,,,,,,,,
sachverständige,False,,,,2.0,6.0,5.0,,,1.0,,1.0,,,,,,,30.0,7.0,,,,,,,,,4.0
sachverständigenanführung,False,,,,,,,,,,,,,,,,,,1.0,,,,,,,,,,
sachverständigenanhörung,False,,,,,1.0,1.0,,,,,,,,,,,,10.0,7.0,,,,,,,,,
sachverständigenaussage,False,,,,,,,,,,,,,,,,,,,1.0,,,,,,,,,
sachverständigenlist,False,,,,,,,,,,,,,,,,,,1.0,,,,,,,,,,
sachverständiger,False,,,,,,,,,,,,,,,1.0,,,4.0,,,,,,,,,,1.0
sack,False,,,,,,,,,,,,,,,,,,,,,,,,,1.0,,,
sacker,False,,,,,,,,,,,,,,,,,,,,,2.0,,,,,,,
safe,False,,,,,,,1.0,,,,,,,,,,,,,,,1.0,,,,,,
safeguard,False,,,,,,,,,,4.0,,,,,,,,,,,,,,,,,,
safety,False,,,,,,,2.0,,,,,,,,,,,,,,,,,,,,,
saft,False,,,,,,,,,,,,,,1.0,,,,,,,,,,,,,,
sag,False,11.0,,,3.0,2.0,,4.0,3.0,,6.0,,5.0,,3.0,3.0,3.0,1.0,3.0,5.0,2.0,7.0,5.0,7.0,1.0,,2.0,5.0,
sagen,False,115.0,168.0,101.0,153.0,97.0,84.0,96.0,41.0,135.0,71.0,45.0,111.0,95.0,58.0,196.0,47.0,49.0,50.0,57.0,110.0,315.0,87.0,54.0,33.0,38.0,68.0,116.0,66.0
sagenumwoben,False,,,,,,,,,,,,,,,,,,,,,,,,,1.0,,,
sagn,False,2.0,,,,1.0,1.0,,1.0,1.0,,,1.0,,1.0,2.0,,1.0,1.0,,,,,2.0,,,,,2.0
sagst,False,,,,,,,,,,,,,,,,1.0,,,,,,,,,,,,
sagtest,False,,,1.0,,,,,3.0,1.0,,,,,,,,,,,,,,,1.0,,,,
said,False,,,,,,,,,,,,,,,,,,1.0,,,,,,,,,,
sal,False,,,,,,,,,,,,,,,,,,,,,,,,1.0,,,,
salander,False,,,,,,,,,,,,2.0,,,,,,,,,,,,,,,,
salat,False,,,,,,,1.0,,,,,,,,,,,,,,,,,,,,,
sale,False,,,,,,,,,,,,,1.0,,,,,,,,,,,,,,,
sales,False,,,,,,,,,,,,,,,,,,,,,,,,,1.0,,,
salopp,False,1.0,,,,,,,,,,,,,,,,,,,,,,,,,,1.0,
salt,False,,,,,,,,,,,,,,,,,,,,,2.0,,,,,,,
salz,False,,,,,,,1.0,,,,,,,,,,,,,,,,,,,,,
salzen,False,,,,,,,,,,,,,,,,,1.0,,,,,,,,,,,
sama,False,,,,,,,,,,,,,,,,,,,,,,2.0,,,,,,
same,False,,,,,,,1.0,,,,,,,,,,,,,,,,,,,,,
sammelbecken,False,,,,,,,,,,,,,,,,,,,,,,,,,1.0,,,
sammelbeschwerde,False,,,,,,,,,,,,,,,,1.0,,,,,,,,,,,,
sammellager,False,,,,,,,,,,,,,1.0,,,,,,,,,,,,,,,
sammeln,False,1.0,2.0,,4.0,2.0,,5.0,,2.0,,1.0,,,,3.0,2.0,,,1.0,,6.0,1.0,,,,1.0,3.0,
sammelstelle,False,,,,,,,,,,,,,,,,,,,,,,1.0,,,,,,
sammelsurium,False,,,,,,,,,,,,,,,,1.0,,,,,,,,,,,,
sammenzubringen,False,1.0,1.0,,,,,,,,,,,,,,,,,,,,,,,,,,
sammlung,False,,,,,,,,,,,,,,,,,,,1.0,,,,,1.0,,,,
sample,False,,,,1.0,,,,,,,,1.0,,,,,,,,,,,,,,,,
samt,False,,,,,,,,,,,,,,,,,,1.0,,,,,,,,,,
san,False,,,,,,,,,,,,1.0,,,,,,,,,,,,,,,,
sanchez,False,,,,,1.0,,,,,,,,,,,,,,,,,,,,,,,
sand,False,,,,,,,,,,,,,,,,,,,,,,,,,,,1.0,
sanda,False,1.0,,,,,,,,,,,,,,,,,,,,,,,,,,,
sandkorn,False,,,,,,,,,,,,,,,,,,,,,,,,,,,2.0,
sanft,False,,,,,,,1.0,,,,,,,,,,,,,,,,,,,,,
sanktion,False,,,,,1.0,,,,,,,,,,2.0,,,,,,,,,,,,,
sanktionieren,False,,,,,2.0,,,,,,,,,,,,,,,,,,,,,,,
sascha,False,,,,,,,,,,,,,,,,,,,,,,,,,1.0,,,
sassar,False,,,,,,,,,,,,,,,,,,,,,,,,,,,1.0,
satellit,False,,,,,,3.0,,,,,,,,,,,,,,,,,,,,,,
sattelfest,False,,,,,,,,,,,,,,,1.0,,,,,,,,,,,,,
saturn,False,,,,,,,,,,,,,,,,,,,,,,,,,1.0,,,
satz,False,1.0,2.0,,1.0,2.0,,,3.0,,,3.0,1.0,1.0,,1.0,2.0,,1.0,1.0,1.0,8.0,1.0,,1.0,1.0,1.0,,
satzzeiche,False,1.0,,,,,,,,,,,,,,,,,,,,,,,,,,,
sauber,False,,,,,,,,,,,,,,,,,,,,,6.0,1.0,,2.0,,,,
scale,False,,,,,,,,,,,,,,,,,,,,,,,,1.0,,,,
scam,False,,,,,,,,,,,,,,,2.0,,,,,,,,,,,,,
scan,False,,1.0,,,,,,,,,,,,,,,,,,,,,,,,,,
scannen,False,,7.0,,,,,4.0,,,,,,,,,,,,,1.0,,,,,,,3.0,1.0
scanner,False,,2.0,,,,,,,,,,,,,,,,,,,,,,,,,,
scanning,False,,3.0,,,,,1.0,,,,,,,,,,,,,,,,,,,,,
scar,False,1.0,,,,,,,,,,,,,,,,,,,,,,,,,,,
schaar,False,,,,,,,,,,,,,,,,,,,,,,,,,,,,1.0
schablone,False,,,,,,,,,,,,1.0,,,,,,,,1.0,,,,,,,,
schachzug,False,,,,,1.0,,,,,,,,,,,,,,,,,,,,,,,
schade,False,,,1.0,,,,1.0,,3.0,1.0,,,,,,,2.0,1.0,,,2.0,,1.0,,,,,
schaden,False,1.0,,1.0,,1.0,,,,3.0,,,,,,3.0,,6.0,,,,4.0,,1.0,,,1.0,1.0,
schadensersatz,False,,,,,,,,,,,,,,,,,,,,2.0,,,,,,,,
schadenssummen,False,,,,,,,,,,,,,,,,,,,,,2.0,,,,,,,
schadhaft,False,,,,,,,,,1.0,,,,,,,,,,,,,,,,,,,
schadsoftware,False,,,,,2.0,,,,,,,,,,,,,,,,,,,,,,,
schadstreuend,False,,,,,1.0,,,,,,,,,,,,,,,,,,,,,,,
schadtreuer,False,,,,,1.0,,,,,,,,,,,,,,,,,,,,,,,
schaffen,False,4.0,8.0,3.0,6.0,1.0,2.0,7.0,,6.0,8.0,4.0,6.0,1.0,4.0,3.0,6.0,1.0,4.0,17.0,3.0,8.0,5.0,9.0,3.0,2.0,9.0,1.0,1.0
schaffung,False,,,,,,,,,,,,,,,,,,,,,,,,,1.0,,,
schalte,False,,,,,,2.0,,,,,,,,,,,,,,,,,,,,,,
schalten,False,,1.0,,,1.0,,,,,,,,,,1.0,,,,,,,1.0,,1.0,,,4.0,
schalter,False,2.0,,,,,,,,,,,,,,2.0,,,,1.0,2.0,,,,,,,,
schaltzentrale,False,,,,,1.0,,,,,,,,,,,,,,,,,,,,,,,
scharf,False,,,1.0,,2.0,,,,1.0,1.0,,,,,,,,,,,,,,,,,,2.0
schatten,False,,,,,,,,,,,,1.0,,,,,,,1.0,,,,,,,,,
schatteninfrastruktur,False,,,,,,,,,1.0,,,,,,,,,,,,,,,,,,,
schattierung,False,1.0,,,,,,,,,,,,,,,,,,,,,,,,,,,
schaubild,False,,,,,,,1.0,,,,,,,,,,,,,,,,,,,,,
schauen,False,2.0,1.0,13.0,2.0,1.0,,1.0,4.0,3.0,2.0,2.0,5.0,3.0,8.0,1.0,9.0,3.0,3.0,2.0,1.0,2.0,3.0,11.0,2.0,4.0,6.0,1.0,5.0
schaun,False,,,,1.0,,,,,,,,,,,,,,,,,,,,,,,,
schauplatz,False,,1.0,,,,,,,,,,,,,,,,,,,,,,,,,,
schauspiel,False,,,,,2.0,,,,,,,1.0,,,,,,,,,,,,,,,,
schauspielen,False,,,,,,,,,1.0,,,,,,,,,,,,,,,,,,,
schauspieler,False,,,,,,,,,,,,2.0,,,,,,,,,,,,,,,,
schauverfolgung,False,,,,,,,,,,,,,,,1.0,,,,,,,,,,,,,
scheckkartenformat,False,1.0,,,,,,,,,,,,,,,,,,,,,,,,,,,
schedule,False,,,,,,,,,,1.0,,,,,,,,,,,,,,1.0,,,,
scheiden,False,,,,,,,,,1.0,,,,,,,,,,,,,,,,,,,
schein,False,1.0,,,,,,,,,,,,,,,,,,,,,,,,,,,
scheinargument,False,,,,,,,,,,,,,1.0,,,,,,,,,,,,,,,
scheinbar,False,,,,,,,,,,,,,,,2.0,,,,1.0,,,,,,,,,
scheinen,False,3.0,1.0,1.0,2.0,2.0,1.0,,,1.0,,,1.0,2.0,1.0,,1.0,1.0,,,1.0,,2.0,,,,1.0,2.0,
scheinzeigerwitz,False,,,,1.0,,,,,,,,,,,,,,,,,,,,,,,,
scheiteren,False,,,,,,,,,,,,1.0,,,,,,,,,,,,,,,,
scheiterhaufen,False,,,,,,,,,,,,,,1.0,,,,,,,,,,,,,,
scheitern,False,,5.0,1.0,1.0,,,,,,,,,2.0,1.0,1.0,,,,,4.0,,,,,,1.0,,
scheiß,False,,,,,,,,,,,,,1.0,,,,,,,,,,,,,,,
scheiße,False,,,,,1.0,,,,,,,,3.0,2.0,,1.0,,,,,,,,,,1.0,,
scheißegal,False,,,,,,,,,,,,,,,,,,,,,,,,,,,1.0,
scheißwort,False,,,,,,,,,,,,,,,,,,,,,,,,,,,1.0,
schenken,False,,,,,,,,,,,,,,,,,1.0,,1.0,,,,,,,1.0,,
schenker,False,,,,,,,,,,,,,,,,,,,,,,,,1.0,,,,
scheren,False,,,,,,,,,,,,,,,,,,,,,,,,,,,1.0,
schern,False,,,,,,,1.0,,,,,,,,,,,,,,,,,,,,,
scherzhaft,False,,,,,1.0,,,,,,,,,,,,,,,,,,,,,,,
schick,False,,2.0,,,1.0,,,,,,,2.0,,,,1.0,,,,,,,,,,,,
schicken,False,1.0,27.0,3.0,1.0,1.0,,1.0,2.0,2.0,,1.0,,4.0,,2.0,,4.0,,,,,,,1.0,,,2.0,1.0
schicksal,False,,,,,,,,,,,,,,,,,,,,1.0,,,,,,,,
schieben,False,1.0,,,1.0,,,1.0,,,,1.0,,,1.0,1.0,,,1.0,1.0,,2.0,,,2.0,,,,
schieberegler,False,1.0,,,,,,,,,,,,,,,,,,,,,,,,,,,
schiedsverfahren,False,1.0,,,,,,,,,,,,,,,,,,,,,,,,,,,
schief,False,1.0,2.0,4.0,,2.0,,,,2.0,,1.0,,1.0,,,,,,,,,,,,,,,
schiefgehen,False,,,,,,,,,,,1.0,,,,,,,,,,,,,,,,,
schiefgelaufen,False,,,,,,,,,1.0,,,,,,,,,,,,,,,,,,,
schieflaufen,False,,,,,,,,,2.0,,,,,,,,,,,,,,,,,,,
schiefläufen,False,,,,,,,,,,,1.0,,,,,,,,,,,,,,,,,
schier,False,,1.0,,,,,,,,,,,,,,,,,,,,,,,,,,
schieren,False,,,,,,,,,,,,,,,,,,,,,,,,,,,1.0,
schießen,False,1.0,1.0,,,,,,,,,,,,,,,1.0,,1.0,,,,1.0,,,,1.0,
schiff,False,,,,,,,,,,,,,,,,,,,,,,,,,,1.0,,
schild,False,,1.0,,,,,,,,,,,,,,,,,,,,,,,,,,
schildern,False,1.0,,,,1.0,,,,,,,,,,,,,,,,,,,,,,,
schildkriterium,False,,,,,,,,,,,,,,,,,1.0,,,,,,,,,,,
schilling,False,,,,,,,,,,,,1.0,,,,,,,,,,,,,,,,
schimpfen,False,,,,,,,,1.0,,,,,,,,,,,2.0,,,,,,,,,
schindle,False,,,,,,1.0,,,,,,,,,,,,,,,,,,,,,,
schindluder,False,,,,,,,,,1.0,,,,,,,,,,,,,,,,,,,
schirm,False,,1.0,,,1.0,,,,,,,5.0,,2.0,,,,,,,2.0,,,,,,,
schizophrenie,False,,,,,1.0,,,,,,,,,,,,,,,,,,,,,,,
schlacht,False,,1.0,,,,,,,,,,,,,,,,,,,,,,,,,,
schlafen,False,,,,,,,,,,,3.0,,1.0,,,,,,,,,,,,,,,
schlag,False,1.0,,,,,,,,,,,,,,,,,,,,,,,,,1.0,,
schlagen,False,,2.0,,,,,,,,,,,,,,,,,,1.0,,,,,1.0,,,
schlager,False,,,,,,,,,,,,,,,,,,,,,,2.0,,,,,,
schlagkräftig,False,,,,,,,1.0,,,,1.0,,,,,,,,,,,,,,,,,
schlagrichtung,False,,,,,,,,,,,,,,,,,,,,,,,,,,1.0,,
schlagwort,False,2.0,,,,,,3.0,,,,,1.0,,,,,,,,,4.0,2.0,,,,,,
schlagwortssuche,False,,1.0,,,,,,,,,,,,,,,,,,,,,,,,,,
schlagzahl,False,,,,,,,,,,,,,,,,,,,,,2.0,,,,,,,
schlagzeile,False,,,,,,,2.0,,3.0,,,,1.0,,2.0,,,,,1.0,,,,,3.0,,,
schlange,False,1.0,,,,,,,,,,,,,,,,,,,,,,,,,,,
schlappen,False,,,,,,,,,,,,,1.0,,,,,,,,,,,,,,,
schlau,False,1.0,1.0,,,,,,,1.0,,,,,,,,,,,,,,,,,,,1.0
schlaues,False,,,,,,,,,,,,,,,,,1.0,,,,,,,,,,,
schlawittchen,False,,,,,,,,,,,,,,,1.0,,,,,,,,,,,,,
schlecht,False,6.0,6.0,7.0,4.0,3.0,3.0,5.0,,8.0,,8.0,2.0,,4.0,,5.0,5.0,1.0,2.0,5.0,,6.0,2.0,,2.0,4.0,6.0,2.0
schlechte,False,,,,,,,,,1.0,,,1.0,,,,,,,,,,,,,,,,
schleichwerbung,False,,,,,,,,1.0,,,,,,,,,,,,,,,,,,,,
schleife,False,,,,,,,,,,,,,,,,,,,1.0,,,1.0,,,,,,
schlema,False,,,,,,,,,,,,,,,,,,,1.0,,,,,,,,,
schlenz,False,,,,,,,1.0,,,,,,,,,,,,,,,,,,,,,
schlepper,False,,,,,,,,,,,,,1.0,,,,,,,,,,,,,,,
schleuser,False,,,,,,,,,,,,,1.0,,,,,,,,,,,,,,,
schlicht,False,1.0,,1.0,3.0,,,1.0,,,,1.0,,,,1.0,,5.0,,,,2.0,2.0,,,,,,
schlichtweg,False,,,,,,,,,,,,,,,1.0,,,,,,,,,,,1.0,,
schließen,False,2.0,1.0,8.0,,7.0,,4.0,1.0,1.0,1.0,,1.0,1.0,,1.0,,6.0,,1.0,3.0,2.0,4.0,1.0,,,1.0,,
schließfachschlüssel,False,,2.0,,,,,,,,,,,,,,,,,,,,,,,,,,
schließlich,False,,,,1.0,,,,,,1.0,,,,,,,,,,,2.0,,,,,,,1.0
schlimm,False,1.0,,3.0,,1.0,1.0,4.0,1.0,7.0,1.0,,2.0,1.0,3.0,6.0,1.0,1.0,,2.0,2.0,4.0,4.0,,,,2.0,1.0,2.0
schlimme,False,1.0,2.0,,,,,,,1.0,,,,,,1.0,,,,,,,,,,,1.0,,
schlimmere,False,,,,,,,,,1.0,,,,,,,,,,,,,,,,,,,
schlimmeres,False,,,,,,,,,,,,,,,,,,,,,,,,,,1.0,,
schlimmes,False,,,1.0,,,1.0,1.0,,2.0,1.0,,,,,,,,,,,,,,,,,,
schlimmst,False,,,,,,,,,,,,1.0,,,,,,,,,,,,,,,,
schlimmsten,False,,,,,,,,,,1.0,,,,,,,,,,,,,,,,,,
schlitz,False,,,,,,,,,,,,,,,,,,,,,,1.0,,,,,,
schloss,False,,1.0,,,,,,,,,,,,,,,,,,,,,,,,,,
schlucken,False,,,,,,,,,,,,,,,,,,,,,,,,,,,1.0,
schlupfloch,False,,,,,,,,,,,,,1.0,,,,,,,,,,,,,,,
schlupflöcher,False,,,,,,,,,,,,,1.0,,,,,,,,,,,,,,,
schluss,False,2.0,2.0,,,1.0,1.0,,,1.0,1.0,,1.0,,,,,,1.0,,1.0,2.0,,,2.0,,,,
schlusswort,False,,,,,,,,,,,,,,,,,,,,,4.0,,,,,,,
schluß,False,,,,,,,,,,,,,,,2.0,,,,,,,,,,,,,
schläfen,False,,,,,1.0,,,,,,,,,,,,,,,,,,,,,,,
schläuche,False,,,,,,,2.0,,,,,,,,,,,,,,,,,,,,,
schlüssel,False,,25.0,,,1.0,,2.0,1.0,24.0,,,,,,,,,,1.0,,2.0,,,,,,,
schlüsselaustausch,False,,,,,,,,,3.0,,,,,,,,,,,,,,,,,,,
schlüsselmaterial,False,,,,,,,,,2.0,,,,,,,,,,,,,,,,,,,
schlüsselverteilung,False,,1.0,,,,,,,,,,,,,,,,,,,,,,,,,,
schmeiß,False,,,1.0,,,,,,,,,,,,,,,,,,,,,,,,,
schmeißen,False,,,,1.0,,,,,,,,,,,,,,,,,,,,1.0,,,,
schmerz,False,1.0,,,,,,2.0,,1.0,,,2.0,,,,,,,,,,,,1.0,,,,
schmerzensgeld,False,,,,,,,1.0,,,,,,,,,,,,,,,,,,,,,
schmidt,False,2.0,,,,,,,,,,,,,2.0,,,,,,,,,,,,,,
schmieden,False,,,,,,,,,,,,,,,,,,,,,,,,,,,,1.0
schmierig,False,,,,,,,,,,,,1.0,,,,,,,,,,,,1.0,,,,
schmoren,False,,,,,,,,,,,,,,1.0,,,,,,,,,,,,,,
schmutzigeres,False,,,,,,,,,,,,,,,,,,,,,,,,,,1.0,,
schmücken,False,,,,,,,,,,,,,,,,,1.0,,,,,,,,,,,
schnauze,False,,,,,,,,,,,,,,1.0,,,,,,,,,,,,,,
schneemobil,False,,,,,,,,,,,,,1.0,,,,,,,,,,,,,,,
schneemobilhändler,False,,,,,,,,,,,,,2.0,,,,,,,,,,,,,,,
schneiden,False,,,,,,,,,,,,,,,,,,,,,,,1.0,2.0,,,,
schnell,False,4.0,2.0,16.0,5.0,,,3.0,5.0,,1.0,4.0,,,,7.0,3.0,2.0,2.0,2.0,2.0,16.0,1.0,1.0,5.0,2.0,2.0,6.0,2.0
schnellhilfe,False,1.0,,,,,,,,,,,,,,,,,,,,,,,,,,,
schnelligkeit,False,,,,,,,,,,,,,,,4.0,,,,,,,,,,,,,
schnellstmöglich,False,,,,,2.0,,,,,,,,,,,,,,,,,,,,,,,
schnellverfahren,False,,,,,1.0,,,,,,,,,,,,,,,,,,,,,,,
schnellzulassungsverfahr,False,,,1.0,,,,,,,,,,,,,,,,,,,,,,,,,
schnellzünd,False,,,,,,,,,,,,,,,,,,,,,,,,,1.0,,,
schnitt,False,,,,1.0,,,,,,,,,,,,,,,,,,1.0,,1.0,,,2.0,
schnittig,False,,,,,,,1.0,,,,,2.0,,,,,,,,,,,,,,,,
schnittmeng,False,,,,,,,,,,,,,,,,,,,,1.0,,,,,,,,
schnittmenge,False,,,,,,,,,,,1.0,,,,,,,,1.0,1.0,,,,,,,,
schnittprogramm,False,,,2.0,,,,,,,,,,,,,,,,,,,,,,,,,
schnittstell,False,,,2.0,1.0,,,,,,,,,,,3.0,,1.0,,,,,,,,,,1.0,
schnittstelle,False,,1.0,2.0,2.0,,,1.0,,,,,2.0,,,,,1.0,,,,,,,,1.0,,1.0,
schnittstellengesetz,False,,,,1.0,,,,,,,,,,,,,,,,,,,,,,,,
schnupsi,False,,,,,,,,,,,,,,,,,1.0,,,,,,,,,,,
schnurrenkel,False,,,,,,,,,,,,,,,,,,,1.0,,,,,,,,,
schnäuble,False,,,,,,1.0,,,,,,,,,,,,,,,,,,,,,,
schockgefrosten,False,,,,,,,,,,,,,,,,,,,,,,,,,1.0,,,
schockieren,False,,,,,,,,,,,,,,,,,,,,,,6.0,,,,,,
schockierend,False,,,,,,,,,,,,,1.0,,,,,,,,,,,,,,,
schockiert,False,,,1.0,,,,,,,,,,,,,,,,,,,,,,,,,
schockwellenreiter,False,,,,,,,,,,,,,,,,,,,,,,,,,,1.0,,
schokolade,False,,,,,,,,,,,,1.0,,,,,,,,,,,,,,,,
scholz,False,,,,,,,3.0,,,,,,,2.0,,,1.0,1.0,,,4.0,1.0,,,,,,
schon,True,51.0,68.0,83.0,68.0,71.0,46.0,85.0,51.0,82.0,50.0,42.0,82.0,58.0,39.0,119.0,47.0,60.0,72.0,64.0,73.0,207.0,60.0,53.0,33.0,51.0,73.0,69.0,54.0
schondorf,False,1.0,,,,,,,,,,,,,,,,,,,,,,,,,,,
schos,False,,,,,,,,,,,,,,,,,,,,,,,,1.0,,,,
schrank,False,,,,,,,,,,,,1.0,,,,,,,,,,,,,,,,
schranke,False,,,,,2.0,,,,,,,,,,,,,1.0,,,,,,,,,,
schrankpapier,False,1.0,,,,,,,,,,,,,,,,,,,,,,,,,,,
schraube,False,,,,,,,,,,,,,,,1.0,,,,,,,,,,,,,
schrauben,False,,,,,,,,,,,,,,,,,,,,,,,,,,,1.0,
schraubenhersteller,False,,,,,1.0,,,,,,,,,,,,,,,,,,,,,,,
schrecken,False,,,,,,,,,,,,,1.0,,,,,,,1.0,,,,,,,,
schreckensszenario,False,,,,,,,,,,,,,,,1.0,,,,,,,,,,,,,
schrecklich,False,,1.0,,,,,,,,,,,,,,,,,,,2.0,,,1.0,,,,
schreib,False,,,,,,,1.0,,,,,,,,,,,,,,,,,,,,,1.0
schreibaufruf,False,,,,,,,,,,,,,,,1.0,,,,,,,,,,,,,
schreibe,False,,,,,,,,,,,,,,,,,,,,,,,,,,1.0,,
schreiben,False,9.0,15.0,13.0,1.0,6.0,4.0,11.0,10.0,9.0,5.0,4.0,11.0,8.0,10.0,9.0,4.0,3.0,6.0,3.0,,22.0,9.0,5.0,4.0,3.0,6.0,3.0,3.0
schreibfehler,False,1.0,,,,,,,,,,,,,,,,,,,,,,,,,,,
schreibt,False,,1.0,,,1.0,,,,,,,,,,,,,,,,,,,,,,,
schreibteam,False,,,,,,,,,,,,,,,,,,,,,,,,,,,,1.0
schreibtisch,False,,,,,,,,,,,,,,,,,1.0,,,,,,,,1.0,,,2.0
schreien,False,,,,,,,,,,,,,,,,,,,,,,,,1.0,,,,
schreiten,False,,,,,,,,,,,,,,,1.0,,,,,,,2.0,,,,,,
schrems,False,,,,,,,,,,,,,,,,1.0,,4.0,,,,,,,,,,
schrift,False,2.0,,,,,,,,,,,,,,,,,,,2.0,,,,,,,,
schriftform,False,,,,,,,,,,,,,,,,,,,,,,,,,,,,1.0
schriftführend,False,,,,,,,,,,,,,,,,,,,,,,,,,,,,1.0
schriftgröße,False,5.0,,,,,,,,,,,,,,,,,,,,,,,,,,,
schriftlich,False,1.0,,,,3.0,,,1.0,1.0,1.0,2.0,,,,,,1.0,9.0,,1.0,2.0,,,,,,,1.0
schriftliche,False,,,,,1.0,,,,,,,,,,,,,,,,,,,,,,,
schriftsatz,False,,,,,,,,,,,,,,,,,,,,,,,3.0,,,,,
schriftsprache,False,2.0,,,,,,,,,,,,,,,,,,,,,,,,,,,
schriftstellerin,False,,,,,,,,,,,,,,,,,,,,,,,,,,,1.0,
schriftsätzlich,False,,,,,,,,,,,,,,,,,,,,,,,1.0,,,,,
schriftverkehr,False,,,,,,,,,,,,,,,,,,,,1.0,,,,,,,,
schrille,False,,,,,,,,,,1.0,,,,,,,,,,,,,,,,,,
schrillen,False,,,,,,,,,,1.0,,,,,,,,,,,,,,,,,,
schritt,False,5.0,5.0,8.0,2.0,8.0,1.0,2.0,6.0,4.0,2.0,,,1.0,,4.0,4.0,3.0,2.0,4.0,,2.0,4.0,1.0,,1.0,4.0,1.0,
schrottkarre,False,,,,,,,,,,,,,,,,,,,,,,1.0,,,,,,
schrumpfen,False,,,,,,,,,,,,,,,,,,,1.0,,,,,,,,,
schräg,False,,,,,,,,,,,,,1.0,,,,,,,,,,,,,,,
schränk,False,,,,,,,,,,,,,,,,,,,,,,,,,,,1.0,
schränken,False,,,,,,1.0,,,,,,,,,,,,,,,,,,,,,,
schröbe,False,,,,,,1.0,,,,,,,,,,,,,,,,,,,,,,
schröbele,False,,,,,,1.0,,,,,,,,,,,,,,,,,,,,,,
schröder,False,,,,,,,1.0,,,,,,,,,,,,,,,,,,1.0,,,
schrödinger,False,,,,,1.0,,,,,,,,,,,,,,1.0,,,,,,,,,
schröpfen,False,,,1.0,,,,,,,,,,,,,,,,,,,,,,,,,
schublade,False,2.0,,,,1.0,,,,,,,,,,,,,,,,,,1.0,,,,,
schubsen,False,,,,,,,,,,,,,,,,,1.0,,,,,,,,,,,
schubzettel,False,,,,,,,,,,,,,,,,,1.0,,,,,,,,,,,
schuh,False,,1.0,,,,,,,,,,,,,1.0,,,,,,2.0,,,,,,,
schuhkarton,False,,,,,,,,,,,,,,,,,,,,,,,2.0,,,,,
schuld,False,1.0,,,,1.0,,,,1.0,,1.0,,,,,,,,2.0,,,,,,,1.0,,
schuldbewusstsein,False,1.0,,1.0,,,,,,,,,,,,,,,,,,,,,,,,,
schulden,False,,,,,,,1.0,,,2.0,,,,,,1.0,,1.0,,,,,,,,1.0,,
schuldig,False,,,,,1.0,,,,,,,,,,,,1.0,,,,,,,,,,,
schuldigitalisierung,False,,,,,,,,,,,,,,,,,,,2.0,,,,,,,,,
schule,False,1.0,,,,,,,,,,,,,,,2.0,,1.0,4.0,,8.0,,,,,2.0,,
schulen,False,,,,,,,,,,,,,,,,,,,,1.0,,,,,,,,
schulklasse,False,,,,,,,,,,,,,,,,,,,,,,,,,,1.0,,
schulterkamera,False,,,,,,,,,,,,,,,,,,,,,,,,1.0,,,,
schulterzucken,False,,,,,1.0,,,,,,,,,,,,,,,,,,,,,,,
schulunterricht,False,,,,,,,1.0,,,,,,,,,,,,,,,,,,,,,
schuss,False,,,,,,,,,,,,,,,,,,,,,,,,,,1.0,,
schuster,False,,,,,,,,,,,,,,,,,,,7.0,,,,,,,,,
schutz,False,,2.0,1.0,,,1.0,,,1.0,6.0,,,,,1.0,1.0,2.0,,,,6.0,1.0,,,,,1.0,1.0
schutzbedürfnis,False,,,,1.0,,,,,,,,,,,,,,,,,,,,,,,,
schutzbedürftig,False,,,,,,,,,,,,,,,,,,,,,2.0,,,,,,,
schutzmechanisma,False,,,,,,,,,,,,,,,,,1.0,,,,,,,,,,,
schutzniveau,False,,,,,,,,,,,,,,,,,1.0,,,,,,,,,,,
schutzsach,False,,,,,,,,,,,,,,,,,,,,,2.0,,,,,,,
schutzwürdigkeit,False,,,,,,,,1.0,,,,,,,,,,,,,,,,,,,,
schwabenland,False,,,,,1.0,,,,,,,,,,,,,,,,,,,,,,,
schwachsinn,False,,,,,,,,,,,,,,,,,,,1.0,,,,,,,,,
schwachstelle,False,,2.0,,,3.0,,12.0,,1.0,,,,1.0,,,,,,,,,,,,,,,
schwachstellenmanagement,False,,,,,,,11.0,,,,,,,,,,,,,,4.0,,,,,,,
schwadron,False,1.0,,,,,,,,,,,,,,,,,,,,,,,,,,,
schwall,False,,,,,,,,,,,,,,,,,,,,,,,,,,,1.0,
schwammig,False,,3.0,,,,,,,,4.0,,,,,,,,,,,,,,1.0,,,,
schwang,False,,,,,,,,,,,,,,,,,,,,,,1.0,,,,,,
schwanger,False,1.0,,,,,,,,,,,,,,,,,,,,,,,,,,,
schwank,False,,,,,,,,1.0,,,,,,,,,,,,,,,,,,,,
schwanz,False,1.0,,1.0,,,,,,,,,,,,,,,,,,,,,,,,,
schwappen,False,,,,,,,,,,,,,,,1.0,,1.0,,,,,,,,,,,
schwarm,False,,,,,,,,2.0,,,,,,,,,,,,,,,,,,,,
schwarz,False,1.0,,,3.0,1.0,,,,,,,2.0,1.0,,,,,,,,,,,,,,,
schwarzstartfähigkeite,False,,,,,,,,,,,,,,,,,1.0,,,,,,,,,,,
schweben,False,,,,,,,,,,,,,1.0,,,,,,,,,,,,,,,
schweden,False,,,,1.0,,,,,,,,1.0,,,,,,,,,,,,,,,,
schwedisch,False,,,,,,,1.0,,,,,2.0,,,,,,,,,,,,,,,,
schwefelsäure,False,,,,,,,,,,,,1.0,,,,,,,,,,,,,,,,
schweigen,False,,,1.0,,,,,,,1.0,,,,,,,,,,,,,,,,,,
schweighöfer,False,,,,,,,,,,,,2.0,,,,,,,,,,,,,,,,
schwein,False,,,,1.0,,,,,,,,,1.0,,,,,,,,,1.0,,,,,,
schweiz,False,,,,,,,,,,,,,,,,,,,,,,1.0,,,,,,
schweizerisch,False,,,,,,,,,,,,,,,,,,,,,,1.0,,,,,,
schweiß,False,,,,1.0,,,,,,,,,,,,,,,,,,,,,,,,
schwelle,False,,,,,,,1.0,,,,,,,,,1.0,,,1.0,,,,,,,,,
schwendig,False,,,,,,,,1.0,,,,,,,,,,,,,,,,,,,,
schwenken,False,,,,,,,,,,,,,,,,,,,1.0,,,,,,,,,
schwer,False,,3.0,4.0,4.0,8.0,2.0,5.0,,1.0,,3.0,3.0,1.0,1.0,15.0,,1.0,,3.0,6.0,11.0,1.0,,1.0,1.0,1.0,3.0,1.0
schwerlich,False,,,,,,,,,,,,,,,,,1.0,,,,,,,,,,,
schwermetall,False,,,,,,,,,,,,,,,,,,,,,,1.0,,,,,,
schwerpunkt,False,,,,,,,,,,,,,,,,1.0,,2.0,2.0,2.0,14.0,,,,,1.0,,
schwerpunktbereich,False,,,,,,,,,,,,,,,,,,1.0,,,,,,,,,,
schwerpunktmäßig,False,,,,,,,,,,,,,,,,,,,,,2.0,,,,,,,
schwerpunktsetzung,False,,,,,,,,,,,,,,,,,,,,,,,,,1.0,,,
schwerpunktstaatsanwaltschaft,False,,,,,,,,,,,,,,,1.0,,,,,,,,,,,,,
schwerstkriminelle,False,,,,,1.0,,,,,,,,,,,,,,,,,,,,,,,
schwert,False,,,,,3.0,,,,,,,,,,,,,,,,,,,1.0,,,,
schwerverbrecher,False,,,,,3.0,,,,,,,,,,,,,,,,,,,,,,,
schwerwiegend,False,,,,2.0,,,,,,,,,,,,,,,,,,,,,,,,
schwester,False,,,,1.0,,,,,,,1.0,,,1.0,,,,,1.0,,,,,,,,,
schwesterorganisation,False,,,,,,,,,,,,,,,,,,,,,,,,,,2.0,,
schwesterstaate,False,,,,,1.0,,,,,,,,,,,,,,,,,,,,,,,
schwierig,False,8.0,5.0,2.0,10.0,1.0,2.0,5.0,2.0,4.0,8.0,1.0,3.0,3.0,2.0,1.0,1.0,4.0,1.0,2.0,7.0,23.0,2.0,6.0,2.0,1.0,3.0,9.0,2.0
schwierige,False,,,,,,,,,,,,,,,,,,,,,,,,,,,1.0,
schwierigkeit,False,3.0,,,,,,,,1.0,1.0,,,2.0,,,1.0,,,,1.0,,3.0,,,,,,2.0
schwimmen,False,2.0,,,,,,,,,,,,,,,,,,,,,,,,,,,
schwindelig,False,1.0,,,,,,,,,,,,,,,,,,,,,,,,,,,
schwinden,False,,,,,,,,,,,,,,,,,,,,,2.0,,,,,,,
schwingen,False,,,,,,,,,,,,,,,,,,,,,,1.0,,,,,,
schwirren,False,,,,,,,,,,,,,,,,,1.0,,,,,,,,,,,
schwung,False,,,,,,,,,,,,,,,,,1.0,,,,,,,,,,,
schwur,False,,,,,1.0,,,,,,,,,,,,,,,,,,,,,,,
schwäche,False,,,,,1.0,,,,,,,1.0,,,,2.0,,1.0,,,,,,,,,,
schwächen,False,,,,,,,,,,1.0,,,,,,,,,,,,1.0,,,,,,
schwöbel,False,,,,,,1.0,,,,,,,,,,,,,,,,,,,,,,
schwören,False,,,,,,,,,,,,,,,,,1.0,,,,,,,,,,,
schächt,False,,,,,,,1.0,,,,,,,,,,,,,,,,,,,,,
schädern,False,,,,,,,,,,1.0,,,,,,,,,,,,,,,,,,
schädigung,False,,,,,,,,,,1.0,,,,,,,,,,,,,,,,,,
schälen,False,,,,,,,,,,,,,,,,,,,,,,,,,,,,1.0
schämen,False,,,,,,,,,,,,,,,,,,,,,,2.0,,,,1.0,,
schämsen,False,,,,,,,,,,,,,,,,,,,,,,,,,,1.0,,
schärfchen,False,,,,,,,,,,,,,,,,,,,,,,1.0,,,,,,
schärfen,False,1.0,1.0,,,,,,,,,,,,,,,,,,,,2.0,,,,,,
schärflein,False,,,,,,,,,,,,,,,,,,,,,,1.0,,,,,,
schätzen,False,,1.0,,1.0,,,1.0,,,,,,,,,,,,,,,,,1.0,,,1.0,
schäuber,False,,,,,,,,,,,,,,,,,,,,,,,,,,1.0,,
schön,False,22.0,10.0,9.0,5.0,8.0,1.0,8.0,4.0,6.0,2.0,3.0,12.0,5.0,10.0,5.0,4.0,10.0,4.0,9.0,9.0,32.0,5.0,3.0,7.0,7.0,5.0,8.0,2.0
schönbohm,False,,,,,,,1.0,,,,,,,,,,,,,,,,,,,,,
schöne,False,,,,,,,,1.0,,,,,,,,,,,,,,,,,,,,
schöngereden,False,,,1.0,,,,,,,,,,,,,,,,,,,,,,,,,
schöpfungshöhe,False,,,,,,,,,,,,,,,,,,,,,,,,,,,1.0,
schüchtern,False,,,,,,,,,,,,1.0,,,,,,,,,,,,,,,,
schüler,False,,,,,,,,,,,,,,,,,,,,,2.0,,,,,,,
schülerinnen,False,,,,,,,,,,,,,,,,,,,,,2.0,,,,,,,
schütteln,False,,,,,1.0,,1.0,,1.0,,,1.0,,,1.0,1.0,,,,,,,,,,,1.0,
schütten,False,,,,,,,,1.0,,,,,,,,,,,,,,,,,,,,
schützen,False,,5.0,3.0,,2.0,,1.0,5.0,1.0,,,,,1.0,6.0,2.0,2.0,,,1.0,8.0,,1.0,,,,1.0,1.0
schützenswert,False,,,1.0,2.0,,,,,,,,,,,1.0,,,,,,,,,,,,,
science,False,,,,1.0,,,,,,,,5.0,,,,,,,,,,,,,,,,
scientress,False,,,,,,,,,,,,,,,,,,,,,,,,1.0,,,,
scope,False,,,,,,,,,,1.0,,,,,2.0,,,,,,,,,,,,,
screaming,False,,,,,,,,,,,,,,,,,,,1.0,,,,,,,,,
screen,False,8.0,,,,,,,,,,,,,,,,,,,,,,,,,,,
screenmovies,False,,,1.0,,,,,,,,,,,,,,,,,,,,,,,,,
screenplay,False,,,,,,,,,,,,4.0,,,,,,,,,,,,,,,,
screenreader,False,6.0,,,,,,,,,,,,,,,,,,,,,,,,,,,
screenshot,False,,,3.0,,,,,,,,,,,,,,,,,,,,,,,,,
scrollen,False,,,,,,,,,,,,,,,,,,,,,,,,,3.0,,,
sdi,False,,,,,,,,,,,,,,,,,,,,,,,,5.0,,,,
se,False,,1.0,,,,,,,1.0,,2.0,,,,,,,,,,2.0,,,,,,,
seabase,False,,,,,,,,,,,,1.0,,,,,,,,,,,,,,,,
sean,False,,,,,,,,1.0,,,,,,,,,,,,,,,,,,,,
sebastian,False,,,,,,,,,,,,,,,,,,,,,,,,,,1.0,,
sec,False,,,,,,,,1.0,,,,,,,,,,,,,,,,,,,,
sechs,True,,3.0,,,,2.0,,2.0,,1.0,,,,,4.0,1.0,3.0,,2.0,,4.0,,1.0,3.0,1.0,1.0,,1.0
sechsstellig,False,,,,,,,,,,,,,,,,,2.0,,,,,,,,,,,
sechster,True,,,,,,,,,,,,,,3.0,,,,,,,,,,,,,,
sechziger,False,,,,,,2.0,,,,,,,,,,,,,,,,,,,,,,
secret,False,,,,,,,,,,,,,,3.0,,,,,,,,,,,,,,
secure,False,,1.0,,,,,,,,,,,,,,,1.0,,,,,,,,,,,
security,False,4.0,,3.0,1.0,1.0,,1.0,1.0,1.0,3.0,,,4.0,,,,,,,,2.0,,,,,,,
see,False,,,,,,,1.0,1.0,,,,,,,,,,,,,,,,,,,,
seehofer,False,,,,,,,1.0,,,,,,,,,,,,,,,,,,,,,
seele,False,,,,,,,,,,,,,,,,,,,,,,,,1.0,,,,
seeress,False,1.0,,,,,,,,,,,,,,,,,,,,,,,,,,,
segen,False,,,,,,,,,,1.0,,,,,,,,,,,,,,,,,,
segment,False,,,,,1.0,,,,,,,,,,,,,,,,,,,1.0,,,,
sehbeeinträchtigung,False,,,,,,,,,,,,,,,,,,,,4.0,,,,,,,,
sehbehindert,False,,,,,,,,,,,,,,,,,,,,2.0,,,,,,,,
sehbehindertenverband,False,,,,,,,,,,,,,,,,,,,,2.0,,,,,,,,
sehbehinderung,False,1.0,,,,,,,,,,,,,,,,,,,1.0,,,,,,,,
sehbereinträchtigung,False,,,,,,,,,,,,,,,,,,,,1.0,,,,,,,,
seheinschränkunge,False,1.0,,,,,,,,,,,,,,,,,,,,,,,,,,,
sehempfehlung,False,,,,,,,,,,,,1.0,,,,,,,,,,,,,,,,
sehen,False,24.0,23.0,33.0,20.0,9.0,12.0,35.0,14.0,15.0,28.0,11.0,50.0,27.0,7.0,20.0,15.0,14.0,4.0,17.0,32.0,76.0,39.0,42.0,12.0,18.0,17.0,19.0,26.0
sehenswert,False,,,,,,,,,,,1.0,1.0,,,,,,,,,1.0,,,,,,,
sehenswerter,False,,,,,,,,,,,,,,,,,,,,,1.0,,,,,,,
sehr,True,39.0,62.0,32.0,52.0,34.0,39.0,32.0,44.0,41.0,81.0,46.0,72.0,24.0,22.0,67.0,82.0,17.0,41.0,46.0,45.0,95.0,82.0,22.0,39.0,25.0,45.0,29.0,41.0
seht,False,,,,,,,,,,,,1.0,1.0,,,,,,,,,,,,,,,
sei,True,1.0,,,,,,,,,,,,,,2.0,,,,,1.0,,,,,,,,
seid,True,1.0,,,,,,,,,,,,,,,,,,,,3.0,,,,,,,
sein,True,530.0,655.0,450.0,640.0,618.0,358.0,566.0,444.0,560.0,409.0,269.0,668.0,352.0,276.0,669.0,411.0,378.0,339.0,387.0,407.0,1338.0,522.0,282.0,342.0,262.0,564.0,423.0,289.0
seinerzeit,False,,,,,,,,,,,,,1.0,,,,,,,,,,,,,,,
seit,True,5.0,5.0,1.0,3.0,2.0,,5.0,7.0,1.0,5.0,2.0,5.0,3.0,7.0,8.0,3.0,2.0,1.0,2.0,6.0,15.0,12.0,2.0,3.0,3.0,8.0,1.0,9.0
seitdem,True,,1.0,,,1.0,,2.0,,,,,1.0,,,1.0,1.0,,1.0,,,,,1.0,1.0,,3.0,,
seite,False,7.0,8.0,2.0,3.0,4.0,6.0,6.0,3.0,4.0,2.0,7.0,3.0,3.0,1.0,3.0,9.0,10.0,3.0,3.0,5.0,3.0,4.0,10.0,1.0,3.0,8.0,36.0,2.0
seitenbetreiber,False,,,,,,,,,,,,,,,,,,,,,,,,,,,2.0,
seiteneingang,False,1.0,,,,,,,,,,,,,,,,,,,,,,,,,,,
seitenkurve,False,,1.0,,,,,,,,,,,,,,,,,,,,,,,,,,
seitenlinie,False,,,,,,,,,,,,,,,,,,,,,,,1.0,,,,,
seitens,False,,,,,,,,,,1.0,,1.0,,,1.0,,,,,,,,,,,,,
seitenstraße,False,,,,,,,,,,,,,,,,,,,,,,,,,,,2.0,
seitlich,False,,,,1.0,,,,,,,,,,,,,,,,,,,,,,,,
sekretariat,False,,,,,1.0,,,,,1.0,,,,,,1.0,,,,,,,,,,,,2.0
sektor,False,1.0,,,1.0,,,,,,,,,,,,,,,,,,1.0,,,,,,
sekunde,False,,,,,,,,,,,,,,,1.0,,1.0,,,,2.0,,,2.0,,,4.0,
sekundengenau,False,,,,,,,,,,,,,1.0,,,,,,,,,,,,,,,
sekundennutzung,False,,,,1.0,,,,,,,,,,,,,,,,,,,,,,,,
sekundenschlaf,False,,,,,,1.0,,,,,,,,,,,,,,,,,,,,,,
sekundär,False,,,,5.0,,,,,,,,,,,,,,,,,,,,,,,,
sekundärmarkt,False,,,,2.0,,,,,,,,,,,,,,,,,,,,,,,,
sekundärnutzung,False,,,,10.0,,,,,,,,,,,,,,,,,,,,,,,,
selb,False,1.0,,,,,,,,,,,,,,,,1.0,,,,,,,,,,,
selbe,False,,,,,,,,,,,,,,,,,,,,,2.0,,,,,,,
selber,False,10.0,8.0,14.0,6.0,15.0,4.0,11.0,6.0,11.0,2.0,1.0,14.0,6.0,8.0,3.0,6.0,9.0,3.0,5.0,2.0,16.0,5.0,5.0,8.0,2.0,4.0,7.0,8.0
selbes,False,,,1.0,,,,,,,,,,,,,,,,,,,,,,,,,
selbst,True,8.0,6.0,6.0,1.0,17.0,5.0,6.0,9.0,1.0,4.0,2.0,5.0,2.0,6.0,6.0,3.0,4.0,2.0,1.0,4.0,19.0,8.0,6.0,4.0,,2.0,6.0,1.0
selbstauskunft,False,,,1.0,,,,,,,,,,,,,,,,,,,,,,,,,
selbstbedienung,False,,,,,,,,,,,,,,,,,,,,1.0,,,,,,,,
selbstbedienungsterminal,False,,,,,,,,,,,,,,,,,,,,1.0,,,,,,,,
selbstbefassung,False,,,,,,,,,,,,,,,,,,1.0,,,,,,,,,,
selbstbeschreibung,False,,,,,1.0,,,,,,,1.0,,,,,,,,,,,,,,,,
selbstbestimmt,False,,,,,,,,,,,,,,,,,,,,,,1.0,,,,,,
selbstbestimmung,False,,,,3.0,,,,,,,2.0,,,,,,,1.0,,1.0,2.0,,1.0,,,,,2.0
selbstbewusst,False,,,,,,,,,,,,1.0,,,,,,,,,,,,,,,,
selbstermächtigung,False,,,,,,,,,,,,,,1.0,,,,,,,,,,,,,,
selbstgebaut,False,,,,,1.0,,,,,,,,,,,,,,,,,,,,,,,
selbstgeschrieben,False,,,,,,,,,,,,,,,,,,,,,,,,1.0,,,,
selbstläufer,False,,,,,,,,,,,1.0,,,,,,,,,,,,,,,,,
selbstmachen,False,,,,,,,1.0,,,,,,,,,,,,,,,,,,,,,
selbstverpflichtung,False,,,,,3.0,,,,,,,,,,,,,,,,,,,,,,,
selbstverständlich,False,2.0,,,2.0,1.0,,8.0,1.0,1.0,,,,2.0,,2.0,,,2.0,,1.0,2.0,2.0,,,,1.0,1.0,
selbstverständlichkeit,False,,,,,,1.0,2.0,1.0,,,,,,,,,,,,,,,,,,1.0,,
selbstwirksamkeit,False,,,,,,,,,,,,,,,,,,,1.0,,,,,,,1.0,,
selbstwirksamkeitsgefühl,False,,,,,,,,,,,,,,,,,,,1.0,,,,,,,,,
selected,False,,,,,1.0,,,,,,,,,,,,,,,,,,,,,,,
selective,False,,,,,,,,,1.0,,,,,,,,,,,,,,,,,,,
selektiv,False,,,,,,,,,,,,,,1.0,,,,,,,,,,,,,,
selektorenlist,False,,,,,,1.0,,,,,,,,,,,,,,,,,,,,,,
sell,False,,,,,,,,,,,,2.0,,,,,,,,,,,,,,,,
selten,False,2.0,1.0,1.0,4.0,,,1.0,1.0,1.0,,2.0,2.0,,,,5.0,2.0,2.0,,,,5.0,,,1.0,,1.0,1.0
seltsam,False,,,,,,,,,1.0,,1.0,,,,1.0,,,1.0,,,,,,,,,,
semantisch,False,,,,1.0,,,,,,,,,,,,,,,,,,,,,,,,
semipro,False,,,,,,,,,,,,,,,,,,,,,,,,1.0,,,,
semiprofessionell,False,,,,,,,,,,,,,,,,,,,,,,,,1.0,,,,
sempert,False,,,,,1.0,,,,,,,,,,,,,,,,,,,,,,,
semsrott,False,,,,,,,,,,,,,,2.0,,,,,,,,,,,,,,
semstrott,False,,,,,,,,,,,,,,1.0,,,,,,,,,,,,,,
senat,False,,,,,,,,,,,,,,7.0,,,,,,,,,,,,,,
senden,False,2.0,,1.0,1.0,1.0,,,1.0,,,,,,1.0,,,,,1.0,1.0,,,,1.0,,,,
sender,False,,,,,,,,,,,,,,,1.0,1.0,,,,,,,,,,,,
sendung,False,9.0,1.0,2.0,5.0,4.0,,4.0,,8.0,,1.0,2.0,5.0,,3.0,,1.0,1.0,1.0,6.0,18.0,1.0,,,,,,
sendungsvorbereitung,False,,1.0,,,,,,,,,,,,,,,,,,,,,,,,,,
senf,False,,,,,,,,1.0,,,,,,,,,,,,,,,,,,,,
senior,False,1.0,,,,,,,,,,,,,,,,,,,1.0,,,,,1.0,,,
seniorinn,False,1.0,,,,,,,,,,,,,,,,,,,,,,,,,,,
senken,False,,,,,,,,1.0,,,,,2.0,,,,,,,,,,,,,,,
sensibel,False,,,4.0,4.0,,1.0,,,,,,,,,,,,,,,,,,,1.0,,,
sensibilisierung,False,1.0,1.0,,,,,,,,,,,,,,,,,,,,,,,,,,
sensibilität,False,,,,,,,,,,,,,,,,,,,,,,,,,,1.0,,
sensibl,False,,,,1.0,,,1.0,,,,,,,,,,,,,,,,,,,,,
sensible,False,1.0,,,,,,,,,,,,,,,,,,,,,,,,,,,
sensitiv,False,,,,,,,,,,,,,,,,,,,,,,,,,,,,3.0
sensor,False,,,,,,,,,,,,,,,,,,,,,,,,1.0,,,,
separat,False,,,,,,,,,,,,,,,,,,,,,,,,2.0,,1.0,1.0,
separatist,False,,,,,1.0,,,,,,,,,,,,,,,,,,,,,,,
separieren,False,,,,1.0,,,,,,,,,,,,,,,,,,,,,,,,
sepp,False,,,1.0,,,,,,,,,,,,,,,,,,,,,,,,,
september,False,,,,1.0,,,2.0,,,,,,,2.0,,,,,2.0,,,,,,,2.0,,
serial,False,,,,,,,,,,,,,,,,,,,,,,,,1.0,,,,
serie,False,,,,,,,,,,,,17.0,,,,,,,,,,,,,,,,
seriös,False,,,,,,,,,,,,,,,,,,,,,,,,,,,1.0,
seriöslich,False,,,,,,,,,,,,,1.0,,,,,,,,,,,,,,,
server,False,,8.0,4.0,,,,2.0,1.0,12.0,,,,,,4.0,,1.0,,1.0,,,,,,,,4.0,
servern,False,,,1.0,,1.0,,,,1.0,,,,,,,,,,,,,,,,,,1.0,
service,False,1.0,3.0,,,5.0,,,,1.0,1.0,,,,,,2.0,,,,3.0,,,,,,,,
services,False,,1.0,,1.0,,,1.0,,,,,,,,,4.0,,,,,4.0,,,,,,,
session,False,,,,,,,,,,6.0,,,,,,,,,,,,,,,,,,
set,False,,,1.0,,,,,,,2.0,,,,,,,,,,,,,,,,,,
setting,False,,1.0,,,,,1.0,,,,,,,,,,,,,,,,,,,,,
setup,False,,,,,,,,,,,,,,,,,,,,,,,,9.0,1.0,,1.0,
setups,False,,,,,,,,,,,,,,,,,,,,,,,,,,,2.0,
setzen,False,,1.0,4.0,,6.0,4.0,6.0,4.0,4.0,2.0,2.0,5.0,4.0,,2.0,3.0,1.0,2.0,2.0,7.0,17.0,3.0,1.0,2.0,2.0,7.0,6.0,3.0
seufzen,False,,,,,,,1.0,,,,,,,,,,,,,,,,,,,,,
sevilla,False,,,,,,,,,,1.0,,,,,,,,,,,,,,,,,,
sexiness,False,,,,,,,,,1.0,,,,,,,,,,,,,,,,,,,
sexismus,False,,,,,,,,,,,,,,,,,,,,,,4.0,,,,,,
sexobjekt,False,,,,,,,,,,,,1.0,,,,,,,,,,,,,,,,
sexting,False,,,,,,,,,,1.0,,,,,,,,,,,,,,,,,,
sexuell,False,,3.0,,,,,,,,,,2.0,,,,,,,,,,,,,,,,
sexuelles,False,,,,,,,,,,,,1.0,,,,,,,,,,,,,,,,
sexy,False,,1.0,,,,,,,1.0,,,,,,,,,,,,,,,,,1.0,,2.0
shadowbanning,False,,,,,,,,,,,,,,,,1.0,,,,,,,,,,,,
shady,False,,,,,1.0,,,,,,,,,,,,,,,,,,,,,,,
shall,False,,,,,,,,1.0,,,,,,,,,,,,,,,,,,,,
shampoos,False,,,,,,,,,,,,,,1.0,,,,,,,,,,,,,,
sharing,False,,,,,,,,,,,,1.0,,,,,,,,,,,,,,,,
sheen,False,,,,,,,,,,,,,,,,1.0,,,,,,,,,,,,
shiny,False,,,,,,,1.0,,,,,,,,,,,,,,,,,,,,,
shit,False,1.0,,,,1.0,,,,,,,,,1.0,,,,,,,,,,,,,,
shitstorm,False,,,,,1.0,,,,,,,,,,,,,,,,,,,,,,,
shop,False,,,,,,,,,,,,,,,,,1.0,,,,,,,,,,,
shoppen,False,,,,,,,,,1.0,,,,,,,,,,,,,,,,,,,
shopping,False,,,,,,,,,,,,,,,,1.0,,,,,,,,,,,,
short,False,,,,,,,,1.0,,,,,,,,,,,,,,,,,,,,
show,False,,1.0,,,,,,,,,,,,,,,,,1.0,,,,,,,1.0,,
shownote,False,,1.0,1.0,1.0,,,,,,,,,,,1.0,,,,,,,6.0,1.0,2.0,,,,
shownotes,False,,1.0,,,,,,,,,,,,,,,,,,,,2.0,,,,1.0,,
showrooms,False,,,,,,,,,,,,,,,,,,,,,,,,1.0,,,,
shuffle,False,,,,,,,,,,,1.0,,,,,,,,,,,,,,,,,
sich,True,81.0,118.0,94.0,69.0,102.0,83.0,113.0,73.0,103.0,96.0,56.0,112.0,84.0,45.0,112.0,44.0,59.0,68.0,78.0,75.0,218.0,119.0,68.0,66.0,47.0,90.0,107.0,92.0
sicher,False,2.0,17.0,8.0,2.0,4.0,1.0,5.0,5.0,28.0,,2.0,1.0,2.0,3.0,3.0,,4.0,1.0,,3.0,12.0,1.0,3.0,1.0,,1.0,,1.0
sicherheit,False,3.0,5.0,,1.0,7.0,2.0,6.0,3.0,8.0,,,,,,,3.0,5.0,,,1.0,21.0,,2.0,,1.0,,,1.0
sicherheitbereich,False,,,,,,,,,,,,,,,,,,,,1.0,,,,,,,,
sicherheitsanforderung,False,,,,,,,,,1.0,,,,,,,,,,,,,,,,,,,
sicherheitsapparat,False,,,,,,,,,,,,,,,,,,,,,,,,,,1.0,,
sicherheitsbedenko,False,,,,,,,,,,,,,,,,,,,1.0,,,,,,,,,
sicherheitsbehörde,False,,4.0,,,1.0,,,,,,,,,,,,,,,,2.0,,,,1.0,,,
sicherheitsbereich,False,,,,,1.0,,,,,,,,,,,,,,,1.0,,,,,,,,
sicherheitsbranche,False,,,,,,,,,,,,,,,,,,,,,,,,,,1.0,,
sicherheitscheck,False,,,,,,,,,1.0,,,,,,,,,,,,,,,,,,,
sicherheitsdecken,False,,,,,,,,,,1.0,,,,,,,,,,,,,,,,,,
sicherheitsdienst,False,,,,,,,,,,,,,,,,,,,,,,1.0,,,,,,
sicherheitsebene,False,,,1.0,,,,,,,,,,,,,,,,,,,,,,,,,
sicherheitseigenschafte,False,,,,,,,,3.0,,,,,,,,,,,,,,,,,,,,
sicherheitsfeature,False,,,,,,,,,,,,,,,,,1.0,,,,,,,,,,,
sicherheitsforsch,False,,,1.0,,,,,,,,,,,,,,,,,,,,,,,,,
sicherheitsforschend,False,,,1.0,,,,,,,,,,,,,,,,,,,,,,,,,
sicherheitsforschende,False,,,1.0,,,,,,,,,,,,,,,,,,,,,,,,,
sicherheitsforscher,False,,,1.0,,,,,,,,,,,,,,,,,,,,,,,,,
sicherheitsforscherin,False,,,,,,,,,,,,,,,,,,,,,,,,,1.0,,,
sicherheitsforscherinn,False,,1.0,1.0,,1.0,,,,,,,,,,,,,,,,,,,,,,,
sicherheitsforschung,False,,,2.0,,,,,,,,,,,,,,,,,,,,,,,,,
sicherheitsfrage,False,,,,,,,1.0,,,,,,,,,,,,,,2.0,,,,,,,
sicherheitsgaranti,False,,,,,,,,,,1.0,,,,,,,,,,,,,,,,,,
sicherheitsgewinn,False,,,,,1.0,,,,,,,,,,,,,,,,,,,,,,,
sicherheitshalber,False,,,,,1.0,,,,,,,,,,,,,,,,,,,,,,,
sicherheitsimplikation,False,,1.0,,,,,,,,,,,,,,,,,,,,,,,,,,
sicherheitskonzept,False,,1.0,1.0,,,,,,,,,,,,,,,,,,,,,,,,,
sicherheitskram,False,,,,,1.0,,,,,,,,,,,,,,,,,,,,,,,
sicherheitslevel,False,,,,,,,,,1.0,,,,,,,,,,,,,,,,,,,
sicherheitslück,False,,,6.0,,1.0,,3.0,,,2.0,,,,,,,1.0,,,,1.0,,,,,1.0,,
sicherheitslücke,False,,,21.0,,1.0,,,,,,,2.0,,,,,,,,,2.0,,,,,,,
sicherheitslücken,False,,,3.0,,,,3.0,,,,,,,,,,,,,,,,,,,,,
sicherheitslücko,False,,,6.0,,4.0,,4.0,,,,,,,,,,1.0,,,,1.0,,,,,1.0,,
sicherheitsmaßnahme,False,,,,,,,,,,1.0,,,,,,,,,,,,,1.0,,,,,
sicherheitsnummer,False,,4.0,,,,,,,,,,,,,,,,,,,,,,,,,,
sicherheitspaket,False,,,,,,,,,,,,,,,,,,,1.0,,,,,,,,,
sicherheitsparameter,False,,,,,,,,,,,,,,,,,1.0,,,,,,,,,,,
sicherheitsproblem,False,,,,,,,,,,,,,,,,,1.0,,,,2.0,,1.0,,,,,
sicherheitsrelevant,False,,,,,,,,3.0,,,,,,,,,,,1.0,,,,,,,,,
sicherheitsrelevanz,False,,,,,,,,1.0,,,,,,,,,,,,,,,,,,,,
sicherheitsstücke,False,,,1.0,,,,,,,,,,,,,,,,,,,,,,,,,
sicherheitsvorfall,False,,,1.0,,,,,,,,,,,,,,,,,,,,,,,,,
sicherheitsvorkehrung,False,,,,,,,,,1.0,,,,,,,,,,,,,,,,,,,
sicherheitszentral,False,,,,,1.0,,,,,,,,,,,,,,,,,,,,,,,
sicherlich,False,,4.0,1.0,3.0,3.0,1.0,1.0,8.0,2.0,2.0,1.0,3.0,2.0,,2.0,1.0,6.0,,2.0,3.0,,3.0,1.0,,,10.0,,3.0
sichern,False,,1.0,1.0,4.0,,,,,5.0,,,,,,1.0,,,,,,4.0,,,,,,,
sicherstellen,False,,6.0,,,,,,,3.0,2.0,,,1.0,,1.0,1.0,1.0,,,3.0,,,,,,,,1.0
sicherstellung,False,,1.0,,,,,,,,,,,,,,,,,,,,,,,,,,
sicherung,False,,,,,,,,,,2.0,,,,,,,,,,,,,,,,,,
sicht,False,3.0,1.0,1.0,2.0,,1.0,3.0,2.0,,2.0,2.0,2.0,1.0,3.0,3.0,2.0,1.0,,,3.0,14.0,1.0,3.0,,,2.0,,3.0
sichtbar,False,1.0,1.0,,,,,,,,,,,,1.0,,,,1.0,,1.0,,,,,,,,
sichtbarkeit,False,,,,,,,,,,,,,,,,1.0,,,,,,,,,,,,
sichten,False,1.0,,,,,,,,,,,,,,,,,,,,,,,,,,,
sichtkontakt,False,,3.0,,,,,,,,,,,,,,,,,,,,,,,,,,
sichtung,False,,,,,,,,,,,,1.0,,,,,,,,,,,,,,,,
sichtweise,False,,,,,,,,,,1.0,,,,,,,,1.0,,,,,,,,,,
sickern,False,,,,1.0,,1.0,,,,,,1.0,,,,,,,,,,,,,,,,
side,False,,,,,,,,,,,,,,,,,,,,,,,,,,,1.0,
sidekick,False,,,,,,,,,,,,2.0,,,,,,,,,,,,,,,,
sideline,False,,,,,,,,,,,,,,,,,,,,,2.0,,,,,,,
sidestrack,False,,,,,,,,,,,,,,,,,,,,,2.0,,,,,,,
sie,True,35.0,65.0,61.0,87.0,129.0,67.0,112.0,11.0,39.0,52.0,25.0,57.0,71.0,27.0,78.0,40.0,45.0,20.0,19.0,36.0,257.0,76.0,31.0,11.0,27.0,31.0,61.0,17.0
sieben,True,,1.0,,,,,,,,1.0,,,,1.0,1.0,1.0,,2.0,6.0,,,,6.0,,1.0,,,
siebter,True,,,,,,,,,,2.0,,,,,,,,,,,,,,,,,,
siebzehn,False,,,,,,1.0,,,,,,,,,,,,,,,,,,,,,,
siedlung,False,,,,,,,1.0,,,,,,,,,,,,,,,,,,,,,
sieg,False,,,,,,,,,,,,,,1.0,4.0,,,,,,,,,,,1.0,,
siegel,False,,,1.0,,,,,,6.0,,,,,,,,,,,,,,,,1.0,,,
siegelding,False,,,,,,,,,1.0,,,,,,,,,,,,,,,,,,,
siegelkett,False,,,,,,,,,2.0,,,,,,,,,,,,,,,,,,,
siehen,False,,1.0,1.0,,,,1.0,,2.0,,1.0,3.0,,1.0,,4.0,,,,1.0,3.0,,2.0,,,,1.0,
siehsen,False,,,,,,,,,,,,,,,1.0,,,,,,,,,,,,,
siehst,False,,,,1.0,,,2.0,,,,,1.0,1.0,,1.0,,,,2.0,,9.0,,,,,,,
sieht,False,,1.0,,,,,,,,,,,,,,,,,1.0,,,,,,,,,
signal,False,1.0,18.0,1.0,,1.0,,,5.0,,,,,,,1.0,,1.0,1.0,,,2.0,,,,,,,
signalprotokoll,False,,,,,,,,4.0,,,,,,,,,,,,,,,,,,,,
signalton,False,,,,,,,,,,,,,,,,,,,,1.0,,,,,,,,
signaltöne,False,,,,,,,,,,,,,,,,,,,,1.0,,,,,,,,
signalverstärkung,False,,,,,,,,,,,,,,,,,,,,,,,,1.0,,,,
signalwirkung,False,,,,,1.0,,,,,,,,,,,,,,,,,,,,,,,
signatur,False,,,,,,,,,1.0,,,,,,,,,,,,,,,,,,,
signieren,False,,,,,,,1.0,,4.0,,,,,,,,,,,,,,,,,,1.0,
signifikant,False,,2.0,,,,,,,,,,,,,,,,,,,4.0,,1.0,,,,1.0,
silently,False,,,,,,,1.0,,,,,,,,,,,,,,,,,,,,,
silicon,False,,,,,,,,1.0,,,,1.0,,,,,,,,,,,,,3.0,,,
silvesternacht,False,,,,,,,,,,,,,,,,,,,,,,,2.0,,,,,
simona,False,,,,,,,,,,,,,,,,,,2.0,,,,,,,,,,
simone,False,,,,,,,,,,,,,,,,,,20.0,,,,,,,,,,
simpel,False,,,,,,,,,,,,,,1.0,,,,,,1.0,,,,,,,4.0,
simplizität,False,,,,,,,,,,,,,,,,,,,,1.0,,,,,,,,
simulation,False,,,,,,,,,,,,,,,,,,2.0,,,,,,,,,,
simultan,False,,,,,,,,,,,,,,,,,,,,,,,,1.0,,,,
sina,False,,,,,,,,,,,1.0,,,,,,,,,,,,,,,,,
sinemus,False,,,,,,,,,,,,,,,,,,,,,,,,,2.0,,,
singapur,False,,,,,,,,1.0,,,,,,,,,,,,,,,,,,,,
singen,False,,,,,1.0,,,,,,,1.0,,,,,,,1.0,,,,,,,,,
single,False,,,1.0,1.0,,,,,,,,,,1.0,,,,,,,,,,,,,,
sinken,False,,,2.0,1.0,,,,,,,,,,,,,,,,,,,,,,,,
sinn,False,10.0,7.0,8.0,12.0,7.0,2.0,2.0,9.0,3.0,3.0,5.0,12.0,5.0,3.0,16.0,1.0,3.0,3.0,2.0,10.0,15.0,9.0,3.0,2.0,4.0,7.0,12.0,2.0
sinnbild,False,,,,,,,1.0,,,,,,,,,,,,,,,,,,,,,
sinneswandel,False,,,,,,,1.0,,,,,,,,,,,,,,,,,,,,,
sinnhaft,False,,,,1.0,,,,,,,,,,,,,,,,,,,,,,,,
sinnieren,False,,,,,,,,,,,,,,,,,,,,,,,,,1.0,,,
sinnig,False,,,,,,,,,,,1.0,,,,,,,,,,,,,,,,,
sinnlos,False,,,,,,,,,,,,,1.0,,,,,,,,,,,,,1.0,1.0,
sinnvoll,False,2.0,2.0,1.0,5.0,,,3.0,,,1.0,2.0,1.0,10.0,1.0,2.0,5.0,1.0,,1.0,2.0,9.0,,2.0,1.0,5.0,2.0,2.0,
sinnvollem,False,,,,,,,,,,,,,1.0,,,,,,,,,,,,,,,
sinnvollerweise,False,,,,,,,,,,,,,,,,,,,,,,,,,1.0,,,
sinnvolles,False,,,,,,,1.0,,,,,,,,,,,,,,,,,,,,,
sister,False,1.0,,,,,,,,,,,,,,,,,,,,,,,,,,,
sisyphus,False,,,,,,,,,,,,,,,,1.0,,,,,,,,,,,,
sitemap,False,1.0,,,,,,,,,,,,,,,,,,,,,,,,,,2.0,
situation,False,3.0,1.0,,2.0,,4.0,1.0,,1.0,,,2.0,4.0,,1.0,1.0,2.0,4.0,1.0,,,5.0,5.0,2.0,,1.0,,10.0
sitz,False,1.0,,,,,1.0,,,,,,,,,,2.0,,,,,,,,,,,,
sitzen,False,3.0,5.0,1.0,4.0,11.0,16.0,5.0,1.0,4.0,5.0,5.0,2.0,1.0,3.0,4.0,4.0,1.0,8.0,3.0,,5.0,5.0,3.0,5.0,2.0,,,4.0
sitzer,False,,,,,,,,,,,,,,,,,,,,,,,,,,1.0,,
sitzung,False,,,,,2.0,15.0,,1.0,,,,,,,,,,,1.0,,,,,,,,,1.0
sitzungssaal,False,,,,,,1.0,,,,,,,,,,,,1.0,,,,,,,,,,
sitzungswoche,False,,,,,,,,,,,,,,,,1.0,,,,,,,,,,,,
skala,False,2.0,,,,,,,,,,,1.0,,,,,,,2.0,,,,,,,,,
skalenproblem,False,,,,,,,,,,,,,,,,,1.0,,,,,,,,,,,
skalierbar,False,,,,,,,,,,,,,,,,,,,,,,,,,,,1.0,
skalierbarkeit,False,,,,1.0,,,,,,,,,,,,,,,,,,,,,,,,
skalieren,False,,,,,,,,1.0,,,,,,,,,1.0,,,,,,,,,,,
skalierend,False,,,,,1.0,,,,,,,,,,,,,,,,,,,,,,,
skaliert,False,,,,,,,,,,,,,,,,1.0,,,,,,,,,,,,
skandal,False,,,,,6.0,10.0,1.0,,,,,1.0,,,,,,,,,2.0,,,,,1.0,,
skandalisieren,False,,,,,,,,,,1.0,,,,,,,,,,,,,,,,,,
skandalserie,False,,,,,1.0,,,,,,,,,,,,,,,,,,,,,,,
skandalös,False,,,,,,,,,,,,,,,,1.0,,,,,,,,,,,,
skandinavisch,False,,,,,,,,,,,,1.0,,,,,,,,,,,,,,,,
skepsis,False,,,,,,,,,,,,,,,,,,,,,,,,,,,2.0,
skeptisch,False,1.0,,,,1.0,,,,,,,,,,,1.0,,,,,,2.0,,,,,3.0,
skill,False,,,1.0,,,,,,,,,,,,,,,,,,,,,,,,,
skippen,False,,,,,,2.0,,,,,,,,,,,,,,,2.0,,,,,,,
skizzieren,False,,1.0,,1.0,,,,,,,,,,,,,,,,,,,1.0,,,1.0,,
skulptur,False,,,,,1.0,,,,,,,,,,,,,,,,,,,,,,,
sky,False,,,,,,,,,,,,,,,,,,,,,,,,,,3.0,,
skype,False,,,,,1.0,,,2.0,,,,,,,,,,,,,,,,,,,,
slash,False,,1.0,3.0,,,,,,,,,,,,,,,,,,,,,,,1.0,,
slide,False,,,,,,,,,,,,,,,,,,,,,,,,4.0,,,,
slides,False,,,,,,,,,,,,,,,,,,,,,,,,8.0,,,,
slippery,False,,,,,,,,,1.0,,,,,,,,,,,,,,,,,,,
slop,False,,,,,,,,,,,,,,,,,,,,,,,,,,,1.0,
slope,False,,,,,,,,,1.0,,,,,,,,,,,,,,,,,,1.0,
sloppy,False,,,,,,,,,1.0,,,,,,,,,,,,,,,,,,,
slowakei,False,,,,,,,,,,,,,,,,,,,,,,,,,,1.0,,
smalltalk,False,,,,,,,,1.0,,,,,,,,,,,,,,,,,,,,
smart,False,,,,,1.0,,,,1.0,,,,,,,,,,1.0,2.0,,,,,,,,
smartcard,False,,,,,,,,,,,,,,,,,1.0,,,,,,,,,,,
smartphon,False,1.0,,,,,,,2.0,3.0,,,,,,,,,,,1.0,,,,,,,,
smartphone,False,6.0,1.0,,,10.0,,3.0,2.0,4.0,,,,,,,,3.0,,,7.0,,,,,,,1.0,
smartphones,False,1.0,,,,4.0,,,4.0,3.0,,,,,,,,,,,1.0,,,,,,,,
smiley,False,,,1.0,,,,,,,,,,,,,,,,,,,,,,,,,
sms,False,,,,,2.0,,,2.0,,,,,,8.0,,,38.0,,,,,,,,,,,
smsc,False,,,,,,,,,,,,,,,,,1.0,,,,,,,,,,,
snaps,False,,1.0,,,,,,,,,,,,,,,,,,,,,,,,,,
snapshot,False,,,,,,,,,,,,,,,,,,,,,,,,,,,1.0,
sneake,False,,,,,,,,,,,,,,,,,,1.0,,,,,,,,,,
sneaken,False,,,,,,,,,,,,,,,,,,2.0,,,,,,,,,,
snippet,False,,1.0,,,,,,,,,,,,,,,,,,,,,,,,,,
snob,False,,,,,,,,,,,,2.0,,,,,,,,,,,,,,,,
snoopy,False,1.0,,,,,,,,,,,,,,,,,,,,,,9.0,,,,,
snorm,False,1.0,,,,,,,,,,,,,,,,,,,,,,,,,,,
snowden,False,,3.0,,,,3.0,,2.0,1.0,,,,,,2.0,,,,,,,,,,,1.0,,1.0
snowdenenthüllungen,False,,1.0,,,,,,,,,,,,,,,,,,,,,,,,,,
so,True,235.0,224.0,341.0,214.0,207.0,217.0,203.0,159.0,194.0,122.0,140.0,245.0,190.0,157.0,202.0,117.0,114.0,166.0,171.0,152.0,621.0,191.0,185.0,141.0,121.0,188.0,215.0,89.0
sobald,False,,1.0,1.0,2.0,,,,,1.0,1.0,,,2.0,,,,,,1.0,1.0,,,1.0,2.0,,,,2.0
soc,False,,,,,,,,,,,,,,,,,,,,,,,,1.0,,,,
social,False,,2.0,1.0,1.0,,,,,,,,1.0,1.0,,2.0,,,,3.0,,13.0,,,,,2.0,3.0,
socialt,False,,,,,,,,,,,,1.0,,,,,,,,,,,,,,,,
society,False,,,,,,,,,,,,,,,,,,,,,,,,,,1.0,,
socke,False,,,,,1.0,,,,,,,,,,,,,,,,,,,,,,,
sodass,False,,,2.0,,1.0,2.0,1.0,1.0,1.0,,,2.0,3.0,2.0,,,3.0,1.0,,,2.0,1.0,1.0,6.0,,5.0,,2.0
sodomie,False,,,,,,,,,,,,,,,,,,,,,,1.0,,,,,,
sofa,False,,,,,,1.0,,,,,,,,,,,,,,,,,,,,,,
sofern,False,,,,,,,,,,,,,,,,,,,,,2.0,,,,,,,
sofort,False,,1.0,5.0,5.0,1.0,,4.0,,1.0,1.0,,2.0,2.0,,4.0,2.0,,,1.0,,2.0,,,3.0,,,1.0,3.0
software,False,3.0,1.0,2.0,2.0,13.0,,8.0,1.0,5.0,,,6.0,,,1.0,,,1.0,22.0,2.0,6.0,,1.0,7.0,,10.0,6.0,6.0
softwareentwicklerin,False,,,1.0,,,,,,,,,,,,,,,,,,,,,,,,,
softwareentwicklung,False,1.0,,,,,,,,,,,,,,,,,,1.0,,,,,,,,,
softwareentwicklungsprozess,False,,,1.0,,,,,,,,,,,,,,,,,,,,,,,,,
softwarekolonialismus,False,,,,,,,,,,,,,,,,,,,,,,2.0,,,,,,
softwarekomponent,False,,,,,,,2.0,,,,,,,,,,,,,,,,,,,,,
softwarelandschaft,False,,,,,,,,,,,,,,,,,,,2.0,,,,,,,,,
softwarelösung,False,,,,,,,1.0,,,,,,,,,,,,,,,,,,,,,
softwareprodukt,False,1.0,,,,,,,,,,,,,,,,,,,,,,,,,,,
softwareprojekt,False,,,,,,,1.0,,,,,,,,,,,,,,,,,,,1.0,,
softwareversagen,False,,,,,,,,,1.0,,,,,,,,,,,,,,,,,,,
sogar,False,5.0,1.0,3.0,4.0,9.0,4.0,4.0,2.0,4.0,6.0,6.0,7.0,,3.0,5.0,1.0,8.0,3.0,2.0,6.0,17.0,6.0,3.0,1.0,1.0,3.0,5.0,2.0
sogenannt,False,1.0,,,,,,,,,,,,,,,,,,,,,,,,,,,
sogenannter,False,3.0,7.0,1.0,3.0,9.0,4.0,4.0,7.0,3.0,7.0,,,2.0,,3.0,,1.0,,3.0,2.0,2.0,,,2.0,5.0,1.0,1.0,1.0
soha,False,1.0,,,,,,,,,,,,,,,,,,,,,,,,,,,
soho,False,,,,,,,,,,,,,,,1.0,,,,,,,,,,,,,
solange,False,1.0,,1.0,,,,,,1.0,,,,3.0,,1.0,,,1.0,1.0,2.0,2.0,,1.0,2.0,,,,2.0
solcher,True,3.0,10.0,7.0,6.0,2.0,10.0,7.0,3.0,6.0,3.0,1.0,3.0,3.0,6.0,2.0,2.0,8.0,2.0,6.0,,18.0,8.0,6.0,4.0,2.0,7.0,3.0,5.0
soldat,False,,,,,1.0,,,,,,,,,,,,,,,,,,,,,,,
solid,False,1.0,1.0,,,,,,,,,,,,,,,,,,,,,,,,,,
solidarität,False,,,,,,,,,,,,,,,,,,,,,,8.0,,,,,,
solidarsystem,False,,,2.0,,,,,,,,,,,,,,,,,,,,,,,,,
solide,False,,1.0,,,,,,,,,,,,,,,,,,,,,,,,,,
sollen,True,21.0,26.0,22.0,39.0,35.0,15.0,32.0,17.0,36.0,32.0,5.0,8.0,21.0,10.0,21.0,25.0,11.0,15.0,10.0,13.0,108.0,20.0,14.0,7.0,20.0,8.0,9.0,4.0
sollst,False,,,,,,,2.0,,,,,,2.0,,,,1.0,,,,,,,,,,,
sollt,False,,,,,,,,,1.0,,,,1.0,,,,,,,,,,,,,,,
sollten,False,,,,,,,,,,,,1.0,,,,,,,,,,,,,,,,
sollziel,False,,,,,,,,,,,,,,,,,,,2.0,,,,,,,,,
somit,False,1.0,,,,,,,,,,,,,,,,,,,,,,,,,,,
sommer,False,,,,,1.0,,,1.0,,4.0,,,,,,2.0,,1.0,,,,2.0,,,,,,
sommerferie,False,,,,,,,1.0,,,,,,,,,,,,,,,,,,,,,
sommerferien,False,,,,,,,2.0,,,,,,,,,,,,,,,,,,,,,
sommerpause,False,,,,,,,,,,,,,,,,,1.0,,1.0,,,,,,,,,
sonder,False,,,1.0,,,,,,,,,,,,,,,,,,,,,,,,,
sonderbeauftragt,False,,,,,,1.0,,,,,,,,,,,,,,,,,,,,,,
sonderbeauftragte,False,,,,,,1.0,,,,,,,,,,,,,,,,,,,,,,
sonderbeauftragter,False,,,,,,2.0,,,,,,,,,,,,,,,,,,,,,,
sonderermittler,False,,,,,,1.0,,,,,,,,,,,,,,,,,,,,,,
sonderfall,False,,,,,,3.0,,1.0,,,,,,,,,,,1.0,,,,,,,,,1.0
sonderfäll,False,,,,,,,,1.0,,,,,,,,,,,,,,,,,,,,
sondern,True,18.0,28.0,25.0,19.0,26.0,24.0,20.0,13.0,30.0,12.0,20.0,34.0,17.0,14.0,39.0,8.0,11.0,15.0,7.0,26.0,54.0,26.0,16.0,13.0,4.0,17.0,29.0,18.0
sonderrecht,False,,,,,,,,,,,,,1.0,,,,,,,,,,,,,,,
sonderrolle,False,,,,,,,,,,,,,,,,,,,,,,,,,,,,1.0
sonders,False,,,,,,,,,,,,,,,,,,1.0,,,,,,,,,,
sondersitzung,False,,,,,,,,,,,,,,,,,,,1.0,,,,,,,,,
sondertabelle,False,1.0,,,,,,,,,,,,,,,,,,,,,,,,,,,
sondervermögen,False,,,,,,,,,,,,,,2.0,,,,,,,,,,,,,,
sondervoten,False,,,,,,1.0,,,,,,,,,,,,,,,,,,,,,,
sondervotum,False,,,,,,1.0,,,,,,,,,,,,,,,,,,,,,,
sonderzeichen,False,1.0,,,,,,,,,,,,,,,,,,,,,,,,,,,
song,False,2.0,8.0,,,,,,,,,,,,1.0,,,1.0,,,,,,,,,,,
sonnenbrand,False,,,,,,1.0,,,,,,,,,,,,,,,,,,,,,,
sonnenbrille,False,,,,,,,,,,,,1.0,,,,,,,,,,,,,,,,
sonnentanz,False,1.0,,,,,,,,,,,,,,,,,,,,,,,,,,,
sonntag,False,,,,,,,,,,,,,,,,,,,,,,,,,,1.0,,
sonst,True,8.0,2.0,5.0,3.0,6.0,5.0,,3.0,3.0,3.0,3.0,2.0,,3.0,3.0,,2.0,5.0,,4.0,35.0,6.0,3.0,2.0,6.0,5.0,6.0,1.0
sonstig,False,2.0,,,8.0,,,,,,1.0,4.0,,,,,,,,1.0,,,,1.0,,1.0,1.0,2.0,
sonstige,False,,,,1.0,,,,,,,1.0,,,,,,,,,,,,,,,,2.0,
sonstigen,False,,,,,,,,,,,1.0,,,,,,,,,,,,,,,,,
sonstwo,False,1.0,,,,,,,,,,,,,,,,,,,,,,,,,,,
sony,False,,,,,,,,,,,,,,,,,,,,,,,,1.0,,,,
sophie,False,,,,,,,,,,,,,,,,,,,,,,,,9.0,,,,
sorge,False,,,1.0,1.0,,,1.0,,3.0,,,,,1.0,,2.0,,,,,,,1.0,,,1.0,1.0,
sorgen,False,5.0,2.0,1.0,3.0,3.0,2.0,3.0,,1.0,,,,,2.0,1.0,5.0,,1.0,1.0,2.0,2.0,2.0,2.0,3.0,1.0,,2.0,
sorgfalt,False,,,,,,,,,,,,,,,,1.0,,,,,,,,,,,,
sorgfaltspflicht,False,,,,,,,,,,,,,,,,1.0,,,,,,,,,,,,
sorgsam,False,,,,,,,,,,,,,,,,,,,,,,,,,,1.0,,
sorgsen,False,,,,,,,,,,1.0,,,,,,,,,,,,,,,,,,
sorry,False,1.0,,1.0,1.0,1.0,,,,1.0,,,,,3.0,1.0,,,,,,8.0,,,,,,,
sortieren,False,,,,,,1.0,,,,,,,1.0,,,,,,,,,,,,,1.0,,
soundcloud,False,,,,,,,,,,,,,,,,1.0,,,,,,,,,,,,
source,False,,,,,,,4.0,,1.0,,,,,,,,,,19.0,,,,,1.0,,,,
souverän,False,2.0,,,,,,1.0,,,,,,,,,,,,,,2.0,,,,,,,
souveränität,False,,,,1.0,,,2.0,,5.0,1.0,,,,,,,,,1.0,,,2.0,,,2.0,,,
sovereign,False,,,,,,,3.0,,,,,,,,,,,,,,,,,,,,,
soviel,False,,,,,,,,,,2.0,,,,,,,,,,,,,,,,,,
sowas,False,11.0,3.0,3.0,4.0,5.0,1.0,7.0,2.0,3.0,3.0,3.0,3.0,8.0,6.0,5.0,1.0,4.0,2.0,2.0,3.0,39.0,8.0,3.0,8.0,,6.0,12.0,2.0
soweit,False,5.0,,,1.0,2.0,1.0,2.0,3.0,,3.0,,,,,,2.0,,1.0,2.0,,,2.0,1.0,,2.0,1.0,,1.0
sowie,True,,,,,,,2.0,,,,,,,,,,,,,,,,,,1.0,1.0,,
sowieso,False,,1.0,2.0,4.0,,1.0,3.0,1.0,,1.0,3.0,,2.0,1.0,1.0,1.0,2.0,1.0,5.0,,7.0,,1.0,,1.0,1.0,1.0,1.0
sowjetunion,False,,,,,,,,,,,,1.0,,,,,,,,,,,,,,,,
sowohl,False,3.0,4.0,,,2.0,1.0,2.0,2.0,2.0,1.0,2.0,,,1.0,,3.0,,2.0,,6.0,,1.0,3.0,1.0,1.0,2.0,1.0,2.0
sozial,False,,5.0,,,,,8.0,,,,,5.0,2.0,1.0,1.0,,,,,,6.0,5.0,2.0,,,2.0,,
sozialamt,False,,,,,1.0,,,,,,,,1.0,,,,,,,,,,,,,,,
sozialamtsmitarbeiterinn,False,,,,,,,,,,,,,1.0,,,,,,,,,,,,,,,
sozialbereich,False,,,,,,,,,,,,,,,,,,,,,,,,,,1.0,,
sozialdemokrat,False,,,,3.0,,,1.0,,,,,,,,,,,,,,,,,,,2.0,,
sozialdemokratie,False,,,,,,,,,,,,,,,,,,,,,4.0,,,,,1.0,,
sozialdemokratin,False,,,,,,,,,,,,,,,,,,,,,,,1.0,,,,,
soziale,False,,,,,,,,,,,,,,,,,,,,,4.0,,,,,,,
sozialempfänger,False,,,,,,,,,,,,,1.0,,,,,,,,,,,,,,,
sozialgericht,False,,,,4.0,,,,,,,,,,,,,,,,,,,,,,,,
sozialhilfeempfänger,False,,,,,,,,,,,,,2.0,,,,,,,,,,,,,,,
sozialistisch,False,,,,,,,,,,,,,,,,,,,,,,2.0,,,,,,
sozialleistung,False,,,,,,,,,,,,,8.0,,,,,,,,,,,,,,,
sozialleistungsart,False,,,,,,,,,,,,,1.0,,,,,,,,,,,,,,,
sozialliberalenflügel,False,,,,,,,,,,,,,,,,,,,,,4.0,,,,,,,
sozialministerium,False,,,,,,,,,,,,,1.0,,,,,,,,,,,,,,,
sozialrecht,False,,,,,,,,,,,,,1.0,,,,,,,,,,,,,,,
sozialrechtler,False,,,,,,,,,,,,,1.0,,,,,,,,,,,,,,,
sozialstaat,False,,,,,,,,,,,,,1.0,,,,,,,,,,,,,,,
sozialverband,False,,,,,,,,,,,1.0,,,,,,,,,2.0,,,,,,,,
sozialversicherungsnummer,False,,,,,1.0,,,,,,,,,,,,,,,,,,,,,,,
soziologisch,False,,,,,1.0,,,,,,,,,,,,,,,,2.0,,,,,,,
sozusagen,False,47.0,81.0,59.0,79.0,72.0,19.0,70.0,9.0,95.0,9.0,2.0,117.0,30.0,5.0,90.0,59.0,15.0,11.0,19.0,74.0,182.0,180.0,10.0,55.0,3.0,54.0,113.0,18.0
space,False,,,,1.0,,,,1.0,,,1.0,,,,,,,,,,,,,,,,,
spacenet,False,,,,,,,,,,,,,,,4.0,,,,,,,,,,,,,
spahn,False,,,1.0,1.0,,,,,,,,,,,,,,,,,,,,,,,,
spalte,False,,,,,,,,,,,,1.0,,,,,,,,,,,,,,,,
spalten,False,,,,,,,,,,1.0,,1.0,,,,,,,,,,2.0,,,,,,
spaltung,False,,,,,,,,,,1.0,,,,,,,,,,,2.0,,,,,,,
spam,False,,,3.0,,,,,,,,,,,,,,,,,,,,,,,,,
spanien,False,,,,3.0,8.0,1.0,2.0,,1.0,,,,,,,,,,,,,,,,,2.0,,3.0
spaniennummer,False,,,,,,1.0,,,,,,,,,,,,,,,,,,,,,,
spanisch,False,1.0,,,,2.0,,,,,1.0,,,,,,,,,,,,,,,,1.0,,
spanischsprachig,False,,,,,,,,,,1.0,,,,,,,,,,,,,,,,,,
spanish,False,,,,,,,,,,,,,,,,,,,,,,,,,,1.0,,
spanne,False,,,,,,,,,1.0,,,,,,,,,,,,,,,,,,,
spannen,False,,,,,,,1.0,,,,,,,,,,,,,,,,1.0,,,,,
spannend,False,3.0,5.0,1.0,4.0,4.0,5.0,5.0,5.0,,2.0,7.0,6.0,2.0,2.0,4.0,6.0,4.0,3.0,2.0,1.0,9.0,6.0,2.0,5.0,15.0,2.0,,1.0
spannende,False,,1.0,,,,,2.0,1.0,,,,,,,1.0,,,,,,,2.0,,1.0,,,,
spannenderweise,False,,,,,,,,,,,1.0,,,,,,,,,,,,,,1.0,,,
spannung,False,,,,,,,,,,,,,,1.0,,1.0,,,,,,,,,,,,
spannungsfeld,False,1.0,,,,,,,,,,,,,,,1.0,,1.0,,,2.0,,,,,,,
spannungsverhältnis,False,,,,,,,,,,,,,,,,1.0,,,,,,,,,,,,
spannweite,False,,,,,,,,,,,,1.0,,,,,,,,,,,,,,,,
sparen,False,,,,,,,,,,,,,5.0,,,,3.0,,,2.0,,,,1.0,,1.0,,
sparsam,False,,,,,,,,,,,,,,,,,1.0,,,,,,,,,,,
spate,False,,,,,,1.0,,,,,,,,,,,,,,,,,,,,,,
spaß,False,3.0,2.0,,2.0,,,,2.0,,,,4.0,1.0,1.0,,,,,3.0,1.0,2.0,2.0,,,,1.0,2.0,
spaßig,False,,,,,,,,1.0,,,,,,,,,,,,,,,,,,,,
spd,False,,,,,2.0,,1.0,,,,,,,,5.0,,,,5.0,,44.0,,,,,1.0,,
speaking,False,,,,,,,,1.0,,,,,,,,,,,,,,,,,,,,
specht,False,,,,,,,,,,,,,,,,,,,,,,,,,,,,1.0
special,False,,,,1.0,,,,,,,,,,,,,,,,,,,,,,,,
speech,False,,,,,,,,,,1.0,,,,,,,,,,,,,,,,,,
speicher,False,,,,,,,1.0,,,,,,,,,,,,,,,,,,,,,
speicherdauer,False,,,,,,,,,,,,,,,1.0,,,,,,,,1.0,,,,,
speicherding,False,,,,2.0,,,,,,,,,,,,,,,,,,,,,,,,
speicheren,False,,,,,,,,,,,,,,,3.0,,1.0,,,,,1.0,,,,,,
speicherfrist,False,,,,,,,,,,,,,,,5.0,,,,,,,,,,,,,
speicherlösung,False,,,,,,,,,,,,,,,1.0,,,,,,,,,,,,,
speichern,False,,,3.0,2.0,,,10.0,,,,,,,,36.0,,1.0,,1.0,,8.0,4.0,3.0,,,,4.0,
speicherpflicht,False,,,,,,,,,,,,,,,,,,,,,2.0,,,,,,,
speicherplatz,False,,1.0,,,,,,,,,,,,,1.0,,,,,,,,,,,,1.0,
speichersicherheitsstandard,False,,,,,,,,,,,,,,,1.0,,,,,,,,,,,,,
speicherung,False,,,,,,,1.0,,,,,,,,3.0,,,,,,,,,,,,,
speiern,False,,,,1.0,,,,,,,,,,,,,,,,,,,,,,,,
speisen,False,,,,1.0,,,,,,,,,,,,,,,,,,,,,,,,
spektrum,False,,,,,,,,,,1.0,,,,,,,,1.0,,,4.0,,,,1.0,1.0,,
spekulation,False,,,,,1.0,,,,,,,,,,,,,1.0,,,,,,,,,,
spekulieren,False,,,,,,,,,,,,,,,1.0,,1.0,,,,,,,,,,,
spende,False,,,,,,,,,,,,,,,,,,,,,,,,,,7.0,,
spenden,False,,,2.0,,,,,,,,,,,,,,,,,,2.0,2.0,,1.0,,3.0,,
spendengart,False,,,,,,,,,,,,,,,,,,,,,,2.0,,,,,,
sperrbildschirm,False,,,,,,,,,,,,,,,,,2.0,,,,,,,,,,,
sperren,False,,1.0,,,,,,,,,,,11.0,,,2.0,1.0,,,,2.0,,,,,,9.0,
sperrenminorität,False,,,,,,,,,,,,,,,,,,,,,2.0,,,,,,,
sperrig,False,,,,,,,,1.0,,,,,,,,,,,,,,,,,,,,
sperrminorität,False,,,,,,,,,,,,,,,,,,,,,,,,,,1.0,,
sperrung,False,,,,,,,,,,,,,,,,,,,,,,,,,,,1.0,
spezialexperte,False,,,,,,,,,,,,2.0,,,,,,,,,,,,,,,,
spezialfall,False,,,,,,,,,,,,,,,,,,,,,,,,2.0,,,,
spezialisieren,False,,,,,,,,,,,,,3.0,,,,1.0,,,,,,,,,,1.0,
spezialisiert,False,1.0,,1.0,,,,,,,,,,,,,,1.0,,,1.0,,,,,,,1.0,
speziell,False,2.0,,,1.0,6.0,2.0,2.0,1.0,1.0,1.0,1.0,2.0,,,4.0,2.0,1.0,3.0,1.0,1.0,2.0,2.0,,2.0,,2.0,3.0,1.0
spezifika,False,,,,,1.0,,,,,,,,,,,,,,,,,,,,,,,
spezifikation,False,,,,1.0,,,,8.0,1.0,,,1.0,,,,,,,,,,,,1.0,,1.0,,
spezifikum,False,,,,,,,,,,,,,,1.0,,,,,,,,,,,,,,
spezifisch,False,1.0,,2.0,2.0,,,,2.0,,3.0,,,1.0,2.0,4.0,1.0,,,,4.0,,,,,,1.0,1.0,2.0
spezifizieren,False,,,,,,,2.0,6.0,1.0,,,,,,,,,,,2.0,,,,,,,,
spezifiziert,False,,,,,,,,,,,,,,,,,,,,1.0,,,,,,,,
spezifizierung,False,,1.0,,,,,,3.0,,,,,,,,,,,,,,,,,,,,
sphär,False,,,,,,,,,,,,1.0,,,,,,,,,,,,,,,,
spicken,False,,,,,,,,,,,1.0,,,,,,,,,,,,,,,,,
spiegel,False,,,1.0,,,,,,,,,,,,,,,,,,,,,,,,,
spiegelgemausse,False,,1.0,,,,,,,,,,,,,,,,,,,,,,,,,,
spiegeln,False,,,,,,,,,,1.0,,2.0,,,,,,,,,,2.0,,,1.0,,,
spiegelreflexkamera,False,,,,,,,,,,,,,,,,,,,,,,,,1.0,,,,
spiel,False,2.0,1.0,,,,,,1.0,2.0,1.0,1.0,,2.0,,,,,,1.0,,,,,,,,2.0,2.0
spielen,False,3.0,4.0,,,3.0,1.0,5.0,1.0,2.0,1.0,,11.0,1.0,1.0,,2.0,,,,2.0,20.0,3.0,2.0,,,3.0,,1.0
spielenarchitektur,False,,,,,1.0,,,,,,,,,,,,,,,,,,,,,,,
spielerei,False,,1.0,,,,,,,,,,,,,,,,,,,,,,,,,,
spielfeld,False,,1.0,,,,,,,,,,,,,,,,,,,,,,,,,,
spielraum,False,,,1.0,,,,,,,1.0,,,,,1.0,1.0,,,,,,,,,,1.0,,1.0
spieltisch,False,,,,,,,,,,,,,,,,,,,,,,,1.0,,,,,
spin,False,,,,,,,,,,,,,,,,,,,,,10.0,,,,,,,
spinnen,False,,,,,,,,,,,,,,,,,1.0,,,,,,,,,,,
spion,False,,,,,,,,,,,,1.0,,,,,,,,,,,,,,,,
spionag,False,,,,,1.0,,,,,,,,,,,,,,,,,,,,,,,
spionage,False,,,,,2.0,,,,,,,,,,,,,,,,,,,,,,,
spionagegeschicht,False,,,,,,,,,,,,1.0,,,,,,,,,,,,,,,,
spionagesabwehr,False,,,,,1.0,,,,,,,,,,,,,,,,,,,,,,,
spionagesoftwar,False,,,,,3.0,,,,,,,,,,,,,,,,,,,,,,,
spionieren,False,,,,,1.0,,,,,,,,,,,,,,,,,,,,,,,
spirale,False,,,,,,,,,,,,,,,1.0,,,,,,,,,,,,,
spitz,False,,,,,,,,,,,,1.0,,,,,,,,1.0,2.0,,,,,,1.0,
spitzbar,False,,,,1.0,,,,,,,,,,,,,,,,,,,,,,,,
spitze,False,,1.0,,,,,2.0,,1.0,,,,,,,,,,,,3.0,,,,1.0,,,1.0
spitzen,False,,,,,,,,,,,,,,,,,,,,1.0,,,,,,,,
spitzengespräch,False,,,,,,,,,,,,,,,1.0,,,,,,,,,,,,,
spitzenpolitik,False,,,,,,,,,,,,,,,,,,,,,,,,,,1.0,,1.0
spitzenpolitiker,False,,,,,,1.0,,,,,,,,,,,,,,,,,,,,,,
spitzenposition,False,,,,,,,,,,,,,,,,,,,,,,,,,,1.0,,
spitzenverband,False,,,2.0,,,,,,,,,,,,,,,,,,,,,,,,,
split,False,,,,,,,,,,,,,,,,,,,,,2.0,,,,,,,
spoile,False,,,,,,,,,,,,2.0,,,,,,,,,,,,,,,,
spoiler,False,,,,,,1.0,,,1.0,,,2.0,,,,,,,,,,,,,,,,
spoilern,False,,,,,,1.0,,,,,,,,,,,,,1.0,,,,,,,,,
sponsor,False,,,,,,,,1.0,,,,,,,,,,,,,,,,1.0,,,,
sponsorinn,False,,,1.0,,,,,,,,,,,,,,,,,,,,,,,,,
spontan,False,,,,,,,,1.0,,,,,,,,,,,1.0,,2.0,,,1.0,,,,
sport,False,1.0,,,,,,,,,,,,,,,,,1.0,,1.0,,,,,,,,
sportarzt,False,,,,1.0,,,,,,,,,,,,,,,,,,,,,,,,
sportlich,False,,,,,,,,,,1.0,,,,,,,,,,,,,,,,,,
sportthema,False,,,,,,,1.0,,,,,,,,,,,,,,,,,,,,,
sportverein,False,,,,,,,,,,,,,,,,,,,,,2.0,,,,,,,
sprachausgabe,False,1.0,,,,,,,,,,,,,,,,,,,,,,,,,,,
sprache,False,9.0,,,,,,,,1.0,5.0,,,,,,,,,,,,4.0,,1.0,,6.0,3.0,1.0
sprachen,False,,,1.0,,,,,,,,,,,,,,,,,,,,,,,,,
sprachengewürr,False,,,,,,,,,,,,,,,,,,,,,,,,,,,,1.0
spracherkennung,False,,,,,,,,,,,,,,,,,,,,,,,,,1.0,,,
sprachgebrauch,False,,1.0,,,,,,,,,,,,,,,,,,,,,,,,,,
sprachlich,False,,1.0,,,,,,2.0,,1.0,,,,,,,,,,,,,,,,,,
sprachmodell,False,,,,,,,,,,,,,,,,,,,,,,,,,,,1.0,
sprachmodelle,False,,,,,,,,,,,,,,,,,,,,,,1.0,,,,,2.0,
sprachpreisticket,False,,,,,,,,,,,,,,,,,,,,1.0,,,,,,,,
sprachrahme,False,,,,,,,,,,,,1.0,,,,,,,,,,,,,,,,
sprachraum,False,,,,,,,,,,1.0,,,,,,,,,,,,,,,,,,
sprachrohr,False,,,1.0,,,,,,,,,,,,,,,,,,,,,,,,,
sprech,False,,,,,1.0,,,,,,,,,,,,,,,,,,,,,,,
sprechen,False,11.0,16.0,8.0,14.0,10.0,5.0,6.0,8.0,8.0,12.0,6.0,17.0,6.0,6.0,16.0,11.0,16.0,7.0,13.0,9.0,13.0,31.0,4.0,8.0,12.0,15.0,5.0,8.0
sprechend,False,,,,,,,,,,,,,,,,,,,,,,,,1.0,,,,
sprecher,False,,,,,,,,,,,,,,,,,,,4.0,,,,,,,,,
sprecherin,False,,,,,,,,,1.0,,,3.0,,,1.0,,,,,1.0,2.0,1.0,,,,,,
sprecherinnen,False,,,,,,,1.0,,,,,,,,,,,,,,,,,,,,,
sprecherzugriff,False,,,,,,,,,,,,1.0,,,,,,,,,,,,,,,,
sprechstatt,False,,,,,,,,,,,,,,,,,,,1.0,,,,,,,,,
sprecht,False,,,,,,,,,,,,,,,,,,,,,,,,1.0,,,,
sprechzeit,False,,,,,1.0,,,,,,,,,,,,,,,,,,,,,,,
sprengen,False,,,,,,,,,,,,,,,,,,,,,,1.0,,,,,,
sprich,False,,,1.0,,,,1.0,,,,,,1.0,1.0,,,,,,,2.0,,,,,,,
sprichen,False,,,,,,,,,,,,,,,,,,1.0,,,,2.0,,,,,,
sprichsen,False,,,,,,,,,,,,1.0,,,,,,,,,,,,,,,,
springen,False,,,,,,1.0,,,,,,1.0,,,,,,,,,2.0,1.0,,1.0,,,,1.0
springend,False,,,,,,,,,,,,,,,,,,,,,,,,,,,1.0,
sprint,False,,1.0,,,,,,,,,,,,,,,,,,,,,,,,,,
sprintrhythmus,False,,,,,,,,,,,,,,,,,,,,,,,,,1.0,,,
spritzbeutel,False,1.0,,,,,,,,,,,,,,,,,,,,,,,,,,,
spruch,False,1.0,,,,,,,,,,,,,,,,,,1.0,,,,,,1.0,1.0,,
sprung,False,,,,,,,,,,,,,,,,,,,,,,,,,,,1.0,
sprungen,False,,,,,,,,,1.0,,,,,,,,,,1.0,,,,,,,,,
spucken,False,1.0,,,,,,,,,,,,,,,,,,,,,,,,,,,
spuken,False,,,,,,,,,1.0,,,,,,,,,,,,,,,,,,,
spulen,False,,,,,,,,,,,,,,,,1.0,,,1.0,,,,,,,,,
spur,False,,1.0,,,,,,,,,,,,,,,,,,,,,,,,,,
spy,False,,,,,1.0,,,,,,,,,,,,,,,,,,,,,,,
spye,False,,,,,,1.0,,,,,,,,,,,,,,,,,,,,,,
spyware,False,,,,,3.0,,,,,1.0,,,,,,,,,,,,,,,,,,
spät,True,4.0,3.0,4.0,1.0,2.0,4.0,3.0,3.0,6.0,3.0,4.0,7.0,2.0,,9.0,6.0,3.0,2.0,2.0,3.0,4.0,1.0,3.0,4.0,7.0,5.0,8.0,3.0
spätestens,False,,,1.0,,,,,,,,1.0,,,,,,1.0,,,,,1.0,,,,,,
spätsommer,False,,,,,,,,,,,,,,,,,,,,,,,,1.0,,,,
späßsoftware,False,,,,,,1.0,,,,,,,,,,,,,,,,,,,,,,
spüren,False,,,,,,,,,,,,1.0,,1.0,1.0,,,,,,,,,,,,,
sri,False,,,,,,,,,,1.0,,,,,,,,,,,,,,,,,,
ss,False,1.0,,,,,,,,,,,,,,,,,,,,,,,,,,,
ssd,False,,,,,,,,,,,,,,,,,,,,,,,,,,,1.0,
st,False,1.0,,,,,,,,,,,,,,,,,,,,,,,,,,,
staat,False,,5.0,2.0,1.0,27.0,2.0,24.0,2.0,7.0,43.0,,,1.0,14.0,6.0,,,,2.0,1.0,54.0,6.0,,,2.0,6.0,,
staatenvertreter,False,,,,,,,,,,1.0,,,,,,,,,,,,,,,,,,
staatlich,False,,,,3.0,15.0,,5.0,2.0,8.0,,,,,,,2.0,,,,11.0,2.0,5.0,1.0,,,6.0,,
staatsanwalt,False,,,,,,,,,,6.0,,,,,,,,,,,,,,,,1.0,,
staatsanwaltschaft,False,,,,,,,,,,1.0,,,,,,,,,,,2.0,,,,,,,
staatsanwältin,False,,,,,1.0,,,,,,,,,,,,,,,,,,,,,,,
staatsapparat,False,,,,,,,,,,,,,,,,,,,,,,,,,1.0,,,
staatsauftrag,False,,,,,,,,,,,,,,,,,,,,,,,,,,1.0,,
staatsbeamt,False,,,,,,,,,,1.0,,,,,,,,,,,,,,,,,,
staatsbesuche,False,,,,,,,,,,,,,,,,,,,,,,,,,1.0,,,
staatsbürger,False,,,,,1.0,,,,,,,,,,,,,,,,,,,,,,,
staatsdigitalisierung,False,,,,,,,,,,,,,,,,,,,,,2.0,,,,,,,
staatsdran,False,,,,,1.0,,,,,,,,,,,,,,,,,,,,,,,
staatsebene,False,,,,,,,,,,,,,,,,,,,,,2.0,,,,,,,
staatseigen,False,,,,,,,,,,,,,,,,,,,,,,1.0,,,,,,
staatsexamen,False,,,,,,,,,,,,,,,,,,1.0,,,,,,,,,,
staatsfeuernd,False,,,,,1.0,,,,,,,,,,,,,,,,,,,,,,,
staatsfeuerwehr,False,,,,,1.0,,,,,,,,,,,,,,,,,,,,,,,
staatsfrau,False,,,,,1.0,,,,,,,,,,,,,,,,,,,,,,,
staatsgeheimnis,False,,,,,,,,,,,,,,,,,,,1.0,,,,,,,,,
staatsgerichtsanwendung,False,,,,,1.0,,,,,,,,,,,,,,,,,,,,,,,
staatsgewänder,False,,,,,1.0,,,,,,,,,,,,,,,,,,,,,,,
staatskanzlei,False,,,,,,,,,,,,,,,,,,,3.0,,,,,,,,,
staatskorean,False,,,,,1.0,,,,,,,,,,,,,,,,,,,,,,,
staatsmacht,False,,,,,,,,,,,,,,1.0,,,,,,,,,,,,,,
staatsmann,False,,,,,,,1.0,,,,,,,,,,,,,,,,,,1.0,,,
staatsmodernisierung,False,,,,,,,,,,,,,,,,,,,,,,,,,9.0,,,
staatspräsident,False,,,,,1.0,,,,,,,,,,,,,,,,,,,,,,,
staatsrainer,False,,,,,1.0,,,,,,,,,,,,,,,,,,,,,,,
staatsraum,False,,,,,5.0,,,,,,,,,,,,,,,,,,,,,,,
staatsreal,False,,,,,,,1.0,,,,,,,,,,,,,,,,,,,,,
staatsregierung,False,,,,,,1.0,,,,,,,,,,,,,6.0,,,,,,,,,
staatsreihender,False,,,,,1.0,,,,,,,,,,,,,,,,,,,,,,,
staatsrheinland,False,,,,,1.0,,,,,,,,,,,,,,,,,,,,,,,
staatsrohianer,False,,,,1.0,,,,,,,,,,,,,,,,,,,,,,2.0,,
staatsrojana,False,,,,,2.0,,,,,,,,,,,,,,,,,,,,,,,
staatsroyal,False,,,,,1.0,,,,1.0,,,,,,,,,,,,,,,,,,,
staatsräger,False,,,,,,,,,,,,,,,,,,,,,2.0,,,,,,,
staatsräner,False,,,,,,,,,,,,,,,,,,,,,4.0,,,,,,,
staatsräum,False,,,,,1.0,,,,,,,,,,,,,,,,,,,,,,,
staatsräume,False,,,,,,,1.0,,,,,,,,,,,,,,,,,,,1.0,,
staatsrödereinsätze,False,,,,,1.0,,,,,,,,,,,,,,,,,,,,,,,
staatsröhre,False,,,,,2.0,,,,,,,,,,,,,,,,,,,,,,,
staatsschutz,False,,,,,1.0,,,,,,,,,,,,,,,,,,,,,,,
staatssekretär,False,,,,,,,1.0,,,,,,,,,,,,,,,,,,8.0,,,
staatssekretärin,False,,,,,,,,,,,,,,,,,,,,,,,,,4.0,,,
staatssekretärinn,False,,,,,,,,,,,,,,,,,,,,,,,,,4.0,,,
staatssekretärsebene,False,,,,,,,,,,,,,,,,,,,,,,,,,1.0,,,
staatssojourner,False,,,,,1.0,,,,,,,,,,,,,,,,,,,,,,,
staatssozial,False,,,,,1.0,,,,,,,,,,,,,,,,,,,,,,,
staatssozialer,False,,,,,2.0,,,,,,,,,,,,,,,,,,,,,,,
staatstrainer,False,,,,,1.0,,,,,,,,,,,,,,,,,,,,,,,
staatstreu,False,,,,,,1.0,,,,,,,,,,,,,,,,,,,,,,
staatstreuender,False,,,,,1.0,,,,,,,,,,,,,,,,,,,,,,,
staatstreuer,False,,,,,1.0,,,,,,,,,,,,,,,,,,,,,1.0,,
staatstrojan,False,,,,,1.0,,,,,,,,,,,,,,,,,,,,,,,
staatstrojaner,False,,3.0,,,18.0,1.0,,,1.0,,,,,,,,,,1.0,,4.0,,,,,4.0,,
staatstrojanern,False,,,,,,,,,,,,,,,,,,,,,2.0,,,,,,,
staatsträg,False,,,,,1.0,,,,,,,,,,,,,,,,,,,,,,,
staatsträuner,False,,,,,3.0,,,,,,,,,,,,,,,,,,,,,,,
staatströmer,False,,,,,2.0,,,,,,,,,,,,,,,,,,,,,,,
staatsvertreter,False,,,,,,,,,,1.0,,,,,,,,,,,,,,,,,,
staatsverwaltung,False,,,,,,,,,,,,,,,,,,,1.0,,,,,,,,,
stabil,False,1.0,,,,,,,,,,,,,1.0,,,,,1.0,,,2.0,,1.0,,,,
stability,False,1.0,,,,,,,,,,,,,,,,,,,,,,,,,,,
stachel,False,,,,,,,1.0,,,,,,,,,,,,,,,,,,,,,
stack,False,,,,,,,,,,,,,,,,,,,,,,,,,,,6.0,
stadion,False,,,,,,,,,,,,1.0,,,,,,,,,,,,,,,,
stadisierung,False,,,,,,1.0,,,,,,,,,,,,,,,,,,,,,,
stadium,False,,,1.0,1.0,,,,,,1.0,,,,,,,,,,,,,,,,,,
stadt,False,,1.0,,,2.0,,,,,1.0,1.0,1.0,2.0,,,,,,2.0,,4.0,,3.0,1.0,,1.0,,
stadtbild,False,,,,,,,,,,,,,,,,,,,,,,,1.0,,,,,
stadtspaziergang,False,,,,,,,,,,,,,,,,,,,,,,,1.0,,,,,
stadtteil,False,,,,,,,,,,,,,,,1.0,,,,,,,,1.0,,,,,
stagebox,False,,,,,,,,,,,,,,,,,,,,,,,,1.0,,,,
stahl,False,,,,1.0,,,,,,,,,,,,,,,,,,,,,,,,
stalken,False,,1.0,,,,,,,,,,,,,,,,,,,,,,,,,,
stammbuch,False,,,,,,,1.0,,,,,,,,,,,,,,,,,,,,,
stammen,False,,,,,1.0,,,,,,,,,,,,,,,,,,,,,,1.0,
stampfen,False,,,,,,,,,,,,,,,,,,,,,,,,,1.0,,,
stand,False,1.0,,4.0,5.0,1.0,,3.0,1.0,5.0,6.0,1.0,,1.0,,1.0,,4.0,,1.0,,2.0,,3.0,,3.0,,1.0,
standard,False,12.0,,3.0,2.0,6.0,2.0,,17.0,4.0,2.0,1.0,1.0,1.0,,1.0,,1.0,1.0,1.0,10.0,,,,3.0,,,,
standardantwort,False,,,,,,,,,,,,,,,,,,,1.0,,,,,,,,,
standardcheck,False,,,,,,,1.0,,,,,,,,,,,,,,,,,,,,,
standardfall,False,,,,,,,,,,,,,,,1.0,,,,,,,,,,,,,
standardformat,False,,,,,,,,,,,,,,,,,,,,,,,,1.0,,,,
standardisier,False,,,,,,,,1.0,,,,,,,,,,,,,,,,,,,,
standardisieren,False,1.0,,,,,,,,,,,,,,2.0,,1.0,,,,,,,,,,,
standardisiert,False,,,,,,,,,,,,,,,,,1.0,,,,,,,,,,,
standardisierung,False,,,,,,1.0,,5.0,,,,,,,,,,,,,,,,,,,,
standardisierungsbehörde,False,,,,,,,,,1.0,,,,,,,,,,,,,,,,,,,
standardisierungsgremie,False,,,,,,,,2.0,,,,,,,,,,,,,,,,,,,,
standardisierungsgremien,False,,,,,,,,1.0,,,,,,,,,,,,,,,,,,,,
standardisierungsorganisation,False,,,,,,,,2.0,,,,,,,,,,,,,,,,,,,,
standardisierungsprozesse,False,,,,,,,,,,,,,,,,,,,,,,,,,,,,1.0
standardkommunikationswege,False,,1.0,,,,,,,,,,,,,,,,,,,,,,,,,,
standardmäßig,False,,,3.0,,,,,,,,,,,1.0,,,2.0,,,,,,1.0,,,,,
standardpasswörter,False,,,,,,,,,,,,,,,,,,,,,2.0,,,,,,,
standardproblem,False,1.0,,,,,,,,,,,,,,,,,,,,,,,,,,,
standbein,False,,,,,,,,,,,,,,,,,3.0,,,,,,,,,,,
standbild,False,1.0,,,,,,,,,,,,,,,,,,,,,,,,,,,
standeszeitgemäße,False,,,,,,,1.0,,,,,,,,,,,,,,,,,,,,,
standleitung,False,,,1.0,,,,,,,,,,,,,,,,,,,,,,,,,
standort,False,,,,,,,,,,,1.0,,,,,,,,,,,,,,,,,
standortdat,False,,,,,,,,,,,,,,,4.0,,,,,,2.0,,,,,,,
standpunkt,False,,,,,,1.0,,,,1.0,,,,,,,,2.0,,,2.0,,,,,,,
stapel,False,,,,,,,1.0,,,,,,,,,,,,,,,,,1.0,,,,
stark,False,3.0,1.0,,8.0,3.0,7.0,12.0,3.0,,12.0,12.0,11.0,,4.0,7.0,5.0,2.0,3.0,2.0,14.0,30.0,27.0,4.0,4.0,,11.0,3.0,1.0
starlink,False,,,,,,,,,,,,,,,,,,,,,,6.0,,,,,,
starr,False,,,,,,,,,,,,,,,,,,1.0,,,,,,,,,,
start,False,,,1.0,,,,1.0,,1.0,,1.0,,,,,,,,,1.0,2.0,,,1.0,,,1.0,
starten,False,,3.0,,1.0,,1.0,1.0,,,2.0,1.0,,,2.0,,1.0,,,1.0,,2.0,2.0,1.0,,,2.0,2.0,
starter,False,,,,,,,1.0,,,,,,,,,,,,,,,,,,,,,
starting,False,,,,,,,,,,,,,,,,,,,,,,,,,,1.0,,
startloch,False,,,,,,,,,,,,,1.0,,,,,,,,,,,,,,,
startpunkt,False,,,,,,,,,,,,,,,,,,,1.0,,,,,,,,,
startstrender,False,,,,,1.0,,,,,,,,,,,,,,,,,,,,,,,
startup,False,,,1.0,,,,,,,,,,,,,,,,1.0,,,,,,,,1.0,
state,False,,,,,,,,,1.0,,,,,,,,,,,,,,,,,,,
statement,False,,,,,,2.0,,,2.0,,1.0,,,,,,,1.0,,,,,,,,,,
station,False,,,,,,,,,,,,,,,,,,,,,,,,1.0,,,,
statisch,False,,,,,,,,2.0,,,,,,,,,,,,,,,,,,,4.0,
statistik,False,,,,,,,,,,1.0,,,,,,,,,,,4.0,,,,,,,
statistisch,False,1.0,,,,,,1.0,,,,,,,,1.0,,4.0,,,4.0,,,,,,,,
stativ,False,,,,,,,,,,,,,,,,,,,,,,,,2.0,,,,
statt,True,,1.0,,1.0,,,2.0,,2.0,1.0,,3.0,2.0,1.0,2.0,,,,2.0,,19.0,4.0,1.0,1.0,3.0,1.0,,2.0
stattdessen,False,,1.0,,,,,1.0,,,,,,2.0,1.0,,,,,,,,,,,,,,
stattfinden,False,2.0,2.0,,6.0,,2.0,1.0,4.0,2.0,2.0,2.0,2.0,1.0,,5.0,,,1.0,3.0,3.0,11.0,,1.0,5.0,,,,3.0
stattfindend,False,1.0,,,,,,,,,,,,,,,,,,,,,,,,,,,
stattgeben,False,,,,,,,,,,,,,,,1.0,,,,,,,,,,,,,
statuieren,False,,,,,,,,,,,,,,,,,,,,,,,,,,1.0,,
status,False,,,,,,,,1.0,1.0,1.0,,,,,,,,,1.0,,,,,,,2.0,,
staub,False,1.0,,,,,,,,,,,,,,,,,,,,,,,,,,,
staunen,False,1.0,,,,,,,,,,,,,,,,,,,,,,,,,,,
steady,False,,,,,,,1.0,,,,,,,,,,,,,,,,,,,,,
stealsharing,False,,,,,,,,,,,,,,,,,,,,,,,,,,,,1.0
steam,False,,,,,,,,,,,,,1.0,,,,,,,,,,,,,,,
stechen,False,1.0,,,,,,1.0,,,,,,,,,,,,,,2.0,,,,,,,
steckdose,False,,,,,,,,,,,,,,,,,,,,,,,,1.0,,,,
stecken,False,5.0,1.0,,1.0,1.0,,,,3.0,1.0,,2.0,1.0,,8.0,,,1.0,4.0,,2.0,,,4.0,1.0,1.0,2.0,1.0
stecker,False,,,,,,,,,,,,,,,,,,,,,,,,1.0,,,,
steckern,False,,,,,,,,,,,,,,,,,,,,,,,,1.0,,,,
steering,False,,,,,,,,2.0,,,,,,,,,,,,,,,,,,,,
stehauffigur,False,,1.0,,,,,,,,,,,,,,,,,,,,,,,,,,
stehen,False,10.0,15.0,6.0,14.0,12.0,6.0,40.0,5.0,27.0,8.0,7.0,5.0,19.0,3.0,21.0,6.0,4.0,2.0,16.0,5.0,47.0,8.0,3.0,14.0,5.0,8.0,14.0,4.0
stehend,False,,,,,,,,,,,,,,,,,,,,,,,,1.0,,,,
stehst,False,,,,,2.0,,,,,,,,,,,,1.0,,,,,,,,,,,
steht,False,,,,,,1.0,,,,,,,,,,,,,,,,,,,,,,
steigen,False,,2.0,,,,,3.0,,,1.0,,2.0,1.0,,,,,,,,,4.0,,,1.0,,,
steigerung,False,,,,,,,,,,,,,,,,,,,1.0,,,,,,,,,1.0
steil,False,,1.0,,,,,,,,,,,,,,,,,1.0,,2.0,,,,,,,
steilvorlage,False,,1.0,,,,,,,,,,,,,,,,,,,,,,,,,,
stein,False,,,,,,,1.0,1.0,1.0,1.0,,,,1.0,1.0,,,,,1.0,,,3.0,,1.0,,,
steinmeier,False,,,,,,6.0,,,,,,,,,,,,,,,,,,,,,,
stell,False,1.0,,,,,,,,1.0,,,,,,2.0,,,,,,,,,,,,,
stella,False,,,,,,2.0,,,,,,,,,,,,,,,,,,,,,,
stelle,False,12.0,19.0,7.0,17.0,10.0,1.0,10.0,2.0,15.0,2.0,3.0,4.0,1.0,2.0,7.0,6.0,11.0,2.0,10.0,6.0,34.0,4.0,5.0,1.0,3.0,4.0,7.0,2.0
stellen,False,13.0,8.0,5.0,19.0,9.0,6.0,14.0,6.0,11.0,10.0,4.0,9.0,7.0,15.0,9.0,8.0,1.0,9.0,13.0,16.0,26.0,10.0,7.0,5.0,4.0,7.0,12.0,8.0
stellenweise,False,,,,,,,1.0,,,,,,,,,,,,,,,,,,,1.0,,
stelln,False,,,,,,,,,,,,,,,1.0,,,,1.0,,,,,,,,,
stellschraube,False,,,,,,,1.0,1.0,,,1.0,,,,,,,,,,,1.0,,,,,,
stellung,False,1.0,,,,,,,,,,1.0,,,,,,,2.0,,,,,,,,,,
stellungnahme,False,,,5.0,3.0,2.0,1.0,1.0,,1.0,1.0,15.0,,,,,,,14.0,,,1.0,,,,,2.0,,37.0
stellvertretend,False,,,,,,2.0,,,,,,,,,,,,,,,,1.0,,,,,,
stellvertretende,False,,,,,,1.0,,,,,,,,,,,,,,,,,,,,,,
stemmen,False,,,,,,,,,,,,,,,,,,,,,,,1.0,,,,,
stempel,False,,1.0,,,,,,,1.0,,,,,,,,,,,,,,,,,,,
stempelst,False,,,,,,,,,,,1.0,,,,,,,,,,,,,,,,,
stempelstube,False,,,,,,,,,,,,,,,,,,,,,,,,,1.0,,,
stenographe,False,,,,,,1.0,,,,,,,,,,,,,,,,,,,,,,
stenographinnen,False,,,,,,1.0,,,,,,,,,,,,,,,,,,,,,,
sterben,False,,,,3.0,2.0,,,1.0,,,,1.0,,,,,,,,,,,,,,,,
stern,False,1.0,,,,,,,1.0,,,,,,,,,,,,,,,,,,,,
sternche,False,2.0,,,,,,,,,,,,,,,,,,,,,,,,,,,
stet,False,,,,,,,,,,,,,,,1.0,,,,,,,,,,,,,
stets,False,,,,,,,,,,,,,,,,,,,,,,,,,1.0,,,
steuer,False,,,,,,,,,,,,,,,,,,,,,,,,,1.0,,,
steuerbar,False,,,,,,,,,,,1.0,,,,,,,,,,,,,,,,,
steuerbescheid,False,1.0,,,,,,,,,,,,,,,,,,,,,,,,,,,
steuerdelikte,False,,,,,1.0,,,,,,,,,,,,,,,,,,,,,,,
steuerfahndung,False,,1.0,,,,,,,,,,,,,,,,,,,,,,,,,,
steuern,False,1.0,,,,,,,,,,,,,,,,,,,,,,,,,1.0,,
steuernummer,False,,,,,,,,,,,,,,,,,,,,,2.0,,,,,,,
steuerung,False,1.0,2.0,,,,,,,,,,,,,1.0,,,,,,,,,,,,,
steuerverwaltung,False,,,,,,,,,,,,,,,,,,,,,,,,,2.0,,,
steven,False,,,,,,,,,,,,2.0,,,,,,,,,,,,,,,,
stf,False,,,,,,,1.0,,,,,,,,,,,,,,,,,,,,,
sti,False,,,,,,,,,,,,,,,,,,,,,,,,1.0,,,,
stichhaltig,False,,,,,,,,,,,,,,,,,,,,,,,,,,1.0,,
stichprobe,False,1.0,,,,,,,,,,,,,,,,,,,1.0,,,,,,1.0,,
stichprobenartig,False,,,,,,,,,,,,,,,,,,,,1.0,,,,,,,,
stichtag,False,,1.0,,,,,,,,,,,,,,,,,2.0,,,,,,,,,
stichwort,False,1.0,,2.0,,,,1.0,1.0,,,,,,,,,,,,,,,,,3.0,1.0,1.0,
stichwortsammlung,False,,,,,,,,,,,,,,,,,,,,,2.0,,,,,,,
sticker,False,,,,,,,,,,,,,,,,,,,,,,,,,,1.0,,
stift,False,,1.0,,,,,,,,,,,,,,,,,,,,,,,,,,
stiftung,False,,,,,,,,,,,,,,,,,,,,,,,,,,4.0,,
stiftunge,False,,,,,,,,,,,,,,,,,,,,,,,,,,1.0,,
stiftungsgeld,False,,,,,,,,,,,,,,,,,,,,,,,,,,1.0,,
stigmata,False,,,,1.0,,,1.0,,,,,,,,,,,,,,,,,,,,,
stigmatisieren,False,,,,,,,,,,,,1.0,,,,,,,,,,,,,,,,
stigmatisierend,False,,,,5.0,,,,,,,,,,,,,,,,,,,,,,,,
stil,False,,,,,,,,1.0,,,,,,,,,,,,,,,,,,,,
still,False,2.0,,1.0,,,,,,,,,,,,,,,,,,,,,,,,1.0,
stilnachahmung,False,,,,,,,,,,,,,,,,,,,,,,,,,,,1.0,
stimme,False,,,1.0,,2.0,1.0,1.0,,,1.0,,,1.0,,,,1.0,2.0,,,6.0,5.0,,,,6.0,,1.0
stimmen,False,2.0,2.0,2.0,5.0,5.0,2.0,,6.0,8.0,3.0,1.0,10.0,,5.0,9.0,,2.0,3.0,2.0,5.0,14.0,7.0,1.0,1.0,,3.0,,1.0
stimmgewalt,False,,,,,,,,,,,,,,,,,,,,,,,,,,1.0,,
stimmt,False,,,,,,,,,,,,,,,,,,,,,1.0,,,,,,,
stimmung,False,1.0,1.0,,,,,,,,,,,1.0,1.0,,,,,,,,,,,,,,1.0
stinger,False,1.0,,,,,,,,,,,,,,,,,,,,,,,,,,,
stinken,False,1.0,,,,,,1.0,,,,,,,,,,,,,,,,,,,,,
stinkend,False,,,,,1.0,,,,,,,,,,,,,,,,,,,,,,,
stipendium,False,,,,,,,,1.0,,,,,,,,,,,,,,,,,,,,
stocken,False,,,,,,,,,,,,,,,,,,,,,,,3.0,,,,,
stockfoto,False,,,,,,,,,,,,,,,,,,,,,,,,,,,1.0,
stoff,False,,,,,,,,,,,,,,,,,,,,,,1.0,,,,,,
stolpern,False,,,,,,,,,,,,,,1.0,,,,,,,,,,1.0,,,,
stolperstein,False,1.0,,,,,,,,,,,,,,,,,,,,,,,,,,,
stolz,False,,,,,,,1.0,,,,,,,1.0,1.0,,,,,,,,,,,,,
stop,False,,,,,,,,,,,,,,1.0,,,,,,,,,,,,,,
stopfen,False,,,1.0,,,,,,1.0,,,,,,,,,,,,,,,,,,,
stopp,False,,3.0,,7.0,1.0,,7.0,,,,,1.0,1.0,,10.0,,,,,,,,,,,5.0,,
stoppen,False,,,1.0,,,,2.0,,,,1.0,,,,,,,,1.0,,,,5.0,,,,,
stopseln,False,,,,,,,,,,,,,,,,,,,,,,,,,,1.0,,
store,False,,,5.0,,,,,,,,,,,,,,,,,1.0,,,,,,,,
stores,False,,1.0,,,,,,,,,,,,,,,,,,,,,,,,,,
stories,False,,,,,1.0,,,,,,,,,,,,,,,,,,,,,,,
story,False,,,5.0,,,,,,1.0,,,1.0,,,,,,,,,,,,,,1.0,,
stotel,False,,,,1.0,,,,,,,,,,,,,,,,,,,,,,,,
stoßen,False,3.0,,,,1.0,,,,,1.0,,,1.0,,,,1.0,,,1.0,,1.0,,,,,,
stoßrichtung,False,,,,,,,,,,,,,,,,,,,,,,,,,1.0,,,
strache,False,,,,,,,,,,,,,,,,,,,,,,,,,,1.0,,
strafbar,False,,1.0,,,,,,,,,,,,,,,,,,,,,,,,,,
strafbehörde,False,,,,,,,,,,,,,,,,,,,,,2.0,,,,,,,
strafe,False,,,,,,,,,,4.0,,,,,,,1.0,,,,,,,,,,,
strafermittlung,False,,,,,1.0,,,,,,,,,,,,,,,,,,,,,,,
straff,False,,,,,,,,,,,,,,,1.0,,,,,,,,,,,,,
strafgesetzbuch,False,,,,,,,,,,,,,,1.0,,,,,,,,,,,,,,
strafhandlung,False,,,,,,,,,,2.0,,,,,,,,,,,,,,,,,,
strafnorm,False,,,,,,,,,,,,,,1.0,,,,,,,,,,,,,,
strafprozessordnung,False,,,,,3.0,1.0,,,,,,,,,,,,,,,,,,,,,,
strafrechtlich,False,,1.0,,,,,,,,2.0,,,,,,,,,,,,,,,,1.0,,
straftat,False,,3.0,,,5.0,1.0,3.0,,,6.0,,,,2.0,4.0,3.0,,,,,,,,,,,2.0,
straftatbestand,False,,1.0,,,,,,,,15.0,,,,,,,,,,,,,,,,,,
straftäter,False,,,,,,,,,,,,,,,2.0,,,,,,,,,,,,,
strafverfahre,False,,,,,,,,,,,,,,1.0,,,,,,,,,,,,,,
strafverfahren,False,,,,,,,,,,,,,,6.0,,,,,,,,,,,,,,
strafverfolger,False,,,,,,,,,,2.0,,,,,3.0,,,,,,4.0,,,,,,,
strafverfolgung,False,,,,,,,3.0,,,3.0,,,,,8.0,,,,,,2.0,,,,,1.0,,
strafverfolgungsarbeitsgruppe,False,,,,1.0,,,,,,,,,,,,,,,,,,,,,,,,
strafverfolgungsargumentation,False,,,,,,,1.0,,,,,,,,,,,,,,,,,,,,,
strafverfolgungsbehörde,False,,,,,,,,,,6.0,,,,,9.0,2.0,,,,,,,,,,,,
strafverfolgungsgefahr,False,,,,,,,,,,1.0,,,,,,,,,,,,,,,,,,
strafverfolgungspraxis,False,,,,,,,,,,,,,,,1.0,,,,,,,,,,,,,
strafverfügungsbehörde,False,,,,,,,,,,,,,,,1.0,,,,,,,,,,,,,
strafverstehe,False,,,,,,,,,,1.0,,,,,,,,,,,,,,,,,,
strahlkraft,False,,,,,,,,,,,,,,,,,,,,,2.0,,,,,,,
strand,False,,1.0,,,,,,,,,,,,,,,,,,,,,,,,,,
strandurlaub,False,,1.0,,,,,,,,,,,,,,,,,,,,,,,,,,
strang,False,,,,,,,,,,,,,,,,,,,,,,,,1.0,,,,
stratege,False,,,,,,,,,,,,,,,,,,,,,,,1.0,,,,,
strategie,False,,1.0,,,,,,,,,,,,1.0,,1.0,,2.0,8.0,,,,,,2.0,1.0,,1.0
strategieziel,False,,,,,,,,,,,,,,,,,,,2.0,,,,,,,,,
strategisch,False,,,,1.0,,,,,1.0,,1.0,,,4.0,,3.0,,5.0,,2.0,,3.0,8.0,,1.0,,,
strauß,False,,,,2.0,,,,,,,,,,,,,,,,1.0,,,,,,,,
straztrojanertum,False,,,,,1.0,,,,,,,,,,,,,,,,,,,,,,,
straße,False,,1.0,,,1.0,,1.0,,,,,2.0,1.0,,2.0,,,,1.0,,2.0,,2.0,,1.0,,,
straßenbahnfahrscheine,False,,,,,,,,,,,,1.0,,,,,,,,,,,,,,,,
straßenbild,False,,,,,,,,,,,,,,,,,,,,,,,1.0,,,,,
straßenkampf,False,,,,,,,,,,,,,,,,,,,,,,,,,,,2.0,
straßenkampfmodus,False,,,,,,,,,,,,,,,,,,,,,,,,,,,1.0,
straßenkampfmäßig,False,,,,,,,,,,,,,,,,,,,,,,,,,,,1.0,
straßenschlacht,False,,,,,,,,,,,,,,,,,,,,,,,,,,,1.0,
stream,False,,,,,,1.0,,,,,,,,,,,,4.0,,,,,,6.0,,,,
streambar,False,,,,,,1.0,,,,,,,,,,,,,,,,,,,,,,
streamen,False,,,,,,3.0,,,,,,,,,,,,,,,,,,3.0,,,,
streamer,False,,,,,,,,,,,,,,,1.0,,,,,,,,,,,,,
streamerinnen,False,,,,,,,,,,,,,,,,,,,,,,,,1.0,,,,
streaming,False,1.0,,,,,,,,,,,1.0,,,,,,,,,,,,2.0,,,,
streamon,False,,,,,,,,,,,,,,,,,,,,,,,,,,1.0,,
streben,False,1.0,,,2.0,,,,,,,,,,,,,,,,,,,1.0,,,,,
strecke,False,,,,,,,,,,,,,,,,,,,,,4.0,,,2.0,,1.0,,
street,False,,,,,,,,,,,,1.0,,,,,,,,,,,,,,,,
streich,False,,,,,,,,,1.0,,,,,,,,,,,,,,,,,1.0,,
streicheln,False,,,,,,,,,,,,,,,,,,,,,,,,1.0,,,,
streichen,False,,,,,,,,,2.0,,,,,,1.0,,,,,,,,,,,,,
streichten,False,,,,,,,,,1.0,,,,,,,,,,,,,,,,,,,
streichung,False,,,,,,,,,1.0,,,,,,,,,,,,,,,,,,,
streiken,False,,,,,,,,,,,,,,1.0,,,,,,,,,,1.0,,,,
streit,False,,,,1.0,1.0,1.0,4.0,,,,,,,1.0,,,,1.0,1.0,,,,,,,,1.0,
streiten,False,,1.0,,1.0,2.0,,1.0,1.0,,3.0,,2.0,1.0,1.0,4.0,,,,1.0,,,,1.0,,,2.0,2.0,1.0
streiterei,False,,,,,,,,,,,,,,,,,,,,,,,,,,,,1.0
streitmittel,False,,,,,,1.0,,,,,,,,,,,,,,,,,,,,,,
streitthema,False,,,,,,,,,,,,,,,,,,,,,2.0,,,,,,,
streitverfolger,False,,,,,,,,,,,,,,,1.0,,,,,,,,,,,,,
streng,False,,,,,,1.0,1.0,,,,,,,,,,,3.0,,,2.0,,,,,,,
stress,False,,,,,,,,,,,,1.0,,,,,,,,,2.0,,,,,,,
stressen,False,,,,,,,1.0,,,,,,,,,,,,,,,,,,,,,
strich,False,1.0,,,,,,,,,,,,,,,,,1.0,,,,,,,,,,
strick,False,,,,,,,,,,,,,,,,,,,,2.0,,,,,,,,
stricken,False,,,,,,,,,,,,,,,,,,,,,,2.0,,,,1.0,,
strike,False,,,,,,,,,,,,,,,,,,,1.0,,,,,,,,,
strikt,False,,,,,,,,,,,,,,,,,,5.0,,,,,,,,,,
string,False,,,,,,,,,,,,,,,,,,,,,,,,,,,1.0,
stritt,False,,,,,,,,,,1.0,,1.0,,,,,,,,,,,,,,,,
strom,False,,,,,,,1.0,,,,,2.0,,,,,,,,4.0,3.0,,,1.0,,,,
stromlinienförmig,False,,,,,,,,,,,1.0,,,,,,,,,,,,,,,,,
struktur,False,,1.0,,,,1.0,1.0,3.0,1.0,2.0,,,,,,1.0,,,4.0,,,8.0,,,3.0,,,
strukturaufbau,False,,,,,,,,,,,,,,,,,,,,,,,,,1.0,,,
strukturell,False,,,,,,,1.0,,1.0,,1.0,1.0,,1.0,,1.0,,1.0,,,,,,,,2.0,,
strukturgleich,False,,,,,,,,,,,,,,,,,,,,,,,,,,1.0,,
strukturieren,False,,,,,1.0,,,1.0,1.0,1.0,1.0,,,1.0,1.0,,,,3.0,,,7.0,1.0,,,,,
strukturiert,False,,,,,,,,,1.0,,,,,1.0,,,,1.0,,,,,,,,,,
ströbeler,False,,,,,,1.0,,,,,,,,,,,,,,,,,,,,,,
ströble,False,,,,,,1.0,,,,,,,,,,,,,,,,,,,,,,
strömung,False,,,,,,,1.0,,,,,,,,,,,,,,,,,,,1.0,,
studententicket,False,,,,,,,,,,,,,,,,,,,,1.0,,,,,,,,
studie,False,1.0,,5.0,1.0,3.0,2.0,2.0,,,,,,,,,,,1.0,,,2.0,2.0,1.0,1.0,,,,
studienauftrag,False,,,,,1.0,1.0,,,,,,,,,,,,,,,,,,,,,,
studienerkenntniß,False,,1.0,,,,,,,,,,,,,,,,,,,,,,,,,,
studieren,False,1.0,,,,,,,1.0,,1.0,,2.0,,,,1.0,,,1.0,,,,,,,,,2.0
studierend,False,,,,,,,,1.0,,,,1.0,,,,,,,,1.0,,,,,,,,
studierende,False,,,,,,,1.0,,,,,,,,,,,,,,,,,,,,,
studierendenticket,False,,,,,,,,,,,,,,,,,,,,1.0,,,,,,,,
studiert,False,,,,,,,,1.0,,,,,,,,,,,,,,,,,,,,
studio,False,,,,,,,,,,,,,,,,,,,,,,1.0,,1.0,,,,
studiolink,False,,,,,,,,,,,,,,,,,,,,,,,,1.0,,,,
studium,False,,,,,,,1.0,,,,,4.0,,,,,,1.0,1.0,,,,,,,,,
stufe,False,,,,2.0,,,,,,,,,,,,,,,,2.0,,1.0,,1.0,,,1.0,
stuff,False,,,1.0,,,,,,,,,,,,,,,,,,,,,,,,1.0,
stuhl,False,1.0,,,,,,,,,,,,,1.0,,,,,,,,,,,,,,
stulle,False,,,,,,,,,,,,,1.0,,,,,,,,,,,,,,,
stumpfsinnig,False,,,,,,,,,,,,1.0,,,,,,,,,,,,,,,,
stunde,False,1.0,1.0,2.0,1.0,,3.0,1.0,,3.0,6.0,1.0,,2.0,,1.0,,1.0,1.0,,1.0,3.0,6.0,1.0,6.0,,,3.0,
stundenlang,False,1.0,,,,,1.0,,,,2.0,,,,,,,,,,,,,,,,,,
stundenweise,False,,,,,,,,,,,,,,,,,,,,,,,,,,1.0,,
sturm,False,,,,,,,,,,1.0,,,,,,,,,,,,,,,,,,
stuss,False,,,,,,,,,,,,,,,,,,,,,,,,,,,1.0,
stute,False,1.0,,,,,,,,,,,,,,,,,,,,,,,,,,,
städtebund,False,,,,,,,,,,,1.0,,,,,,,,,,,,,,,,,
städtetag,False,,,,,,,,,,,,,1.0,,,,,,,,,,,,,,,
stände,False,,,,,,,,,,,,,,,,,,,,,,,,,,,,1.0
ständig,False,,,,,2.0,1.0,,1.0,,,,,,,,,,,,,,2.0,,,,1.0,,
stärke,False,,1.0,,,,1.0,,,,,,,,,,,,,,,,2.0,,,1.0,,,
stärken,False,,,,,,,,,,,,,,,,1.0,1.0,,,2.0,4.0,,1.0,,,1.0,,
stärkung,False,,,,,,,2.0,,,,,,,,,,,,,,,,,,,,,
stören,False,,1.0,,2.0,,,,,,1.0,,,,2.0,,,,,,,,,1.0,,,1.0,,
störgefühl,False,,1.0,,,,,,,,,,,,,,,,,,,,,,,,,,
stück,False,,,,,,1.0,,1.0,3.0,1.0,1.0,,,,1.0,,,,1.0,,2.0,6.0,2.0,2.0,,4.0,1.0,1.0
stückchen,False,,,,,,,,,,,,,,,1.0,,,,,,,,,,,,,
stürzen,False,,,,,,,,,,1.0,,,,,,1.0,,,,1.0,,1.0,,,,1.0,,
stützen,False,,,,,,1.0,,,,,,,,,1.0,,,,,,,,1.0,,,,,1.0
subcontract,False,,,,,,,,,,,,,,,,,1.0,,,,,,,,,,,
subdomain,False,,,,,,,,,,,,,,,,,2.0,,,,,,,,,,,
subjekt,False,,,,,,,,,1.0,,,,,,,,,,,,,,,,,,,
subkultur,False,,,,,,,,,,,,3.0,,,,,,,,,,,,,,,,
suboptimal,False,,,1.0,,,,,,,,,,,,,,,,,,,,,,,,,
subscribe,False,,,,,,,2.0,,,,,,,,,,,,,,,,,,,,,
substanz,False,,,,1.0,,,,,,,,,,,,,,,,,2.0,1.0,,,,,,
subsudiaritätsprinzip,False,,,,,,1.0,,,,,,,,,,,,,,,,,,,,,,
subtext,False,,,,,,,,,1.0,,,,1.0,,,,,,,,,,,,,,1.0,
subtil,False,,,,1.0,,,,,,,,,,1.0,,,,,,,,,,,,,,
subtilität,False,,,,1.0,,,,,,,,,,,,,,,,,,,,,,,,
subunternehmer,False,,,,,,,,,,,,,,,,,4.0,,,,,,,,,,,
subunternehmertum,False,,,,,,,,,,,,,,,,,1.0,,,,,,,,,,,
subversion,False,,,,,,,,,,1.0,,,,,,,,,,,,,,,,,,
suchcrawler,False,,,,,,,,,,,,,,,,,,,,,,,,,,,1.0,
suche,False,1.0,,,,,,,,,,,,,,,,,,,1.0,,,,,,,1.0,
suchen,False,2.0,6.0,2.0,1.0,,,,2.0,3.0,,3.0,3.0,,,3.0,1.0,2.0,1.0,1.0,2.0,6.0,1.0,3.0,3.0,1.0,2.0,4.0,1.0
suchergebnis,False,,,,,,,,,,,,,,,,,,,,,,,,,,,1.0,
suchmaschin,False,,,,,,,,,,,,,,,,4.0,,,,,,,,,,,5.0,
suchmaschine,False,,1.0,,,,,,,,,,,,,1.0,1.0,,,,,,,,,,,4.0,
suchmaschinencrawler,False,,,,,,,,,,,,,,,,,,,,,,,,,,,1.0,
suchmaschinencrawling,False,,,,,,,,,,,,,,,,,,,,,,,,,,,1.0,
suchn,False,,,,,,,,,,,,1.0,,,,,,,,,,,,,,,,
suchung,False,,,,,,,,,,,,,,,,,,,,,,,,,,,1.0,
suchwort,False,,,,,,,,,,,,,,1.0,,,,,,,,,,,,,,
sullivan,False,,,,,,,,1.0,,,,,,,,,,,,,,,,,,,,
summe,False,,3.0,2.0,1.0,,,,,,,,,,,1.0,,1.0,,1.0,,,,,,,1.0,,
summieren,False,,,,,,,,,,,,,,,,,,,,,2.0,,,,,,,
sumpf,False,,,,,,,,,,,,,1.0,,,,1.0,,,,,,,,,,,
super,False,6.0,9.0,8.0,3.0,,2.0,4.0,,4.0,,1.0,2.0,2.0,4.0,,3.0,,5.0,1.0,6.0,10.0,4.0,,2.0,,,1.0,2.0
superbreite,False,,1.0,,,,,,,,,,,,,,,,,,,,,,,,,,
superheld,False,,,,,,,,,,,,1.0,,,,,,,,,,,,,,,,
superhelde,False,,,,,,,,,,,,1.0,,,,,,,,,,,,,,,,
superkräft,False,,,,,,,,,,,,,,1.0,,,,,,,,,,,,,,
superlab,False,,,,,,,1.0,,,,,,,,,,,,,,,2.0,,,,,,
supermacht,False,,,,,,,,,,,,2.0,,,,,,,,,,,,,,,,
supermarkt,False,,,,,,,,,,,,,2.0,,,,,,,,,,,,,,,
supermediennarrativ,False,,1.0,,,,,,,,,,,,,,,,,,,,,,,,,,
superschad,False,,,,,,1.0,,,,,,,,,,,,,,,,,,,,,,
suppe,False,,,,,,,,,,,,,,,,1.0,,,,,,,,,,,,
supranational,False,,,,,,,,,,,,,,,,,,,,,2.0,,,,,,,
surfen,False,,1.0,,,,,,,,,,,,,1.0,,,,,,,,,,,,,
surfer,False,,,,,,,,,1.0,,,,,,,,,,,,,,,,,,,
suspects,False,,,,,,,,,,,,1.0,,,,,,,,,,,,,,,,
suspekt,False,,,,,,,,,,,,,,,,,,,,,,,,,1.0,,,
svea,False,,,5.0,,,,,,,,,,,,,3.0,,1.0,,,,,,,,,,
sven,False,,,,,,,,,,,,,,,,,,,,,,1.0,,,,,,
swea,False,,,,,,,,,,,,,,,,3.0,,,,,,,,,,,,
swift,False,,,,,,,,,,,,,,,,,,,,,,,,,,,2.0,
swing,False,1.0,,,,,,,,,,,,,,,,,,,,,,,,,,,
swipe,False,,,,,,,,,,1.0,,,,,,,,,,,,,,,,,,
swordfish,False,,,,,,,,,,,,1.0,,,,,,,,,,,,,,,,
symbiose,False,,,,,,,,,,,,,,,,,,,,,,,,1.0,,,,
symbiotisch,False,,,,,,,,,,,,1.0,,,,,,,,,,,,,,,,
symbolpolitik,False,,1.0,,,,,,,,,,,,,,,,,,,,,,,,,,
symmetrisch,False,,,,,,,,,,,,,,,,,,,,,,,,1.0,,,,
sympathisch,False,,,,,,,,,,,,,1.0,,,,,,2.0,,,,,,1.0,,1.0,
symptom,False,,,2.0,,,,,,,,,,,,,,,,,,,,,,,,,
synopse,False,,,,,,,,,,,,,,1.0,,,,2.0,,,,,,,,,,
system,False,4.0,6.0,7.0,,4.0,,4.0,,4.0,,3.0,17.0,3.0,4.0,5.0,,2.0,,,2.0,6.0,,,,,6.0,3.0,
systemabsturz,False,,1.0,,2.0,,,,,,,,,,,,,,,,,,,,,,,,
systematisch,False,,,,,1.0,,,,,,,,,,,5.0,,,,,,,,,,,,
systemfrag,False,,,,,,,,,,,,,,,,,,,,,,2.0,,,,,,
systemfrage,False,,,,,,,,,,,,,,,,,,,,,,2.0,,,,,,
systemintegration,False,,,,,,,1.0,,,,,,,,,,,,,,,,,,,,,
systemisch,False,,,,,,,,,,,,,,,,10.0,,,,,,1.0,,,,,,
sz,False,,,,,,,,,,,,,,,,,,,,,,1.0,,,,,,
szenario,False,,2.0,,3.0,1.0,,,1.0,1.0,,,,,,,,,,,,,,1.0,,,,,
szene,False,,,,,,,,1.0,,,,14.0,,,,,,,,,,,,2.0,1.0,2.0,,
sächsisch,False,,,,,,,,,,,,,,,,,,,22.0,,,,,,,,,
säen,False,,,,,,,,,,,1.0,,,,,,,,,,,,,,,,,
sägen,False,,,,,,,,,,,,,,,,,,,,,,,,,,,,1.0
säkulär,False,,,,1.0,,,,,,,,,,,,,,,,,,,,,,,,
säl,False,,,,,,,,,,,,,,,,,,,,,,,,1.0,,,,
sämtlich,False,,1.0,,,,,,,,,,,1.0,,,,,,,,,,,,,,,
sämtlicher,False,,1.0,,,1.0,,,2.0,,3.0,,,,,,,,,,,,,,,,2.0,,
sänger,False,1.0,,,,,,,,,,,,,,,,,,,,,,,,,,,
säuberlich,False,,,,,,,,,,,,,,1.0,,,,,,,,,,,,,,
säufen,False,,,,,,,1.0,,,,,,,,,,,,,,,,,,,,,
säule,False,,,1.0,1.0,,,,,1.0,,,,,,,,,,,,,,,,,,,
söder,False,,,,,,,,,,,,,2.0,,,,,,,,,,,,,,,
südafrika,False,,,,,,,,,,,,,,,,,,,,,,2.0,,,,,,
südafrikanisch,False,,,,,,,,,,,,,,,,,,,,,,2.0,,,,,,
südamerika,False,,,,,,,,,,,,,,,,,,,,,,2.0,,,,,,
süddeutsche,False,,,,,,,,,,,,,,,,,,,,,,,,,1.0,,,
süden,False,,,,,,,,,,,,,,,,,,,1.0,,,14.0,,,,,,
südosten,False,,,,,,,,,,,,,,,,,,,1.0,,,,,,,,,
süppchen,False,1.0,,,,,,,1.0,,,,,,,,,,,,,,,,,,,,
tab,False,,,,,,,,,,,,,,,,,1.0,,,,,,,,,,,
tabakwarenläde,False,,,,,,,,,,,,,1.0,,,,,,,,,,,,,,,
tabea,False,,,,,,,,,,,,,,,,,,1.0,,,,,,,,,,
tabell,False,,,,,,,,,,,,,,,,,,,1.0,,,,,,,,,
tabelle,False,,,,,,,,,,,,,,,,,,,2.0,,,,,,,,,
tablet,False,2.0,,,,,,1.0,,,,,,,,,,1.0,,,,,1.0,,,,,,
tablette,False,,,2.0,,,,,,,,,,,,,,,,,,,,,,,,,
tabu,False,,,,,,,,,,,,2.0,,,,,,,,,,,,,,,,
tacheles,False,,,,,,,1.0,,,,,,,,,,,,,,,,,,,,,
tafel,False,,,,,,,,,,,,1.0,,,,,,,,,,,,,,,,
tag,True,4.0,4.0,10.0,,5.0,4.0,7.0,,3.0,3.0,6.0,3.0,7.0,1.0,10.0,1.0,3.0,2.0,1.0,4.0,7.0,6.0,4.0,12.0,1.0,1.0,13.0,1.0
tagebuch,False,,2.0,2.0,,,,,,,,,,,,,,,,,,,,,,,,,
tagen,False,,,,,,1.0,,,,,,,,,,,,1.0,,,,,,,,,,
tagend,False,,,,,,1.0,,,,,,,,,,,,,,,,,,,,,,
tagesaktuell,False,,,,,,,,,,,,,,,,,,,,,,,,,,,3.0,
tagesgeschäft,False,,,1.0,,,,,,,,,,,,,,,,,,,,,,,,,
tageslicht,False,,,,,,,,,,,,1.0,,,,,,,,,,,,,,,,
tagesschauartikel,False,,,1.0,,,,,,,,,,,,,,,,,,,,,,,,,
tageszeitung,False,,,,,,,,,,,,,,,,,,,,,,,,,,1.0,,
tags,False,,,,,,,,,,,,,,,,,,,,,,,,,,,1.0,
tagstunden,False,,,,,,,,,,,,,,,,,,,,,,,1.0,,,,,
tagtäglich,False,,,,,,,,,,2.0,,,,,,,,,,,,,,,,,,
taiwanesisch,False,,,,,,,,,,,,,,,,,,,,,,,,,,1.0,,
taken,False,,,1.0,,,,,,,,,,,,,,,,,,,,,,,,,
taktil,False,1.0,,,,,,,,,,,,,,,,,,,,,,,,,,,
taktisch,False,,,,,,,,,,,,,,,,,,,,,3.0,,,,,,,
talk,False,,,,,,,1.0,,,,,,,,,,,,,,,,,8.0,,,,
talos,False,,,,,1.0,,,,,,,,,,,,,,,,,,,,,,,
tan,False,,,,,,,,,,,,,,,,,1.0,,,,,,,,,,,
tanja,False,,,,,,,,,,9.0,,,,,,,,,,,,,,,,11.0,,
tanjas,False,,,,,,,,,,,,,,,,,,,,,,,,,,1.0,,
tanken,False,,,,,,,,,,,,1.0,1.0,,,,,,,,,,,,,,,
tanker,False,,,,,,,,,,,,,,,,,,,3.0,,,,,,,,,
tanklastzug,False,,,1.0,,,,,,,,,,,,,,,,,,,,,,,,,
tanktechnik,False,1.0,,,,,,,,,,,,,,,,,,,,,,,,,,,
tanne,False,,,,,1.0,,,,,,,,,,,,,,,,,,,,,,,
tannenlist,False,,,,,,,,,,,,,,,,,1.0,,,,,,,,,,,
tanzbereich,False,,,,1.0,,,,,,,,,,,,,,,,,,,,,,,,
tanzen,False,,,,,,,,,,,,,,1.0,,,,,,,,,,,,,,
tanzfläche,False,,,,,,,1.0,,,,,,,,,,,,,,,,,,,,,
tape,False,,,2.0,,,,,,,,,,,,,1.0,,,,,,,,,,,2.0,
tapes,False,,,,,,,,,,,,,,,,,,,,,,,,,,,1.0,
tappen,False,,,,,,,,,,,,,,,,,,,1.0,,,,,,,,,
target,False,,,,,2.0,,,,,,,,,,,,,,,,,,,,,,,
tarif,False,,,,,,,,,,,,,,,1.0,,,,,,,,,,,,,
tasche,False,,,,,,,,,,,,,,,1.0,,,,,,,,,1.0,,,,
task,False,,,,,,,,3.0,,,,,,,,,,,,,,,,,,,,
tastatur,False,5.0,,,,,,,,,,,1.0,,,,,,,,,,,,,,,,
tat,True,,,,,,,,,1.0,,,,,,,1.0,,,,,2.0,,,,,,1.0,1.0
tatsache,False,,1.0,,1.0,1.0,,1.0,1.0,2.0,3.0,1.0,4.0,,,,,2.0,1.0,,,2.0,,,,,,,
tatsachenaufnahme,False,,,,,,,,,,,,,,,,,,,,,,,1.0,,,,,
tatsächlich,False,24.0,28.0,16.0,17.0,6.0,12.0,22.0,23.0,14.0,23.0,16.0,14.0,16.0,20.0,24.0,11.0,8.0,12.0,9.0,15.0,37.0,16.0,6.0,5.0,24.0,18.0,12.0,2.0
taub,False,,,1.0,,1.0,,,,,,1.0,,,,,,,,,,,,,,,,,
tauchen,False,,,,,,,,1.0,,,,1.0,,,,,,,,,,1.0,,1.0,,,1.0,
taufen,False,,,,,,,,,,,,,,,,,,,,,,,,,1.0,,,
tauglich,False,,,,,,,,1.0,,1.0,,,,,,,,,,,,,,,,,,
tauschen,False,,1.0,1.0,,,,,,,,,,1.0,,1.0,,,,,,,,,,,,,
tausend,False,,4.0,2.0,,,1.0,1.0,1.0,1.0,,1.0,,,2.0,,2.0,,1.0,2.0,,6.0,,,,,2.0,4.0,
tausendmal,False,,1.0,,,,,,,,,,,,,,,,,,,2.0,,,,,,,
tausendster,False,,2.0,,,,,,,,,,,,,,,,,,,,,,,,,,
tavonus,False,,,,,,1.0,,,,,,,,,,,,,,,,,,,,,,
taxi,False,,,,,,1.0,,,,,,,,,,,,,,,,,,,,,,
taylor,False,,,,,,,,,,,,,,,,,,,,,,,,,,,2.0,
taz,False,,,,,,,,,,,,,,,,,,,,,,,,,,,1.0,
tcc,False,,,,,,,,,,,,2.0,,,,,,,,,,,,1.0,,,,
tcp,False,,,,,,,,1.0,,,,,,,,,,,,,,,,,,,,
teak,False,,,1.0,,,,,,,,,,,,,,,,,,,,,,,,,
team,False,2.0,2.0,1.0,,1.0,,,,,2.0,,,,,,7.0,,,,,,,,2.0,,3.0,,8.0
teaminter,False,,,,,,,,,,,,,,,,,,,,,,,,,,,1.0,
teamviewer,False,,,,,1.0,,,,,,,,,,,,,,,,,,,,,,,
teaser,False,,,,,,,,,,,,,,,,,,,,,,,,,,1.0,,
tech,False,,,,,2.0,,3.0,,,,,,,,,,,,,2.0,,8.0,,,,2.0,,
techie,False,,,,,,,,,,,,,,,,,,2.0,,,,,,,,,,1.0
techies,False,,,,,,,,,,,,,,,,,,1.0,,,,,,,,,,2.0
technics,False,,,,,,,,,,,,,,,,,,1.0,,,,,,,,,,
technik,False,2.0,3.0,1.0,1.0,,,2.0,1.0,2.0,,,5.0,11.0,,3.0,,4.0,2.0,1.0,4.0,2.0,2.0,6.0,22.0,1.0,1.0,5.0,7.0
technikabteilung,False,,,,,,,,,,,,,,,1.0,,,,,,,,,,,,,
technikaffin,False,,,,,,,,,,,,,,,,,1.0,,,,,,,,,,,
techniker,False,1.0,1.0,,1.0,,,,,,,,,,,1.0,,,1.0,,2.0,,,,,,,,4.0
technikergruppe,False,,,,,,,,,,,,,,,,,,,,,,,,,,,,2.0
technikerinn,False,,,,,,,,,,,,,,,,,,,,,,,,,,1.0,,
technikexpert,False,,,,,,,,,,,,,,,,,,,,,,,,,,,,1.0
technikfolg,False,,,,,,,,,,,,,,,,,,,,,,,,,,,,1.0
technikfrag,False,,,,,,,,,,,,,,,,,,,,,,,,,,,,1.0
technikfreund,False,,,,,,,,,,,,,,,,,,,,,,,,,,,1.0,
technikgeschichte,False,,,,,,,,,,,,1.0,,,,,,,,,,,,,,,,
technikkonzern,False,,,,1.0,,,,,,,,,,,,,,,,,,,,,,,,
technikpflege,False,,,,,,,,,,,,,,,,,,,,,,,,1.0,,,,
technikverantwortlich,False,,,,,,,,,,,,,,,,,,,,,,,,1.0,,,,
technisch,False,16.0,19.0,9.0,33.0,17.0,4.0,9.0,9.0,35.0,5.0,2.0,9.0,23.0,1.0,23.0,,9.0,4.0,1.0,4.0,24.0,6.0,9.0,3.0,2.0,4.0,27.0,16.0
technischer,False,,,,,,,,,,,,,,,,,,1.0,,,,,,,,,,
technisches,False,,,,1.0,,,,,,,,,,,,,,,,,,,,,,,,
technisierter,False,,,,,,1.0,,,,,,,,,,,,,,,,,,,,,,
technologe,False,,,,,,,,,,,,,,,,,,,,,,,,,,,,2.0
technologie,False,9.0,8.0,6.0,,,,6.0,2.0,4.0,,,,2.0,,,,1.0,,,1.0,6.0,,,2.0,1.0,,2.0,5.0
technologiebereiche,False,,,,,,,1.0,,,,,,,,,,,,,,,,,,,,,
technologiefrag,False,,,,,,,,,,,,,,,,,,,,,,,,,,,,5.0
technologieförderung,False,,,,,,,,,1.0,,,,,,,,,,,,,,,,,,,
technologieoffenheit,False,,,,,,,,,,,,,,,,,,,1.0,,,,,,,,,
technologieplattform,False,,,,,,,,,,,,,,,,,,,,,,,,,,,1.0,
technologies,False,,,,,1.0,,,,,1.0,,,,,,,,,,,,,,,,,,
technologisch,False,2.0,1.0,,1.0,,,1.0,1.0,,,,1.0,2.0,,,,,,,,,,,,,1.0,,1.0
technologisierung,False,1.0,,,,,,,,,,,,,,,,,,,,,,,,,,,
technology,False,2.0,,,,,,,,,,,,,,,,,,,,,,,,,,,1.0
teil,True,2.0,10.0,11.0,4.0,16.0,13.0,5.0,8.0,5.0,18.0,4.0,23.0,4.0,,7.0,12.0,3.0,4.0,7.0,3.0,19.0,15.0,4.0,3.0,1.0,6.0,9.0,4.0
teilbereich,False,1.0,,,1.0,,,,,,,,,,,,,,,,,,,,,,,,
teilen,False,,6.0,2.0,1.0,,,,,,1.0,,3.0,,,6.0,2.0,1.0,2.0,,1.0,10.0,,1.0,,,,,1.0
teilewisse,False,,,,,,,,,,,,1.0,,,,,,,,,,,,,,,,
teilhabe,False,2.0,,,,,,,,,,,,,,,,2.0,,,8.0,,1.0,,,,,,
teilhaben,False,5.0,,,,,,,,,,,,,,,,,,,3.0,,,,,,,,
teilnahme,False,,,,,,,,4.0,,,,,,,,,,,,,,,,,,,,
teilnehmen,False,1.0,,,,,,,,,3.0,,1.0,1.0,,,,3.0,1.0,,,,,,,,,,
teilnehmer,False,,,,,,,,4.0,,,,1.0,,,,,,,,,,,,,,,,
teilnehmerin,False,,,,,,,1.0,,,,,,,,,,,,,,,,,,,,,
teilnimmst,False,,,1.0,,,,,,,,,,,,,,,,,,,,,,,,,
teils,False,,,,,,,,,,,,3.0,,,,,,,,,,,,,,,,
teilveröffentlicht,False,,,,,1.0,,,,,,,,,,,,,,,,,,,,,,,
teilweise,False,3.0,1.0,7.0,4.0,22.0,10.0,1.0,1.0,1.0,6.0,,,,6.0,6.0,,3.0,3.0,3.0,5.0,13.0,16.0,7.0,2.0,1.0,5.0,,8.0
telco,False,,,,,,,,,,,,,,,2.0,,,,,,,2.0,,,1.0,,,
telcos,False,,,,,,,,,,,,,,,,,,,,,,2.0,,,,,,
telefon,False,,,1.0,1.0,5.0,,,,,,,1.0,,1.0,6.0,,22.0,,,,,,1.0,,,1.0,,
telefonanlage,False,,,,,,,,,,,,,,,1.0,,,,,,,,,,,,,
telefonat,False,,,,,,,,,,,,,,,2.0,,,,,,,,,,,,,
telefonbesitzer,False,,,,,,,,,,,,,,,,,1.0,,,,,,,,,,,
telefonbuch,False,,,,,,,,,,,,,,,4.0,,,,,,,,,,,,,
telefonieren,False,1.0,,3.0,,,,1.0,,,,,,,,4.0,,,,2.0,,,,,,,,,
telefonjoker,False,,,,,,,,,,,,,,,,,1.0,,,,,,,,,,,
telefonleitung,False,,,,,1.0,,,,,,,,,,,,,,,,,,,,,,,
telefonnummer,False,,1.0,,,4.0,,,1.0,,,,1.0,,,6.0,,,,1.0,,,,,,,,1.0,
telefontool,False,,,,,,,,,,,,,,,,,,,,,,,,,,1.0,,
telefonüberwachung,False,,,,,1.0,,,,,,,,,,,,,,,,2.0,,,,,,,
telefunde,False,,,,,,,,,,,,,,,1.0,,,,,,,,,,,,,
telegrafenkabel,False,,,,,,,,,,,,,,,,,,,,,,2.0,,,,,,
telegram,False,,3.0,,,,,,5.0,,,,,,,,,1.0,,,,,,,,,,,
telekom,False,,,,,1.0,,6.0,,1.0,,,,,,4.0,,,,,,6.0,,,,,4.0,,
telekommunikation,False,,2.0,,,1.0,,,,,,,,,,3.0,,,,,,2.0,,,,,,,
telekommunikationsanbieter,False,,,,,1.0,,,,,,,,,,10.0,,,,,,,,,,,,,
telekommunikationsdat,False,,,,,,,1.0,,,,,,,,1.0,,,,,,,,,,,,,
telekommunikationsdatum,False,,,,,,,,,,,,,,,2.0,,,,,,,,,,,,,
telekommunikationsdienstleister,False,,,,,,,,,,,,,,,1.0,,,,,,,,,,,,,
telekommunikationsdienstleistung,False,,,,,,,,,,,,,,,1.0,,,,,,,,,,,,,
telekommunikationsinfrastruktur,False,,,,,,,,,,,,,,,,,,,,,2.0,,,,,,,
telekommunikationsmetadat,False,,,,,,,,,,,,,,,1.0,,,,,,,,,,,,,
telekommunikationsmittel,False,,,,,,,,,,,,,,,1.0,,,,,,,,,,,,,
telekommunikationsnetz,False,,,,,,,,,,1.0,,,,,,,,,,,,,,,,,,
telekommunikationsunternehmen,False,,,,,,,,,,,,,,,1.0,,,,,,3.0,,,,,,,
telekommunikationsverbindungsdat,False,,,,,,,1.0,,,,,,,,,,,,,,,,,,,,,
telekommunikationsvorratsdatenspeicherung,False,,,,,,,,,,,,,,,1.0,,,,,,,,,,,,,
telemedienanbieter,False,,1.0,,,,,,,,,,,,,,,,,,,,,,,,,,
telenovela,False,,,,,,,,,,,,,,,3.0,,,,,,,,,,,,,
teleobjektive,False,,,,,,,,,,,,,,,,,,,,,,,1.0,,,,,
television,False,,,,,,,,,,,,3.0,,,,,,,,,,,,,,,,
teller,False,,,,,,,,,,,,,,,,,,,,,,,,,,,2.0,
temo,False,,,,,,,,,,,,,,,,1.0,,,,,,,,,,,,
template,False,,,,,,,,,,,,,,,,,,,,,,,,,,,,1.0
tempo,False,,,,,,,6.0,,,,,,,,,,,,,,,,,,,,,
temporär,False,2.0,,,,,,,,,,,,,,1.0,,,,,,,,,,,,,
ten,False,,,,,,,,,,,,1.0,,,,,,,,,,,,,,,,
tendenz,False,,,,1.0,,2.0,1.0,,,,,,,,1.0,,,1.0,,,,,,,,3.0,,
tendenziell,False,,,,,,,,,,1.0,,,,,,,,,,,,,,1.0,,,1.0,
tendieren,False,,,,,,,,,,,,,,,,,,,,,,,,1.0,,,,
tennisball,False,,,,,,,,,,,,,,,,,,,,,,,1.0,,,,,
teppich,False,,,,,,,,,,,,,,,,,,,,,,,,,,1.0,,
terabyte,False,,,,,,,,,,,,,,,,,2.0,,,,,,,,,,,
terlevi,False,,,,,,,,,,,,1.0,,,,,,,,,,,,,,,,
term,False,,,,,,,,,,,,,,,,,,,1.0,,,,,,,1.0,,
termin,False,,,,,,,,1.0,,1.0,1.0,,,1.0,,,,,2.0,1.0,2.0,,,,,2.0,2.0,
terminal,False,,,,,,,,,,,,,2.0,,,,,,,,,,,,,,,
terminankündigung,False,,,,2.0,,,,,,,,,,,,,,,,,,,,,,,,
terminieren,False,,,,,,,,,,,,,,,,,,,,,,,,,,,,1.0
terminkalender,False,,,,,,,,,,,1.0,,,,,,,,,,,,,1.0,,,,
terminmusik,False,,,,1.0,,,,,,,,,,,,,,,,,,,,,,,,
terminologie,False,,,,,,,,,,1.0,,,,,,,,,,,,,,,,,,
terminus,False,,,,1.0,,,,,,,,,,,1.0,,,,,,,,,,,,,
terminübersicht,False,,,,,,,,,,,,,,,,,,,,,,,,,,,1.0,
terravision,False,,,,,,,,,,,,1.0,,,,,,,,,,,,,,,,
terror,False,,1.0,,,10.0,,,,,,,,,,,,,,,,,,,,,,,
terrorabwehr,False,,,,,,,,,,,,,,,,,,,,,,,,,1.0,,,
terroranschlag,False,,,,,1.0,,,,,,,,,,,,,,,,,,,,,,,
terrordarstellung,False,,1.0,,,,,,,,,,,,,,,,,,,,,,,,,,
terrorismus,False,,,,,3.0,,,,,3.0,,,,,,,,,,,,,,,,,,
terrorismusbegriffe,False,,,,,,,,,,1.0,,,,,,,,,,,,,,,,,,
terrorismusbekämpfung,False,,,,,,,,1.0,,1.0,,,,,,,,,,,,,,,,,,
terrorismusbezogen,False,,,,,,,,,,1.0,,,,,,,,,,,,,,,,,,
terrorismusbezogene,False,,,,,,,,,,1.0,,,,,,,,,,,,,,,,,,
terrorist,False,,,,,2.0,,,,,,,,,,,,,,,,,,,,,,,
tesla,False,,,,,,,,,,,,1.0,,,,,,,,,,,,,,,,
test,False,,,,,,,,1.0,,,1.0,,,,,,,,,,,,,,,,,
testen,False,1.0,,,,,,,2.0,1.0,,,,,,,,,,,,,,,,,,,
testlizenz,False,,,,,,,,,,,,,,,,,,,1.0,,,,,,,,,
testszenarie,False,,,,,,,,1.0,,,,,,,,,,,,,,,,,,,,
testweise,False,,,,,,,,,,1.0,,,,,,,,,,,,,,,,,,
testzentr,False,,,2.0,,,,,,,,,,,,,,,,,,,,,,,,,
testzentrumsanbieter,False,,,1.0,,,,,,,,,,,,,,,,,,,,,,,,,
teuer,False,,,3.0,,,,4.0,,2.0,,,,2.0,,5.0,,,,,1.0,6.0,1.0,,3.0,,1.0,5.0,
teufel,False,,,,,,,,,,,,,,,,,,,,,,,,2.0,,,,
teufelshandel,False,,,,,,,,,,,,,,,,,,,,,,,,,,1.0,,
teufelsküche,False,,,,,,,1.0,,,,,,,,,,,,,,,,,,,,,
teufelszeug,False,,,,,,,,,,,,,,,,,,,1.0,,,,,,,,,
teur,False,,,,,,,,,1.0,,,,,,,,,,,1.0,,,,,,,,
teure,False,,,,,,,,,,,,,,,1.0,,,,,,,,,,,,,
teurer,False,,,,,,,,,,,,,,,,,1.0,,,,,,,,,,,
text,False,3.0,4.0,,,,,,,1.0,5.0,1.0,,1.0,,,,,,1.0,1.0,4.0,1.0,,1.0,,1.0,1.0,3.0
textanalyse,False,,1.0,,,,,,,,,,,,,,,,,,,,,,,,,,
textdatei,False,,,,,,,,,,,,,,,,,,,,,,,,,,,1.0,
textdateien,False,,1.0,,,,,,,,,,,,,,,,,,,,,,,,,,
textdatensatz,False,,,,,,,,,,,,,,,,,,,,,,1.0,,,,,,
texteditor,False,1.0,,,,,,,,,,,,,,,,,,,,,,,,,,,
texterkennung,False,,1.0,,,,,,,,,,,,,,,,,,,,,,,,,,
textil,False,,,,,,,,,,,1.0,,,,,,,,,,,,,,,,,
textlich,False,1.0,,,,,,,,,,,,,,,,,,,,,,,,,,,
textnachricht,False,,2.0,,,,,,,,,,,,,,,,,,,,,,,,,,
textsolutionismus,False,,,,,,,1.0,,,,,,,,,,,,,,,,,,,,,
textsystem,False,,,1.0,,,,,,,,,,,,,,,,,,,,,,,,,
textu,False,1.0,,,,,,,,,,,,,,,,,,,,,,,,,,,
textzeich,False,,,,,,,,,,,,,,,,,,,,1.0,,,,,,,,
that,False,,,,,,,,,,,,,,,,,,1.0,,,,,,,,,,
the,False,,,,,,1.0,,1.0,3.0,,,7.0,,,,,,,,,2.0,,,,,,,
theater,False,,,,1.0,,1.0,,,,,,,,,,,,,,,,,,,,,,
thelio,False,,,,,,,,,,,,,,,1.0,,,,,,,,,,,,,
thema,False,17.0,16.0,10.0,27.0,6.0,24.0,13.0,6.0,9.0,12.0,24.0,11.0,14.0,8.0,25.0,19.0,1.0,22.0,18.0,32.0,126.0,21.0,16.0,2.0,15.0,49.0,7.0,24.0
themapreis,False,,,1.0,,,,,,,,,,,,,,,,,,,,,,,,,
thematik,False,,,,,,,,,,,,,,,,,,,,,,,,,,1.0,,
thematisch,False,,,,1.0,,,,,,,,,,,,,,1.0,,,2.0,,,,,,,
themenbereich,False,,,,,,,,,,,,,,,,,,,,,2.0,,,,3.0,,,1.0
themenfeld,False,,,,,,,,,,,,,,,,1.0,,,,,2.0,,,,,1.0,,
themengebiet,False,,,,,,,,,,1.0,,,,,,,,,,,,,,,,,,
themengröße,False,,,,,,,,,,,,,,,,,,,,,,,,,,,,1.0
themenkomplex,False,,,,,1.0,,,,,,,,,,,,,,,,2.0,,,,,,,
themenvorschlag,False,,,,,,,,,,,,,,,,,,,,,,,2.0,,,,,
themenvorschläg,False,,,,,,,,,,,,,,,,,,,,,,,,,1.0,,,
theoretisch,False,1.0,4.0,3.0,1.0,,,1.0,4.0,1.0,,,2.0,2.0,,,6.0,,,,3.0,2.0,,1.0,2.0,1.0,2.0,4.0,1.0
theoretisierend,False,,,,,,,,,,,,,,,,,,,,1.0,,,,,,,,
theorie,False,1.0,,,,,2.0,,,,,,,,1.0,,2.0,,,,,,14.0,,,1.0,,,
theory,False,,,,,,,,,,,,,,,,,,,,,,,,,,1.0,,
therapeut,False,,,4.0,,,,,,,,,,,,1.0,,,,,,,,,,,,,
therapie,False,,,4.0,,,,,,,,,,,,,,,,,,,,,,,,,
therapieplatz,False,,,1.0,,,,,,,,,,,,,,,,,,,,,,,,,
theresa,False,,,,,,,,,,,,,,,,,,,,,,,,,,,1.0,
these,False,,1.0,,,,,,,1.0,,,,,,,,,,,,2.0,,,,,,,
thiel,False,,,,,,,,,,,,,,,,,,,,,,,,,,3.0,,
thierry,False,,,,,,,,,,,,,,,,2.0,,,,,,,,,,,,
thinking,False,,,,,,,,,,,,,,,,,,,,,2.0,,,,,,,
this,False,,,1.0,,,,,,1.0,,,,,,,,,,,,,,,,,,,
thomas,False,,,,,,,,,,1.0,,,,,,,,,,,,,,,3.0,12.0,,25.0
threadmodel,False,,,,,,,,,,,,,1.0,,,,,,,,,,,,,,,
threat,False,,,,,,,,1.0,,,,,,,,,,,,,,,,,,,,
threatmodel,False,,,,,,,,1.0,,,,,,,,,,,,,,,,,,,,
threber,False,,,,,,,,,,,,,,,,,,,1.0,,,,,,,,,
three,False,,,,,,,,,,,,1.0,,,,,,,,,,,,,,,,
threema,False,,3.0,,,,,,,,,,,,1.0,,,,,,,,,,,,,,
thunderbird,False,,,,,,,,,,,,,,,,,,,1.0,,,,,,,,,
thüringen,False,,,,,,,,,,,,,,2.0,,,,,1.0,,,,,,,,,
tick,False,,,,,,,,1.0,,,,,,,,,,,,,,,,,,,,
ticke,False,,,,,,,,,,,,,,1.0,1.0,,,,,,,,,2.0,,,,
ticket,False,,,,,1.0,,,1.0,,,,,,5.0,,,,,,5.0,,,,2.0,,,,
ticki,False,,,,,,,,,,,1.0,,,,,,,,,,,,,,,,,
tief,False,1.0,7.0,,2.0,3.0,,1.0,,3.0,1.0,,1.0,,,1.0,1.0,1.0,,,,8.0,2.0,,1.0,,1.0,4.0,
tiefbau,False,,,,,,,1.0,,,,,,,,,,,,,,,,,,,,,
tiefe,False,1.0,,,1.0,,,,,,,,1.0,,,,,,,,,,,,,1.0,,,
tiefergehend,False,,,,,,,,,,,,,,,,,,,,,,,,,,,1.0,
tierisch,False,,,,,,,1.0,,,,,,,,,,2.0,,,,,,,,,1.0,,
tiertappe,False,,,,,,1.0,,,,,,,,,,,,,,,,,,,,,,
tieto,False,,,,,,,,,,,,,,,,,,,,,,,,,,1.0,,
tiff,False,,,,,1.0,,,,,,,,,,,,,,,,,,,,,,,
tiger,False,,,1.0,,,,,,,,,,,,,,,,,,,,,,,,,
tiktok,False,3.0,,,,,,,,,,,,,,,6.0,,,,,2.0,,,,,,1.0,
tiktoks,False,,,,,,,,,,,,,,,,1.0,,,,,,,,,,,,
time,False,,,,,,,,,,,,,,,,,,,,,,2.0,,,,,,1.0
timeline,False,,,,1.0,,,,,,,,,,,,,,,,,,,,,2.0,,,
timelines,False,,,,1.0,,,,,,,,,,,,,,,,,,,,,,,,
timer,False,1.0,,,,,,,,,,,,,,,,,,,,,,,,,,,
times,False,,,,,3.0,,,,,,,,,,,,,,,,,4.0,,,,,,
tinder,False,,,,,,,,,,,,,,,,,1.0,,,2.0,,,,,,,,
tino,False,,,1.0,,,,,,,,,,,,,,,,,,,,,,,,,
tipp,False,,,,,,,,,,,,1.0,,,,,2.0,,,,,,,,,,,1.0
tippen,False,1.0,3.0,,,,1.0,,,,,,,,,,,,,,,,,,,,,,
tippsen,False,,,,,,,1.0,,,,,,,,,,,,,,,,,,,,,
tisch,False,,1.0,2.0,,,,,,,,2.0,,,,,1.0,,,1.0,,,,,,1.0,,,1.0
titel,False,,,,,,,1.0,1.0,1.0,1.0,1.0,1.0,,1.0,,,,,2.0,,,1.0,1.0,1.0,,,1.0,
titeln,False,,,,,,,1.0,,,,,,,,,,,,,,,,,,,,,
titulieren,False,,,,,,,,,,,,,,,,,,,,1.0,,,,,,,,
tja,False,2.0,,1.0,,,,,,,,,4.0,,,,,,,,1.0,,,,,,,,
tls,False,,,,,,,,1.0,3.0,,,,,,,,,,,,,,,,,,,
tm,False,,,,,,,,,,,,,,,,,,,,,,,,1.0,,,,
tnt,False,,,,,,,,,,,,,,,,,1.0,,,,,,,,,,,
to,False,,1.0,,1.0,,,1.0,,,,,2.0,,,,,,,,,,,,,,2.0,,
toaster,False,,,,,,,,,,,,,,,,,,,,,,,,,,,1.0,
tod,False,,,,1.0,1.0,,,,,,,1.0,,,,,,,,,,,,,,,,
tofu,False,,1.0,,,,,,,,,,,,,,,,,,,,,,,,,,
together,False,,,,,,,,1.0,,,,,,,,,,,,,,,,,,,,
token,False,,,,,,,,,,,,,,,,,4.0,,,,,,,,,,,
toleranzraum,False,,,,,,,,,,,,,,,,,,,1.0,,,,,,,,,
toll,False,1.0,4.0,5.0,2.0,1.0,1.0,1.0,4.0,4.0,1.0,,3.0,,5.0,1.0,1.0,,1.0,1.0,2.0,8.0,6.0,,2.0,1.0,4.0,4.0,1.0
tolles,False,,,,,,,,,,,,,,,,,,,,,2.0,,,,,,,
tom,False,,,,,,,,,,,,1.0,,,,,,,,,,,,,,,,
ton,False,,,,,,1.0,,,,,,,,,,,,,,,,,,2.0,,,,
tonaufnahm,False,,,,,,1.0,,,,,,,,,,,,,,,,,,,,,,
tonbildaufnahme,False,,,,,,,,,,,,,,,,,,,,,,,,,,1.0,,
tonga,False,,,,,,,,,,1.0,,,,,,,,,,,,,,,,,,
tonne,False,,,,,,,,,,,,,,,,,,,,,,1.0,,,,,,
tonprofessionell,False,,,,,,,,,,,,,,,,,,,,,,,,1.0,,,,
tonqualität,False,,,,,,,,,,,1.0,,,,,,,,,,,,,,,,,
too,False,,,,,,,,,,,,,,,,,,,,,,,,,,1.0,,
tool,False,1.0,,2.0,,3.0,,,,,2.0,,1.0,,1.0,,2.0,,,,,,,1.0,,,4.0,3.0,
toolbox,False,,,,,,,,,,,,,,,,,,,,,,,,,,,1.0,
tooling,False,,,,,,,,,,,,,,,,,,,,,,,,1.0,,,,
tools,False,2.0,,,,,,,,,,,1.0,,,1.0,,,,,,,,,1.0,,1.0,,1.0
toonfish,False,,,,,,,,,,,,,,,,,,,,,,,,1.0,,,,
top,False,,1.0,,1.0,,,,,,1.0,,1.0,,2.0,,,,,,,,,,,,,,
topf,False,,,,,,,,,,,,,1.0,,,,,,,,,,,,,,,
tor,False,,6.0,,,,,,,,,,,1.0,,,,,,,,,,,,,,,
torkel,False,,,,,,,,,,,,,,,,,1.0,,,,,,,,,,,
toronto,False,,,,,1.0,,,,,,,,,,,,,,,,,,,,,,,
torwebseiten,False,,1.0,,,,,,,,,,,,,,,,,,,,,,,,,,
tot,False,,,1.0,,1.0,,,,,,,4.0,,,,,,,,,,,,,,,2.0,
total,False,12.0,14.0,12.0,15.0,9.0,,11.0,6.0,2.0,1.0,6.0,6.0,9.0,15.0,7.0,5.0,4.0,4.0,2.0,4.0,18.0,4.0,3.0,3.0,6.0,8.0,2.0,
totalausfall,False,,,,,,,1.0,,,,,,,,,,,,,,,,,,,,,
totalitär,False,,,,,,,,,,,,,,,1.0,,,,,,,,,,,,,
totalüberwachung,False,,,,,,,,,,,,,,,,,,,,1.0,,,,,,,,
tote,False,,,,,,,,,,,,1.0,,,,,,,,,,,,,,,,
totschlag,False,,,,,2.0,,,,,,,,,,1.0,,,,,,,,,,,,,
touch,False,3.0,,,,,,,,,,,,,,,,,,,,,,,,,,,
touchscreen,False,4.0,,,,,,,,,,,,,,,,,,,1.0,,,,,,,,
tough,False,,,,,,,,,,,,,,1.0,,,,,,,,,,,,,,
tour,False,,1.0,,,,,,,,,,,,,,,,,,,,,,,,,,
tourbrowser,False,,1.0,,,,,,,,,,,,,,,,,,,,,,,,,,
tourismus,False,,,,,,,,,,,,,,,,,,,,,,,1.0,,,,,
tourist,False,,,,,,,,1.0,,,,,,,,,,,,1.0,,,,,,,,
touristisch,False,,,,,,,,,,,,1.0,,,,,,,1.0,,,,,,,,,
tournetzwerk,False,,1.0,,,,,,,,,,,,,,,,,,,,,,,,,,
tps,False,,1.0,,,,,,,,,,,,,,,,,,,,,,,,,,
tracing,False,,,,,,,,,,,,,,,,,,,,,,,,,,1.0,,
track,False,,,,,,,,,,,,,,,,,,,1.0,,,,,1.0,,,,
tracken,False,,,,,1.0,,1.0,,,,,,,,,,,,,2.0,,,,,,,,
tracker,False,,,,,,,,,,,,,,,,,,,,1.0,,,,2.0,,,,
tracking,False,,,,,,,,,,,,,,,,,,,,5.0,,,,,,,,
trackst,False,,,1.0,,,,,,,,,,,,,,,,,,,,,,,,,
tradier,False,,,,,,,,,,,,1.0,,,,,,,,,,,,,,,,
tradieren,False,,,,,,,,,,,,2.0,,,,,,,,,,,,,,,,
tradiern,False,,,,,,,,,,,,1.0,,,,,,,,,,,,,,,,
tradition,False,,,,,,,,2.0,,2.0,,1.0,,,,,,1.0,,,1.0,,,,,,1.0,
traditionell,False,,,,,,,,,,,,,,,,,,,,,,3.0,,1.0,,,,
traffic,False,,,,,1.0,,,,,,,,,,,,,,,,,,,,,,1.0,
tragen,False,4.0,1.0,1.0,,,,2.0,1.0,1.0,,,2.0,,,1.0,1.0,,,4.0,,,4.0,,2.0,,4.0,,
tragfähig,False,,,,,,,1.0,,,,,,,,,,,,,,3.0,,,,,,,
tragweite,False,,,,,,,,2.0,,,,,,,,,,,,,,,,,,,,
tragödie,False,,,,,,,,,,,,,,,,,1.0,,,,,,,,,,,
train,False,,,,1.0,,,,,,,,,,,,,,,,,,,,,,,,
trainieren,False,,,,2.0,,,,,,,,,,1.0,,,,,,,,,,,,,13.0,
training,False,,,,,,,,,,,,,,,,,,,,,,,,,,,1.0,
trainingsmaterial,False,,,,,,,,,,,,,,,,,,,,,,,,,,,2.0,
transaktion,False,1.0,,,,,,,,1.0,,,,4.0,,,,3.0,,,,,,,,,,,
transaktionshistorie,False,,,,,,,,,,,,,2.0,,,,,,,,,,,,,,,
transaktionsnummer,False,,,,,,,,,,,,,,,,,1.0,,,,,,,,,,,
transcoding,False,,,,,,,,,,,,,,,,,,,,,,,,1.0,,,,
transfer,False,,,,,,,,,,,,,1.0,,,,,,,,,,,,,,,
transferieren,False,,,,,,,,,,,,,,,,,1.0,,,,,,,,,,,
transformation,False,,,,,,,,,,,,,,,,,,,1.0,,,3.0,,,2.0,,,1.0
transformer,False,,,,,,,,,,,,1.0,,,,,,,,,,,,,,,,
transition,False,,,,,,,,1.0,,,,,,,,,,,,,,,,,,,,
transkribieren,False,,,,,2.0,,,,,1.0,,,,,,,,,,,,,,,,,,
transkript,False,2.0,,,,2.0,,,,,,,,,,,,,,,,,,,,,,,
transkription,False,3.0,,,,,,,,,,,,,,,,,,,,,,,,,,,
translation,False,,,,,,,,,,,,,,,,,,,,,2.0,,,,,,,
transmission,False,1.0,,,,,,,,,,,,,,,,,,,,,,,,,,,
transnational,False,,,,,,,,,,1.0,,,,,,,,,,,,2.0,,,,,,
transparent,False,,,4.0,2.0,1.0,,1.0,2.0,1.0,3.0,2.0,,,4.0,,,,1.0,,,4.0,2.0,,,,,,1.0
transparenter,False,,,,,,,,,,,,,,,,,,,,,,,,,1.0,,,
transparenz,False,,,1.0,,2.0,,,,1.0,,,,,10.0,,4.0,,1.0,,2.0,10.0,2.0,,,2.0,4.0,,
transparenzanforderung,False,,,,1.0,,,,,,,,,,,,,,,,,2.0,,,,,,,
transparenzberichterstattung,False,,,,,,,,,,,,,,,,1.0,,,,,,,,,,,,
transparenzgesetz,False,,,,,,,,,,,,,,2.0,,,,,18.0,,,,,,,,,
transparenzgrenze,False,,,,,,,,,,,,,,,,,,,1.0,,,,,,,,,
transparenzpflicht,False,,,1.0,,2.0,,,,,,,,,,,,,,,,,2.0,,,,,,
transparenzregel,False,,,,,,,,,,,,,,,,1.0,,,,,,,,,,,,
transparenzvorschriften,False,,,,,,,,,,,,,,,,1.0,,,,,,,,,,,,
transpies,False,,1.0,,,,,,,,,,,,,,,,,,,,,,,,,,
transponieren,False,,,,,,,,1.0,,,,,,,,,,,,,,,,,,,,
transport,False,,,,,,,,,,,,,,,,,,,,,,,,1.0,,,,
transportieren,False,2.0,,,,,,,,,,,1.0,,,,,,,1.0,,,,,,,,1.0,
transportverschlüsseln,False,,,,,,,,,1.0,,,,,,,,,,,,,,,,,,,
transversus,False,1.0,,,,,,,,,,,,,,,,,,,,,,,,,,,
trantow,False,,,,,,,,,,,,3.0,,,,,,,,,,,,,,,,
trauen,False,,,,,,,,1.0,2.0,1.0,1.0,,,1.0,,,,,,,,,,,,,,
traug,False,,,,,,,,,,,,,,,,,1.0,,,,,,,,,,,
trauma,False,,,,,2.0,,,,,,,,,,,,,,,,,,,,,,,
traumampel,False,,,,,,,,,,,1.0,,,,,,,,,,,,,,,,,
traumvorstellung,False,,,,,,,,,,,,,1.0,,,,,,,,,,,,,,,
traurig,False,,,,,1.0,,2.0,,,,,,,,,,,,,,2.0,,,,1.0,,,
traust,False,,,,,,,,,,,,,,,,,2.0,,,,,,,,,,,
travolta,False,,,,,,,,,,,,4.0,,,,,,,,,,,,,,,,
treaty,False,,,,,,,,,,3.0,,,,,,,,,,,,,,,,,,
trecker,False,,,,,,,,,,,,1.0,,,,,,,,,,,,,,,,
trees,False,,,,,,,,1.0,,,,,,,,,,,,,,,,,,,,
treffen,False,4.0,3.0,2.0,5.0,1.0,,2.0,4.0,,3.0,1.0,5.0,2.0,3.0,6.0,1.0,,,5.0,,5.0,4.0,1.0,4.0,1.0,4.0,6.0,7.0
treffend,False,,1.0,,,,,,,,,,1.0,,,,,,,,,,,,,,,,
treffer,False,,,,,,,,,,,,,,1.0,,,,,,,,,,,,,1.0,
trefflich,False,,,,,,,,,,,,,,,,,,,,,2.0,,,,,,,
treiben,False,1.0,,,,,,,,3.0,,1.0,,,,,,,,,2.0,6.0,1.0,,,,2.0,,
treibend,False,,,,,,,,,,,,,,,,,,,,,1.0,,,,,,,
treibnetz,False,,,,,,,,,,,,,,,1.0,,,,,,,,,,,,,
trend,False,,,,3.0,2.0,,,1.0,,,,,,,,1.0,2.0,,,,,,,,,,1.0,
trennen,False,,1.0,1.0,2.0,,,,2.0,1.0,,,1.0,,,,,,,1.0,,,4.0,,,1.0,,,
trennung,False,,,,,,,,,,,,,,,,1.0,,,,,,,,,,,,
trennungsbeschluss,False,,,,,,,,,,,,,,,,,,,,,,,2.0,,,,,
tresor,False,,,,1.0,,,,,,,,,,,,,,,,,,,,,,,,
tresorraum,False,,,,,,,,,,,,,1.0,,,,,,,,,,,,,,,
treten,False,1.0,,,2.0,,1.0,,3.0,,6.0,1.0,1.0,1.0,,,9.0,,,1.0,1.0,,,,,,3.0,,1.0
tretroller,False,,,,,,,,,,,,,,,,,1.0,,,,,,,,,,,
treu,False,1.0,,,1.0,,,,1.0,,,,,,,,,,,,,,,,,,,,
treuhänder,False,,,,,,1.0,,,,,,,,,,,,,,,,,,,,,,
trick,False,,1.0,,1.0,,,,,,,,,,,3.0,,,,,,,,1.0,,,,,
trics,False,,1.0,,,,,,,,,,,,,,,,,,,,,,,,,,
triffst,False,,,,,,,1.0,,,,,,,,,,,,,,,,,,,,,1.0
triftig,False,,,,,,,2.0,,,,,,,,,,,,,,,,,,,,,
triggern,False,,,,,,,,,,,,,,1.0,,,,,,,6.0,,,,,,,
trilog,False,,3.0,,1.0,,,,,5.0,,,,,,,1.0,,,,,,,,,,,,
trilogie,False,,,,,,,,,,,,2.0,,,,,,,,,,,,,,,,
trinity,False,,,,,,,,,,,,2.0,,,,,,,,,,,,,,,,
trinken,False,,,,,,,,,,,,,1.0,1.0,,,,,,,,,,,,,,
triolog,False,,,,,,,,,,,,,,,,1.0,,,,,,,,,,,,
trip,False,2.0,,,,,,,,,,,,,,,,,,,,,,,,,,,
triptychon,False,,,,,,,,,,,,1.0,,,,,,,,,,,,,,,,
trivial,False,,,2.0,,,,2.0,,,,,,1.0,,,,1.0,,,,,,,,,,,
trocken,False,,1.0,,,,,,,,,2.0,,,,,,,,,,,,,,,,,
troja,False,,,,,1.0,,,,,,,,,,,,,,,,,,,,,,,
trojan,False,,1.0,,,,,,,,,,,,,,,,,,,,,,,,,,
trojaner,False,,1.0,,,12.0,,1.0,,,,,,,,1.0,,,,,,,,,,,,,
trojanerisiert,False,,,,,1.0,,,,,,,,,,,,,,,,,,,,,,,
trojanerwood,False,,,,,1.0,,,,,,,,,,,,,,,,,,,,,,,
trojanisch,False,,,,,2.0,,,,,,,,,,,,,,,,,,,,,,,
troll,False,,,,,,,,,,,,,,,,,,,,,2.0,,,,,,,
trommel,False,,,,,,,,,,,,,,,2.0,,,,,,,,,,,,,
trommelfeuer,False,,,,,,,,,,,,,,,1.0,,,,,,,,,,,,,
trommeln,False,,,,,,,,,,,,,,,2.0,,,,,,,,,,,,,
tron,False,,,,,,,,,,,,6.0,,,,,,,,,,,,,,,,
tropfen,False,,,,,,,1.0,,,1.0,,,,,1.0,,,,,,,,3.0,,,,,
trotz,False,2.0,3.0,,,,,1.0,,,2.0,,,,,,,,,,,2.0,,,,1.0,,,
trotzdem,True,4.0,14.0,1.0,7.0,11.0,7.0,5.0,6.0,13.0,2.0,5.0,5.0,5.0,3.0,15.0,1.0,3.0,9.0,6.0,6.0,16.0,14.0,1.0,2.0,1.0,8.0,7.0,
trump,False,,,,,,,,,,,,,,,,,1.0,,1.0,,,2.0,,,,,,1.0
trupp,False,1.0,,,,,,,,,,,,,,,,,,,,,,,,,,,
truppe,False,,,,,,,,,,,,,,,,,,,,,,5.0,,,,,,
trust,False,,,,,,,,,1.0,,,,,,,,4.0,,,,,,,,,,,
truth,False,,,,,,,1.0,,,,,,,,,,,,,,,,,,,,,
try,False,,,,,,,,,,,1.0,,,,,,,,,,,,,,,,,
trägheit,False,,,,1.0,,,,,,,,,,,,,,,,,,,,,,,,
trägt,False,,,,,1.0,,,,,,,,,,,,,,,,,,,,,,,
träne,False,,,,,,,,,,,,1.0,,,,,,,,,,,,1.0,,,,
träumen,False,,,,,,,3.0,,,,,,,,,,,,,,,,,,,,,
tröpfel,False,,,,,1.0,,,,,,,,,,,,,,,,,,,,,,,
tröpfeln,False,,,,,1.0,,,,,,,,,,,,,,,,,,,,,,,
tröstlich,False,,,,,,,,,,,1.0,,,,,,,,,,,,,,,,,
trübe,False,1.0,,,,,,,,,,,,,,,,,,,,,,,,,,,
tschernobyl,False,,,,,,,,,,,,,,,,,,,,,,,,,1.0,,,
tschuldigung,False,1.0,,,,,,,,,,,,,,,,,,,,,,,,,,,
tschüss,False,1.0,1.0,1.0,,1.0,,1.0,1.0,2.0,,,1.0,1.0,,1.0,,,3.0,,3.0,8.0,2.0,3.0,1.0,1.0,1.0,2.0,1.0
tschüssi,False,,,,,,,,,,,,,,,,,,,,,,,1.0,,,,,
ttc,False,,,,,,,,,,,,1.0,,,,,1.0,,1.0,1.0,,,,,,,,
ttt,False,,,,,,,,,,,,1.0,,,,,,,,,,,,,,,,
tu,False,,1.0,,,,,,,,,,,,,,,,,,,,,,1.0,,,,
tubes,False,,,,,,,,,,,,2.0,,,,,,,,,,,,,,,,
tummelplatz,False,,,,,,,1.0,,,,,,,,,,,,,,,,,,,,,
tun,True,11.0,20.0,4.0,22.0,23.0,8.0,18.0,12.0,12.0,6.0,5.0,22.0,7.0,5.0,28.0,22.0,6.0,7.0,7.0,10.0,23.0,12.0,11.0,7.0,7.0,22.0,14.0,5.0
tunichst,False,,,,1.0,,,,,,,,,,,,,,,,,,,,,,,,
tunnelblick,False,1.0,,,,,,,,,,,,,,,,,,,,,,,,,,,
turbobrowser,False,,1.0,,,,,,,,,,,,,,,,,,,,,,,,,,
turner,False,,,,,,,,1.0,,,,,,,,,,,,,,,,,,,,
turnus,False,,,,,,,,1.0,,,,,,,,,,,,,,,,,,,,
tut,False,,,,1.0,,,1.0,,,,,,,,2.0,,1.0,,,,,,,,,,2.0,
tv,False,,,,,,,,,,1.0,,1.0,,,,,,,,,,,,,,,,
tvs,False,,,,,1.0,,,,,,,,,,,,,,,1.0,,,,,,,,
twiglio,False,,,,,,,,,,,,,,,,,1.0,,,,,,,,,,,
twilio,False,,,,,,,,,,,,,,,,,11.0,,,,,,,,,,,
twitter,False,1.0,3.0,1.0,,,,,,,,,,,,,5.0,,,,,8.0,,,,,4.0,,
twitteren,False,,1.0,,,,,,,,,,,,,,,,,,,,,,,,,,
txt,False,,,,,,,,,,,,,,,,,,,,,,,,,,,6.0,
typ,False,,,,,,2.0,,,,,,4.0,,,,,,,,,,,,,,,,
type,False,,,,,1.0,1.0,,,,,,,,,,,,,,,,,,,,,,
typhoon,False,,,,,,,,,,,,,,,,,,,,,2.0,,,,,,,
typisch,False,1.0,,1.0,1.0,,,1.0,2.0,1.0,,,4.0,,,,,2.0,1.0,,2.0,6.0,,1.0,,,1.0,2.0,5.0
typischer,False,,,,,,,,,,,,1.0,,,,,,,,,,,,,,,,
typischerweise,False,1.0,1.0,,,,,,4.0,1.0,,,,,,,,1.0,,,,4.0,,,,,,,3.0
täglich,False,1.0,,,,,,,,,1.0,,,,,1.0,1.0,,,,,,,,,,,,2.0
täter,False,,,,,,1.0,,,,,,,,,,,,,,,,,,,,,1.0,
täteridentifizierung,False,,,,,,,,,,,,,,,1.0,,,,,,,,,,,,,
tätig,False,1.0,,,3.0,1.0,,4.0,1.0,,5.0,1.0,,,1.0,1.0,2.0,,,,,,,,,,4.0,,2.0
tätigen,False,,,,,,,,,,,,,,,1.0,,,,,,,,,,,,,
tätigkeit,False,,,,,,,,,,,,1.0,,,,,,,,,,,,1.0,,2.0,,
täusche,False,,,,,,,,,,,,,,1.0,,,,,,,,,,,,,,
täuschen,False,,,,,,,,,1.0,,,,,,,,,,,,,,,,,,,
täuschung,False,,,,,,,,,,,,,,,,,,,,,,,,,,,1.0,
tödlich,False,,,,,,,,,,,,1.0,,,,,,,,,,2.0,,,,1.0,,
tür,False,,,1.0,,,,1.0,,1.0,,,,1.0,,7.0,,,,,,,,1.0,,,,,
türkei,False,,,,,1.0,,,,,3.0,,,,,,,,,,,,,,,,,,
türkisch,False,,,,,,,,,,,,,1.0,,,,,,,,,,,,,,,
türme,False,,,,,,,,,,,,,,,,,,,,,2.0,,,,,,,
türschilder,False,,,,,,,,,,,,,,,,,,,,,,,,,1.0,,,
tüte,False,,1.0,,,,,,,,,,,,,,,,,,,,,,1.0,,,,
uberspace,False,,,,,,,,,,,,,,,,,,,,,,,,,,,5.0,
ubiquitär,False,,,,,,,1.0,,,,,,,,,,,,,,,,,,,,,
udp,False,,,,,,,,1.0,,,,,,,,,,,,,,,,,,,,
uganda,False,,,,,1.0,,,,,,,,,,,,,,,,,,,,,,,
uh,False,,1.0,,,,1.0,,,,,,,,,,,,,,,,,,,,,,1.0
uhr,True,3.0,,2.0,,,,,,,2.0,,,,,,,,,,,,,2.0,,,2.0,1.0,
ui,False,,,,,,,,1.0,,,,,,,,,,,,,,,,,,,,
uk,False,,,,,,,,,1.0,1.0,,,,,,,,,,,3.0,,,,,,,
ukraine,False,,,,,,,,,,1.0,,,,2.0,,1.0,,,1.0,,2.0,3.0,,,,,,
ukrainisch,False,,,,,,,,,,,,,,,,,,,1.0,,,,,,,,,
ulbricht,False,,,,,,,,,,,,,,,,,,,,,,1.0,,,,,,
ulrich,False,,,,,,,,,,,,,,,,,,1.0,,,,,,,,,,1.0
ultra,False,2.0,,,,,,,,,,,,,,,,,1.0,,,,,,,1.0,,,
ultrakonservativ,False,,,,,,,,,,,,,,1.0,,,,,,,,,,,,,,
ultramobil,False,,,,,,,1.0,,,,,,,,,,,,,,,,,,,,,
ultramobile,False,,,,,,,1.0,,,,,,,,,,,,,,,,,,,,,
ulysses,False,,,,,,,,,,,,,,,,,,,,,,2.0,,,,,,
um,True,40.0,39.0,22.0,31.0,34.0,27.0,45.0,26.0,28.0,28.0,19.0,41.0,26.0,24.0,57.0,42.0,25.0,27.0,20.0,38.0,88.0,31.0,38.0,20.0,14.0,46.0,39.0,27.0
umabhängig,False,,,,,,,,,,,,,,,,,,,,,,,,,,1.0,,
umarbeiten,False,,,,,,,,,1.0,,,,,,,,,,,,,,,,,,,
umbau,False,,,,1.0,,,,,,,,,,,,,,,,,,,,,,,,
umbauen,False,,,,,,,,,,,,,,,,1.0,,,,,,,,,,,,
umbenennen,False,,,1.0,,,,,,,,,,,,,,,,,,,,,,1.0,,,
umbenennung,False,,,,,1.0,,,,,,,,,,,,,,,,,,,,,1.0,,
umbringen,False,,,,,1.0,,,,,,,,,,,,,,,,,,,,,,,
umdenken,False,,,,,,,,,,,,,,,,,,,1.0,,,,,,,,,
umdrehen,False,,1.0,,1.0,,,,,1.0,,,,,,,,,,1.0,,,,,,,,,
umfallen,False,,,,,,,,,,,,,,,,,,,1.0,,,,,,,,,
umfang,False,,,,,1.0,,,,,,,,,,,,,,,,,,,,,,1.0,
umfangreich,False,,,,,,,,,,,,,,,3.0,1.0,,,,,2.0,,,,,,,
umfassen,False,,,,1.0,,,,,,,,,,,1.0,,,,,2.0,,2.0,,,,,,
umfassend,False,,,,,1.0,,,,,2.0,,,,,,1.0,,1.0,,,,,,,,,,
umfeld,False,2.0,1.0,2.0,,3.0,,,1.0,,1.0,,,,,,,,,,,3.0,,,2.0,,,,
umformulieren,False,1.0,,,,,,1.0,,1.0,,,1.0,,,,,,,,,3.0,,,,,,,
umfäng,False,,1.0,,,,,,,,,,,,,,,,,,,,,,,,,,
umgang,False,1.0,,1.0,1.0,,,,,,,1.0,1.0,,2.0,,,,,,1.0,2.0,,,,,,1.0,
umgangen,False,,,,,,,,,,,,,,,,,,,,,,,,,,,1.0,
umgangsstil,False,,,,,,,,1.0,,,,,,,,,,,,,,,,,,,,
umgedreht,False,1.0,1.0,,,,,,,1.0,,,,,,,,,,,,2.0,,,,,,,
umgefallen,False,,,,,,,,,,,,,,,,,,,1.0,,,,,,,,,
umgehen,False,1.0,2.0,1.0,1.0,1.0,1.0,7.0,,,,,2.0,3.0,,,5.0,4.0,3.0,,3.0,4.0,1.0,2.0,,,2.0,1.0,3.0
umgehend,False,,,,,,,,,,2.0,,,,,,,,,,,,,,,,,,
umgehungstechnik,False,,2.0,,,,,,,,,,,,,,,,,,,,,,,,,,
umgekehrt,False,1.0,,,,,,,,,1.0,,,,,1.0,,,,,,,2.0,,,,,1.0,1.0
umgesehen,False,,,,,,,,,,1.0,,,,,,,,,,,,,,,,,,
umgeworfen,False,,,,,,,,,,,,,,,,,,,,,,,,,,1.0,,
umgeändern,False,,,,,,,,,,,,,,,,,,,1.0,,,,,,,,,
umgreifend,False,,,,,,,1.0,,,,,,,,,,,,,,,,,,,,,
umgrenzen,False,,,,1.0,,,,,,,,,,,,,,,,,,,,,,,,
umherrennen,False,,,1.0,,,,,,,,,,,,,,,,,,,,,,,,,
umkreis,False,,,,,,,,,,,,,,,,,,,,,,1.0,,,,,,
umlegen,False,,,,,,,,,,,,,,,1.0,,,,,,,,,,,,,
umorientieren,False,,,,,,,,1.0,,,,,,,,,,,,,,,,,,,,
umrandet,False,,,,,,,,,1.0,,,,,,,,,,,,,,,,,,,
umreißen,False,,,,,,,1.0,1.0,,,,,,,,,,,,,,,,,,,,
umrissen,False,,,1.0,,1.0,,,2.0,,,1.0,1.0,,,,,,,,,,,,,,,,
umsatz,False,1.0,,,,,,,1.0,,,,,1.0,,,,,,1.0,,,,,,,,,
umschalten,False,,,,,,,,,,,,,,,,,,,,,,,,1.0,,,,
umschlagen,False,,,,,,,,,,,,,1.0,,,,,,,,,,,,,,,
umschläg,False,,,,,,,,,,,,,,1.0,,,,,,,,,,,,,,
umschreibe,False,,,,,,,,,,,,1.0,,,,,,,,,,,,,,,,
umschreiben,False,,,,,,,,,,,,1.0,,,,,,,,,,1.0,,,,,,
umschrieben,False,,,,,1.0,,,,,,,,,,,,,,,,,,,,,,,
umschwenken,False,,,,,,,,,,,,,,,1.0,,,,,,,,,,,,,
umsehen,False,,,,,1.0,,,,,,,,,,,,,,,,,,,,,,,
umsetzbar,False,,,,,,,,,,,,,,,,1.0,,,,,,,,,,,,
umsetzen,False,1.0,8.0,1.0,3.0,1.0,,10.0,,13.0,3.0,2.0,1.0,4.0,,3.0,10.0,2.0,2.0,2.0,8.0,44.0,2.0,2.0,,5.0,1.0,,2.0
umsetzung,False,1.0,4.0,,4.0,,,1.0,1.0,3.0,,1.0,1.0,1.0,,,6.0,,,1.0,4.0,10.0,,,,2.0,,,
umsetzungsoption,False,,,,1.0,,,,,,,,,,,,,,,,,,,,,,,,
umsetzungspfad,False,,,,,,,,,,,,,,,,,,,1.0,,,,,,,,,
umso,False,1.0,,,1.0,3.0,,,,,1.0,1.0,1.0,1.0,,,,,,2.0,,,,,,1.0,,,
umsonst,False,,,,1.0,,,,,,,,1.0,,,,,,,,,2.0,2.0,,,,,,
umstand,False,2.0,,,1.0,,,,,,1.0,,1.0,,,1.0,,,1.0,,,,,,1.0,,1.0,,
umsteigen,False,,,,,,,,,,,,,,,,,,,,1.0,,,,,,,,
umstellen,False,,,,,,,1.0,,,,,,,,,,,,2.0,1.0,,,2.0,,,,,
umstritten,False,,,,,1.0,3.0,1.0,,,1.0,,,,,,,,,,,,,,,,1.0,,2.0
umstrukturieren,False,,,,,,,,,,,,,,,,1.0,,,1.0,,,,,,,,,
umtreiben,False,,,,,,,,,,,,,,,,,,,,1.0,,,,,,,,
umtriebe,False,,,,,1.0,,,,,,,,,,,,,,,,,,,,,,,
umweg,False,,,,,1.0,,,,,,,,,,,,,,,,,,,,,,,
umwelt,False,,,,,,,,,,,,,,,,,,,1.0,,,1.0,,,3.0,,,
umweltbesetz,False,,,,,,,,,,,,,,,,,,,,,,1.0,,,,,,
umweltbewegung,False,,,,,,,,,,,,,,,,,,,,,,1.0,,,,,,
umweltschutz,False,,,,,,,,,,,,,,,,,,,,,,1.0,,,,,,
umweltverschmutzung,False,,,,,,,,,,,,,,,,,,,,,,1.0,,,,,,
umwidmen,False,,,,,,,,,,,,,,,,,,,,,2.0,,,,,,,
umzukonfigurieren,False,,,,,,,,,,,,,,,,,1.0,,,,,,,,,,,
un,False,,,,,,,,,,16.0,,,,,,,,,2.0,,,3.0,,,,5.0,,
unabhängig,False,2.0,1.0,,2.0,1.0,2.0,5.0,,4.0,1.0,,1.0,1.0,1.0,1.0,,,,,,4.0,,,,2.0,1.0,1.0,2.0
unabhängige,False,,,,1.0,,,,,,,,,,,,,,,,,,,,,,,,
unabhängigen,False,,,,,,,,,,,,,,,,,,,,,,,,,,1.0,,
unabhängigkeit,False,,,,,,,,,,,,1.0,,1.0,,,,,,,,1.0,,,,,,
unabhängigkeitsbewegung,False,,,,,1.0,,,,,,,,,,,,,,,,,,,,,,,
unablässig,False,,,,,,,,,,,,,,,1.0,,,,,,,,,,,,,
unabstreit,False,,,,,,1.0,,,,,,,,,,,,,,,,,,,,,,
unambitioniern,False,,,,,,,,,,,,,,,,,,,1.0,,,,,,,,,
unamount,False,,,,,,,,,,,,,,,,,,,,1.0,,,,,,,,
unangenehm,False,1.0,,1.0,,,,,,,,,,,,1.0,,,1.0,,1.0,,2.0,,,,,,
unattraktiv,False,,,,,,,,,,,,,2.0,,,,,,,,,,,,,,,
unausgegoren,False,,,,,,,,,,,,,,,,,,,,,,,1.0,,,,,
unbeaufsichtigt,False,,,,1.0,,,,,,,,,,,,,,,,,,,,,,,,
unbedarft,False,,,,,,,,,,,,1.0,,,,,,,,,2.0,,,,,,,
unbedingt,False,3.0,,3.0,4.0,5.0,4.0,7.0,11.0,6.0,5.0,5.0,8.0,3.0,1.0,3.0,3.0,5.0,4.0,6.0,3.0,11.0,4.0,3.0,,3.0,1.0,1.0,2.0
unbefriedigend,False,,,,,,,,,,,,,,,,1.0,,,,,,,,1.0,,,,
unbefugt,False,,,,,1.0,,,,,,,,,,,,,,,,,,,,,,,
unbegreiflich,False,,,,,,,,,,,,,,,,,,,1.0,,,,,,,,,
unbegrenzt,False,,,1.0,,1.0,,,,,,,,,,,,,,,,,,,,,,,
unbehagen,False,,,,,,,,,,,,,,,,,,,,,3.0,,,,,,,
unbeholfen,False,,,,,,,,,,,,1.0,,,,,,,,,,,,,,,,
unbekannt,False,,,,,2.0,1.0,,,,,,,,,,,,1.0,3.0,,,,,,1.0,1.0,1.0,
unbelebt,False,1.0,,,,,,,,,,,,,,,,,,,,,,,,,,,
unbemerkt,False,,,,,1.0,,,,,,,,,,,,,,,,,,,,,,,
unbenannt,False,,,,,,,,,2.0,,,,,,,,,,,,,,,,,,,
unberechtigter,False,,,,,,,,,,,,1.0,,,,,,,,,,,,,,,,
unberechtigterweise,False,,1.0,,,,,,,,,,,,,,,,,,,,,,,,,,
unbeschränkt,False,,,,,,,,,,,,,1.0,,,,,,,,,,,,,,,
unbestritten,False,,,,,,,,,,,,,,,,,1.0,,,,,,,,,,,
unbeteiligte,False,,,,,,,,,,,,,,,,,,,,,,,,1.0,,,,
unbeweglichkeit,False,1.0,,,,,,,,,,,,,,,,,,,,,,,,,,,
und,True,418.0,522.0,444.0,395.0,480.0,293.0,347.0,290.0,371.0,260.0,255.0,458.0,312.0,273.0,391.0,281.0,236.0,238.0,356.0,357.0,843.0,421.0,272.0,320.0,230.0,465.0,352.0,324.0
underreported,False,,,,,,,,,,,,,,,,1.0,,,,,,,,,,,,
understatement,False,,,,,,,,1.0,,,,,,,,,,,,,,,,,,,,
unding,False,,,,,1.0,,,,,,,,,,,,,,,,,,,,,,,
undurchsichtig,False,,,,,,,,,,1.0,,,,,,,,,,,,,,,,,,
uneingehalten,False,,,,,,,,,,,,,,,,,,,1.0,,,,,,,,,
unendlich,False,,,,,1.0,,,,1.0,,,,,,,,,,,,2.0,,,,,2.0,2.0,1.0
unentschieden,False,,,,,,,,,,,,,,,,,,,,,4.0,,,,,2.0,,
unerheblich,False,,,1.0,,,,,,,,,,,,,,,,,,,,,,,,,
unerträglich,False,,,,,,,,,,,,1.0,,,,,,,,,,,,,,,,
unerwähnt,False,,,,,,1.0,,,,,,1.0,,,,,,,,,1.0,,1.0,,,,,
unfall,False,,,,1.0,,,,,,,,,,,,,,,,1.0,,1.0,,,,,,
unfalleinbarkeitsbeschluss,False,,,,,,,,,,,,,,,,,,,1.0,,,,,,,,,
unfassbar,False,1.0,1.0,1.0,,,,,,1.0,,,,,,,,1.0,1.0,,,6.0,,,,,,1.0,
unfassbares,False,,,,,,,,,1.0,,,,,,,,,,,,,,,,,,,
unfrei,False,1.0,,,,,,,,,,,,,,,,,,,,,,,,,,,
unfreundlich,False,1.0,,,,,,,1.0,,,,,,,,,,,,,,,,,,,,
unfug,False,1.0,,1.0,,,,,,,,,,,,,,,,,,,,,,,,,
unfähig,False,,,1.0,,,,,,,,,,,,,,,,,,,,,,,,,
ungar,False,,,,,2.0,,,,,,,,,,,,,,,,,,,,,,,
ungarn,False,,,,,4.0,,,,3.0,,,,,,,,,,,,,,,,,,,
ungefähr,False,,,1.0,2.0,4.0,,1.0,2.0,1.0,3.0,1.0,3.0,,,3.0,1.0,4.0,2.0,3.0,,,,1.0,3.0,,1.0,2.0,8.0
ungefährlich,False,,,,,,,,,1.0,,,,,,,,,,,,,,,,,,,
ungekehrt,False,,,,,,,,,,,,,,,,,,,,,2.0,,,,,,,
ungeklärt,False,,,,1.0,,,,,,,,,,,,1.0,,,,1.0,,,,,,,,
ungelog,False,,,,,,,,,,,,,,,,,,,,,,,,,,,1.0,
ungemütlich,False,,,,,,,,,,,,,1.0,,,,,,,,,,,,,,,
ungenau,False,,1.0,,,,,,,,,,,,,,,,,,,,,,,,,,
ungern,False,,1.0,,1.0,,,,,,,,,,,,,,,,,,,,,,,,
ungeschickt,False,,,,,,,,,,,,,,,,,,,,,2.0,,,,,,,
ungeschützt,False,,,,,,,,,,,,,,,,,,,,,,1.0,,,,1.0,,
ungesichert,False,,,,,,,,,1.0,,,,,,,,,,,,,,,,,,,
ungesprächig,False,,,,,,,,,,,,,,,,,,,,,,,,1.0,,,,
ungesund,False,,,,,,,,,,,,1.0,,,,,,,,,,,,,,,,
ungewohnt,False,,,,,,,,,,1.0,,,,,,,,,,,,,,,,,,
ungewöhnlich,False,,,,,,1.0,,,,1.0,1.0,,,,,,,,,,,,,,,,,
unglaublich,False,4.0,,2.0,4.0,3.0,4.0,2.0,1.0,1.0,1.0,,1.0,,,1.0,,,,2.0,2.0,3.0,1.0,,,,,,
ungleich,False,,,,,,,,,,,,,,,,,,,,,,1.0,,,,,,
ungleiche,False,,,,,,,,,,,1.0,,,,,,,,,,,,,,,,,
ungleichgewicht,False,,,,,,,,,,,,,,,,,,,,,,1.0,,,,,,
ungleichheit,False,,,,,,,,1.0,,,,,,,,,,,,,,2.0,,,,,,
unglück,False,,,,,,1.0,,,,,,,,,,,,,,,,,,,,,,
unglücklich,False,,,,,,,,,,,,,,,1.0,,,,,,,,,,,,,
ungünstig,False,,,,,1.0,,,,,,,,,,,,,,,,,,,1.0,,,,
unheimlich,False,,,,,,,,,,2.0,,,,1.0,,,,,,,,1.0,,,,9.0,,1.0
unhöflich,False,,,,,,,,,,,,,,,,,1.0,,,,,,,,,,,
uni,False,,,,,1.0,,,1.0,,,,2.0,,,,1.0,,,1.0,,,1.0,,,,,,
unicode,False,,,,,,,,,,,,,,,,,,,,,,,,,2.0,,,
unified,False,,,,,,,,,1.0,,,,,,,,,,,,,,,,,,,
uninar,False,,,,,,,,,,,,,,,,,,,,,,,,1.0,,,,
uninteressant,False,,,,,,,,,,,,1.0,,,,,,,,,,,,,,,,
union,False,,,,,,,1.0,,,1.0,,,,,7.0,3.0,1.0,,,,22.0,2.0,,,4.0,,,7.0
unionsfraktion,False,,,,,,,,,,,,,,,,,,,,,,,,,1.0,,,
unionsnah,False,,,,,,,,,,,,,,,,,,,,,,,,,1.0,,,
unique,False,,,,1.0,,,2.0,,,,,,,,,,,,,,,,,,,,,
uniserver,False,,,,,,,,,,,,2.0,,,,,,,,,,,,,,,,
unisono,False,,,,,,,,,,,,,,,1.0,,,,,,,,,,,,,
univerna,False,,,,,,,,,,,,,,,1.0,,,,,,,,,,,,,
universal,False,,,,1.0,,,,,,,,,,,,,,,,,,,,,,,,
universallösung,False,,,,2.0,,,,,,,,,,,,,,,,,,,,,,,,
universalschlüssel,False,,,,,1.0,,,,,,,,,,,,,,,,,,,,,,,
universell,False,1.0,,,1.0,,,,,,,,,,,,,,,,,,,,,,,,
university,False,1.0,,,,,,,,,,,1.0,,,,,,,,,,,,,,,,
universitär,False,,,,3.0,,,,,,,,,,,,,,,,,,,,,,,,
universität,False,,,,,,,,1.0,,,,3.0,,,,,,,,,,,,,,,,1.0
universitätssystem,False,,,,,,,,,,,,1.0,,,,,,,,,,,,,,,,
unklar,False,1.0,,,,,,,,,,,,2.0,,1.0,,,,,1.0,4.0,,,,1.0,,,
unklarheit,False,,,,,,,,,1.0,,,,,,,,,,,,,,,,,,,1.0
unkomfortabel,False,,,,,,,,,1.0,,,,,,,,,,,,,,,,,,,
unkompliziert,False,,,,,,,,,1.0,,,,1.0,,,,,,,1.0,,,,,,,,
unliebsam,False,,,,,,,,,,,,,,1.0,,,,,,,,,,,,,,
unlinkability,False,,,,,,,,,2.0,,,,,,,,,,,,,,,,,,,
unlinkable,False,,,,,,,,,1.0,,,,,,,,,,,,,,,,,,,
unlizenziert,False,,,,,,,,,,,,,,,,,,,,,,,,,,,1.0,
unlogisch,False,,,,,,,,1.0,,,,,,,,,,,,,,,,,,,,
unmeng,False,,,,,,,,,,,,,,,1.0,,,,,,,,,,,,,
unmenschlich,False,,,,,,,,,,,,1.0,1.0,,,,,,,,,,,,,,,
unmissbar,False,,,,,,,,,,,,,,1.0,,,,,,,,,,,,,,
unmittelbar,False,,,,,1.0,2.0,1.0,,2.0,2.0,,,,,3.0,,1.0,,,,,,,,1.0,1.0,,
unmöglich,False,,,,2.0,,,,,,,1.0,,,,1.0,,,,,,,,,,,,,
unmögliche,False,,,,,,,,1.0,,,,,,,,,,,,,,,,,,,,
unnormal,False,,,,1.0,,,,,,,,,,,,,,,,,,,,,,,,
unnötig,False,,,,,,,,,,,,,,,,,,,,,,,1.0,,,,,
uno,False,,,,,,,,,,,,,,,,,,,,,,,,,,1.0,,
unobservability,False,,,,,,,,,1.0,,,,,,,,,,,,,,,,,,,
unobstacability,False,,,,,,,,,1.0,,,,,,,,,,,,,,,,,,,
unpassend,False,,,,,,,1.0,,,,,,,,,,,,,,,,,,,,,
unpolitisch,False,,,,,,,,,,,,3.0,,,,1.0,,,,,,,,,,,,
unpraktikabel,False,,1.0,,,,,,,,,,,,,,,,,,,,,,,,,,
unproblematisch,False,,2.0,,,,,,,,,,,,,,,,,,,,,,,,,,
unprofessionell,False,,,1.0,,,,,,,,,,,,,,,,,,,,,,,,,
unproportional,False,,,,,,,,,,,,,,,1.0,,,,,,,,,,,,,
unpräzise,False,,,,1.0,,,,,,,1.0,,,,,,,,,,,,,,,,,
unrealistisch,False,,,,,,,,,,,,,,,,,,,,,2.0,,,,,,,
unrecht,False,,,,,,,,,,,,1.0,,,,,,,,,,,,,,,,
unreguliert,False,,,,,,,,,,,,,,,,,,,,,,2.0,,,,,,
unruhe,False,,,,,,,,,,1.0,,,,,,,,,,,,,,,,,,
uns,True,14.0,28.0,57.0,13.0,13.0,3.0,25.0,2.0,8.0,18.0,13.0,7.0,8.0,10.0,17.0,21.0,8.0,10.0,9.0,12.0,33.0,15.0,20.0,21.0,9.0,72.0,20.0,21.0
unsachlich,False,,,,,,,2.0,,,,,,,,,,,,,,,,,,,,,
unschuldig,False,,,,,,,,,,,,,,,1.0,,,,,,,,,,,,,
unschön,False,,,,,,,,,,,,,1.0,,,,,,,,,,,,,,,1.0
unser,False,12.0,20.0,25.0,10.0,20.0,,11.0,7.0,9.0,12.0,17.0,6.0,4.0,9.0,9.0,10.0,6.0,10.0,11.0,14.0,11.0,12.0,12.0,28.0,10.0,36.0,13.0,20.0
unsicher,False,,,,,1.0,,,,6.0,1.0,,,,1.0,,,,,,2.0,2.0,,,,,,,
unsicherheit,False,1.0,,,,,,,,1.0,1.0,,,,,,,,,,,2.0,,,,,,,
unsichtbar,False,,,,,,,2.0,,,,,1.0,,,,,1.0,,,,,1.0,,,,,,
unsichtbare,False,,,,,,,,,,,,1.0,,,,,,,,,,,,,,,,
unsichtbarkeit,False,,,,,,,,,,,,1.0,,,,,,,,,,,,,,,,
unsinn,False,,,,,1.0,,,,,,,,,,,,,,,,,1.0,,,,,,
unsinnig,False,,,,,,,,,,,1.0,1.0,,,,,,1.0,,,,,,,,,,
unsinnvoll,False,,,,,,,1.0,,1.0,,,,,,,,,,,,,,,,,,,
unspannend,False,,2.0,,,,,,,,,,,,,,,,,,,,,,,,,,
unstrukturiert,False,,,,,,,,,,,,,,,,,,,,,,1.0,,,,,,
untechnisch,False,,,,,,,,,1.0,,,,1.0,,,,,,,,,,,,,,,
unten,False,5.0,,,,,1.0,3.0,,,,,,,,,,,,1.0,,,,,,,,1.0,
unter,True,6.0,12.0,2.0,10.0,9.0,1.0,4.0,14.0,5.0,15.0,3.0,6.0,2.0,,7.0,7.0,8.0,6.0,2.0,4.0,18.0,16.0,2.0,3.0,2.0,6.0,6.0,4.0
unterabteilung,False,,,,,,,,,,,,,,,,,,,,,,,,,,,,1.0
unterarbeitsgruppe,False,,,,1.0,,,,,,,,,,,,,,,,,,,,,,,,
unteraspekt,False,,,,,,,,,,,,,,,,,,,,1.0,,,,,,,,
unterbehörden,False,,,,,,,,,,,,,,,,,,,1.0,,,,,,,,,
unterbelichten,False,,,,,,,,,,,,,,,,,,,,,,,,,,1.0,,
unterbieten,False,,,,,,,,,,,,,,,,,1.0,,,,,,,,,,,
unterbinde,False,1.0,,,,,,,,,,,,,,,,,,,,,,,,,,,
unterbinden,False,,1.0,,,,,,,,,,,5.0,,,,,,,,,,,,,,,
unterbleiben,False,,,,,,,,,,,,,,,1.0,,,,,,,,,,,,,
unterbrechen,False,,,1.0,3.0,,,,,,,,1.0,,1.0,,,,,1.0,1.0,4.0,,,,,2.0,,
unterbringen,False,,,,,,,,,,,,,1.0,,,,,1.0,,,,,,,,,,
unterbringung,False,,,,,,,,,,,,,1.0,,,,,,,,,,,,,,,
unterbunden,False,,,,,,,,,,,,,,,,,,,,,,2.0,,,,,,
unterdeckung,False,,,,,,,,,,,,,2.0,,,,,,,,,,,,,,,
unterdrücken,False,,,,,,,,,,,,,,,,,,,,1.0,,1.0,,,,,,
unterdrückung,False,,,,,1.0,,,,,,,,,,,,,,,,,,,,,,,
untereinander,False,,1.0,,,,,,,,1.0,1.0,1.0,,,,,1.0,,,,2.0,,,,,,2.0,
untereinheit,False,,,,,,,,,,,,,,,,,,,,,,,,,1.0,,,
unterentwickelt,False,,,,,,,,,1.0,,,,,,,,,,,,,,,,,,,
unterer,False,,,,,,,,2.0,,,,,,,,,,,,,,,,3.0,,,,
unteres,False,,,,,,,,,,,,,,,,,,,,,,,,1.0,,,,
unterfinanziert,False,,,,,,,,,,,,,,,,,,,,,,,,1.0,,,,
untergehen,False,,,1.0,4.0,,,,,,,,,,,,,,1.0,,,,,,,,,,
untergraben,False,,,,,,,,,1.0,,,,,,,,,,,,,,,,,,,
untergrund,False,,,,,1.0,,,,1.0,,,,,,,,,,,,,,,,,,,
untergruppe,False,,,,,2.0,,,,,,,,,,,,,,,,,,,,,,,
unterhalb,False,,,,,,,,,,,,,1.0,,,,,,,,,,,,,,,
unterhalten,False,2.0,1.0,,,,1.0,,1.0,,1.0,,3.0,1.0,,,,,,,,,,2.0,,,,1.0,
unterhöhlen,False,,,,,,,,,,,,,,,,,1.0,,,,,,,,,,,
unterkommen,False,1.0,,,,,,,,,,,,,,,,,,,1.0,,,,,,,,
unterkomplex,False,,,,,,,,1.0,1.0,,,,,,,,,,,,,,,,,,,
unterkunft,False,,,,,,,,,,,,,3.0,,,,,,,,,,,1.0,,,,
unterlage,False,,,,,2.0,,,,,,,,,,,,,,,,2.0,,,,,,,
unterlaufen,False,,,,,,,,,4.0,,,,,,,,,,,,,,,,,,,
unterliegen,False,,,1.0,,,,,,,,,,1.0,,,,,,,,,,,,,,1.0,
unterliegend,False,,,,,,,,,1.0,,,,,,,,,,,,,,,,,,,
unterliegst,False,,,1.0,,,,,,,,,,,,,,,,,,,,,,,,,
unterlässen,False,,,,,,,,,,,,,,,,,1.0,,,,,,,,,,,
untermaueren,False,,,,,,,,,1.0,,,,,,,,,,,,,,,,,,,
untermauern,False,,,,,,,,,,,1.0,,,,,,,,,,,,1.0,,,,,
unterminieren,False,,,,,,,,,2.0,,,,,,,,,,,,2.0,,,,,,,
unterminiern,False,,,,,,,,,1.0,,,,,,,,,,,,,,,,,,,
unterminiert,False,,,,,,,,,1.0,,,,,,,,,,,,,,,,,,,
unternehmen,False,1.0,3.0,9.0,5.0,1.0,,3.0,1.0,,,,,,,3.0,20.0,13.0,,1.0,,12.0,33.0,1.0,,,,8.0,2.0
unternehmensgeheimnisse,False,,1.0,,,,,,,,,,,,,,,,,,,,,,,,,,
unternehmensgründung,False,,,,,,,,,,,,,,,,,,,1.0,,,,,,,,,
unternehmensorientieren,False,,,,,,,,,,,,,,,,,,,,,1.0,,,,,,,
unternehmensorientiert,False,,,,,,,,,,,,,,,,,,,,,1.0,,,,,,,
unternehmensstruktur,False,,,,,,,,,,,,,,,,,,,,,,,,,1.0,,,
unternehmer,False,,,,,,,,,,,,,,,,,,,,,,,,,,,1.0,
unternehmerfreundlich,False,,,,,,,,,,,,,,,,,,,,,2.0,,,,,,,
unternehmung,False,,,,,,,,,,,,,,,,,,,,,,,,1.0,,,,
unterperson,False,,,,,,,1.0,,,,,,,,,,,,,,,,,,,,,
unterpunkt,False,,,,,,,,,,,,,,,,,,,,,2.0,,,,,,,
unterrepräsentieren,False,,,,,,,1.0,,,,,,,,,,,,,,,,,,,,,
unterrepräsentiersten,False,,,,,,,1.0,,,,,,,,,,,,,,,,,,,,,
unterrepräsentiert,False,1.0,,,,,,,,,,,,,,,,,,,,,,,,,,,
unterrichten,False,,,,,,,,,,,,2.0,,,,,,,,,,,,,,1.0,,1.0
unterscheidbar,False,,,,1.0,,,,,,,,,,,,,,,,,,,,,,,,
unterscheiden,False,2.0,,1.0,1.0,,,3.0,,,1.0,,1.0,,,,1.0,,,,10.0,8.0,,,,,,4.0,
unterscheidung,False,,,1.0,1.0,,,,,,,,,,,,,,,,1.0,2.0,,,,,,1.0,1.0
unterschieben,False,1.0,,,,,,,,,,,,,,,,,,,,,,,,,,,
unterschied,False,3.0,9.0,7.0,5.0,6.0,6.0,2.0,,3.0,3.0,2.0,4.0,,1.0,6.0,,,5.0,1.0,1.0,16.0,4.0,1.0,,1.0,4.0,9.0,4.0
unterschiedlich,False,3.0,3.0,1.0,8.0,3.0,1.0,2.0,4.0,,6.0,3.0,2.0,3.0,1.0,1.0,1.0,2.0,10.0,1.0,4.0,28.0,14.0,2.0,1.0,1.0,3.0,1.0,3.0
unterschiedlichkeit,False,,,,,,,,,,,,,,,,,1.0,,,,,,,,,,,
unterschlagen,False,,,,,,,,,,,,,,,,,,,,,,,,,,1.0,,
unterschreiben,False,,1.0,,1.0,1.0,,1.0,,9.0,,,,,2.0,2.0,,,,1.0,1.0,,,,,,,,
unterschreibend,False,,,,,,,,,,1.0,,,,,,,,,,,,,,,,,,
unterschrift,False,,,,,,,,,1.0,,,,,,,,,,,,,,,,,,,
unterschriftensammlung,False,,1.0,,,,,,,,,,,,,,,,,,,,,,,,,,
unterschätzen,False,,,,,,,,,,,,,,,,,,,,,2.0,,,,,,,
unterschätzt,False,,,,,,,,,,,,,,,,1.0,,,,,,,,,,,,
unterseekabel,False,,,,,,,,,,,,,,,,,,,,,,10.0,,,,,,
unterseekabelprojekte,False,,,,,,,,,,,,,,,,,,,,,,2.0,,,,,,
unterstellen,False,,,,,,,1.0,,,,,,,,1.0,,,,,1.0,,,,1.0,,1.0,,
unterstellt,False,,,,,,,1.0,,,,,,,,,,,,,,,,,,,,,
unterstellung,False,,1.0,,,,,,,,,,,,,,,,,,,,,,,,,,
unterstreichen,False,,,,,,,1.0,,,1.0,,,,,1.0,,1.0,,,,,,,,,,,
unterstrich,False,1.0,,,,,,,,,,,,,,,,,,,,,,,,,,,
unterstützen,False,1.0,,1.0,2.0,1.0,,,,,4.0,,,,,,2.0,,2.0,,,4.0,11.0,4.0,3.0,,4.0,,1.0
unterstützendwern,False,,1.0,,,,,,,,,,,,,,,,,,,,,,,,,,
unterstützung,False,,,,,,,1.0,,1.0,2.0,,,,3.0,,,,,,,5.0,5.0,9.0,,,1.0,,2.0
untersuch,False,,,,,,1.0,,,,,,,,,,,,,,,,,,,,,,
untersuchen,False,,,,,3.0,5.0,,,,,,1.0,,,,,,,,,,,,,,,,
untersuchend,False,,,,,,1.0,,,,,,,,,,,,,,,,,,,,,,
untersuchung,False,,,,,1.0,3.0,,,,,,,,,,6.0,,,,,,,,,,,,2.0
untersuchungsauftrag,False,,,,,,7.0,,,,,,,,,,,,,,,,,,,,,,
untersuchungsaufwand,False,,,,,,1.0,,,,,,,,,,,,,,,,,,,,,,
untersuchungsausfluss,False,,,,,,1.0,,,,,,,,,,,,,,,,,,,,,,
untersuchungsausschuss,False,,,,,19.0,53.0,,,,,,,,,,,,,,,,,,,,,,
untersuchungsausschusssitzung,False,,,,,1.0,,,,,,,,,,,,,,,,,,,,,,,
untersuchungsausschuß,False,,,,,8.0,17.0,,,,,,,,,,,,,,,,,,,,,,
untersuchungsausschüsse,False,,,,,2.0,8.0,,,,,,,,,,,,,,,,,,,,,,
untersuchungsgebiet,False,,,,,,,,,,,,1.0,,,,,,,,,,,,,,,,
untersuchungsgegenstand,False,,,,,,1.0,,,,,,,,,,,,,,,,,,,,,,
untersuchungsgegenständ,False,,,,,,1.0,,,,,,,,,,,,,,,,,,,,,,
untersuchungshaft,False,,,,,1.0,,,,,,,,,,,,,,,,,,,,,,,
unterteilen,False,,,,2.0,,,,1.0,,,,,,,,,,,,,,,,,,1.0,,
untertitel,False,4.0,,,,,,,,,,,,,1.0,,,,,,,,,,,,,,
untertitelt,False,1.0,,,,,,,,,,,,,,,,,,,,,,,,,,,
untertitelung,False,6.0,,,,,,,,,,,,,,,,,,,,,,,,,,,
unterton,False,,,,,,,,,,,,,,,,,,,,,2.0,,,,,,,
untertreibung,False,,,,1.0,,,,,,,,,,,,1.0,,,,,2.0,,,,,,,
untertrieben,False,,,,,,,,,,1.0,,,,,,,,,,,,,,,,,,
unterwandern,False,,,,,,,,1.0,1.0,,,,,,,,,,,,,,,,,,,
unterwegs,False,8.0,,1.0,,,,,3.0,,,,,1.0,,2.0,2.0,2.0,,1.0,2.0,,1.0,1.0,7.0,1.0,2.0,1.0,1.0
unterwerfen,False,,,,,,,,,,,,,,,,,,,,,,1.0,,,,,,
unterzeichnen,False,,,,,,,,,2.0,,,,,,1.0,,,,,,1.0,,,,,,,
unterzeichnerinn,False,,,,,,,,,,,1.0,,,,,,,,,,,,,,,,,
unterzubekommen,False,,,,,,,,,,,1.0,,,,,,,,,,,,,,,,,
unterzugsausschuss,False,,,,,1.0,,,,,,,,,,,,,,,,,,,,,,,
unumstritten,False,,,,,,,,,,,,,,,3.0,,,,,,,,,,,,,
unverbindlich,False,,,,,,,,,,,,,,,,,,,,,,,,,,,,1.0
unvereinbarkeitsbeschluss,False,,,,,,,,,,,,,,,,,,,,,2.0,,,,,1.0,,
unverhältnismäßig,False,,,,,,,,,,,,,,,2.0,,,,,,2.0,,,,,,,
unverhältnismäßigkeit,False,,,,,,,,,,,,,,,1.0,,,,,,,,,,,,,
unverknüpfbar,False,,,,,,,,,1.0,,,,,,,,,,,,,,,,,,,
unvermeidbar,False,,,1.0,,,,,,,,,,,,,,,,,,,,,,,,,
unverschlüsselt,False,,,,,,,,,1.0,,,,,,,,,,,,,,,,,,,
unverschlüsselte,False,,1.0,,,,,,,,,,,,,,,,,,,,,,,,,,
unvertrauenswürdig,False,,1.0,,,,,,,,,,,,,,,,,,,,,,,,,,
unveränderbar,False,,,,,,,,,1.0,,,,,,,,,,,,,,,,,,,
unwahrscheinlich,False,,,,,,,,,,1.0,1.0,,,,,,,,1.0,,2.0,,,,,,,1.0
unwichtig,False,,1.0,,,1.0,,,,,,,,,,,,,,,,2.0,,,,,,,
unwiederbringlich,False,,,,,,,,,,,,,,,,,,,,,,1.0,,,,,,
unwille,False,,,,,,,,,,,,,,,,,,,,1.0,,,,,,,,
unwillig,False,1.0,,,,,,,,,,,,,,,,,,,1.0,,,,,,,,
unwirksam,False,,1.0,,,,,,,,,,,,,,,,,,,,,,,,,,
unwissentlich,False,,,,,,,,,,,,,,,,,,,,,,,,,,,1.0,
unwählbar,False,,,,,,,,,,,,,,,,,,,,,2.0,,,,,,,
unwürdig,False,,,,,,,,,,,,,,,,,,2.0,,,,6.0,,,,,,
unzufrieden,False,,,,,1.0,,5.0,,,,,,,,,,1.0,,,,,,,,,,,
unzugänglich,False,1.0,,,,,,,,,,,,,,,,,,,,,,,,,,,
unähnlich,False,,,,,,,,,,,,,,,,,,,,,,,,,,1.0,,
unübersichtlich,False,,,,,,,,,,,,,,,,,1.0,,,,,,,,,,,
unüblich,False,,,,,,,,,,1.0,,,,,,,,,,,,,,,,,,
update,False,,,,,,,,,3.0,1.0,,,,,,,,,,2.0,,,,,,,1.0,
updated,False,,,,,,,,,,1.0,,,,,,,,,,,,,,,,,,
updaten,False,,,,,,,,,,,,,,,,,,,,1.0,,,,,,,,
upgedaten,False,,,,,,,,,,,,,,,,1.0,,,,,,,,,,,,
uploadfilter,False,,2.0,,,,,,,,,,,,,,,,,,,,,,,,,,
ups,False,,,1.0,,,,,,,,,,,,,,,,,,,1.0,,,,,,
upsi,False,,,,,,,,,,,,,,,,,1.0,,,,,,,,,,,
uralt,False,,,,,,,,,,,,,1.0,,2.0,,1.0,,,,,,,,,,,
urberrechtlich,False,,1.0,,,,,,,,,,,,,,,,,,,,,,,,,,
ureigen,False,,,,,,,,,,,,,,,,,,,,,,,,,,,,1.0
urgestein,False,,,,,,,,1.0,,,,,,,,,,,,,,,,,,,,
urheberrecht,False,,,,,,,,2.0,,1.0,,,,,1.0,,,,,,,,,,,1.0,4.0,
urheberrechtlich,False,,,,,,,,,,,,,,,1.0,,,,,,,,,,,,1.0,
urheberrechtsreform,False,,1.0,,,,,,,,,,,,,,,,,,,,,,,,,,
urheberrechtsverletzung,False,,1.0,,,,,,,,,,,,,1.0,,,,,,,,,,,,1.0,
urheberrechtsverstöße,False,,,,,,,,,,,,,,,1.0,,,,,,,,,,,,,
urheberschutzrechte,False,,,,,,,,,,,,,,,1.0,,,,,,,,,,,,,
urheberverwertungsrechte,False,,,,,,,,,,,,,,,1.0,,,,,,,,,,,,1.0,
urheberverwertungsrechtsignorierer,False,,,,,,,,,,,,,,,1.0,,,,,,,,,,,,,
urkunde,False,,,,,,,,,2.0,,,,,,,,,,,,,,,,,,,
urkundenfälschung,False,,,,,1.0,,,,,,,,,,,,,,,,,,,,,1.0,,
url,False,,1.0,,,,,,,3.0,,,,,,,,,,,,,,,1.0,,,2.0,
urlaub,False,1.0,,,,,,,,,,,,,,,,1.0,,,,,,,1.0,,,,
urlaubstätigkeit,False,,,,,,,,,,,,,,,,,1.0,,,,,,,,,,,
urls,False,,1.0,,,,,,,,,,,,,,,,,,,,,,,,,,
ursprungsankündigung,False,,,,,,,,,,,1.0,,,,,,,,,,,,,,,,,
ursprungsentwurf,False,,,,2.0,,,,,,,,,,,,,,,,,,,,,,,,
ursprungskonzept,False,,,,1.0,,,,,,,,,,,,,,,,,,,,,,,,
ursprungslösung,False,,,,2.0,,,,,,,,,,,,,,,,,,,,,,,,
ursprungsvertrag,False,,,,,,,,,,1.0,,,,,,,,,,,,,,,,,,
ursprünglich,False,1.0,1.0,,2.0,2.0,,,,1.0,2.0,,1.0,2.0,2.0,1.0,1.0,1.0,,1.0,,,,,,,1.0,1.0,
ursula,False,,2.0,,,,1.0,,,,,,,,,,,,,,,,,,,,,,
ursächlich,False,,,,,,,,,,,,1.0,,,,,,,,,,,,,,,,
urteil,False,,,,,15.0,,9.0,,,,,,2.0,3.0,37.0,,,2.0,,,8.0,,5.0,,,2.0,,2.0
urteilen,False,,,,,,,,,,,,,,3.0,1.0,,,,,,,,,,,,,
urteilsbegründung,False,,,,,,,,,,,,,,,,,,,,,,,4.0,,,,,
urteilsfindung,False,,,,,,,,,,,,,,,,,,,,,,,,,,,,1.0
urteilsverkündigung,False,,,,,,,,,,,,,,,,,,,,,,,1.0,,,,,
urteilsverkündung,False,,,,,,,,,,,,,,,,,,,,,,,1.0,,,,,
urvertrauen,False,,1.0,,,,,,,,,,,,,,,,,,,,,,,,,,
us,False,,,,,1.0,,,,,1.0,,,,,,,,,,,,,,,1.0,,,
usa,False,3.0,1.0,,,11.0,3.0,1.0,,,3.0,,6.0,,1.0,1.0,,,,,,17.0,8.0,,,,2.0,,
usability,False,,1.0,,,,,,,,,,,,,,,,,,1.0,,,,,,,,
usb,False,,,,,,,,,,,,,,,,,,,,,,,,1.0,,,,
use,False,,,,,1.0,,,,1.0,1.0,,,,,,,,,,,,,,,,,,
user,False,3.0,,,,,,1.0,,,,,,,1.0,1.0,4.0,,,,1.0,,,,,,1.0,7.0,
userbase,False,,1.0,,,,,,,,,,,,,,,,,,,,,,,,,,
userbasis,False,,1.0,,,,,,,,,,,,,,,,,,,,,,,,,,
userfreundlich,False,,1.0,,,,,,,,,,,,,,,,,,,,,,,,,,
userinn,False,,2.0,,,,,,,,,,,,,,,,,,,,,,,,,,
userinne,False,,,,,,,,,,,,,,,,,,,,,,,,,,,1.0,
usual,False,,,,,,,,,,,,1.0,,,,,,,,,,,,,,,,1.0
usus,False,,,,,,1.0,,,,,,,,,,,,,,,,,,,,,,
utopie,False,,,,,,,,,1.0,,,,,,,,1.0,,,,,,,,,,1.0,
utopisch,False,,,1.0,,,,,,1.0,,1.0,,,,,,,,,,3.0,,,,,,,
uwe,False,,,,,1.0,,,,,,,,,,,,,,,,,,,,,,,
vage,False,,,,1.0,1.0,,,,,1.0,,,,,,,,1.0,,,,,,,,,,
vakuum,False,,,,,,,,,,,,,,,,,,,,1.0,,,,,,,,
valid,False,2.0,,,,1.0,,,,,,,1.0,,,,,,,,,2.0,2.0,,,,,,
valida,False,1.0,,,,,,,,,,,,,,,,,,,,,,,,,,,
validation,False,,,,,,,,,2.0,,,,,,,,,,,,,,,,,,,
valide,False,,,,,,,,,,,,1.0,,,,,,,,,,,,,,,,
valley,False,,,,,,,,1.0,,,,1.0,,,,,,,,,,,,,3.0,,,
vampir,False,,,,,,,,,,,,,,,,,,,,,,1.0,,,,,,
vangelize,False,,,,,,,,,,,,,,1.0,,,,,,,,,,,,,,
variabl,False,,,,,1.0,,,,,,,,,,,,,,,,,,,,,,,
variable,False,,,,,1.0,,,,,,,,,,,,,,,,,,,,,,,
variant,False,,,,1.0,,,,,,,,,,,1.0,,,,,1.0,,,,,,,,
variante,False,,,1.0,1.0,,,1.0,,2.0,,,,,,,,2.0,,,9.0,,,,,,,2.0,
vater,False,,,,,,,,,,,,1.0,,,,,,,,,,,,,,,,
vda,False,1.0,,,,,,,,,,,,,,,,,,,,,,,,,,,
vds,False,,,,,,,,,,,,,,,1.0,,,,,,,,,,,,,
vegan,False,,1.0,,,,,,,,,,,,,,,,,,,,,,,,,,
vehement,False,,1.0,,,,,,,,,,,,,,,,,,,,,1.0,,,,,
vehikel,False,,,,,,,,,,,1.0,1.0,,,,,,,,,,,,,,,,
vendetta,False,,,,,,,,,,,,,,,,,,,,,,,,,,,1.0,
venedig,False,,,,,,,,,,1.0,,,,,,,,,,,,,,,,,,
venture,False,,,,,,,,,,,,,,,,,,,,,,,,,,,1.0,
ver,False,,,,1.0,,,,,,,,,,,,,,,,,,,,,,,,
verabreden,False,,1.0,,,,,,,,,,,,,,,,,,,,,,,,,,
verabredung,False,,,,,,,,,,,,,,,1.0,,,,,,,,,,,,,
verabreichen,False,,,,,1.0,,,,,,,,,,,,,,,,,,,,,,,
verabschieden,False,,1.0,,1.0,1.0,,2.0,,2.0,1.0,2.0,1.0,,,2.0,2.0,,,1.0,1.0,,,,,,,,4.0
verabschiedung,False,,,,,,,,,,,,,,,,1.0,,,,,,,,,,,,
verachten,False,1.0,,,,,,,,,,,,,1.0,,,,,,,,,,,,,,
verachtlich,False,,,,,,,,,,,,,,,1.0,,,,,,,,,,,,,
veraken,False,,,,,,,,,,,,,,1.0,,,,,,,,,,,,,,
verakten,False,,,,,,,,,,,,,,1.0,,,,,,,,,,,,,,
verallgemeinen,False,,,,,,,,,,,,,,,,,,,,,,,,,,,1.0,
veralten,False,,,,,,,,,,,,,,,,,,,,,2.0,,1.0,,,,,
veraltet,False,,,,,,,,,,,,,,,,,,,,,,,,1.0,,,,
verankern,False,,2.0,,,,,,,,,,,,,,,,,,1.0,,,,,2.0,,,
verankerung,False,,,,,,,,,,,,,,,,,,,,5.0,,,,,,1.0,,
veranschaulichung,False,,1.0,,,,,,,,,,,,,,,,,,,,,,,,,,
veranstalten,False,,,,,,,,,,,,,,,,,,,,,,,,2.0,,,,
veranstaltung,False,1.0,,,,,,,,,,1.0,,,,,,,,,2.0,,2.0,,26.0,,,,
veranstaltungsbeginn,False,,,,,,,,,,,,,,,,,,,,,,,,1.0,,,,
veranstaltungsgesellschaft,False,,,,,,,,,,,,,,,,,,,,,,,,1.0,,,,
veranstaltungskalender,False,,,,,,,,,,,,,,,,,,,,,,,,1.0,,,,
verantwortlich,False,,1.0,,,1.0,,,,,,,1.0,,,,5.0,1.0,,1.0,2.0,,,,,,,,
verantwortliche,False,,,,,,1.0,,,,,,,,,,,,,,,,1.0,,,,,1.0,
verantwortlichkeit,False,,,,,,,,,,,,,,1.0,,,,,,,,,,,,,,
verantwortung,False,,,1.0,,2.0,1.0,,,1.0,,1.0,2.0,,,,3.0,1.0,,2.0,,2.0,5.0,,,,2.0,2.0,
verarbeiten,False,1.0,,,4.0,,,,,,,,,,,,,1.0,,,1.0,6.0,8.0,,,,,1.0,
verarbeitung,False,,,,,,,,,,,,,,,,,,,,,,,1.0,,,,,
verarbeitungsprozeß,False,,,,,,,,,,,,,,,,,,,,,,1.0,,,,,,
verarbeitungsvorgäng,False,,,,,,,,,,,,,,,,,,,,,,,,,,,,1.0
verargumentierbar,False,,,,,,,,,,,,,,,,,,,,,,1.0,,,,,,
verargumentieren,False,,,,,,,,,,,,,,,1.0,,,,,,2.0,,,,,,,
verargumentiern,False,,,,1.0,,,,,,,,,,,,,,,,,,,,,,,,
verarschen,False,,,1.0,,1.0,1.0,,,,,,,,,,,,,,,,,,,,,,
verb,False,,,,,,,,,,,,1.0,,,,,,,,,,,,,,,,
verbal,False,,,,,,,1.0,,,,,,,,,,,,,,,,,,,,,
verband,False,,,,,2.0,,,,,,7.0,,,,3.0,,,2.0,,2.0,6.0,,,,2.0,,,
verbandsklag,False,1.0,,,,,,,,,,,,,,,,,,,,,,,,,,,
verbauen,False,,,,,,,,,,,,,,,1.0,,,,1.0,,,1.0,3.0,,,,,
verbeamten,False,,,,,,,,,,,,,,,,,,,,,,,,,1.0,,,
verberechtigen,False,,,,,,,,,,,,,,,,,,,1.0,,,,,,,,,
verbergen,False,1.0,1.0,,,,,,,,,,,,1.0,1.0,,,,,1.0,,,,,,,,
verbessern,False,2.0,1.0,1.0,,,,1.0,,,,,3.0,,,,1.0,,,,1.0,6.0,,1.0,,,,1.0,3.0
verbesserung,False,,,,,,,1.0,,,,1.0,,,,,,,,,2.0,2.0,,1.0,,1.0,,,1.0
verbesserungsbedarf,False,,,,,,,,,,,,,,,,,,1.0,,,,,,,,,,
verbesserungsbedürftig,False,,,,,,,,,,,,,,,,,,1.0,,,,,,,,,,
verbesserungskomponent,False,,,,,,,,,,,,1.0,,,,,,,,,,,,,,,,
verbesserungsvorschlag,False,,,,,,,,,,1.0,,,,,,,,,,,,,,,,,,
verbesserungswürdig,False,,,,,,,,,,,,,,1.0,,,,,,,,,,,,,,
verbieten,False,1.0,3.0,,,7.0,,,,,,,,3.0,,,,3.0,,,,8.0,6.0,,,,,,
verbildlich,False,,,,,,,,,,,,,,,1.0,,,,,,,,,,,,,
verbinden,False,2.0,1.0,2.0,3.0,4.0,,1.0,,,1.0,2.0,6.0,2.0,1.0,2.0,1.0,2.0,1.0,1.0,4.0,7.0,,,,1.0,5.0,,2.0
verbindlich,False,,,,,,,,,,4.0,,,,1.0,,,,,,,,,,,,,,2.0
verbindlichkeit,False,,,,,,,,,,,,,,,,,,,,,,,1.0,,1.0,,,
verbindung,False,,1.0,,2.0,1.0,,,,3.0,,,,,,5.0,,,,,,2.0,3.0,,,,,1.0,
verbleiben,False,,,,,,,,,,,,,,,,,,,,,,1.0,,,1.0,,,
verbot,False,,,,,1.0,,,,,2.0,,,,,,,,1.0,,,2.0,,,,,,,
verbotten,False,,,,,,,,,,,,,,,,,,,,,,,,,,,1.0,
verbrauchen,False,,,,,,,1.0,,,,,,,,2.0,,,,,,,,,,,,,
verbraucher,False,,,,,,,,2.0,,,,,,,,,,,,,,,,,,,,
verbraucherinn,False,,,1.0,,,,,,,,,,,,,,,,,,,,,,1.0,,,
verbraucherinnen,False,,,,,,,1.0,,,,,,,,,,1.0,,,,,,,,1.0,,,
verbraucherinnenperspektive,False,,,,1.0,,,,,,,,,,,,,,,,,,,,,,,,
verbraucherinnenschutz,False,,,,,,,,,,,,,,,,,,,,,,,,,2.0,,,
verbraucherschutz,False,,,1.0,,,,,,,,1.0,,,,,1.0,,,1.0,,,,,,4.0,,,
verbraucherschutzfreundlicher,False,,,,,,,,,,,,,,,,,,,,1.0,,,,,,,,
verbraucherschutzzentral,False,,,,,,,,,,,,,,,,1.0,,,,,,,,,,,,
verbraucherzentrale,False,,,,,,,,,,,,,,,,,,,,,2.0,,,,,,,
verbrechen,False,,,,,7.0,,,,,3.0,,,,,1.0,,,,,,,,,,,,,
verbrechensbekämpfungsverhinderer,False,,,,,,,,,,,,,,,1.0,,,,,,,,,,,,,
verbrechensfälle,False,,,,,1.0,,,,,,,,,,,,,,,,,,,,,,,
verbrecher,False,,,,,2.0,,,,,,,,,,5.0,,,,,,,,,,,,,
verbrecherdatenbank,False,,,,,,,,,,,,,,,,,,,,,,,,,,1.0,,
verbrecherfang,False,,,,,,,,,,,,,,,1.0,,,,,,,,,,,,,
verbreiten,False,,3.0,,,1.0,2.0,5.0,2.0,2.0,,,1.0,,,,2.0,7.0,,,,,,,1.0,,1.0,1.0,
verbreitet,False,,,,,1.0,,,,,,,,,,,,1.0,,,,,,,,,,1.0,
verbreitung,False,,1.0,,,,,,2.0,,1.0,,,,,,,,,,,,,,,,,1.0,
verbrennen,False,,,,,,,,,,,,,,,1.0,,,,,,,4.0,,,,2.0,2.0,
verbringen,False,,,,,,2.0,,,,1.0,,2.0,,,,,,,,,,,,,,2.0,,
verbrochen,False,,,,,,,,,,,,1.0,1.0,,,,,,,,,,,,,,,
verbummeln,False,,,,,,,,,,,,,,,,,1.0,,,,,,,,,,,
verbunddatei,False,,,,,,,,,,,,,,,,,,,,,2.0,,,,,,,
verbunden,False,,,,,,,,,,,,,,,,,,,,,,,,,,2.0,,
verbändebeteiligung,False,,,,,,,,,,,,,,,,,,1.0,,,,,,,,,,
verbündeter,False,,,,,,,,,,,,,,1.0,,,,,,,,,,,,,,
verdacht,False,2.0,,,1.0,2.0,,3.0,,1.0,,,,1.0,,4.0,,,,,,,,,1.0,,2.0,1.0,
verdachtsloses,False,,,,,,,,,,,,,,,1.0,,,,,,,,,,,,,
verdammen,False,,,,,1.0,,,,,,,,,,,,,,,,,,,,,,,
verdammt,False,1.0,,,,,,,,,,1.0,,,,1.0,,,,,,,,,,,,,
verdammter,False,,,,,,,,,,,,,,,,,,,,,,,,,,1.0,,
verdanken,False,,,,1.0,,,,,,,1.0,,,,,,,,,,,,,,,,,
verdauungstrakt,False,,,,,,1.0,,,,,,,,,,,,,,,,,,,,,,
verdeckt,False,,,,,,,,,,,,,,,,,,,,,,,,,,2.0,,
verdenken,False,,,,,1.0,,,,,,,,,,,,,,,,,,,,,,,
verdienen,False,2.0,,4.0,,,,1.0,,,,1.0,,2.0,,,1.0,,2.0,1.0,,2.0,,,1.0,1.0,,3.0,
verdikt,False,,,,,1.0,,,,,,,,,,,,,,,,,,,,,,,
verdingen,False,,,,,,,,,,,,,,,,,,,,,,2.0,,,,,,
verdingsen,False,,,,,,,,,,,,,,,1.0,,,,,,,,,,,,,
verdoppeln,False,,,,,,,,,,,,,,,1.0,,,,,,,1.0,,,,,,
verdopplung,False,,,,,,,,,,,,,,,1.0,,,,,,,,,,,,,
verdorben,False,,,,,,,,,,,,,,1.0,,,,,,,,,,,,,,
verdrehen,False,,,,,,,,,,,,,,,,,,,1.0,,,,,,,,,
verdreifachen,False,,,,,,,,,,,,,,,,,,,,,,,1.0,,,,,
verdrächterung,False,,,,,,,1.0,,,,,,,,,,,,,,,,,,,,,
verdächtig,False,,1.0,,,,,,,,,,,,,,,,,,,2.0,,,,,,,
verdächtigen,False,,,,,,,,,,,,,,,1.0,,,,,,,,,,,,,
verein,False,3.0,,,,,,1.0,,,,,,,,,7.0,,2.0,,1.0,,,,2.0,3.0,24.0,,
vereinbar,False,,,,,,,,,,,,,,,2.0,,,,,,,,,,,,,
vereinbaren,False,,,,,,,,,,,,,,,,,,,,,,,,,,,,1.0
vereinbarung,False,,,,,,,,,,,,,,,,,,,,,,,,,1.0,,,
vereinfach,False,,,,,,,,,,,,,,,,,,,,,2.0,,,,,,,
vereinfachen,False,,1.0,,,,,,,,,1.0,,1.0,,,,,,,,,,,,,,,1.0
vereinfacht,False,,,,,,,,1.0,,,,,,,,,,,,,,,,,,,,
vereinfachung,False,,,,,,,,,,,,,,,,,,,1.0,,,,,,,,,
vereinheit,False,,,,,,,,,,1.0,,,,,,,,,,,,,,,,,,
vereinheitlichung,False,,,,,,,,,1.0,,,,,,,,,,,,,,,,,,,
vereinigen,False,,,,,,,,,,,,,1.0,,,1.0,,,,,,,,,,,,
vereinigung,False,,,,,,,,,,,,,,,,,,,,,,,,,,1.0,,
vereinsmitgliedern,False,,,,,,,,,,,,,,,,,,,,,,,,,,1.0,,
vereinsmitgliedschaft,False,,,,,,,,,,,,,,,,,,,,,,,,,,1.0,,
vereinswesen,False,,,,,,,,,,,,,,,,,,,,1.0,,,,,,,,
vereint,False,,,,,,,,,,3.0,,,,,,,,,,,,,,,,,,
verend,False,,1.0,,,,,,,,,,,,,,,,,,,,,,,,,,
verfahren,False,,,3.0,12.0,1.0,,,,,,,,2.0,1.0,7.0,1.0,,,3.0,3.0,6.0,,29.0,,,2.0,1.0,2.0
verfahrenskompetenz,False,,,,,,,,,,,,,,,,,,,,,,,1.0,,,,,
verfahrensmaterial,False,,,,,,,,,,,,,,,,,,,,,,,1.0,,,,,
verfahrenstaktisch,False,,,,,,,,,,,,,,,,,,,,,,,1.0,,,,,
verfahrensweg,False,,,,,,,,,,,,,,,,,,,,,,,1.0,,,,,
verfangen,False,,,,,,,3.0,,,,,,,,,,,,,,,,,,,,,
verfassen,False,,,,,,,1.0,,,,,,,,,,,,,,,,,,,1.0,,
verfassung,False,,,,,,,,,,,,,3.0,,,,,,,,,,,,,1.0,,1.0
verfassungsbeschwerde,False,,,,,3.0,2.0,,,,,,,,,,2.0,,2.0,,,,,,,,,,
verfassungsbeschwerdeverfahre,False,,,,,,,,,,,,,,,1.0,,,,,,,,,,,,,
verfassungsfe,False,,,,,,,1.0,,,,,,,,,,,,,,,,,,,,,
verfassungsgemäß,False,,,,,,,,,,,,,1.0,,,,,,,,,,,,,,,
verfassungsgericht,False,,,,,,1.0,,,,,,,6.0,,4.0,,,1.0,,,,,,,,,,
verfassungsgerichtlich,False,,,,,,,,,,,,,,,,,,,,,2.0,,,,,,,
verfassungsgerichtshof,False,,,,,,,,,,,,,,,,,,,,,,,,,,1.0,,
verfassungsgerichtsurteil,False,,,,,,,,,,,,,3.0,,,,,,,,,,,,,,,
verfassungsklage,False,,,,,,,,,,,,,1.0,,,1.0,,,,,,,,,,1.0,,
verfassungskonform,False,,,,,,,,,,,,,,,,,,1.0,,,,,,,,,,
verfassungsrecht,False,,,,,,,,,,,,,2.0,,,,,,,,,,,,,1.0,,
verfassungsrechtsprechung,False,,,,,,,,,,,,,,,,,,1.0,,,,,,,,,,
verfassungsschutz,False,,,,,1.0,,,,,,,,,,,,,,,,,,,,,,,
verfassungswidrig,False,,,,,,,,,,,,,2.0,1.0,,,,,,,,,,,,,,
verfassungswidrigkeit,False,,,,,,,,,,,,,,,1.0,,,,,,2.0,,,,,,,
verfehlen,False,,,,,,,,,,,,,,,,,,,,,3.0,,,,,,,
verfehlung,False,1.0,,,,,,,,,,,,,,,,,,,,,,,,,,,
verfilmung,False,,,,,,,,,,,,1.0,,,,,,,,,,,,,,,,
verfolgen,False,,5.0,2.0,4.0,1.0,1.0,1.0,2.0,3.0,2.0,,,2.0,,4.0,1.0,,1.0,1.0,2.0,2.0,,3.0,,,1.0,1.0,
verfolgenswert,False,,,,1.0,,,,,,,,,,,,,,,,,,,,,,,,
verfolgung,False,,1.0,,,,,,,,,,,,,,,,,,,,,,,,,,
verfügbar,False,,,,1.0,1.0,,,2.0,,,,1.0,1.0,,,1.0,1.0,1.0,,1.0,,1.0,,1.0,,,1.0,
verfügbarkeit,False,,,,,,,,,,,,,,,,,,,,,,,,1.0,,,,
verfügung,False,1.0,1.0,,3.0,1.0,,2.0,,4.0,1.0,2.0,,3.0,,4.0,4.0,,,3.0,,8.0,2.0,,1.0,,,4.0,3.0
verfügungsmöglichkeit,False,,,,,,,,,,,,,1.0,,,,,,,,,,,,,,,
vergabe,False,,,,,,,4.0,,,,,,,,,,,,,,,,,,,,,
vergaberecht,False,,,,,,,1.0,,,,,,,,,,,,,,,,,,,,,
vergabeverfahren,False,,,,,,,1.0,,,,,,,,,,,,,,,,,,,,,
vergabewesen,False,,,,,,,,,,,,,,,,,,,,,,1.0,,,,,,
vergangen,True,,,,,1.0,,,,,3.0,,,,,,,,,1.0,,,,,,,1.0,,1.0
vergangenheit,False,,2.0,1.0,,1.0,1.0,1.0,,,,,1.0,2.0,,1.0,,,,2.0,,4.0,,,,1.0,2.0,2.0,
vergeben,False,,,,1.0,,,3.0,,,,,,,,,,,,,,2.0,,,,,,,
vergegenwärtigen,False,,,,,,,,,,,,,,,,,,,,,2.0,,,,,,,
vergegenwärtigung,False,,,,,1.0,,,,,,,,,,,,,,,,,,,,,,,
vergehen,False,,1.0,,1.0,,,,,1.0,,,,,,1.0,,,,1.0,,,,2.0,,,,,
vergessen,False,2.0,,1.0,3.0,2.0,,5.0,,,1.0,,2.0,,2.0,3.0,3.0,,,1.0,2.0,,,1.0,1.0,1.0,1.0,,
vergessenheit,False,,,,,,,,,,,,,,,,,,,,,,,1.0,,,,,
vergifen,False,,,,,,,,,,,,,,,,,,,,,,,,,,,1.0,
vergiften,False,,,,,,,,,,,,,,,,,,,,,,2.0,,,,,4.0,
vergiss,False,,,,,,,,,,,,,,,,,,,,,,,,,,,1.0,
vergissen,False,,,,,,,1.0,,,,,,,,,,,,,,,,,1.0,,,,
vergisst,False,,,,,,,,,,1.0,,,,,,,1.0,,1.0,1.0,,,,,,,,
vergleich,False,4.0,1.0,1.0,2.0,1.0,1.0,,1.0,,,,4.0,1.0,2.0,1.0,,1.0,1.0,2.0,,6.0,3.0,1.0,1.0,1.0,1.0,1.0,2.0
vergleichbar,False,,,1.0,,,,,,,,,,,,,1.0,,,,,2.0,,,2.0,,,,
vergleichen,False,,3.0,1.0,,1.0,,,1.0,,,,,1.0,,,,,,,,4.0,,,,,1.0,,1.0
vergleichend,False,,,,,1.0,,,,,,,,,,,,,,,,2.0,,,,,,,
vergleichsweise,False,,,,,,,,,,,,1.0,,,,,1.0,,,,2.0,,,,,,,1.0
vergleichswert,False,,,,,,,,,,,1.0,,,,,,,,,,,,,,,,,
vergnügungssteuerpflichtig,False,,,,,,,1.0,,,,,,,,,,,,,,,,,,,,,
vergrätzen,False,,,,,1.0,,,,,,,,,,,,,,,,,,,,,,,
vergrößern,False,2.0,,,,,,,,,,,,,,,,,,,1.0,2.0,,,,,,,
vergrößerung,False,2.0,,,,,,,,,,,,,,,,,,,,,,,,,,,
vergrößerungssoftwar,False,1.0,,,,,,,,,,,,,,,,,,,,,,,,,,,
vergütung,False,,,,,,,,,,,,,,,,,,,,,,,,,,,1.0,
verhaften,False,,,,,,,,,,,,,,,1.0,,,,,,,,,,,,,
verhalt,False,,,,,,,,,,,,,,,,,,1.0,,,,,,,,,,
verhalten,False,,2.0,,,,1.0,5.0,,,1.0,,,1.0,,9.0,,,,,,8.0,3.0,,,1.0,,2.0,
verhaltensauswertungsthema,False,,,,,,,,,,,,,,,,,,,,,,,1.0,,,,,
verhaltensdat,False,,,,,,,,,,,,,,,,,,,,,2.0,,,,,,,
verhaltensmusterauswertungsgeschichten,False,,,,,,,,,,,,,,,,,,,,,,,1.0,,,,,
verhaltenswissenschaft,False,,,,,,,,,,,,,,,,,,,,,,,,,1.0,,,
verhandeln,False,1.0,,2.0,5.0,4.0,,1.0,,1.0,6.0,1.0,,1.0,2.0,,2.0,,,2.0,,,,1.0,,,3.0,,1.0
verhandlerin,False,,,,,,,,,,1.0,,,,,,,,,,,,,,,,,,
verhandlung,False,,,,2.0,,,,,,32.0,,,,1.0,,2.0,,1.0,2.0,,,,11.0,,,2.0,,1.0
verhandlungsgruppe,False,,,,,,,,,,1.0,,,,,,,,,,,,,,,,,,
verhandlungsgruppen,False,,,,,,,,,,1.0,,,,,,,,,,,,,,,,,,
verhandlungsleit,False,,,,,,,,,,1.0,,,,,,,,,,,,,,,,,,
verhandlungsmasse,False,,,,,,,,,,,,,,,,,,1.0,,,,,,,,,,
verhandlungsplan,False,,,,,,,,,,1.0,,,,,,,,,,,,,,,,,,
verhandlungsposition,False,,,,,,,,,,1.0,,,,,,,,,,,,,,,,,,
verhandlungsprozess,False,,,,,,,,,,1.0,,,,,,,,,,,,,,,,,,
verhandlungsrunde,False,,,,,,,,,,14.0,,,,,,,,,1.0,,,,,,,,,
verhandlungssache,False,,,,,,1.0,,,,,,,,,,,,,,,,,,,,,,
verhandlungssal,False,,,,,,,,,,1.0,,,,,,,,,,,,,,,,,,
verhandlungssonde,False,,,,,,,,,,1.0,,,,,,,,,,,,,,,,,,
verhandlungsteilnehmer,False,,,,,,,,,,1.0,,,,,,,,,,,,,,,,,,
verhasst,False,,1.0,,,,,,,,,,,,,,,,,,,,,,,,,,
verheddern,False,,,,,,,,,,,,,,,,,,,,,,,,,,,2.0,
verheißen,False,1.0,,,,,,,,,,,,,,,,,,,,,,,,,,,
verhinderen,False,,,,,,,2.0,,,,,,,,,,,,,,,,,,,,,
verhindern,False,,8.0,,,,,3.0,,1.0,,,,2.0,,3.0,,1.0,,6.0,,7.0,4.0,,,1.0,4.0,,
verhinderung,False,,,,,1.0,,,,,,,,,,,,,,,,,,,,,,,
verhinderungsmaßnahme,False,,1.0,,,,,,,,,,,,,,,,,,,,,,,,,,
verhungern,False,,1.0,,,,,,,,,,,,,,,,,,,,,,,,,,
verhält,False,,,,,,,,,,,,,,,,,,,,,2.0,,,,,,,
verhältnis,False,1.0,,,,,1.0,,,1.0,,,,,,1.0,,,,,1.0,2.0,1.0,,,,,,
verhältnisfrage,False,,,,,1.0,,,,,,,,,,,,,,,,,,,,,,,
verhältnismäßig,False,,,,,3.0,,,,,,,,,,1.0,,,,,,4.0,,1.0,,,,,
verhältnismäßigkeit,False,,,,,,,,,,,,,,,4.0,,,,,,,,,,,,,1.0
verhängen,False,1.0,,,,,,,,,,,,,,,,1.0,,,,,,,,,,,
verhörend,False,,,,,,,,,,,,1.0,,,,,,,,,,,,,,,,
verification,False,,1.0,,,,,,,1.0,,,,,,,,,,,,,,,,,,,
verifizieren,False,,,,,,,,,6.0,,,,,,,,1.0,,,,2.0,,,,,,,
verifizierung,False,,,,,,,,,2.0,,,,,,,,,,,,,,,,,,,
verimi,False,,,,,,,,,,,,,,,,,1.0,,,,,,,,,,,
verizon,False,,,,,,,,,,,,,,,,,,,,,2.0,,,,,,,
verkauf,False,,,,,,,,,,,,1.0,,,,,,,,,,,,,,,,
verkaufen,False,2.0,,3.0,,9.0,,2.0,,1.0,1.0,,2.0,1.0,,,,,,1.0,1.0,,3.0,1.0,2.0,,,5.0,
verkehr,False,,1.0,,1.0,,2.0,,,,,,,,,,,1.0,,,,,,1.0,,1.0,,,
verkehren,False,,,,,,,1.0,,1.0,,,,,,,,,,,,2.0,,,,1.0,,,
verkehrsausschuss,False,,,,,,,,,,,,,,,,,,,1.0,,,,,,,,,
verkehrsbetrieb,False,,,,,,,,,,,,,,,,,,,,1.0,,,,,,,,
verkehrsdat,False,,,,,,,,1.0,,2.0,,,,,,,,,,,,,,,,,,
verkehrsdatum,False,,,,1.0,,,,,,,,,,,,,,,,,,,,,,,,
verkehrsgesellschaft,False,,,,,,,,,,,,,,,,,,,,1.0,,,,,,,,
verkehrskreuzung,False,,,,,,,,,,,,,,1.0,,,,,,,,,,,,,,
verkehrsminister,False,,,,,,,,,,,,,,,,,,,1.0,,,,,,,,,
verkehrsverbünd,False,,,,,,,,,,,,,,,,,,,,1.0,,,,,,,,
verkehrt,False,,,,,,,1.0,,,,,,,,,,,,,,,,,,1.0,,,
verklagen,False,,,,,,,,,,,,,,1.0,,,,,,,,,,,,,,
verklappen,False,,,,,1.0,,,,,,,,,,,,,,,,,3.0,,,,,,
verklausuliern,False,,,,,,,,,,,,,,,,,,,,,4.0,,,,,,,
verklickern,False,,,,,1.0,,,,,,,,,,,,,,,,,,,,,,,
verknacken,False,,,,,1.0,,,,,,,,,,,,,,,,,,,,,,,
verknoten,False,,,,,,,,,,,,,,,,1.0,,,,,,,,,,,,
verknüpfbar,False,,,,,,,,,1.0,,,,,,,,,,,,,,,,,,,
verknüpfen,False,1.0,1.0,,,,,,,4.0,1.0,1.0,,1.0,,1.0,,,,,,2.0,,,,,,,
verknüpfung,False,,,,,,,,,,1.0,,1.0,,,,,,,,,2.0,1.0,,,,,,
verkommen,False,,,,,,,,,,,,,,,,,,1.0,,,,2.0,,,,,,
verkompliziern,False,,,,1.0,,,,,,,,,,,,,,,,,,,,,,,,
verkorkst,False,,,,,,,,,,,,,,1.0,,,,,,,,,,,,,,
verkorksten,False,,,,,,,,,,,,,,,,,,,,,2.0,,,,,,,
verkämpfen,False,,,,,1.0,,,,,,,,,,,,,,,,,,,,,,,
verkümmeren,False,,,,,,,,,,,,,,1.0,,,,,,,,,,,,,,
verkündigen,False,,,,,,,,,,,,,,,,,,,,,,,,,1.0,,,
verkündung,False,,,,,,,,,,,,,,,,1.0,,,,,,,,,,,,
verkürzen,False,,,,,,,,,,,,,,,,2.0,,,1.0,,,,,,,,,
verkürzt,False,,,,,,,,,,,,,,,1.0,,,,,,,,,,,,,
verlag,False,,1.0,,,,,,,,,,,,,,,,,,,,,,,,,1.0,
verlagern,False,1.0,,,,,,,,,,,,,1.0,1.0,,,,,,,,,,,1.0,,
verlagerst,False,,,,,,,,,,,,,,1.0,,,,,,,,,,,,,,
verlagswesen,False,1.0,,,,,,,,,,,,,,,,,,,,,,,,,,,
verlangen,False,1.0,,1.0,,,,,,,,,,,,2.0,,,,,,,,1.0,,,,,1.0
verlangsamung,False,,,,,,,,,,,,,,,,,,,,1.0,,,,,,,,
verlassen,False,1.0,2.0,,,2.0,,,,1.0,3.0,1.0,,,,,1.0,2.0,,1.0,,2.0,,,,,2.0,2.0,
verlaub,False,,,,,1.0,,,,,,,,,,,,,,,,,,,,,,,
verlauf,False,1.0,,,1.0,,,,,,1.0,,,,,,,,,,1.0,,,,,,,,1.0
verlaufen,False,,2.0,,,,,,1.0,,,,,,1.0,,,,,,1.0,,,,,,,,1.0
verlegemethode,False,,,,,,,,,,,,,,,,,,,1.0,,,,,,,,,
verlegen,False,,,,,,,,,,,,,,,,,,,,,,2.0,,1.0,,,,
verlegung,False,,,,,,,,,,,,,,,,,,,,,2.0,,,,,,,
verleihen,False,,,,,,,,,,,,,,,,,,,1.0,,,,,,,,,
verleihung,False,,,,,,,,,,,,,,,,,,,1.0,,,,,,,,,
verleitung,False,,,,,3.0,,,,,,,,,,,,,,,,,,,,,,,
verletzen,False,,,,,1.0,,,,,,,,,,,,,,,1.0,,,,,,1.0,,
verlieren,False,1.0,3.0,1.0,1.0,,1.0,1.0,,,,1.0,2.0,,4.0,1.0,,9.0,3.0,1.0,3.0,,,2.0,1.0,,,1.0,
verlierer,False,,,,,,,,,,,,1.0,,,,,,,,,,,,,,,,
verlinken,False,,1.0,1.0,,,1.0,,,1.0,2.0,,,,,1.0,,,,2.0,1.0,,,,2.0,,2.0,,2.0
verlinkt,False,,,,,,,,,,,,,,,,,,,,,,,,,,,2.0,
verloren,False,,,,,,,,,,,,,,,,,,,1.0,,,,,,,,,
verlust,False,,,,,,,,,,,,,2.0,,,,,,,,,,,,,,,
verlänger,False,,,,,,,,,,,1.0,,,,,,,,,,,,,,,,,
verlängern,False,,,,,,5.0,,,,,,,,,1.0,,,,,,,,3.0,,,,,
verlässen,False,,,,,,,,,1.0,,,,,,,,,,,,,,,,,,,
vermarkten,False,,,,,,,,,,,,1.0,,,,,,,,,,,,,,,,
vermassung,False,,,,,,,,,,,,,,,,,,,,,,,,,,1.0,,
vermeiden,False,2.0,,1.0,1.0,,,1.0,2.0,,,,,,,,1.0,,,1.0,2.0,,2.0,,,1.0,,1.0,
vermeintlich,False,,,,,,,,,,,,,,,,,,,,,,,,,,3.0,,
vermerken,False,,,,,,,1.0,,,,,,,,,,,,,,,,,,,,,
vermessen,False,,,,,,,,,,,,,,,1.0,,,,,,,,,,,,,
vermieter,False,,,,,,,,,1.0,,,,,,,,,,,,,,,,,,,
vermindern,False,,,,,,,,,,,,,1.0,,,,,,,,,,,,,,,
vermischen,False,,,,,,,,,,,,,,,,1.0,,,,,2.0,,,,,,,
vermissen,False,1.0,,,,,,,,,,,,,,,,1.0,,,,2.0,,,,,,,
vermittelbar,False,,,,,,,,,,,,,,,,,,,,1.0,,,,,,,,
vermitteln,False,1.0,,,,,,,,,,,1.0,,,,,,,3.0,1.0,,,,,,1.0,1.0,
vermittlungsbehörd,False,,,,,,,,,,1.0,,,,,,,,,,,,,,,,,,
vermute,False,1.0,,,,,,,,,,,,,,,,,,,,,,,,,,,
vermuten,False,1.0,1.0,,,,,1.0,1.0,2.0,1.0,,,2.0,,1.0,,4.0,,1.0,,,4.0,2.0,,1.0,,1.0,1.0
vermutlich,False,,5.0,1.0,,,,,,2.0,3.0,,,2.0,,1.0,,2.0,,,,,,2.0,1.0,,,,
vermutung,False,1.0,,,,2.0,,1.0,,1.0,,,1.0,1.0,1.0,,,,,,,,,,1.0,,1.0,,
vernachlässigen,False,1.0,,,,,,,,,,,,,,,,,,,,,,,,,,,
vernachlässigenswern,False,,,,,,,,,,,,,,,,,,,,,,,,,,,1.0,
vernachlässigt,False,,,,,,,,,,,,,,,,,1.0,,,,,,,,,,,
vernehmen,False,,,,,,,,,,,,,,,,,,,,,,,1.0,,,,,
vernehmlich,False,,,,,,,,,,,,,,,,,,,,,2.0,,,,,,,
vernetzen,False,,,,,,,,,,,,,,,,,,,1.0,,,,,,,,,
vernünftig,False,,,,,,,,,,,,,,,,,,,,,11.0,,,1.0,,,,
verordnung,False,1.0,24.0,,2.0,,,1.0,,7.0,,,,,,3.0,4.0,,,,,,,,,,,,1.0
verordnungsvorschlag,False,,,,,,,,,1.0,,,,,,,,,,,,,,,,,,,
verorten,False,,,,,,,,,,,,,,,1.0,1.0,,,,1.0,,,,1.0,,1.0,,
verpacken,False,,,,,,,,,,,,,,,1.0,,,,,,,,,1.0,,,,
verpackt,False,,,,,,,,,,,,,,,,,,,,,2.0,,,,,,,
verpassen,False,,,,,,,,1.0,,,,,,,,,,,,,,,,,,,,
verpeilt,False,,,,,,,,,,,,,,,,,,,,,2.0,,,,,,,
verpflanzen,False,,,,,,,,,,1.0,,,,,,,,,,,,,,,,,,
verpflichten,False,1.0,,,,1.0,,1.0,,2.0,2.0,,,,,2.0,,,,1.0,4.0,6.0,,,,,2.0,,3.0
verpflichtend,False,,,,,,,,,8.0,,,,,,,,,,,1.0,,,1.0,,,,,
verpflichtung,False,1.0,,,,,1.0,1.0,,5.0,1.0,,,,,,5.0,,,,4.0,,,,,,,,
verquatschen,False,,,,,,,,,,,,,,,,,,,,,,,,,,,1.0,
verquer,False,,,,,,,,,,,,,,,,,,,,1.0,,,,,,,,
verraten,False,1.0,,,1.0,,,,,,,,,,1.0,3.0,,,,1.0,,,,1.0,,,,,
verrausche,False,,,,1.0,,,,,,,,,,,,,,,,,,,,,,,,
verrauschen,False,,,,9.0,,,,,,,,,,,,,,,,,,,,,,,,
verrauscher,False,,,,1.0,,,,,,,,,,,,,,,,,,,,,,,,
verrauscht,False,,,,2.0,,,,,,,,,,,,,,,,,,,,,,,,
verrauschung,False,,,,1.0,,,,,,,,,,,,,,,,,,,,,,,,
verrechnen,False,,,,,,,,,,,,,1.0,,,,,,,,,,,,,,,
verrechtlich,False,,,,,,,,,,,,,,,,,,,,,,,,,,,,1.0
verrechtlicher,False,,,,1.0,,,,,,,,,,,,,,,,,,,,,,,,
verringerung,False,,,,,,,,,,,,,,,1.0,,,,,,,,,,,,,
verrückt,False,1.0,1.0,,1.0,,,,,,,,,,,,,,,,,,,,,,1.0,,
versagen,False,,,,,,,,,,,,,,,,,,,,,,,1.0,,,,,
versammeln,False,1.0,,,,,,,,,,,,,,,,,,,1.0,,,,,,,,
versammlung,False,,,,,,,,,,,,,,,,,,,,,,,6.0,,,,,
versammlungsorganisation,False,,,,,,,,,,,,,,,,,,,,,,,,,,1.0,,
versammlungsrecht,False,,,,,,,,,,,,,,,,,,,1.0,,,,,,,,,
versand,False,,,,,,,,,,,,,,,,,,,,,,,,1.0,,,,
versanddienstleister,False,,,,,,,,,,,,,,,,,,,,,,,,1.0,,,,
versanden,False,,,,,,,,,,,,,,,,,,,1.0,,,,,,,,,
versatz,False,,,,,,,,,,,,1.0,,,,,,,,,,,,,,,,
versauen,False,,,,,,,1.0,,,,,,,,,,,,,,,,,,,,,
verschachteln,False,,,,,,,,,,,1.0,,,,,,,,,,,,,,,,,
verschaffen,False,1.0,,,,,,,,,,,,,,,,,,,,,,,,,,,
verscherzen,False,,,,,,,,,,,,1.0,,,,,,,,,,,,,,,,
verschicken,False,,4.0,1.0,1.0,,,1.0,1.0,,,,,1.0,1.0,,1.0,6.0,,,,,,,,,1.0,,
verschieben,False,1.0,,,1.0,,,4.0,,,,1.0,1.0,,,,,1.0,,,,,,,,,,,
verschiebung,False,,,,,,,,,1.0,,,,,,,,,,,,,,,,,1.0,,
verschieden,False,10.0,9.0,4.0,15.0,7.0,1.0,2.0,16.0,6.0,4.0,,2.0,3.0,3.0,3.0,18.0,3.0,6.0,8.0,3.0,9.0,11.0,6.0,6.0,1.0,3.0,4.0,4.0
verschiedenst,False,,1.0,,,,,,,,1.0,,,,,,,,1.0,,,,,,,,,,
verschlafstörung,False,,,1.0,,,,,,,,,,,,,,,,,,,,,,,,,
verschlagen,False,,,,,,,,,,1.0,,,,,,,,,,,,,,,,,,
verschleiern,False,,,,1.0,,,,,,,,,,,,,,,,,,,,,,,,
verschließen,False,1.0,,,,,,,,,,,1.0,,,,,,,,,,,,,,,,
verschlüsselerkommunikation,False,,1.0,,,,,,,,,,,,,,,,,,,,,,,,,,
verschlüsseln,False,1.0,24.0,3.0,2.0,4.0,,1.0,6.0,3.0,,,,,,1.0,,1.0,,,1.0,6.0,2.0,,1.0,,1.0,1.0,
verschlüsselt,False,,14.0,,1.0,1.0,,,1.0,1.0,,,,,,,,2.0,,,,4.0,,,,,1.0,,
verschlüsselung,False,,35.0,1.0,2.0,,1.0,8.0,6.0,15.0,3.0,1.0,,,,,,,,,,6.0,,,,,,,
verschlüsselungsalgorithmen,False,,1.0,,,,,,,,,,,,,,,,,,,,,,,,,,
verschlüsselungselsagorithma,False,,1.0,,,,,,,,,,,,,,,,,,,,,,,,,,
verschlüsselungsker,False,,,,,,,,,1.0,,,,,,,,,,,,,,,,,,,
verschlüsselungsmodell,False,,1.0,,,,,,,,,,,,,,,,,,,,,,,,,,
verschlüsselungssystem,False,,2.0,,,,,,,,,,,,,,,,,,,,,,,,,,
verschlüsselungstechnik,False,,1.0,,,,,,,,,,,,,,,,,,,,,,,,,,
verschlüssungsaufbrechung,False,,,,1.0,,,,,,,,,,,,,,,,,,,,,,,,
verschmerzbar,False,,,,,,,,,,,,,,,3.0,,,,,,,,,,,,,
verschrecken,False,,,,,,,,,,,,,,,,,,,,1.0,,,,,,,,
verschreibe,False,,,1.0,,,,,,,,,,,,,,,,,,,,,,,,,
verschreiben,False,,,9.0,,,,,1.0,1.0,,,,,,,,,,,,,,,,,,,
verschreibung,False,,,1.0,,,,,,,,,,,,,,,,,,,,,,,,,
verschriftlichen,False,,,,,,,,,,1.0,,,,,,,,,,,,,,,,,,
verschriftlicht,False,,,,,1.0,,,,,,,,,,,,,,,,,,,,,,,
verschrotten,False,,,,,,,,,,,,,,,,,,,,,,1.0,,,,,,
verschweigen,False,,,,,,,,1.0,,,,,,,,,,,,,,,,,,,,
verschwenden,False,,,,,,,,,,,,,,,,,,,1.0,,,,,,,,,
verschwiegenheitserklärung,False,,,1.0,,,,,,,,,,,,,,,,,,,,,,,,,
verschwinden,False,,1.0,,,,,,,,1.0,1.0,,1.0,,,,,,,,,,,1.0,,,1.0,
verschwommen,False,,,,,,,,,,,,1.0,,,,,,,,,,,,,,,,
verschwörung,False,,,,,,,,,,,1.0,,,,,,,,,,,,,,,,,
verschwörungserzählung,False,,1.0,,,,,,,,,,1.0,,,,,,,,,,,,,,,,
verschwörungstheorie,False,,,,,,,,,,,,,,,,,,,,,,1.0,,,,,,
verschärfen,False,,,,,,,,,,,,,1.0,,,,,,,,,,1.0,,,,,
verschärfung,False,,,,,,,,,,,,,,,,,,,,,,,,,,,1.0,
verschüsseln,False,,,,,,,,,,,,1.0,1.0,,,,,,,,,,,,,,,
verschütteln,False,,,,,,,,,1.0,,,,,,,,1.0,,,,,,,,,,,
verschüttet,False,,1.0,,,,,,,,,,,,,,,,,,,,,,,,,,
versehen,False,,,,,,,,,,,,,,,1.0,,,,,,3.0,,,,,,,1.0
verselbstständigen,False,,,,,,,,,,,,1.0,,,,,,,,,,,,,,,,
versemmeln,False,,,,,,,,,,,,,,,,,,,,,,,,,1.0,,,
versenden,False,,4.0,,,,,,,1.0,,,,,,,,3.0,,,,,,,,,,,
versendest,False,,,,,,,,,,,,,,,,,1.0,,,,,,,,,,,
versendling,False,,,,,,,,1.0,,,,,,,,,,,,,,,,,,,,
versenken,False,,,,,,,,,,,,,,,,,,,,,,,,,,1.0,,
versenkung,False,,,,,,,,,,,,,1.0,,,,,,,,,,,,,,,
versetzen,False,,,,2.0,,,2.0,1.0,,,,,,,,,,,,,,,,,,,,
versichern,False,,,,,1.0,,,,,,,,,,,,,,,,,,,,,,,
versicherter,False,,,,2.0,,,2.0,,,,1.0,,,,,,,,,,,,,,,,,
versicherung,False,,,,,2.0,,,,,,,,,,,,2.0,,,,2.0,,,,,,,
versicherungsdienstleister,False,,,,,,,,,,,,,,,,,1.0,,,,,,,,,,,
versickern,False,,,,,,2.0,,,,,,,,,,,,,,,,,,,,,,
versiert,False,,,,,,,,,2.0,,,,,,,,,,,,,,,,,,,
versinnbildlichen,False,,,,,,,,,1.0,,,,,,,,,,,,,,,,,,,
version,False,5.0,2.0,,,,,,1.0,,,,,,,,,,,,5.0,,,,1.0,,,2.0,
versionsstand,False,,,,,,,1.0,,,,,,,,,,,,,,,,,,,,,
versorgen,False,,,,,,,1.0,,,,,,,,,,,,,,6.0,,,,,,,
versorger,False,,,,,,,1.0,,,,,,,,,,,,,,,,,,,,,
versorgung,False,,,,,,,1.0,,,,,,,,,,,,,,4.0,,,,,,,
versorgungsgesetz,False,,,,2.0,,,,,,,,,,,,,,,,,,,,,,,,
versorgungskonzept,False,,,,,,,,,,,,,,,,,,,,,3.0,,,,,,,
versorgungswirkung,False,,,1.0,,,,,,,,,,,,,,,,,,,,,,,,,
versprechen,False,,,1.0,,2.0,2.0,9.0,,1.0,,1.0,,,,1.0,,,,,,29.0,4.0,,1.0,,2.0,1.0,
versprengt,False,,,,1.0,,,,,,,,,,,,,,,,,,,,,,,,
verspätung,False,,,,,,,,,,,,,,,,1.0,,,,,,,,1.0,,,,
verstand,False,,,,,1.0,,,,,,,,,,,,,,,,,,,,,,,
verstanden,False,,,,1.0,,,1.0,,,,,,,,,,,,,,,,,,,,,
verstauen,False,,,,,,,,,,,,,,,,,,,,,,,,1.0,,,,
verstecken,False,2.0,,,,,,,,1.0,,2.0,,,,,,,1.0,,1.0,,,,,,,1.0,
versteh,False,,,,,,,,,,,,,,,,,,,,,2.0,,,,,,,
verstehe,False,,,,,,,,,1.0,,,,,,,,,,,,,,,,,,,
verstehen,False,2.0,8.0,7.0,18.0,9.0,,3.0,11.0,16.0,3.0,3.0,11.0,12.0,2.0,15.0,2.0,,1.0,6.0,8.0,11.0,7.0,2.0,5.0,2.0,14.0,5.0,4.0
verstehst,False,,,,,,,,,1.0,,,,,,,,,,,1.0,,,,,,,,
versteifer,False,,,,,,,,,,,,,,,1.0,,,,,,,,,,,,,
versteifung,False,,,,,,,,,,,,,,,2.0,,,,,,,,,,,,,
versteig,False,,,,,,,,,,,,1.0,,,,,,,,,,,,,,,,
verstellen,False,,,,,,,,,,,,,,,1.0,,,,,,,,,,,,,
versterben,False,,,,,,1.0,,,,,,,,,,,,,,,,,,,,,,
verstetigen,False,,,,,,,1.0,1.0,,,,,,,,,,,,,,,,,,,,
verstoß,False,,,,,,,,,,,,,,,1.0,1.0,,,,,,,,,,,,
verstoßen,False,,1.0,,,5.0,,,,,,,,2.0,,1.0,,,,,2.0,,,,,,,2.0,
verstrechend,False,,,,,,,,,,,1.0,,,,,,,,,,,,,,,,,
verständlich,False,2.0,1.0,,,,,,4.0,1.0,,1.0,,,,,,,,1.0,,,,,,,1.0,,1.0
verständlicherweise,False,1.0,,,,,,,,,,,,,,,,,,1.0,,,,,,,,,
verständlichkeit,False,1.0,,,,,,,,,,,,,,,,,,,2.0,,,,,,,,
verständnis,False,1.0,,,,,,1.0,,2.0,1.0,1.0,1.0,,,1.0,1.0,,1.0,1.0,1.0,,,,,,1.0,,1.0
verständnisfrage,False,,,,,,,,,,,,,,,1.0,,,,,,,,,,,,,
verständnisproblem,False,,,,,,,,,,,,,,,,,1.0,,,,,,,,,,,
verstärken,False,,,,1.0,,,,,,,,,,1.0,,,,,,,,,1.0,1.0,,,,
verstörend,False,,,,,,,,,,,,1.0,,,,,,,,,,,,,,1.0,,
versuch,False,,2.0,,2.0,1.0,,1.0,1.0,,,1.0,1.0,,,2.0,5.0,1.0,,,,2.0,3.0,,1.0,,2.0,,
versuchen,False,9.0,7.0,5.0,10.0,10.0,4.0,6.0,5.0,12.0,15.0,4.0,19.0,4.0,7.0,11.0,4.0,1.0,8.0,8.0,2.0,7.0,11.0,11.0,7.0,1.0,20.0,10.0,11.0
versucht,False,1.0,,,1.0,1.0,1.0,,,,1.0,,,,,1.0,,,,1.0,,,,2.0,,,,,
versus,False,,,,,,,,,,,,,1.0,,,,,,,1.0,,,,,,,,
versöhnlich,False,,,,,,,,,,,,,,,,,,,,1.0,,,,,,,,
vertagen,False,,,1.0,,,,1.0,,,,,,,,,,,,,,,,,,,1.0,,
verteidigen,False,,,,,1.0,,,,,,,,1.0,,,,,,,,,,,,,,,
verteidigung,False,,,,,1.0,,,,,,,,,,,,,,,,,,,,1.0,1.0,,
verteidigungsausschuss,False,,,,,,2.0,,,,,,,,,,,,,,,,,,,,,,
verteidigungsministerium,False,,,,,1.0,,,,,,,,,,,,,,,,,,,,1.0,,,
verteilen,False,,,,,,1.0,1.0,,,1.0,,,,,2.0,1.0,1.0,,2.0,1.0,,2.0,1.0,1.0,2.0,1.0,,1.0
verteiln,False,1.0,,,,,,,,,,,,,,,,,,,,,,,,,,,
verteilung,False,,,,,,,,,,,,,,,,,1.0,,,,2.0,2.0,,,,,,
verteuern,False,,,,,,,,,,,,,,,,,,,,,,,,,,,1.0,
verteufeln,False,,,,,,,,,,,,,,,,,,,,1.0,,,,,,,,
verticken,False,,,,,1.0,,,,,,,,,,,,,,,,,,,,,,,
vertiefen,False,,,,,,,,,,,,,,,,,,,,,2.0,2.0,,,,,,
vertieft,False,,,,,,,,,,,,,,,,,,,,,2.0,,,,,,,
vertikal,False,,,,,,,,,,,,,,,,1.0,,,,,,,,,,,,
vertippen,False,,,,,,,,,,,,,,,,,1.0,,,,,,,,,,,
vertonung,False,,,,,,,,,,,,,,,,,,,,,,,,,,,,1.0
vertrag,False,,,1.0,,4.0,,,,,34.0,,,,,2.0,1.0,2.0,,,,,5.0,,,,,4.0,1.0
vertragen,False,,,1.0,,,,,,,,,,,,,,,,,,,,,,,,,
vertraglich,False,,,,,1.0,,,,,,,,,,,,,,,,,,,,,,,
vertragsbeziehung,False,,,,,,,,,1.0,,,,,,,,,,,,,,,,,,,
vertragsentwurf,False,,,,,,,,,,1.0,,,,,,,,,,,,,,,,,,
vertragspartner,False,,,,,1.0,,,,,,,,,,,,,,,,,,1.0,,,,,
vertragsstaat,False,,,,,,,,,,1.0,,,,,,,,,,,,,,,,,,
vertragstext,False,,,,,,,,,,10.0,,,,,,,,,,,,,,,,,,
vertragsverhandlung,False,,,,,,,,,,1.0,,,,,,,,,,,,,,,,,,
vertragsverhältnis,False,,,,,,,,,,,,,,,,,,,,1.0,,,,,,,,
vertrauen,False,,7.0,6.0,,,,,1.0,18.0,,1.0,,,1.0,3.0,,5.0,,,,,,,,,2.0,,1.0
vertrauenerweckend,False,,,,,,,,,1.0,,,,,,,,,,,,,,,,,,,
vertrauensanker,False,,,,,,,,,,,,,,,,,13.0,,,,,,,,,,,
vertrauensbruch,False,,,,,1.0,,,,,,,,,,,,,,,,,,,,,,,
vertrauenskett,False,,,,,,,,,3.0,,,,,,,,,,,,,,,,,,,
vertrauensschad,False,,,,,,,,,,,,,,,,,1.0,,,,,,,,,,,
vertrauensstelle,False,,,,1.0,,,,,,,,,,,,,,,,,,,,,,,,
vertrauensvoll,False,,1.0,,,,,,,,,,,,,,,,,,,,,,,1.0,,,
vertrauenswürdig,False,,5.0,3.0,,,,1.0,,7.0,,,,,,,,1.0,,,,,1.0,,,,,,
vertraulich,False,,1.0,1.0,,1.0,,,,,,,,,,,,,,,,,,,,,,,
vertraulichkeit,False,,,,,,,,2.0,,,,,,,,,1.0,,,,2.0,,,,,,,
vertrausen,False,,,,,,,,,,,,,,,,,1.0,,,,,,,,,,,
vertraut,False,,,,,1.0,,,,2.0,1.0,,,,,,,1.0,,,,,,,,,,,1.0
vertreiben,False,,,1.0,2.0,2.0,,,,,,,,,,,,,,,,,,,,,,,
vertretbar,False,,,,2.0,,,,,,,,,,,,,,,,,,,,,,,,
vertreten,False,,,,1.0,,2.0,3.0,,1.0,2.0,1.0,,,,,5.0,,2.0,2.0,,2.0,2.0,,,2.0,1.0,1.0,2.0
vertreter,False,,,,1.0,3.0,,,,,2.0,,,,,1.0,,,,1.0,,,,1.0,,,,,1.0
vertreterin,False,,,,,1.0,,,,,,2.0,,,,,,,,,,,,,,,,,
vertreterinnen,False,,,,,,,,,,,,,,,,,,1.0,,,,,,,,,,
vertretung,False,,,1.0,,,,,,,,,,,,,,,1.0,,,,,,,,,,1.0
verträglich,False,1.0,,,,,,,,,,,,,,,,,,,,,,,,,,,
vertuschen,False,,,,,,,,,,,1.0,,,,,,,,,,,,,,,,,
verunsichern,False,,,,,,,,,,,,,,,1.0,,,,,,,,,,,,,
verursachen,False,,,,,,,,,,,,,,,,,,,,,,,,1.0,,,6.0,
verurteilen,False,,,,,,,1.0,,,,,,,,,,,,,,,,,,,,,
vervielfachen,False,,,,1.0,,,,,,,,,,,,,,,,,,,,,,,,
vervielfachung,False,,,,,,1.0,,,,,,,,,,,,,,,,,,,,,,
verwalten,False,,,,1.0,,,,,,,,,,,,,,,,,,,,1.0,,,,
verwalter,False,,,,,,,,,,,1.0,,,,,,,,,,,,,,,,,
verwaltung,False,,1.0,1.0,,,,12.0,,,,3.0,,3.0,5.0,,,,,3.0,,8.0,,,1.0,4.0,4.0,,3.0
verwaltungsablauf,False,,,,,,,,,,,,,1.0,,,,,,,,,,,,,,,
verwaltungsapparat,False,,,,,,,,,,,,,,,,,,,,,,,,,1.0,,,
verwaltungsaufwand,False,,,,,,,,,,,,,3.0,,,,,,,,,,,,,,,
verwaltungsbeschwerdeverfahr,False,,,,,1.0,,,,,,,,,,,,,,,,,,,,,,,
verwaltungsdenk,False,,,,,,,1.0,,,,,,1.0,,,,,,,,,,,,,,,
verwaltungsdeutsch,False,,,,,,,,1.0,,,,,,,,,,,,,,,,,,,,
verwaltungsdigitalisierung,False,,,1.0,,,1.0,2.0,,,,1.0,,,,,,,,2.0,,4.0,,,,4.0,,,
verwaltungsgericht,False,,,,,,,,,,,,,,9.0,,,,,,,,,6.0,,,,,
verwaltungsgerichtsebene,False,,,,,,,,,,,,,,,,,,,,,,,1.0,,,,,
verwaltungsgerichtsverfahr,False,,,,,,,,,,,,,,,,,,,,,,,1.0,,,,,
verwaltungshandeln,False,,,,,,,,,,,,,,,,,,,,,2.0,,,,,,,
verwaltungsleistung,False,,,,,,,,,,,1.0,,,,,,,,,1.0,2.0,,,,1.0,,,
verwaltungsmonster,False,,,,,,,,,,,,,,2.0,,,,,,,,,,,,,,
verwaltungsreform,False,,,,,,,,,,,,,,,,,,,,,,,,,1.0,,,
verwaltungsvereinfachung,False,,,,,,,,,,,,,1.0,,,,,,,,,,,,,,,
verwaltungsverfahren,False,,,,,,,,,,,,,,,,,,,,,2.0,,,,,,,
verwandeln,False,,,,,,,1.0,,,,,,,,,,,,,,,,,,,,,
verwandte,False,,,,,1.0,,,,,,,,,,,,,,,,,,,,,,,
verwarnung,False,,,,,1.0,,,,,,,,,,1.0,,,,,,,,,,,,,
verwarnunge,False,,,,,,,,,,,,,,,1.0,,,,,,,,,,,,,
verweben,False,,,,,,,,,,,,,,,,,,,,,,4.0,,,,,,
verwechsel,False,,,,1.0,,,,,,,,,,,,,,,,,,,,,1.0,,,
verwechseln,False,,,,,,,,,,,,1.0,,,,,,,1.0,,,,1.0,,,,,
verweichlich,False,,,,1.0,,,,,,,,,,,,,,,,,,,,,,,,
verweichlichen,False,,,,1.0,,,,,,,,,,,,,,,,,,,,,,,,
verweigerer,False,,,,,,,,,,,,,,,,,,,,1.0,,,,,,,,
verweigern,False,,,,,,,,,,1.0,,,,,,,,1.0,,3.0,,,,,,,,
verweigerung,False,,,,,,1.0,,,,,,,,,,,,,,,,,,,,,,
verweilen,False,,,,,,,,,,,,,,,1.0,,,,,,,,,,,,,
verweise,False,,,,,,,,,,1.0,,,,,,,,,,,,,,,,,,
verweisen,False,,,,,,,,,1.0,,,,2.0,,,,,,2.0,1.0,2.0,,,,,1.0,,
verwenden,False,2.0,3.0,,1.0,,,1.0,15.0,,2.0,,2.0,1.0,,7.0,1.0,3.0,,6.0,4.0,14.0,1.0,,5.0,1.0,5.0,6.0,
verwendet,False,,,,,,,,,,,,,,,,,,,,,,,1.0,,,,,
verwendung,False,,,,1.0,,,,,,,,,1.0,,,,,,,,,,,,,,1.0,
verwertbarkeit,False,1.0,,,,,,,,,,,,,,,,,,,,,,,,,,,
verwetten,False,,1.0,,,,,,,,,,,,,,,,,,,,,,,,,,
verwickeln,False,,,,,,1.0,,,,,,1.0,,,,,,,,,,,,,,,,
verwirren,False,,,,,,,,,,1.0,,,,,,,,,,,,,,1.0,,,,
verwirrend,False,,,,,,,,,,,,,,,,,1.0,,,,,,,,,,,
verwirrt,False,,,,1.0,,,,,,,,,,,3.0,,,,,,,,,,,,,
verwirrung,False,,,,,1.0,,,,,,,,,,,,,,,,,,,,1.0,,,
verwunderlich,False,,,,,1.0,,,,,,,,,,,,,,,,,,,,,1.0,,
verwundert,False,,,,,,,,,,,,,,,,,,,,,,,,1.0,,,,
verwässern,False,,,,,,,,,,,,,,,,,,1.0,,,,,,,,,,
verwöhnende,False,,,,,,,,,2.0,,,,,,,,,,,,,,,,,,,
very,False,,,,,,,,,,,,,,,,1.0,,,,,,,,,,,,
verzapfen,False,,,,1.0,,,,,,,,,,,,,,,,,,,,,,,,
verzeichnen,False,,,,,,1.0,,,,,,,,,,1.0,,,,,,1.0,,,,,,
verzeihen,False,,,,,,,,,,,,,,,,,,,,,2.0,,,,,,,
verzeihung,False,,,,1.0,1.0,,,,,,,,,,,,,,,1.0,,2.0,,,,,,
verzerren,False,,,,,,,,,,,,,,,,,,,,,4.0,,,,,,,
verzerrung,False,,,,1.0,,,,,,,,,,,,,,,,,,,,,,,,
verzichten,False,1.0,,,,,,,,,,,,,,,,,,,,,,,,,1.0,,
verzug,False,,,,,,,,,,,,,1.0,,1.0,,,,,,,,,,,,,
verzweifeln,False,,,,,,,,,,,,,,1.0,,,,,,,,,,,,,,
verzögern,False,,,,,,,,,,1.0,,,,1.0,,,,,,,,,,,,,,
verzögerung,False,,,,1.0,,,,,,,,,,,,,,,,,2.0,,,2.0,,,,
veränderbar,False,1.0,,,,,,,,,,,,,,,,,,,,,,,,,,,
verändern,False,1.0,2.0,1.0,,2.0,3.0,,,1.0,,2.0,6.0,,4.0,1.0,,,1.0,3.0,1.0,,,,,1.0,1.0,1.0,1.0
verändert,False,,,,,,,,,,,,,,,,,,,1.0,,,,,,,,,
veränderung,False,2.0,,,,,,,,,,,1.0,,1.0,,,,1.0,,,,,,,,4.0,1.0,
veränderungsvorschlag,False,,,,,,,,,1.0,,,,,,,,,,,,,,,,,,,
verärgern,False,,,,,1.0,,,,,,,,,,,,,,,,,,,,,,,
veröffentlichen,False,,,6.0,,8.0,2.0,,3.0,2.0,1.0,1.0,,,5.0,1.0,3.0,2.0,,8.0,,,2.0,3.0,1.0,1.0,5.0,1.0,9.0
veröffentlichung,False,,,1.0,,3.0,1.0,1.0,,1.0,,,,,2.0,,,,,,,,,,1.0,,1.0,,
veteran,False,,,,,,,,1.0,,,,,,,,,,,,,,,,,,,,
veteranende,False,,,,,,,,1.0,,,,,,,,,,,,,,,,,,,,
via,False,,,,,,,,,,,,,,,,,1.0,,,,,,,,,,,
viactiv,False,1.0,,,,,,,,,,,,,,,,,,,,,,,,,,,
viajahr,False,,,,,,,,,,,,,,,,,,,1.0,,,,,,,,,
vibe,False,,,,,,,1.0,,,,,,,,,,,,,,,,,,,1.0,,
vici,False,1.0,,,,,,,,,,,,,,,,,,,,,,,,,,,
video,False,1.0,2.0,5.0,,2.0,,1.0,,,,,,,,,1.0,,,,,,2.0,,17.0,,5.0,,1.0
videobachung,False,,,,,,,,,,,,,,,,,,,,,,,1.0,,,,,
videobild,False,,,,,,,,,,,,,,,,,,,,,,,1.0,,,,,
videocall,False,,,,,1.0,,,,,,,1.0,,,,,,,,,,,,,,,,
videochat,False,,1.0,,,,,,,,,,,,,,,,,,,,,,,,,,
videocontent,False,,,,,,,,,,,,,,,,,,,,,,,,,,1.0,,
videodatei,False,,,,,,,,,,,,,,,,,,,,,,,,1.0,,,,
videodateium,False,,,,,,,,,,,,,,,,,,,,,,,,1.0,,,,
videoeingabetool,False,,,,,,,,,,,,,,,,,,,,,,,,1.0,,,,
videoerwachung,False,,,,,,,,,,,,,,,,,,,,,,,1.0,,,,,
videofall,False,,,,,,,,,,,,,,,,,,,,,,,,1.0,,,,
videofiles,False,,,,,,,,,,,,,,,,,,,,,,,,1.0,,,,
videoformat,False,,,,,,,,,,,,,,,,,,,,,,,,1.0,,,,
videointerview,False,,,1.0,,,,,,,,,,,,,,,,,,,,,,,,,
videokurs,False,,,1.0,,,,,,,,,,,,,,,,,,,,,,,,,
videomischer,False,,,,,,,,,,,,,,,,,,,,,,,,1.0,,,,
videomix,False,,,,,,,,,,,,,,,,,,,,,,,,1.0,,,,
videomixerengel,False,,,,,,,,,,,,,,,,,,,,,,,,1.0,,,,
videoplattform,False,,,,,,,,,,,,1.0,,,,,,,,,,,,,,,,
videosignal,False,,,,,,,,,,,,,,,,,,,,,,,1.0,1.0,,,,
videospur,False,,,,,,,,,,,,,,,,,,,,,,,,4.0,,,,
videospure,False,,,,,,,,,,,,,,,,,,,,,,,,2.0,,,,
videostandard,False,,,,,,,,,,,,,,,,,,,,,,,,2.0,,,,
videostandort,False,,,,,,,,,,,,,,,,,,,,,,,1.0,,,,,
videostreaming,False,,,,,,,,,,,,,,,,,,,,,2.0,,,1.0,,,,
videotechnik,False,,,,,,,,,,,,,,,,,,,,,,,,1.0,,,,
videoverfahren,False,,,,,,,1.0,,,,,,,,,,,,,,,,,,,,,
videoüberwachen,False,,,,,,,,,,,,,,,,,,,,,,,3.0,,,,,
videoüberwachung,False,,,,,,,,,,,,,,,,,,,,,,,43.0,,,,,
videoüberwachungsbereiche,False,,,,,,,,,,,,,,,,,,,,,,,3.0,,,,,
videoüberwachungskamera,False,,,,,,,,,,,,,,,,,,,,,,,1.0,,,,,
videoüberwachungsmaßnahme,False,,,,,,,,,,,,,,,,,,,,,,,1.0,,,,,
viel,True,30.0,25.0,24.0,16.0,29.0,31.0,26.0,9.0,16.0,8.0,18.0,17.0,19.0,13.0,18.0,31.0,10.0,20.0,22.0,25.0,77.0,43.0,21.0,17.0,18.0,40.0,32.0,7.0
viele,True,1.0,1.0,8.0,4.0,4.0,4.0,4.0,2.0,5.0,2.0,4.0,5.0,2.0,4.0,5.0,5.0,10.0,4.0,,4.0,16.0,2.0,5.0,2.0,2.0,5.0,4.0,
vieler,True,26.0,17.0,21.0,29.0,16.0,15.0,23.0,14.0,12.0,14.0,7.0,20.0,11.0,20.0,17.0,33.0,12.0,21.0,23.0,32.0,43.0,22.0,13.0,5.0,10.0,22.0,31.0,15.0
vielerlei,False,,,,,,,,,,,,,,,,,,,,,,,,,,1.0,1.0,
vielerorts,False,,,,,,,,,,,,,1.0,,,,,,,,,,,,,,,
vielfach,False,,,,,,,,,,,,,,,,,,,,,,1.0,,,,2.0,,
vielfältigkeit,False,,,,,,,,,,,,,,,,,,,,1.0,,,,,,,,
vielleicht,True,41.0,45.0,34.0,39.0,15.0,29.0,35.0,34.0,35.0,40.0,24.0,63.0,26.0,34.0,40.0,49.0,40.0,47.0,48.0,50.0,122.0,33.0,36.0,36.0,37.0,36.0,48.0,49.0
vielmehr,False,,,,,,,,1.0,,,,1.0,,,,,1.0,,,,,,,,,,1.0,
vielschichtig,False,,,,1.0,,,,,,,,1.0,,,,,,,,,,,,,,,,
vielst,False,,,,,,,,,,,,,,,,,,,,,,,,,,,1.0,
vielzahl,False,,,,,,,,,1.0,,,,,,,,,,,,,,,1.0,,,,
vier,True,1.0,4.0,1.0,1.0,,2.0,5.0,,1.0,1.0,3.0,1.0,,1.0,1.0,2.0,1.0,2.0,8.0,1.0,6.0,,,5.0,1.0,2.0,2.0,
vierhundertfünfzig,False,,,1.0,,,,,,,,,,,,,,,,,,,,,,,,,
vierstellig,False,,,,,,,,,,,,,,,,,,,2.0,,,,,,,,,
viert,False,1.0,,,,,,,,,,,,,,,,,,,,,,,,,,,
viertel,False,,,,,,2.0,,,,,,1.0,,,,2.0,,,1.0,,,,2.0,,,,,
viertelstunde,False,,,,,,,,,,,,,1.0,,,,,,,,,,,,,,,
vierter,True,1.0,,1.0,1.0,,,1.0,,1.0,5.0,,2.0,,,,1.0,,,1.0,,,,,,,,,1.0
vierzig,False,,,1.0,,,,,,,,,,,,,,,,,,,,,,,,,
viktor,False,,15.0,,,,,,,,,,,,,,,,,,,,,,,,,,
virtuell,False,,,,,,4.0,,,,1.0,,1.0,1.0,,,,,,1.0,,,,,,,3.0,,
virtuelles,False,,,,,,1.0,,,,,,,,,,,,,,,,,,,,,,
virus,False,,,,,,,,,,,,1.0,,,,,,,,,,,,,,,,
visa,False,,,,,,,,,,,,,1.0,,,,,,,,,,,,,,,
visier,False,,,,,1.0,,,,,,,,,,,,,,,,,,,,,,,
vision,False,,,,,,,1.0,,,,,,,,,,,,,,5.0,,,,,2.0,,
visionärin,False,,,,,,,,,,,,1.0,,,,,,,,,,,,,,,,
visitenkarte,False,,3.0,,,,,,,,,,,,,,,,,,,,,,,,,,
visual,False,,,,,,,,,,,,1.0,,,,,,,,,,,,,,,,
visualisieren,False,,,,,,,,,,,,1.0,,,,,,,,,,,,,,,,
visuell,False,,,,,,,,,,,,2.0,,,,,,,,1.0,,,,,,,,
visum,False,,,,,,,,,,,,,,,,,,,,,,2.0,,,,,,
vizekanzler,False,,,,,,,,,,,,,,,,,,,,,,,,,,1.0,,
vizepräsidentin,False,,,,,,,,,,,,,,,,,,,1.0,,,,,,,,,
vlc,False,,,,,,,,,,,,,,,,,,,,,,,,1.0,,,,
vns,False,,,,,,,,,,,,,,,,,,,,,,,,,,,1.0,
vodafone,False,,,,,,,1.0,,,,,,,,,,,,,,,,,,,,,
vog,False,,,,,,,,,,,,,,,,,,,,,,,,7.0,,,,
vogelperspektive,False,,,,,,,1.0,,,,,,,,,,,,,,,,,,,,,
vogue,False,,,,,,,,,,,,,,,,,,,,,,,,1.0,,,,
void,False,,,,,,,,,,,,,,,,,,,1.0,,,,,,,,,
vokabel,False,,,,,,,,,,,,,,,,,,,,,,,,,,,,1.0
vokabular,False,,,,,,,,,,,,,,,,,,,,,,2.0,,,,,,
volksfond,False,,,,,,,,,,,,,,,,,,,,,,,,2.0,,,,
volksmund,False,,,,,,,,,,1.0,,,,,,,,,,,,,,,,,,
volkspartei,False,,,,,,,,,,,,,,,,,,,,,,,,,,1.0,,
volksvertreter,False,,,,,,,,,,,,,,,,,,1.0,,,,,,,,,,
volksvertreterinner,False,,,,,,,,,,,,,,,,,,,,,,,,,,1.0,,
volksvertretung,False,,,,,,,,,,,,,,,,,,1.0,,,,,,,,,,
volkswagen,False,,,,,,,,,,,,,,,,,,,,,2.0,,,,,,,
volkszählung,False,,,,,,,,,,,,,,,,,,,,,,,,,,1.0,,
voll,False,2.0,2.0,1.0,2.0,2.0,1.0,3.0,,3.0,1.0,,,,1.0,5.0,,2.0,,3.0,,3.0,,,,1.0,,2.0,
vollautomatisiert,False,,,,,,,,,,,,,,,,,,,,,,,,1.0,,,,
vollends,False,,,,,,,,,,,,,,,,1.0,,,,,,,,,,,,
vollkommen,False,,,,1.0,,,,,,,,,1.0,,,,,,1.0,2.0,,,,,,,,
vollmitgliedschaft,False,,,,,,,,,,,,,,,,,,,,,,,,,,1.0,,
vollmordlich,False,,,,,,,,,,,,,,,,,,,,,,,,1.0,,,,
vollmühlen,False,,,,,,,,,,,,,,,,,,,,,,,,,,,1.0,
vollstopfen,False,,,,,,,,,,,,1.0,,,,,,,,,,,,,,,,
vollstreckung,False,,,3.0,,,,,,,,,,,,,,,,,,,,,,,,,
vollständig,False,,,,2.0,,,,1.0,,2.0,,,,,,,1.0,,,,5.0,2.0,1.0,,,,,
vollständigkeit,False,,,,,,,,,,,,,,,,,,,,,2.0,1.0,,,,1.0,,
volltext,False,,,,,,,,,,,1.0,,,,,,,,,,,,,,,,,
vollumfänglich,False,,,,,,,,,,,,,,,,,,,,2.0,,,,,,,,
vollverpflegung,False,,,,,,,,,,,,,1.0,,,,,,,,,,,,,,,
vollzeitaktivismus,False,,,,,,,,,,,,,,,,,,,,,,,,,,1.0,,
vollzeitjob,False,,,,,,,,,,,,,,,,,,,1.0,,,,,,,,,
vollziehen,False,,,,,,,,,,,,1.0,,,,,,,,,,,,,,,,
vollzugsdefizit,False,,,1.0,,,,,,,,,,,,,,,,,,,,,,,,,
volumen,False,,1.0,,,,,,,,,,,,,4.0,,1.0,,,,,,,,,,,
von,True,82.0,135.0,95.0,96.0,114.0,57.0,96.0,70.0,104.0,74.0,47.0,103.0,50.0,53.0,103.0,59.0,73.0,55.0,65.0,82.0,221.0,129.0,40.0,63.0,40.0,96.0,85.0,59.0
vonstatten,False,,,1.0,,,,,,,,,,,,,,,,,,,,,,,,,
vor,True,11.0,14.0,11.0,19.0,25.0,12.0,16.0,13.0,24.0,17.0,13.0,28.0,12.0,14.0,33.0,16.0,8.0,15.0,12.0,13.0,55.0,30.0,24.0,15.0,6.0,25.0,19.0,18.0
vorab,False,,,,,1.0,,,,,,,,,,,1.0,,1.0,,,,,,,,,,
vorabprüfung,False,,,,,,,,,,1.0,,,,,,,,,,,,,,,,,,
voran,False,,1.0,,,,,1.0,,,,,,,,,,,,,1.0,,,,,,,,
vorangebrachen,False,,,,,,,,,,,,,,,,,,,1.0,,,,,,,,,
vorangehen,False,,,,,,,2.0,,,,,,,,,,,,,,2.0,,,,,,,
vorankommen,False,,,,,,,,,,,,,,,,,,,1.0,,2.0,,,,1.0,,,
voranschieben,False,,,,,1.0,,,,,,,,,,,,,,,,,,,,,,,
voranstehen,False,,,,,,,1.0,,,,,,,,,,,,,,,,,,,,,
vorantreiben,False,,,,1.0,,,,,,,1.0,,,,,,,,,2.0,,,1.0,,1.0,1.0,,1.0
voranzubringen,False,,,,,,,,,,,,,,,,,,,,2.0,,1.0,,,,,,
vorarbeit,False,,,,,1.0,,,,,,,,,,,,,,,,,,,,,,,
voraus,False,,,,,,,,,,,,,,,,,,,,1.0,,,,,,1.0,,
vorausdenken,False,,,,,,,1.0,,,,,,,,,,,,,,,,,,,,,
vorausschau,False,1.0,,,,,,,,,,,,,,,,,,,,,,,,1.0,,,
voraussetzen,False,,,,,,,,,,,,,,,,,1.0,,,1.0,,,,,,,,
voraussetzung,False,1.0,1.0,,1.0,1.0,,,,,,,,,,,,,,,2.0,2.0,,1.0,,,,,
voraussetzungsprechung,False,,,,,,,,,,,,,,,1.0,,,,,,,,,,,,,
voraussetzungsspeicherungsgesetz,False,,,,,,,1.0,,,,,,,,,,,,,,,,,,,,,
vorbedingung,False,,,,,,,,,,,,,,,,,,,,1.0,,,,,,,,
vorbehalt,False,,,,,,,,,,,,,,,1.0,,,,,,,,,,,,,
vorbehaltlos,False,,,,,,,1.0,,,,,,,,,,,,,,,,,,,,,
vorbei,False,1.0,4.0,1.0,1.0,1.0,7.0,3.0,,1.0,,1.0,,,,,1.0,,2.0,,,2.0,1.0,2.0,5.0,,,6.0,1.0
vorbeigehen,False,,,,,,,,,,,1.0,,1.0,,,,,,,,,,1.0,,,,,
vorbeigereden,False,,,,,,,,,,,,1.0,,,,,,,,,,,,,,,,
vorbeikommen,False,,,1.0,,,,2.0,,,,,,,,,,1.0,,,,,1.0,,,,,6.0,1.0
vorbeikommt,False,,,1.0,,,,,,,,,,,,,,,,,,,,,,,,4.0,
vorbeimogeln,False,,,,1.0,,,,,,,,,,,,,,,,,,,,,,,,
vorbemerkung,False,,,,,,,,,,,,,,,,,,,,,2.0,,,,,,,
vorbereiten,False,,,,,,,,,2.0,,3.0,,,,,1.0,1.0,3.0,1.0,,2.0,,1.0,,,,,5.0
vorbereitet,False,,1.0,,,,,,,,,,,,,,,,,,,,,,,,,,
vorbereitung,False,2.0,,,,,,,,,1.0,,2.0,,,1.0,,,2.0,,,,,1.0,,,1.0,,
vorbereitungsdokument,False,,,,2.0,,,,,,,,,,,,,,,,,,,,,,,,
vorbereitungspad,False,,,,,,,,,,,,,1.0,,,,,,,,,,,1.0,,,,
vorbeugen,False,,,,,,,,,1.0,1.0,,,,,,,,1.0,,,,,,,,,,
vorbieen,False,,,,1.0,,,,,,,,,,,,,,,,,,,,,,,,
vorbild,False,,,,,1.0,,1.0,,,1.0,,,,,,,,,,,4.0,,,,,,,
vorbildlich,False,,,1.0,,,,,,,,,,,,,,,,,,,1.0,,,,,,
vorbildwirkung,False,,,,,,,1.0,,,,,,,,,,,,,,,,,,,,,
vorbringen,False,,,,1.0,,,,1.0,,,,,1.0,,1.0,,,1.0,,,,,1.0,,,,,
vordefinition,False,,,,,,,,,,1.0,,,,,,,,,,,,,,,,,,
vorder,False,,,,,,,,,,,,,,,,,,,,,2.0,,,,,,,
vordereingang,False,1.0,,,,,,,,,,,,,,,,,,,,,,,,,,,
vordergrund,False,,,,,,,1.0,1.0,,,,,,1.0,,1.0,,,,1.0,,,,,,,,1.0
vordergründig,False,1.0,,,,,,,,1.0,,,,,,,,,,,,,,,,,,,
vorderseite,False,,,,,,,,,,,,,,,,,,,,,,,1.0,,,,,
voreingestellt,False,,,,,,,,,,,,,,,,,,,,,,,,1.0,,,,
vorentscheid,False,,,,,,,,,,,,,,,,,,,,,,,1.0,,,,,
vorfall,False,,,2.0,,,,,,,,,,,,2.0,,2.0,,,,,,,,,,,
vorfeld,False,,,,,,,1.0,,1.0,,1.0,4.0,,,,,,1.0,1.0,,,,,1.0,2.0,1.0,,1.0
vorfinden,False,,,1.0,,,,,,,,,,,,,1.0,,,,,,,,,,,,
vorform,False,,,,,,,,,,,,1.0,,1.0,,,,,,,,,,,,,,
vorfunden,False,,,,,,,,,,,,,,,,,,1.0,,,,,,,,,,
vorgabe,False,,,,,,,,,,1.0,,,1.0,2.0,,,,,,2.0,,,,,,,,
vorgang,False,,,1.0,,,1.0,,,,,,,,,,,,,,,,,,,,,,
vorgeben,False,,,,,,,,,1.0,,,,1.0,,,1.0,,,,,2.0,,,,,,,
vorgegriffen,False,,,,,,,,,1.0,,,,,,,,,,,,,,,,,,,
vorgehen,False,,,1.0,,,,,,,1.0,,,,,2.0,5.0,,2.0,,,8.0,,7.0,,,3.0,,
vorgehensprinzip,False,,,,,,,,,,,,,,,,,,,,,,,,,1.0,,,
vorgehensweis,False,,,,,,,,,,,1.0,,,,,,,,,,,,,,,,,
vorgehensweise,False,,,1.0,,,,,,,,,,,,,,,,,,,,,,,,,1.0
vorgemerken,False,,,,,,,,,,,,,,,,,,,1.0,,,,,,,,,
vorgeplänkel,False,,,,,,,,,,,,,,,,,,,,,,,,,,,1.0,
vorgeschalten,False,,,,,,,,,,,,,,,,,,,1.0,,,,,,,,,
vorgeschlagen,False,,,,,,,,,,,,,,,,,,1.0,,,,,,,,,,
vorgeschobenerweise,False,,,,,,,,,,,,,,,,,,,,,2.0,,,,,,,
vorgespräch,False,,,,2.0,,,,1.0,,,,,,,,,,,1.0,,,,,,1.0,,,
vorgespult,False,,,,,,,,,,,,,,,,,,,1.0,,,,,,,,,
vorgestellt,False,,1.0,,,,,,,,,,,,,,,,,,,,,,,,,,
vorgewarnen,False,,,,,,,,,,,,,,,,,,1.0,,,,,,,,,,
vorgibt,False,,,,,,,,,,,,,1.0,,,,,,,,,,,,,,,
vorgreifen,False,,,,1.0,,,1.0,,,,,,,,,,,,,,,,,,,,,
vorgänger,False,,,,,,,1.0,,,,,2.0,,,,,,,,,,,,,,,,1.0
vorgängergruppe,False,,,,,,,,,,,,,,,,,,,,,,,,,,,,1.0
vorgängerin,False,,,,,,,1.0,,,,,,,,,,,,,,,,,,,,,
vorgängerorganisation,False,,,,,,,,,,,,,,,,,,,,,,,,,,1.0,,
vorgängerregierung,False,,,,,,,2.0,,,,,,,,,,,,,,,,,,,,,
vorhaben,False,,,,,,,2.0,,,1.0,,,2.0,1.0,,,,,,,,,,,1.0,2.0,,
vorhalten,False,,,,2.0,,,1.0,,,,,,,,1.0,,,,,1.0,,,,,,,,
vorhanden,False,,,,,,,1.0,1.0,1.0,2.0,,,,,1.0,,,,,3.0,,,2.0,1.0,1.0,3.0,1.0,1.0
vorhat,False,,,,,,,,,,,,,,,,,,,,,,,,,,1.0,,
vorher,False,2.0,6.0,2.0,9.0,4.0,6.0,4.0,4.0,5.0,2.0,5.0,4.0,1.0,13.0,3.0,1.0,2.0,10.0,1.0,2.0,8.0,,2.0,2.0,6.0,3.0,1.0,5.0
vorherig,False,1.0,,,1.0,,,,,,,,,,,,,,,,,,,,,,,,1.0
vorhersage,False,,,,,,,,,,,,,,,,,,,,,2.0,,,,,,,
vorhersehbar,False,,,,1.0,,,,,,,,,,,,,,,,,,,,,,,,
vorhin,False,3.0,5.0,4.0,2.0,4.0,,,3.0,3.0,2.0,1.0,6.0,3.0,1.0,5.0,2.0,4.0,,1.0,2.0,6.0,2.0,6.0,1.0,4.0,2.0,4.0,1.0
vorhofer,False,,,,,,,,,,,,,,,,,,,,,,,,,,1.0,,
vorkamen,False,,,,,,,,,,,,,,,,,,,,,,,,,1.0,,,
vorkehrung,False,,,1.0,,,,,,,,,,,,,,,,,,,,,,,,,
vorkommen,False,,,,,,,,,,,,,,,2.0,,1.0,,1.0,,2.0,,1.0,,2.0,2.0,,
vorladen,False,,,,,3.0,,,,,,,,,,,,,,,,,,,,,,,
vorlage,False,,,,1.0,,,,,,,,3.0,,,,,,,,,,,,,,,,
vorlassen,False,,,,,,,,,,,,,,,,,,,,1.0,,,,,,,,
vorlauf,False,,,,,,,,,,,5.0,,,,,,,,1.0,,,,,,,,,
vorlaufplan,False,,,,,,,,,,,,,,,,,,,,,,,,1.0,,,,
vorlaufprozess,False,,,,,,,,,,,,1.0,,,,,,,,,,,,,,,,
vorlegen,False,,,3.0,2.0,1.0,,1.0,1.0,,,,,1.0,,1.0,,,,,1.0,2.0,,1.0,,1.0,,,2.0
vorlesbar,False,,,,,,,,,,,,,,,,,,,,1.0,,,,,,,,
vorlesen,False,4.0,,,,,,1.0,,,,,,,,1.0,,,,1.0,,,,,,,,,
vorlesung,False,,,,,,,,,1.0,,,,,,,,,,,,,,,,,,,
vorletzt,False,,,,,,,,,,,,,,,,,,,,,2.0,,,,,,,
vorletzter,False,,,,,1.0,,,,,,,,,,,,,,,,2.0,,,,,,,
vorliegen,False,,,1.0,,,,,,,,1.0,,,2.0,3.0,1.0,1.0,,1.0,2.0,2.0,1.0,2.0,,,,,
vorläufer,False,,,,,,,,,1.0,,,,,,,,,,1.0,,,,,,,,,
vorläufig,False,,,,,,,,,,1.0,,,,,,1.0,,,,,2.0,2.0,3.0,,,,,
vormachtstellung,False,,,,,1.0,,,,,,,,,,,,,,,,,2.0,,,,,,
vormittags,False,,,,,,,,,,,,,,,,,,,,,,,,1.0,,,,
vorname,False,,,,,,,,,,,,,,,2.0,,,,,,,,,,,,,
vorne,False,3.0,2.0,2.0,,,,1.0,,3.0,,1.0,,2.0,,2.0,1.0,,1.0,,,,,,2.0,,2.0,5.0,
vornehmen,False,,1.0,,1.0,,2.0,,1.0,,,,,1.0,,1.0,,,1.0,1.0,,,2.0,,1.0,,,,1.0
vornherein,False,1.0,1.0,,,1.0,,,,,,1.0,1.0,,,,,,,1.0,,2.0,,,,,1.0,,
vorordnung,False,,,,,,,,,,,,,,,,,,,,,,,,,,,,1.0
vorprüfung,False,,,,,1.0,,,,,,,,,,,,,,,,,,,,,,,
vorrangig,False,1.0,,,,,,,,,,,,,,,,,,,,,,,,,,,
vorrat,False,,,,,,,1.0,,,,,,,,2.0,,,,,,,,,,,1.0,,
vorratbiometrisch,False,,,,,,,1.0,,,,,,,,,,,,,,,,,,,,,
vorratensprechung,False,,,,,,,,,,,,,,,1.0,,,,,,,,,,,,,
vorratsanspeicherung,False,,,,,,,,,,,,,,,4.0,,,,,,,,,,,,,
vorratsanspeicherungsgesetze,False,,,,,,,,,,,,,,,1.0,,,,,,,,,,,,,
vorratsansprechung,False,,,,,,,1.0,,,,,,,,7.0,,,,,,,,,,,,,
vorratsansprechunge,False,,,,,,,,,,,,,,,1.0,,,,,,,,,,,,,
vorratsdaen,False,,,,,,,,,,,,,,,,,,,,,,,,,,1.0,,
vorratsdat,False,,,,,,,,,,,,,,,4.0,,,,,,,,,,,,,
vorratsdaten,False,,,,,,,,,,,,,,,4.0,,,,,,,,,,,,,
vorratsdatenspeicher,False,,,,,,,,,,,,,,,1.0,,,,,,,,,,,,,
vorratsdatenspeicherei,False,,,,,,,,,,,,,,,1.0,,,,,,,,,,,,,
vorratsdatenspeicherung,False,,,,1.0,,,8.0,,,2.0,,,,,71.0,,,,,,14.0,,,,1.0,9.0,,2.0
vorratsdatenspeicherungsdat,False,,,,,,,,,,,,,,,1.0,,,,,,,,,,,,,
vorratsdatenspeicherungsdebatte,False,,,,,,,,,,,,,,,1.0,,,,,,,,,,,,,
vorratsdatenspeicherungssatz,False,,,,,,,,,,,,,,,1.0,,,,,,,,,,,,,
vorratsdatenspeicherungssing,False,,,,,,,,,,,,,,,,,,,,,2.0,,,,,,,
vorratsdatenspeicherungssystem,False,,,,,,,,,,,,,,,1.0,,,,,,,,,,,,,
vorratsdatensprechung,False,,,,,,,,,,,,,,,2.0,,,,,,,,,,,,,
vorratsdatensprechungshardliner,False,,,,,,,,,,,,,,,1.0,,,,,,,,,,,,,
vorratsentsprechung,False,,,,,,,,,,,,,,,,,,,,,,,,,,1.0,,
vorratshaltensprechung,False,,,,,,,1.0,,,,,,,,,,,,,,,,,,,,,
vorratssammenspeicherung,False,,,,,,,,,,,,,,,,,,,,,2.0,,,,,,,
vorratssatzspeicherung,False,,,,,,,,,,,,,,,,,,,,,6.0,,,,,,,
vorratssatzspeicherungsähnlich,False,,,,,,,,,,,,,,,1.0,,,,,,,,,,,,,
vorratsseitenspeicherung,False,,,,,,,2.0,,,,,,,,1.0,,,,,,,,,,,,,
vorratsspeicherung,False,,,,1.0,,,,,,,,,,,,,,,,,,,,,,,,
vorratssprechung,False,,,,,,,,,,,,,,,,,,,,,2.0,,,,,,,
vorratsstandspeicherung,False,,,,,,,,,,,,,,,1.0,,,,,,,,,,,,,
vorratszeit,False,,,,,,,,,,,,,,,1.0,,,,,,,,,,,,,
vorrechnen,False,,,,,,,,,,,,,1.0,,,,,,,,,,,,,,,
vorrichtunge,False,,,,,,,,,,1.0,,,,,,,,,,,,,,,,,,
vorsatz,False,,,,,,,,,,1.0,,,,,,,,,,1.0,,,,,,,,
vorsatzformulierung,False,,,,,,,,,,1.0,,,,,,,,,,,,,,,,,,
vorschau,False,,,,,,,,,,,,,,,,,1.0,,,,,,,,,,,
vorschieben,False,,,,,,,,,,,,,,,,,,,,,,,1.0,,,,,
vorschlag,False,1.0,9.0,,4.0,,1.0,1.0,3.0,,1.0,1.0,,2.0,1.0,1.0,,,4.0,1.0,,4.0,,,,3.0,1.0,2.0,9.0
vorschlagen,False,1.0,2.0,,2.0,1.0,,2.0,3.0,1.0,3.0,,,,,,1.0,,2.0,,,,,,,3.0,,,5.0
vorschlagsrecht,False,,,,2.0,,,,,,,,,,,,,,,1.0,,,,,,,,,
vorschreiben,False,,1.0,2.0,3.0,4.0,,1.0,,2.0,,,,,,2.0,2.0,,,,,2.0,1.0,1.0,,,,,
vorschrift,False,1.0,,,1.0,,,,,,,,,,,,,1.0,,,3.0,,,,,,,,
vorsehen,False,,,2.0,,,1.0,1.0,1.0,,1.0,1.0,,1.0,,,5.0,1.0,1.0,,,,,,,,,,
vorsicht,False,,,,,,,,,,,,,,,2.0,,,,,,,,,,,,,
vorsichtig,False,,,1.0,1.0,1.0,,1.0,,,,,,,,,,,,,1.0,2.0,,1.0,,,,,1.0
vorsitzen,False,,,,,,,,,,,,,,,,,,,,,,,,,,,1.0,
vorsitzend,False,,,,1.0,,3.0,,2.0,,4.0,,,,,,,,7.0,,,,,1.0,,,,,
vorspieln,False,,,,,,,,,,,,,,,,,,,,,,,,1.0,,,,
vorsprechen,False,,,,,,,,,,,,,,,,,,,,,,,,,1.0,,,
vorsprengen,False,,,,,,,,,,,,,,,1.0,,,,,,,,,,,,,
vorsprung,False,,,,,,,,,,,,,,,,,,,1.0,,,,,,,,,
vorstand,False,,,,,,,,,,,,,,,,,,,,,1.0,,,,,1.0,,
vorstellbar,False,,,,,,,,,,,,,,,1.0,,,,,,,1.0,,,,,,
vorstellen,False,6.0,6.0,5.0,14.0,5.0,4.0,2.0,8.0,3.0,7.0,4.0,4.0,4.0,1.0,11.0,5.0,4.0,7.0,4.0,8.0,6.0,2.0,5.0,2.0,2.0,6.0,7.0,3.0
vorstellst,False,,,,,,,,,,,,,,,,,,,,,,,,,,1.0,,
vorstellung,False,,2.0,1.0,4.0,1.0,,,,,1.0,,5.0,,1.0,,,,,,,,2.0,1.0,2.0,1.0,1.0,1.0,1.0
vorsätzlich,False,,,,,,,,,,,,1.0,,,,,,,,,,,,,,,,
vortag,False,,,,,,,,,,,,,,,,,,,,,,,,1.0,,,,
vorteil,False,,2.0,,1.0,,,,1.0,1.0,,1.0,,,,,,1.0,1.0,,1.0,2.0,,1.0,,1.0,3.0,,1.0
vorteilhaft,False,,,,,,,,,,,,,,,,,1.0,,,,,,,,,,,
vortrag,False,,,,,,,,,,,,2.0,,,,,,3.0,,,2.0,6.0,,16.0,,,,
vortragen,False,,1.0,,,,1.0,1.0,,,,,,,,,,,2.0,,,2.0,,,,,,,1.0
vortragssaal,False,,,,,,,,,,,,,,,,,,,,,,,,1.0,,,,
vortritt,False,1.0,,,,,,,,,,,,,,,,,,,1.0,,,,,,,,
vorträg,False,,,,,,,,,,,,,,,,,,,,,,,,3.0,,,,
vortut,False,,,,,,,,,,,,,,,,,,,,,2.0,,,,,,,
vortäuschen,False,,,,,,,,,1.0,,,,,,,,,,,,,,,,,,,
vortäuschung,False,,1.0,,,,,,,,,,,,,,,,,,,,,,,,,,
vorurteil,False,,,,,,,1.0,,,,,,,,,,,,,,,,,,,,,
vorurteilsfrei,False,,,,,,,,,,,,,,,,,,,,,,,,,,,1.0,
vorverfahren,False,,,,1.0,,,,,,,,,,,,,,,,,,,,,,,,
vorverweisen,False,,,,1.0,,,,,,,,,,,,,,,,,,,,,,,,
vorweg,False,,,,,,,,,,1.0,1.0,,,,,,,,,,,,2.0,1.0,1.0,,,1.0
vorwegnehmen,False,,,,,,,,,,,,,1.0,,,,,,,,,,,,,,,
vorweisen,False,,,,,,,,1.0,,,,,,,,,,,,,,,,,,,,
vorwerfen,False,,,,,,,,,,,,,,,,,1.0,,,,,2.0,,,,1.0,,
vorwissen,False,,,,,2.0,,,1.0,,,,,,,,,,,,,,,,,,,,
vorwurf,False,,,1.0,,,1.0,,,1.0,,,,,,,,,,,,2.0,,,,,1.0,,
vorwärtsdatenspeicherung,False,,,,,,,,,,,,,,,1.0,,,,,,,,,,,,,
vorwärtsfahrtenspeicherung,False,,,,,,,1.0,,,,,,,,,,,,,,,,,,,,,
vorwärtsleiterin,False,,,,,,,,,,,,,,,,,,,,,2.0,,,,,,,
vorwärtsspeicherung,False,,,,,,,,,,,,,,,1.0,,,,,,,,,,,,,
vorwürfen,False,,,,,,,,,1.0,,,,,,,,,,,,,,,,,,,
vorwürfst,False,,,,,,,,,1.0,,,,,,,,,,,,,,,,,,,
vorzeichen,False,,,,,,,,,,,,,,,,,,,,,,,,1.0,,,,
vorzeigen,False,,,,,,,,,1.0,,,,,,,,,,,2.0,,,,,,,,
vorzeitenspeicherung,False,,,,,,,1.0,,,,,,,,,,,,,,,,,,,,,
vorziehen,False,,,,,,,,,,,,,,,,,,,,,,,,,,1.0,,
vorzug,False,,,,,,,,,,,,,,,,,,,,,,,,1.0,,,,
vorzukommen,False,,,,,,,,,,,,,,,,,,,,,,,,,,1.0,,
vorzulesen,False,,,,,,1.0,,,,,,,,,,,,,,,,,,,,,,
vorzutast,False,,,,,,,,,,,,,,1.0,,,,,,,,,,,,,,
vorzähl,False,,,,,,,,,,,,,,,,,,,,,,2.0,,,,,,
vorübergehend,False,,,,,,,,,,,,,,,1.0,,,,,,,,,,,,,
vosses,False,,,,,,,,,,,,,,,,,,,,,,,,,,1.0,,
votum,False,,,,,,,,,,,,,,,,,,,,,,,,,,,,1.0
voucher,False,,,,,,,1.0,,,,,,,,,,,,,,,,,,,,,
vox,False,,,,,,,,,,,,,,,,,,,,,,,,2.0,,,,
vulnerability,False,,,,,,,1.0,,,,,,,,,,,,,,,,,,,,,
vw,False,,,1.0,,,,,,,,,,,,,,,,,,2.0,,,,,,,
völkerrechtlich,False,,,,,,,,,,5.0,,,,,,,,,,,,,,,,,,
völkerrechtswidrig,False,,,,,,,,,,,,,,,,,,,1.0,,,,,,,,,
völlig,False,2.0,8.0,1.0,2.0,,,2.0,2.0,2.0,,,1.0,,,1.0,1.0,1.0,,2.0,2.0,16.0,,2.0,,,,6.0,
w,False,1.0,,,,,,,,,,,,,,,,,,,,,,,,,,,
waagschale,False,,,,,,,,,,,1.0,,,,,,,,,,,,,,,1.0,,
waberen,False,,,,,,,,,,,,,,,,,,,,,,,,,1.0,,,
wachsam,False,,,,,,,,,,,,,,,,1.0,,,,,,,,,,,,
wachschutz,False,,,,,,,,,,,,,1.0,,,,,,,,,,,,,,,
wachsen,False,1.0,,,,,,,,,,,,,,,,1.0,,,,2.0,,1.0,,,1.0,,
wachsend,False,,,,,,,,,,,,,,,,,,,,,,,,,,,1.0,
wackeln,False,1.0,1.0,,,,,,,,,,,,,,,,,1.0,,,,,,,,,
wacklig,False,,1.0,,,,,,,,,,,,,,,,,,,,,,,,,,
waffe,False,,,,,,,1.0,,,,,,,,,,,,,,,,,,,,,
waffengleichheit,False,,,,,,,,,,,,,,,,,,,,,,,,,,,,1.0
wagen,False,,1.0,,,,,,,,,,1.0,,,,,,,,,,,,,,,1.0,
waghalsig,False,,,,,,,1.0,,,,,,,,,,,,,,,,,,,,,
wahl,False,2.0,1.0,,5.0,,,1.0,1.0,1.0,,1.0,,,,2.0,6.0,,1.0,4.0,7.0,15.0,6.0,1.0,1.0,,1.0,2.0,
wahlabend,False,,,,,,,,,,,,,,1.0,,,,,1.0,,,,,,,,,
wahlcomputer,False,,,,,,,,,,,,,,,2.0,,,,,,,,,,,1.0,,
wahlempfehlung,False,,,,,,,,,,,,,,,,,,,,,4.0,,,,,,,
wahlentscheidung,False,,,,,,,,,,,,,,,,,,,,,6.0,,,,,,,
wahlergebnis,False,,,,1.0,,,,,,,,,,,,,,,3.0,,,,,,,,,
wahlkammer,False,,,,,,,,,,,,,,,,,,,,,,2.0,,,,,,
wahlkampf,False,,,,1.0,1.0,,6.0,,,,,,,,,,,,,,9.0,2.0,1.0,,,,,
wahlkampfprofilierung,False,,,,,,,1.0,,,,,,,,,,,,,,,,,,,,,
wahlkreisabgeordnet,False,,,,,,,,,,,,,,,,,,,1.0,,,,,,,,,
wahlperiode,False,,,,,,1.0,,,,,,,,,,,,,,,4.0,,,,,,,
wahlprogramm,False,,,,,,,,,,,,,,,1.0,,,,3.0,,81.0,2.0,,,,1.0,,
wahlprogramme,False,,,,,,,,,,,,,,,,,,,1.0,,2.0,,,,,,,
wahlprogrammen,False,,,,,,,,,,,,,,,,,,,,,2.0,,,,,,,
wahlprogrammstehen,False,,,,,,,,,,,,,,,,,,,,,2.0,,,,,,,
wahlstation,False,,,,,,,,,,,,,,,,,,1.0,,,,,,,,,,
wahlsystem,False,,,,,,,,1.0,,,,,,,,,,,,,,,,,,,,
wahltag,False,,,,,,,,,,,,,,,,,,,1.0,,,,,,,,,
wahltermin,False,,,,,,,,,,,,,,,,,,,1.0,,,,,,,,,
wahlumfrage,False,,,,,,,1.0,,,,,,,,,,,,,,,,,,,,,
wahlversprechen,False,,,,,,,,,,,,,,,,,,,,,2.0,,,,,,,
wahlweise,False,,,,1.0,,,,,,,,,,,,,,,,,,,,,,1.0,,
wahnsinn,False,1.0,,,,,,,,,,,,,,1.0,,,,,,,,,,,1.0,,
wahnsinnig,False,,2.0,1.0,,,,,1.0,1.0,1.0,,,,8.0,2.0,3.0,,1.0,,1.0,,,,,,1.0,1.0,1.0
wahnwitzig,False,,,,,,,,,,,,1.0,,,,,,,,,,,,,,,,
wahr,True,,,,1.0,1.0,1.0,,3.0,,3.0,,2.0,1.0,1.0,,1.0,5.0,1.0,1.0,,,2.0,1.0,,,,3.0,1.0
wahren,False,,,,,,,,1.0,,,,,,,,,,,,1.0,,1.0,,,,1.0,,
wahrheit,False,3.0,,,2.0,1.0,,,,,1.0,,2.0,,,,,,,,,,4.0,,,,2.0,,
wahrnehmbar,False,,,,,,,,,,,,,,,,,,,,,2.0,,,,,,,
wahrnehmbarkeit,False,1.0,,,,,,,,,,,,,,,,,,,,,,,,,,,
wahrnehmen,False,1.0,,,,,,1.0,,,,,1.0,,,2.0,,,,,4.0,,3.0,2.0,2.0,,,1.0,
wahrnehmung,False,1.0,,1.0,,,,,,,,,,,1.0,3.0,,,,,,,,,,2.0,,,2.0
wahrscheinlich,False,1.0,13.0,6.0,9.0,10.0,11.0,7.0,9.0,6.0,10.0,3.0,8.0,4.0,3.0,11.0,9.0,9.0,7.0,16.0,7.0,17.0,11.0,10.0,7.0,9.0,3.0,8.0,3.0
wahrscheinlichkeit,False,,4.0,,1.0,,,,,1.0,,1.0,,,,,,1.0,,,,2.0,,,,,,,
wahrscheinlichste,False,,1.0,,,,,,,,,,,,,,,,,,,,,,,,,,
wahrung,False,,,,,,,,1.0,,,,,,,,1.0,,,,,,,,,,,,
wait,False,,,,,,,,,,,,,,,,,,,,,,,,1.0,,,,
wallet,False,,,,,,,,,5.0,,,,,,,,,,,,2.0,,,,,,,
wamern,False,,,,,,,,,,,,,,,,,,,,,,,,,1.0,,,
wand,False,1.0,,,,,1.0,,,,1.0,2.0,,,1.0,2.0,,,,,,,,,,,,,
wandel,False,,,,,,,,,,1.0,,,,,1.0,,,,,,,,,,,,,
wandeln,False,,,1.0,,,3.0,3.0,,1.0,,,,,,1.0,,,,,,2.0,2.0,,,,,,
wandern,False,,,,,,,,,,,,,,,,,,,,1.0,,,,1.0,,,,
wann,True,7.0,,4.0,3.0,2.0,8.0,6.0,4.0,1.0,2.0,5.0,1.0,1.0,2.0,7.0,2.0,,3.0,3.0,,1.0,2.0,2.0,3.0,,,2.0,2.0
wanted,False,,,,,,,,,,,,6.0,,,,,,,,,,,,,,,,
wappentier,False,,,,,,,,,,,,,,,,,,,,,,,,,1.0,,,
wappnen,False,,,,,,,,,,,,,,,,,,,,,,,1.0,,,,,
warbt,False,,,,,,,,,,,,,,,,,1.0,,,,,,,,,,,
wardialing,False,,,,,,,,,,,,1.0,,,,,,,,,,,,,,,,
ware,True,,,,,,,,,,,,1.0,1.0,,,,,,,1.0,,,,,,,,
waren,True,2.0,,,,2.0,1.0,2.0,,,,2.0,1.0,,,,,,1.0,,,4.0,2.0,,,2.0,,1.0,1.0
wargame,False,,,,,,,,,,,,1.0,,,,,,,,,,,,,,,,
wargames,False,,,,,,,,,,,,1.0,,,,,,,,,,,,,,,,
warm,False,,,,,,,,,,,,,,,,,,,,,,,,1.0,,,,
warmhole,False,,,,,,,,,,,,1.0,,,,,,,,,,,,,,,,
warmlaufen,False,,,,,,,,,,,,,,,1.0,,,,,,,,,,,,,
warndebatte,False,,,,,,,,,,,,,,,,,,,,1.0,,,,,,,,
warnen,False,1.0,,,,1.0,,,,,,,,,,,,,,,1.0,,,,,,,,
warnsignal,False,,,,,,,1.0,,,,,,,,,,,,,,,,,,,,,
warnung,False,2.0,,,,,,,,,,,,,,,,2.0,,,,,,,,,1.0,,
warst,False,,,,1.0,,3.0,,,,1.0,,2.0,,1.0,,1.0,,3.0,3.0,5.0,,,1.0,,,,1.0,
wart,True,,,1.0,1.0,,,,,,,,1.0,1.0,,,,1.0,1.0,,,4.0,,,1.0,,1.0,,
warte,False,,3.0,,3.0,,,1.0,1.0,3.0,,,2.0,2.0,,1.0,,,,1.0,2.0,,,,1.0,,,1.0,
warten,False,2.0,2.0,1.0,3.0,3.0,1.0,1.0,1.0,1.0,2.0,,1.0,2.0,,4.0,3.0,4.0,,2.0,,4.0,,1.0,,1.0,,2.0,1.0
wartung,False,,,,,,,1.0,,,,,,,,,,,,,,,,,,,,,
warum,True,,8.0,8.0,10.0,3.0,8.0,7.0,11.0,16.0,8.0,3.0,7.0,10.0,2.0,18.0,5.0,12.0,4.0,2.0,3.0,6.0,15.0,4.0,5.0,1.0,6.0,11.0,7.0
was,True,90.0,115.0,103.0,78.0,87.0,58.0,101.0,64.0,81.0,57.0,40.0,85.0,60.0,61.0,83.0,58.0,58.0,42.0,54.0,62.0,206.0,64.0,49.0,33.0,45.0,43.0,75.0,36.0
waschbereich,False,,,,,1.0,,,,,,,,,,,,,,,,,,,,,,,
waschen,False,1.0,,,,,,,,,,,,,,,,,,,,,,,,,,,
washing,False,,,,,,,,,,,,,,,,,,,,,,,,,1.0,,,
washington,False,,,,,,,,,,,,,,,,,,,,,,2.0,,,,,,
wasser,False,1.0,,,,,,,,,,,1.0,,,,,,,,,,,1.0,,,2.0,,
wasserdicht,False,,1.0,,,,,,,,,,,,,,,,,,,,,,,,,,
wasserfall,False,,,,,,,,,,,,,,,,,,,,,,,,,1.0,,,
wasserkocher,False,,,,,,,,,,,,,3.0,,,,,,,,,,,,,,,
wasserverbrauch,False,,,,,,,,,,,,,,,,,,,,,,2.0,,,,,,
waste,False,,,,,,,,,1.0,,,,,,,,,,,,,,,,,,,
watch,False,,,,,,,,,,1.0,,,,,,,,,,,,,,,,,,
watchdog,False,,,,,,,,,,,,,,,,2.0,,,,,,,,,,,,
waten,False,,,,,,,,,,,,,,,,,,,,,3.0,,,,,,,
watergate,False,,,,,1.0,,,,,,,,,,,,,,,,,,,,,,,
watn,False,,,,,,,,,,,,,,,,,,,,,1.0,,,,,,,
wayback,False,,,,,,,,,,,,,,,,,,,,,,,,,,,3.0,
wcag,False,7.0,,,,,,,,,,,,,,,,,,,7.0,,,,,,,,
wdr,False,,,3.0,,,,,,,,,,,,,,,,,,,,,,,,,
we,False,,,,,,,,,1.0,,,,,,,,,,,,,,,,,,,
web,False,8.0,1.0,,,,,,,1.0,1.0,,1.0,,,,,,,,3.0,,,,,,,9.0,
webanwendung,False,,,1.0,,,,,,,,,,,,,,,,,,,,,,,,,
webbrowser,False,,,,,,,,,,,,,,,,,,,,1.0,,,,,,,1.0,
webbrowsing,False,,,,,,,,,,,,,,,1.0,,,,,,,,,,,,,
webcam,False,,,,,,,,,,,,1.0,,,,,,,,,,,1.0,1.0,,,,
webdokument,False,,,,,,,,,,,,,,,,,,,,1.0,,,,,,,,
webentwickler,False,1.0,,,,,,,,,,,,,,,,,,,,,,,,,,,
webfrontend,False,,,,,,,,,,,,,1.0,,,,,,,,,,,,,,,
webhoster,False,,,,,,,,,,,,,,,,,,,,,,,,,,,1.0,
webhosting,False,,,,,,,,,,,,,,,,,,,,,,,,,,,2.0,
webinhalt,False,,,,,,,,,,,,,,,,,,,,,,,,,,,1.0,
webseit,False,3.0,2.0,1.0,,1.0,,,,,,,,,,,,,,,5.0,,,,,,,5.0,1.0
webseite,False,9.0,2.0,1.0,,,,1.0,,6.0,2.0,,1.0,1.0,,1.0,1.0,1.0,,,3.0,4.0,,3.0,2.0,,,12.0,5.0
webseitenbesitzer,False,,,,,,,,,,,,,,,,,,,,,,,,,,,1.0,
webserver,False,,,,,,,,,,,,,,,,,,,,,,,,,,,2.0,
webshop,False,,,,,,,,,,,,,,,,,1.0,,,,,,,,,,,
website,False,2.0,1.0,2.0,1.0,,,,,,1.0,,,,,,,,,,,,,1.0,,,2.0,19.0,
websites,False,,,,,,,,,,,,,,,,,,,,,,2.0,,,,,11.0,1.0
webstream,False,,,,,,,,,,1.0,,,,,,,,,,,,,,,,,,
websuchung,False,,,,,,,,,,,,,,,,,,,,,,,,,,,1.0,
wechsel,False,,,,,,1.0,,,,,,,,1.0,,,1.0,,2.0,,,2.0,,,1.0,,,
wechselgeld,False,,,,,,,,,,,,,1.0,,,,,,,,,,,,,,,
wechseln,False,1.0,,,2.0,1.0,1.0,,1.0,,,,,,,,1.0,1.0,,,,4.0,2.0,,,,1.0,,
wechselnd,False,,,,,,,,,,,,,,,,,,,,,2.0,,,,,,,
wechselseitig,False,,,,1.0,,,,,,,,,,,,,,,,,4.0,,,,,,,
wechselweise,False,,,,1.0,,,,,,,,,,,,,,,,,,,,,,,,
wechselwirkung,False,,,,,,,,,,,,4.0,,,,,,,,,,,,,,,,
weder,False,,,1.0,1.0,,,1.0,1.0,,,,2.0,1.0,1.0,,,1.0,,,,2.0,,,,,1.0,2.0,
weg,False,16.0,7.0,2.0,6.0,,,5.0,1.0,9.0,,4.0,1.0,4.0,1.0,4.0,7.0,5.0,1.0,4.0,4.0,12.0,8.0,4.0,5.0,6.0,9.0,8.0,3.0
wegbekommen,False,,,,,,,,,,,,,,1.0,,,,,,,,,,,,,,
wegblocken,False,,,,,,,,,,,,,,,,,,,,,,,,,,,3.0,
wegbrechen,False,,,,,,,,,,,1.0,,,,,,,,,,,,,,,,,
wegdenken,False,,,,,,,,,,,,1.0,,,,,,,,,,,,,,,,
wegdiskutieren,False,,,,,,,,,,,,,,,,,,,,,2.0,,,,,,,
wegen,True,,,1.0,2.0,3.0,4.0,2.0,,2.0,,6.0,3.0,3.0,1.0,1.0,1.0,3.0,2.0,,2.0,6.0,6.0,,,,2.0,2.0,
wegfallen,False,,,,,,,,,,,,,,,,,,,,,,,,,,1.0,,
wegfiltern,False,,,,,,,,,,,,,,,1.0,,,,,,,,,,,,1.0,
wegfiltert,False,,,,,,,,,,,,,,,,,,,,,,,,,,,1.0,
wegführend,False,,,,,,,,,,,,,,,,,,,,,,,1.0,,,,,
weggehackt,False,,,,,,,,,,,,,,,,,,,,,2.0,,,,,,,
weggeklicken,False,,,,,,,,,,,,,,,,,3.0,,,,,,,,,,,
weggenehmen,False,,,,,,,,,,,,,1.0,,,1.0,,,,,,,,,,,,
weggibst,False,,,,,,,,,,,,,,,,,1.0,,,,,,,,,,,
wegklagen,False,,,,,,,,,,,,,,,,,,,,,,,,,,1.0,,
wegklicken,False,,,,,,,,,,,,,,,,,,,,,,2.0,,,,,,
wegkommen,False,,,2.0,,1.0,,,,,,,,,,,,,,,,,2.0,,,,,,
weglag,False,,,,,,,,,,,,,,,,,,,,,,,,,,1.0,,
weglassen,False,,,,,,,,,,,,,,,,,1.0,,,1.0,,,,,,,,
weglegen,False,,,,,,,,,,,,,,,,,,1.0,,,,,,,,,,
weglässen,False,,,,,,,,,1.0,,,,,,,,,,,,,,,,,,,
weglässt,False,,,,,,,,,1.0,,,,,,,,,,,,,,,,,,,
wegnehmen,False,,,,,,,,,,,,,,,,,1.0,,,,,,,,,1.0,,
wegschieben,False,,,,,,,,,,,,,,,,,,,,,,1.0,,,,,,
wegschreibe,False,,,,,,,1.0,,,,,,,,,,,,,,,,,,,,,
wegschwimmen,False,,,,1.0,,,,,,,,,,,,,,,,,,,,,,,,
wegspeicher,False,,,,,,,,,,,,,,,1.0,,1.0,,,,,,,,,,,
wegspeicheren,False,,,,,,,1.0,,,,,,,,,,,,,,,,,,,,,
wegwerfen,False,,,,,,,,,,,,,,,1.0,,,,,,,,,,,,,
wegworfen,False,,,,,,,,,,,,,,,,,,,,,,1.0,,,,,,
wegzublocken,False,,,,,,,,,,,,,,,,,,,,,,,,,,,1.0,
wehren,False,,2.0,,1.0,,,1.0,,,,,,,,1.0,1.0,,,1.0,,,6.0,,,,1.0,1.0,
wehtun,False,,,,,,,1.0,,,,,,,,,,,,,,,,,,,,,
weiblich,False,,,,,,,,,,,,1.0,,,,,,,,,,,,,,,,
weich,False,,,,,,1.0,,,,,,,,,,,,,,,,,,,,,,
weichen,False,,,,,,,1.0,,,,,,,,,,,,,,,,,,,,,
weichenstellung,False,,,,,,,,,,,,,,,,,,,,,,,,,,2.0,,
weigern,False,,,,,1.0,,,,,,,,,,,2.0,,,,,4.0,,,,,,,
weihnachten,False,,,,,,,,,,1.0,,1.0,,,,,,,,,,,,,,,,1.0
weihnachtsmann,False,,,,,,,,,,,,,,,,,,,,,,,,,,,,1.0
weihnachtswunsch,False,,,,,,,,,,,,,,,,,,,,,,,,,,,,1.0
weil,True,80.0,78.0,73.0,83.0,57.0,44.0,55.0,35.0,83.0,22.0,27.0,78.0,41.0,37.0,85.0,21.0,31.0,28.0,22.0,67.0,178.0,68.0,33.0,34.0,26.0,72.0,62.0,26.0
weile,False,4.0,,,,,,2.0,1.0,1.0,2.0,,3.0,,,4.0,,3.0,1.0,,1.0,,2.0,,4.0,,,1.0,
wein,False,,,,,,,2.0,,,,,,,,,,,,,,,,,,,,,
weinbaupolitische,False,,,,,,,,,,,,,,,,,,,1.0,,,,,,,,,
weinen,False,1.0,,,,,,,,,,,,,,,,,,,,,,,,,,,
weird,False,,,,,,,,,,,,,,,,,,,,,,,,,,,1.0,
weise,False,4.0,4.0,3.0,6.0,1.0,,4.0,1.0,4.0,,2.0,1.0,,3.0,1.0,1.0,,1.0,1.0,8.0,2.0,10.0,1.0,2.0,2.0,4.0,4.0,
weisen,False,,,,,1.0,,,,4.0,,,,,,,,,,,,,1.0,,,,2.0,1.0,
weit,False,11.0,8.0,5.0,4.0,9.0,1.0,10.0,10.0,22.0,9.0,4.0,7.0,2.0,1.0,5.0,7.0,13.0,4.0,5.0,2.0,22.0,14.0,11.0,5.0,4.0,9.0,7.0,5.0
weitaus,False,,,,,,,,,,,,,,,,,,,,,,,,,,1.0,,
weiter,True,11.0,7.0,12.0,7.0,19.0,2.0,24.0,19.0,6.0,4.0,2.0,8.0,10.0,6.0,13.0,1.0,4.0,7.0,29.0,8.0,52.0,16.0,11.0,6.0,5.0,3.0,14.0,4.0
weiterbringen,False,,,,,,,,,,,,,,,,,,,,,,,,,,1.0,,
weiterentwickeln,False,,,1.0,,,,1.0,1.0,,,,,,,1.0,1.0,,,,,2.0,,1.0,1.0,,1.0,,1.0
weiterentwicklung,False,,,,,,,,,,,,,,1.0,,,,,,,2.0,,,,,,,
weiterer,True,,,,,,,,,,,,,,,,,,,,,1.0,,,,,,,
weiteres,True,,1.0,,,,,,,,,,,,,,,,,,,,,,,,,,
weiterfassen,False,,,,,,,,,,,,1.0,,,2.0,,,,,,,,,,,,,
weiterführen,False,,,,,,,,,,,,,,,,,,,,1.0,,,,,,,,1.0
weiterführend,False,1.0,,,,,,,,,,,,,,,,,,,,,,,,,,,
weiterführung,False,,,,,,,,,,,,,,,,,,,,,2.0,,,,,,,
weitergabe,False,,,,,,,,,,1.0,,,1.0,,,,,,,,,,,,,,,
weitergeben,False,,,,,,,,1.0,,,,,,,1.0,,,,2.0,1.0,8.0,,,,,1.0,,1.0
weitergegeben,False,,1.0,,,,,,,,,,,,,,,,,,,,,,,,,,
weitergehen,False,2.0,,1.0,,1.0,1.0,,,,,1.0,1.0,,,,,,,,,7.0,,,,1.0,,,
weitergeleiten,False,,3.0,,,,,,,,,,,,,,,,,,,,,,,,,,
weitergereichen,False,,,,,,,,1.0,,,,,,,,,,,,,,,,,,,,
weitergeschauen,False,,,1.0,,,,,,,,,,,,,,,,,,,,,,,,,
weiterhin,False,,1.0,,,4.0,,,1.0,,,1.0,1.0,,1.0,1.0,,1.0,,1.0,,5.0,,,,1.0,3.0,,
weiterkommen,False,,,,,,,,1.0,,,,,,,,,,,,,,,,,,,,
weiterlaufen,False,,1.0,,,,,,,,,,,,,,,,,,,,,,,,,,
weiterleiten,False,,3.0,,,,,,,,,,,,,,,,,,,,,,,,,,
weitermachen,False,,,,,,1.0,,,1.0,,1.0,,,,,,,,,,,,,,,1.0,,
weiterreichen,False,,,,,,,,,,,,,,,,,1.0,,,,,,,,,,,
weiterspinnen,False,1.0,,,,,,,,,,,,,,,,,,,,,,,,,,,
weitersprechen,False,,,,,,1.0,,,,,,,,,,,,,,,,,,,,,,
weiterverarbeiten,False,,,,,,,,,,,,,,,,,,,,,,2.0,,,,,,
weiterverarbeitung,False,,,,,,,,,,,,,,,,,,,,,,2.0,,,,,,
weiterverfolgen,False,,,,,,,,,,,,,,,,,,,,,2.0,,,,,,,
weiterverkaufen,False,,,,,,,,,,,,,,,,,,,,,,1.0,,,,,,
weiterverteilen,False,,,,,,,,,,,,,,,1.0,,,,,,,,,,,,,
weiterziehen,False,,,,,,,,,,,,,,,,,,,,1.0,,,,,,,,
weiterzubilden,False,,,,,,,1.0,,,,,,,,,,,,,,,,,,,,,
weiterzufolg,False,,,,,,,,,,,,,,,,,,,,,2.0,,,,,,,
weiterzugeben,False,,,,,,,,,,,,,,,,2.0,,,,,,,,,,,,
weitestgehend,False,,,,,,,,,,1.0,,,,,,,,,,,,,,,,,1.0,
weitestmöglich,False,,,,,,,,,,,,1.0,,,,,,,,,,,,,,,,
weitgehend,False,,,,,1.0,,,,1.0,,,,,,1.0,1.0,,,,1.0,,,,,,1.0,,
weitreichend,False,,,,,,,,,,6.0,,,,,,,,,,,,,,,,,,
weitsicht,False,,1.0,,,,,,,,,1.0,,,,,,,,,,,,,,,,,
weitverbreitet,False,,,,,,,,,,,,1.0,,,,,,,,,,,,,,,,
weizen,False,,1.0,,,,,,,,,,,,,,,,,,,,,,,,,,
weiß,False,1.0,,,,7.0,3.0,,,,1.0,1.0,1.0,1.0,,,,1.0,,,,,2.0,1.0,,1.0,,1.0,
weißen,False,2.0,2.0,1.0,,1.0,5.0,2.0,2.0,2.0,,,1.0,1.0,,7.0,,4.0,2.0,1.0,1.0,2.0,1.0,,,,1.0,1.0,
weißt,False,,,,1.0,,,,,1.0,,,1.0,,1.0,,,,1.0,,,,,,,,,,
welche,True,,,,,,,,1.0,,1.0,,,,,1.0,,,,,,,,,,,,,
welchen,True,,,,,,,,1.0,,,,,,,,1.0,,1.0,,,,,,,,,,
welcher,True,9.0,8.0,14.0,17.0,15.0,6.0,21.0,14.0,12.0,13.0,1.0,14.0,13.0,2.0,22.0,6.0,15.0,9.0,17.0,11.0,36.0,16.0,5.0,18.0,8.0,10.0,2.0,4.0
well,False,,,,,,,,,,1.0,,,,,,,,,,,,,,,,,,
welle,False,,3.0,,,,,,,,,,,,2.0,,,,,,1.0,,,,,,,,
welt,False,18.0,3.0,,2.0,10.0,4.0,7.0,3.0,3.0,3.0,,26.0,1.0,,3.0,,4.0,2.0,2.0,5.0,8.0,18.0,,3.0,,3.0,4.0,
weltall,False,,,,,,,,,,,,,,,,,,,,,,2.0,,,,,,
weltbild,False,,1.0,,,,1.0,,,,,,,,,,,,,,,,,,,,,,
weltfremd,False,,,,,,,,,,,,1.0,,,,,,,,,,,,,,,,
weltgemeinschaft,False,,,,,,,,,,1.0,,,,,,,,,,,,,,,,,,
weltgeschehen,False,,,,,,1.0,,,,,,,,,,,,,,,,,,,,,,
weltherrschaft,False,,,,,,,,,,,,1.0,,,,,,,,,,,,,,,,
welthungerindex,False,,,,,,,,,,,,,,,,,,,,,,2.0,,,,,,
weltkarte,False,,,,,,,,,,,,,,,,,,,,,,2.0,,,,,,
weltkrieg,False,,,,,,,,,,,,,,,,1.0,,,,,,,,,,,,
weltpolitik,False,,,,,,,,,,,,,,,,,,,,,,,,,,,1.0,
weltpreise,False,,,,,,,,,,,,,,,,,,,,,,1.0,,,,,,
weltraum,False,,,,,,4.0,,,,,,,,,,,,,,,,1.0,,,,,,
weltraumtheorie,False,,,,,,5.0,,,,,,,,,,,,,,,,,,,,,,
weltregion,False,,,,,,,,,,,,,,,,,,,,,,3.0,,,,,,
weltsicherheit,False,,,,,,,1.0,,,,,,,,,,,,,,,,,,,,,
weltteil,False,,,,,,,,,,1.0,,,,,,,,,,,,,,,,,,
weltuntergang,False,,,,,,,,,1.0,,,,,,,,,,,,,,,,,,,
weltweit,False,,,,,,,,,,,,,,,,,2.0,,,,3.0,15.0,,,,,2.0,
weltzerstörung,False,,,,,,,,,,,,1.0,,,,,,,,,,,,,,,,
wem,True,1.0,2.0,1.0,3.0,1.0,,3.0,2.0,8.0,1.0,,,,,2.0,,2.0,,1.0,1.0,2.0,,,,1.0,1.0,,
wen,True,,1.0,1.0,,5.0,,4.0,1.0,3.0,,,,,,1.0,1.0,1.0,,1.0,,,2.0,1.0,,2.0,1.0,3.0,
wenden,False,2.0,,1.0,,,1.0,,,,1.0,,,1.0,,,5.0,1.0,,,,,,2.0,,,1.0,,4.0
wendt,False,,,,,,1.0,,,,,,,,,,,,,,,,,,,,,,
wendung,False,,1.0,,,,,,,,,,1.0,,,,,,,,,,,,,,,,
wenig,True,3.0,,,6.0,16.0,4.0,12.0,2.0,1.0,3.0,2.0,2.0,2.0,3.0,3.0,6.0,1.0,3.0,,6.0,21.0,7.0,2.0,2.0,5.0,2.0,2.0,
wenige,True,,,,,,,,,,,,,,,,,,,,1.0,,,,,,,,
weniger,True,3.0,10.0,1.0,4.0,4.0,3.0,8.0,4.0,7.0,2.0,3.0,5.0,4.0,5.0,3.0,3.0,4.0,6.0,2.0,6.0,5.0,7.0,2.0,7.0,4.0,6.0,8.0,4.0
wenigstens,True,,2.0,,,1.0,2.0,,2.0,2.0,,1.0,2.0,,,,,,,1.0,,2.0,1.0,1.0,1.0,,,,1.0
wenigster,False,,1.0,,,,,2.0,,,,,,,,,,,,,,,,,,,,,
wenn,True,113.0,155.0,85.0,84.0,81.0,57.0,69.0,37.0,86.0,32.0,35.0,92.0,74.0,39.0,115.0,31.0,63.0,40.0,49.0,92.0,188.0,74.0,52.0,61.0,17.0,80.0,74.0,51.0
wer,True,32.0,70.0,45.0,62.0,47.0,26.0,43.0,52.0,58.0,24.0,24.0,39.0,42.0,30.0,65.0,46.0,34.0,18.0,41.0,34.0,175.0,78.0,35.0,47.0,44.0,56.0,56.0,37.0
werbeblock,False,,,,,,,,,,,,,,,,,,,1.0,,,,,,,,,
werbeblog,False,,,,,,,,,,,,,,,,,,,,,,,,,,2.0,,
werbeeinblendunge,False,,,,,,,,,,,,,,,,,,,,,,,,1.0,,,,
werben,False,,,,,,,,,,,,,,,1.0,,,,,,,,1.0,,,,,
werbend,False,,,,,1.0,,,,,,,,,,,,,,,,,,,,,,,
werbespruch,False,,1.0,,,,,,,,,,,,,,,,,,,,,,,,,,
werbetreibend,False,,,,,,,,,1.0,,,,,,,,,,,,,,,,,,,
werbung,False,,,,,,,1.0,,,,,1.0,1.0,,,,,,,1.0,,,,1.0,,,1.0,
werden,True,98.0,196.0,111.0,177.0,173.0,105.0,161.0,107.0,223.0,131.0,61.0,153.0,115.0,61.0,196.0,111.0,115.0,69.0,98.0,181.0,441.0,144.0,92.0,56.0,70.0,126.0,135.0,112.0
werdend,False,1.0,,,,1.0,,,,,,,,,,,,,,,,,,,,,,,
werdet,True,,,,,,,,,,,,,,,,,,,,,,,1.0,,,,,
werdetn,False,,1.0,1.0,,1.0,,,,1.0,,,1.0,,,,,2.0,3.0,,,,,,1.0,,2.0,,2.0
werfen,False,1.0,2.0,,1.0,,,3.0,,2.0,,3.0,,,,,,,,1.0,1.0,2.0,3.0,,2.0,,2.0,4.0,
werk,False,1.0,,,,,,,,,,,,,,,,,,,,,1.0,,,,,,
werkeln,False,,,,,,,,,,,,,1.0,,,,,,,,,,,,,,,
werkzeug,False,1.0,3.0,,,,,,,1.0,1.0,,1.0,,,1.0,2.0,,,,,,,,,,,,
werner,False,,,,,,,,,1.0,,,,,,,,,,,,,,,,,,,
wert,False,2.0,7.0,1.0,,1.0,,3.0,,1.0,,,,,2.0,1.0,,,,1.0,1.0,,3.0,,,,1.0,1.0,1.0
wertegeleiten,False,,,,,1.0,,,,,,,,,,,,,,,,,,,,,,,
wertend,False,,,,,,,,,,,,,,1.0,,,,,,,,,,,,,,
werteorientierung,False,,,,,,,,,,,,,,,,,,,,,,1.0,,,,,,
werteset,False,,,,,,,,,,,,,,,,,,,,,,,,,,1.0,,
wertschätzend,False,,,,,,,,,,,,,,,,,,1.0,,,,,,,,,,
wertschöpfendes,False,,,,,,,,,,,,,,,,,,,,,,,,,,,1.0,
wertvoll,False,,,,,1.0,,,,,,,,,,1.0,,1.0,,,,,2.0,,,,,,
wesen,False,,,,,,,,,,,,,,,,,,,,,,,,,,1.0,,
wesentlich,False,,2.0,,1.0,2.0,2.0,1.0,4.0,,,1.0,1.0,,,1.0,,,,,1.0,8.0,,,,1.0,,1.0,
wesentliche,False,,,,,,,,,,,1.0,,,,,,,,,,,,,,,,,
wesentlichen,False,,,,1.0,1.0,2.0,3.0,2.0,,,,,,,4.0,,,1.0,1.0,1.0,2.0,,,,,1.0,,
weshalb,False,,,,,,,,,,,,,1.0,,,,,,,,,,,,,,,
wessen,True,,,,,,,,,1.0,,,,,,,,,,,,,,,,,,,
westbridge,False,,,,,1.0,,,,,,,,,,,,,,,,,,,,,,,
westen,False,,,,,,,,1.0,,,,1.0,,,,,,,,,,4.0,,,,,,
westeuropa,False,,,,,,,,,,,,,,,,,,,,,,1.0,,,,,,
westlich,False,,,,,1.0,,1.0,,,3.0,,,,,,,,,,,,5.0,,,,,,
westlichen,False,,1.0,,,,,,,,,,,,,,,,,,,,,,,,,,
weswegen,False,,,,2.0,5.0,,,,2.0,,1.0,1.0,,,,,,,,,2.0,,,,,,,
wett,False,,1.0,,,,,,,,,,,,,,,,,,,,,,,,,,
wettbewerbsrecht,False,,,,,,,,,,,,,,,,,,,,,2.0,,,,,,,
wettbewerbsthemen,False,,,,,,,,,,,,,,,,,,,,,2.0,,,,,,,
wette,False,,,,,,,,,,,,1.0,,,,,,,,,,,,,,,,
wetten,False,,,,,3.0,,,,,,,,,,,,,,,,,,,,,1.0,,
wetter,False,2.0,,,,,,,,,,,,,,,,,,,,,,,,,,,
wetterfester,False,,,,,,,,,,,,,,,,,,,,,,,,,,,1.0,
wettern,False,,,,,,,,,1.0,,,,,,,,,,,,,,,,,,,
wettervorhersag,False,,,,,,,,,,,,,,,,,,,,,,,,,,,1.0,
what,False,,,,1.0,,,,,,,,,,,,,,,,,2.0,,,,,,1.0,
whatever,False,1.0,,,,,,,,,,,,,,,,,,,,,,,,,,,
whatsapp,False,2.0,9.0,1.0,,,,1.0,4.0,1.0,,,,,,4.0,,5.0,,,,,4.0,,,,2.0,,
whistleblower,False,,,,,,,,,,,,,,,,,,,,,,,,,,1.0,,
whistleblowerin,False,,1.0,,,,,,,,,,,,,,,,,,,,,,,,,,
white,False,,,,,,,,,,,,,,,,,,,,,,,,,1.0,,,
whiteboard,False,,1.0,,,,,,,,,,,,,,,,,,,,,,,,,,
whiteheads,False,,,,,,,,,,,,1.0,,,,,,,,,,,,,,,,
who,False,,,,,,,,,,,,19.0,,,,,,,,,,2.0,,,,,,
whoe,False,,,,,,,,,,,,2.0,,,,,,,,,,,,,,,,
why,False,,,,1.0,,,,,1.0,,,,,,,,,,,,,,,,,,,
wicca,False,,,,,,,,1.0,,,,,,,,,,,,,,,,,,,,
wichtig,False,11.0,15.0,10.0,7.0,27.0,6.0,14.0,5.0,8.0,11.0,11.0,6.0,4.0,4.0,14.0,11.0,1.0,9.0,4.0,11.0,50.0,18.0,7.0,6.0,5.0,10.0,1.0,5.0
wichtige,False,,1.0,,,,,,,3.0,,,2.0,,1.0,,,,,,,,,,,,,,
wichtigeren,False,,,,,,,,,,,,,,,,,,,,,,,,,,1.0,,
wichtiges,False,,1.0,,,,,,,,,,,,,,,,,,,3.0,,,,,,,1.0
wichtigkeit,False,,,,,,,,,,,,,,,,,1.0,,,,,,,,,,,
wichtigste,False,,1.0,,,,,,,,,1.0,,,,,,,,,,,,1.0,1.0,,1.0,,
wichtigsten,False,,,,,,,,,1.0,,,,,,,,,,,,,,,,,,,
widerfahren,False,,,,,,,,,,,,,,,,1.0,,,,,,,,,,,,
widersetze,False,,1.0,,,,,,,,,,,,,,,,,,,,,,,,,,
widersetzen,False,,,,,,,,,,,,,,,1.0,,,,,,,,,,,,,
widerspiegeln,False,,,,,,,1.0,,,,,,,,,,,,,,,,,,,,,
widerspreche,False,,,,,,,,,,,,,,,,,,,1.0,,,,,,,,,
widersprechen,False,,1.0,,3.0,2.0,,2.0,,,,,,2.0,,1.0,,,,1.0,1.0,4.0,,,,,1.0,,
widersprich,False,,,,,,,,,,,,,,,,,,,,,,,,,,1.0,,
widerspruch,False,,,,1.0,,,,,,,,,,,1.0,1.0,,,,,,,,,,,,
widerspruchsmöglichkeit,False,,,,1.0,,,,,,,,,,,,,,,,,,,,,,,,
widerspruchspul,False,,,,,,,,,,,,1.0,,,,,,,,,,,,,,,,
widerspruchsrecht,False,,,,2.0,,,,,,,,,,,,,,,,,,,,,,,,
widerstand,False,,,,1.0,,,1.0,,,,,7.0,,2.0,,,,,,1.0,,9.0,,,,3.0,1.0,
widerstandselement,False,,,,,,,,,,,,1.0,,,,,,,,,,,,,,,,
widerstandskomponent,False,,,,,,,,,,,,1.0,,,,,,,,,,,,,,,,
widerständ,False,,,,,,,,,,,,,,,,,,,,1.0,,,,,,,,
widerständisch,False,,,,,,,,,,,,1.0,,,,,,,,,,,,,,,,
widerständische,False,,,,,,,,,,,,3.0,,,,,,,,,,,,,,,,
widerständischen,False,,,,,,,,,,,,1.0,,,,,,,,,,,,,,,,
widerwille,False,,,,1.0,,,,,,,,,,,,,,,,,,,,,,,,
widerwillig,False,1.0,,,,,,,,,,,,,,,,,,,,,,,,,,,
widmen,False,,,,,1.0,,1.0,,,1.0,,,,,,1.0,,1.0,,,2.0,,1.0,,1.0,3.0,,
widrig,False,,,,,1.0,,,,,,,,,,,,,,,,,,,,,,,
wie,True,77.0,85.0,102.0,108.0,103.0,63.0,91.0,53.0,76.0,71.0,44.0,88.0,51.0,42.0,70.0,64.0,35.0,63.0,72.0,77.0,204.0,105.0,50.0,50.0,48.0,69.0,74.0,70.0
wieder,True,36.0,21.0,13.0,27.0,13.0,13.0,47.0,10.0,27.0,18.0,7.0,20.0,15.0,4.0,32.0,14.0,25.0,7.0,14.0,18.0,94.0,38.0,8.0,22.0,17.0,22.0,19.0,3.0
wiederbesetzt,False,,,,,,1.0,,,,,,,,,,,,,,,,,,,,,,
wiedererkannt,False,,,,,,,,,1.0,,,,,,,,,,,,,,,,,,,
wiedererkennen,False,,,,,,,,,1.0,,,,,,,,,,,,,,,,,,,
wiedererkennend,False,,,,,,,,,,,,1.0,,,,,,,,,,,,,,,,
wiedererzählen,False,,,,,,,,,,,,1.0,,,,,,,,,,,,,,,,
wiederfinden,False,,,,1.0,,,,,,,,,,,,,,,,,2.0,,,,,,,
wiedergeben,False,,,,,1.0,,,,,,,,,,,,,,,,,2.0,,,,,,
wiedergekommen,False,,1.0,,,,,,,,,,,,,,,,,,,,,,,,,,
wiedergänger,False,,,,,,,,,,,,,,,1.0,,,,,,,,,,,,,
wiederholen,False,1.0,,,,2.0,,,1.0,,2.0,,1.0,,1.0,2.0,1.0,,2.0,,1.0,,,1.0,,,1.0,,
wiederholt,False,,,,,,,,,,4.0,,,,,,,,,,,,,,,,2.0,,
wiederholung,False,,,,,,,,,,,,1.0,,,,,,,,,,,,,,,,
wiederkommen,False,,,,,,,,,,,1.0,,,,,,,,,,,,,,,,,
wiederum,False,2.0,2.0,2.0,,3.0,,2.0,3.0,,,1.0,,,2.0,5.0,,2.0,1.0,1.0,4.0,2.0,7.0,,1.0,,,7.0,1.0
wiedervereinigung,False,,,,,,,,,,,,1.0,,,,,,,,,,,,,,,,
wiederverwertbar,False,,,,,,,,,,,,,,,,,,,,,,1.0,,,,,,
wiederzugeben,False,,,1.0,,,,,,,,,,,,,,,,,,,,1.0,,,,,
wien,False,,,,,2.0,,,,,7.0,,,,,,,,,,,,,,,,11.0,,
wiener,False,,,,,1.0,,,,,,,,,,,,,,,,,,2.0,,,,,
wiert,False,,,,,,,,,,,,,1.0,,,,,,,,,,,,,,,
wieseli,False,,,,,,,,,,,,,1.0,,,,,,,,,,,,,,,
wieso,False,1.0,2.0,,2.0,,,,,2.0,,,3.0,1.0,,4.0,,,1.0,,,,2.0,1.0,1.0,,4.0,,1.0
wieviel,False,,,,,,,1.0,,,,,,,,,,,,,,,,,,,,,
wieworowski,False,,,,,,,,,,,,,,,,,,,,,,,,,,,,1.0
wiki,False,,,,,,,,,,,,,,,,,,,,,,,,,,,,1.0
wikimedia,False,,,,,,,,,,,,,,,,,,1.0,,,,,,,,,,
wikipedia,False,,,,,,2.0,,,,,,,,,1.0,,1.0,,,,,2.0,,1.0,,,1.0,
wild,False,,2.0,,1.0,,,,,,,,2.0,,,1.0,1.0,,,1.0,,2.0,1.0,,,2.0,,,
wildberger,False,,,,,,,,,,,,,,,,,,,,,,,,,7.0,,,
wilderberger,False,,,,,,,,,,,,,,,,,,,,,,,,,1.0,,,
wildwuchs,False,,,,,,,,,,,,,1.0,,,,1.0,,,,,,,,,,,
wilhelm,False,,,,,,,,,,,,1.0,,,,,,,,,,,,,,,,
wille,False,,1.0,,,,,2.0,,,,,,2.0,,,1.0,,2.0,,,7.0,,1.0,,1.0,,,
willen,False,,,,,1.0,,,,,,,,,,,,,,,1.0,,,,,,,,
willensbekundung,False,,,,,,,,,,1.0,,,,,,,,,,,,,,,,,,
willensbildung,False,,,,,,,,,,,,,,,,,,1.0,1.0,,,,,,,,,1.0
willentlich,False,,,,,,,,,,,,,,,1.0,,,,,,,,,,,,,
willi,False,,,,,,,,,,,,1.0,,,,,,,,,,,,,,,,
william,False,,,,,,,,,,,,23.0,,,,,,,,,,,,,,,,
williams,False,,,,,,,,,,,,2.0,,,,,,,,,,,,,,,,
willigen,False,,,,1.0,,,,,,,,,,,,,,,,,,,,,,,,
willkommen,False,2.0,2.0,2.0,3.0,2.0,1.0,2.0,1.0,6.0,1.0,2.0,3.0,2.0,1.0,5.0,1.0,1.0,1.0,1.0,3.0,2.0,2.0,1.0,1.0,1.0,3.0,1.0,1.0
willkür,False,,,,,,,,,,,,,2.0,,,,,,,,,,,,,,,
willkürlich,False,,,,,,,,,1.0,,,,,,,,2.0,,,,,,,,,,,
willst,True,2.0,1.0,1.0,13.0,3.0,4.0,5.0,2.0,5.0,,,,3.0,1.0,1.0,1.0,1.0,,,,1.0,3.0,1.0,,,2.0,2.0,
wimpel,False,,,,,,,,,,,,,,,1.0,,,,,,,,,,,,,
wind,False,,,,,,,,,,,,,,,,,,,,,,,1.0,,,,,
windows,False,6.0,,,,,,,,,,,2.0,,,,,,,,,,,,,,,,
wing,False,,,,,,,,,,,,,,,,,,,,,,,,2.0,,,,
wingen,False,,,,,,,,,,,,,,,,,,,,,,,,1.0,,,,
wink,False,,,,,,,,,,,,,,,,,,,,,,,,1.0,,,,
winkelkatze,False,,,,,,,,,,,,,,,,,,,,,,,,5.0,,,,
winken,False,,,,,,,,,,,,,,,,,,,,,,,,1.0,,,,
winter,False,,,,,,,,,,2.0,,,,,1.0,,,,,,,,,,,,,
wippe,False,,,,1.0,,,,,,,,,,,,,,,,,,,,,,,,
wir,True,134.0,231.0,270.0,239.0,210.0,95.0,222.0,108.0,165.0,171.0,164.0,82.0,93.0,121.0,215.0,122.0,154.0,81.0,165.0,171.0,445.0,219.0,162.0,187.0,94.0,286.0,156.0,139.0
wire,False,,,,,,,2.0,4.0,,,,,,,,,,,,,,,,,,,,
wirecard,False,,,,,,3.0,,,,,,,,,,,,,,,,,,,,,,
wireless,False,,,,,,,,,1.0,,,,,,,,,,,,,,,,,,,
wiren,True,,2.0,,,,1.0,,1.0,,,,,,,,,,,,1.0,1.0,,,,,,,
wirken,False,,,3.0,1.0,,,1.0,4.0,,1.0,,,,2.0,1.0,,,,,,,,1.0,,1.0,,,
wirkkreis,False,,,,,,,,,,,,,,,,,,,1.0,,,,,,,,,
wirklich,True,31.0,35.0,25.0,31.0,32.0,19.0,23.0,26.0,50.0,20.0,15.0,29.0,7.0,17.0,15.0,12.0,10.0,17.0,19.0,23.0,55.0,18.0,9.0,7.0,7.0,38.0,12.0,6.0
wirklicherweis,False,,,,,,,,,,,,,,1.0,,,,,,,,,,,,,,
wirklichkeit,False,,,1.0,,1.0,,,,1.0,,,2.0,,1.0,,,,,,,,,,,,1.0,,
wirkmacht,False,,,,,,,,,,,1.0,,,,,,,,,,,,,,,,,
wirksam,False,,1.0,,1.0,1.0,,4.0,,,1.0,,,,,,,,,,,,,,,,,,
wirksamkeit,False,,,1.0,,,1.0,,,,,,,,,,,,,,,,,,,,1.0,,
wirkung,False,,,,,,,,,,,,2.0,1.0,1.0,1.0,1.0,,,1.0,,,,,,,,,1.0
wirkungsmächtig,False,,,,,,,,,,,,1.0,,,,,,,,,,,,,,,,
wirkungsvoll,False,,,1.0,,,,,,,,,,,,,,,,,,,,,,1.0,,,
wirr,False,,,,,,,,,,,,,,,,,,,,,,,,,,,2.0,
wirst,True,,4.0,,1.0,1.0,3.0,1.0,2.0,,,,,,,2.0,,,2.0,2.0,,1.0,,,,,1.0,,
wirtschaft,False,,,,2.0,,,1.0,1.0,1.0,,1.0,,,,,1.0,,3.0,3.0,,12.0,4.0,,,6.0,,,
wirtschaften,False,,,,,,,,,,,,,1.0,,,,,,,,,2.0,,,,,,
wirtschaftlich,False,,1.0,,,,,1.0,,,,,,,,,,,1.0,,1.0,8.0,6.0,,,,,4.0,
wirtschaftsbereich,False,,,,,,,,,1.0,,,,,,,,,,,,,2.0,,,,,,
wirtschaftsbranche,False,,,,,,,,,1.0,,,,,,,,,,,,,,,,,,,
wirtschaftsdatum,False,,,,1.0,,,,,,,,,,,,,,,,,,,,,,,,
wirtschaftsdienst,False,,,,,,,,,,,,,,,,,,,,,2.0,,,,,,,
wirtschaftsfreundlich,False,,,,,,,,,1.0,,,,,,,,,,,,,,,,2.0,,,
wirtschaftsförderung,False,,,,,,,,,,,,,1.0,,,,,,,,,,,,,,,
wirtschaftsinteresse,False,,,,1.0,,,1.0,,,,,,,,,,,,,,,,,,,,,
wirtschaftsinteressen,False,,,,,,,,,,,,,,,,,,,,,,,,,,,,1.0
wirtschaftskontext,False,,,,,,,,,,,,,,,,,,,,,2.0,,,,,,,
wirtschaftsleistung,False,,,,,1.0,,,,,,,,,,,,,,,,,,,,,,,
wirtschaftsmacht,False,,,,,,,,,,,,,,,,,,,,,,2.0,,,,,,
wirtschaftsministerie,False,,,,,1.0,,,,,,,,,,,,,,,,,,,,,,,
wirtschaftsnah,False,,,,,,,,,,,,,,,,,,,,,,,,,2.0,,,
wirtschaftsorientiern,False,,,,,,,,,,,,,,,,,,,,,1.0,,,,,,,
wirtschaftsorientiert,False,,,,,,,,,,,,,,,,,,,,,1.0,,,,1.0,,,
wirtschaftsrat,False,,,,,,,,,,,,,,,,,,,,,,,,,2.0,,,
wirtschaftsraum,False,,,,2.0,,,,,,,,,,,,,,,,,,,,,,,,
wirtschaftsspionage,False,,,,,2.0,,,,,,,,,,,,,,,,,,,,,,,
wirtschaftsstandort,False,,,,,,,,,,,,,,,,,,,1.0,,,,,,,,,
wirtschaftsstandortfaktor,False,,,,,,,,,,,,,,,,,,,1.0,,,,,,,,,
wirtschaftsverband,False,,,,,,,1.0,,,,,,,,,,,1.0,,,,,,,,,,
wirtschaftsverspreche,False,,,,,,,1.0,,,,,,,,,,,,,,,,,,,,,
wirtschaftsvertreter,False,,,,,,,,,,,,,,,,,,,,,2.0,,,,,,,
wirtschaftswachstum,False,,,,,,,,,,,,,,,,,,,,,,3.0,,,,,,
wirtschaftszweig,False,,,,,,,,,,,,,,,,,,,,,,2.0,,,,,,
wischen,False,1.0,,,,,,,,,,,,,,,,,,,,,,,,,,,
wissen,False,32.0,38.0,23.0,50.0,32.0,36.0,25.0,21.0,32.0,9.0,13.0,25.0,15.0,13.0,57.0,21.0,20.0,19.0,29.0,10.0,66.0,23.0,9.0,11.0,23.0,14.0,14.0,15.0
wissenrat,False,,,,,1.0,,,,,,,,,,,,,,,,,,,,,,,
wissensbildung,False,,,,,1.0,,,,,,,,,,,,,,,,,,,,,,,
wissenschaft,False,,,,,,,,2.0,3.0,,,,2.0,,,1.0,,1.0,,,,,,,,,,
wissenschaftler,False,,,1.0,,,,1.0,,4.0,,,,,,,,,,,,,2.0,,,,,,1.0
wissenschaftlerin,False,,,,,,,,,2.0,,,,,,,,,,,,,,,,,,,
wissenschaftlerinnen,False,,,,,,,,,1.0,,,,,,,,,,,,,,,,,,,
wissenschaftlich,False,,,,,,2.0,,,1.0,,2.0,1.0,2.0,,2.0,,,,,,,1.0,,,,2.0,1.0,1.0
wissenschaftsfeindlichkeit,False,,,,,,,1.0,,,,,,,,,,,,,,,,,,,,,
wissenschaftszeitförderungsgesetz,False,,,,,,,,,1.0,,,,,,,,,,,,,,,,,,,
wissensdatenbank,False,,,,,,,,,,,,,,,,,,,1.0,,,,,,,,,
wissensvermittlung,False,1.0,,,,,,,,,,,,,,,,,,,,,,,,,,,
wissentlich,False,,,,,,,,,,,,,,,,,,,,,,,,,,,1.0,
wissentransfer,False,,1.0,,,,,,,,,,,,,,,,,,,,,,,,,,
wisst,False,,,1.0,,1.0,,,,,,,,,,,,,,,,,,,,,,,
witz,False,1.0,,,,1.0,,,,,,,,,,,,,,,,,,,,,1.0,,1.0
witzig,False,,2.0,1.0,,,,,,,,,1.0,,,,,,1.0,,,,,,,,,2.0,
witzigerweise,False,,,,,,,,,,,,,,,,,,,,,4.0,,,,,,,
wo,True,33.0,41.0,39.0,41.0,37.0,25.0,59.0,22.0,41.0,21.0,20.0,32.0,29.0,13.0,59.0,30.0,29.0,28.0,17.0,40.0,80.0,41.0,21.0,33.0,16.0,58.0,26.0,19.0
woanders,False,,1.0,,,,1.0,,,,,,,1.0,,,,3.0,,,1.0,2.0,2.0,2.0,,2.0,,1.0,
wobei,False,4.0,,3.0,,1.0,3.0,2.0,2.0,,,2.0,1.0,1.0,1.0,2.0,,2.0,,2.0,1.0,8.0,1.0,2.0,1.0,1.0,,1.0,
woc,False,,,,,,,,,,,,,,,,,,,,,,,,17.0,,,,
woche,False,1.0,2.0,5.0,,1.0,1.0,3.0,2.0,,1.0,6.0,,5.0,1.0,2.0,2.0,1.0,1.0,1.0,1.0,8.0,,1.0,,1.0,1.0,4.0,1.0
wochenansicht,False,,,,,,,,,,,,,,,,,,,,,,,,,,,1.0,
wochenendarbeit,False,,,,,,,,,,,,,,,1.0,,,,,,,,,,,,,
wochenende,False,,,,,,,2.0,,,,,,,,,,,,,,,,,,,,,
wochenendhäuschen,False,,,,,,,,,,,,,,,,,,,,,2.0,,,,,,,
wochenendschicht,False,,,,,,,1.0,,,,,,,,,,,,,,,,,,,,,
wochenlang,False,,,,,2.0,,,,,,,,,,,,,,,,,,,,,,,
wochentag,False,1.0,,,,,,,,,,,,,,,,,,,,,,,,,,,
wochenübersicht,False,,,,,,,,,,,,,,,,,,,,,,,,,,,1.0,
wodurch,False,,,,,,,,,,,,,,,,,,,,,,,,,,,1.0,
wofür,False,,,1.0,,,,2.0,,2.0,1.0,1.0,,,,3.0,,,,,1.0,,,,1.0,1.0,3.0,1.0,
wog,False,,,,,,,,,,,,,,,,,,,,,,,,1.0,,,,
wogegen,False,,2.0,,,,,,,,,,,,,,,,,,,,,1.0,,,,,
wogen,False,,,,1.0,,,,,,,,,,,,,,,,,,,,,,,,
woher,False,,1.0,,,3.0,,,,4.0,,,,,,,1.0,,,,,,,,1.0,,1.0,2.0,
wohin,False,1.0,,,,,,1.0,,,,,,,1.0,1.0,,1.0,,,,,2.0,,,2.0,2.0,1.0,
wohingegen,False,,,,,,,,1.0,,1.0,,,,,,,,,,,2.0,,,,,,,
wohl,True,3.0,2.0,1.0,2.0,4.0,,3.0,2.0,7.0,4.0,1.0,2.0,,1.0,,,5.0,,,1.0,2.0,3.0,2.0,1.0,2.0,1.0,3.0,1.0
wohlfahrtsverband,False,,,,,,,1.0,,,,,,,,,,,,,,,,,,,,,
wohlfeil,False,,,,,,,,,,,,,,,,,,,,,2.0,,,,,,,
wohlfeilste,False,,,,,1.0,,,,,,,,,,,,,,,,,,,,,,,
wohlfreiler,False,,,,1.0,,,,,,,,,,,,,,,,,,,,,,,,
wohlfühlen,False,,,,,,,,,,,,,,,,,,,,1.0,,,,,,,,
wohlgemerkt,False,,,,,,,,,,,1.0,,,,,,,,,,,,,,,,,
wohlgesonnen,False,,1.0,,,,,,,,,,,,,,,,,,,,,,,,,,
wohlverdient,False,,,,,,,,,,,,,,,,,1.0,,,,,,,,,,,
wohlwollend,False,,,,,,,,,,,,,,,,,,,1.0,,,,,,,,,
wohn,False,,,,,,,,,,,,,,,,,,,,,,,,1.0,,,,
wohnen,False,,1.0,,,,,1.0,,,,,,2.0,,1.0,,,1.0,,,,,1.0,,,,,
wohngebiet,False,,,,,,,,,,,,,,,,,,,,,,,11.0,,,,,
wohnst,False,,,,,,,,,,,,,,,,,,,,,,1.0,,,,,,
wohnung,False,,,,,,,,,2.0,,,2.0,,,,,,,,,,,,,,,,
wohnungslage,False,,,,,,,,,,,,,,,1.0,,,,,,,,,,,,,
wohnviertel,False,,,,,,,,,,,,,,,,,,,,,,,1.0,,,,,
wok,False,,,,,,,,,,,,,,,,,,,,,,,,1.0,,,,
wolf,False,1.0,,,,,,1.0,,,,,,,,,,,,,,,,,,,,,
wolfgang,False,,,,,,,,,,,,,,2.0,,,,,,,,,,,,,,
wolke,False,,,,,,,,1.0,,,,,,,,,,,,,,,,,,,,
wollen,True,39.0,50.0,29.0,73.0,48.0,17.0,50.0,44.0,34.0,21.0,14.0,41.0,23.0,17.0,64.0,20.0,30.0,32.0,34.0,40.0,211.0,42.0,17.0,27.0,12.0,29.0,45.0,15.0
wollt,True,1.0,,,,,,,,,,,,,,,1.0,,,,,,,,1.0,,,,
wollte,True,,,1.0,,,,,,,,,,,,,,,,,,,,,,,,,
wollten,False,,,,,,,,,,,,,,,,1.0,,,,,,,,1.0,,,,
wolltest,False,1.0,2.0,,1.0,1.0,,1.0,1.0,,,,1.0,,,1.0,,,,2.0,,,,,3.0,,,,
womit,False,,,,,,,,,,,,,1.0,,,,,1.0,,,4.0,1.0,1.0,3.0,,,1.0,
womöglich,False,1.0,,,,,,,,,,,,,,,,,,,,,,,,,,,
wonach,False,,,,,,,,,,,,,,,1.0,,,,,,,,,,,,,
wonder,False,,,,1.0,,,,,,,,,,,,,,,,,,,,,,,,
woran,False,1.0,,,,,1.0,1.0,,,,,,,,2.0,,1.0,1.0,,5.0,,,,,1.0,4.0,,
worauf,False,,,,,,,,,,2.0,,,,,2.0,,,,,,,,1.0,,,,,
woraus,False,,,,,,,,,,,,,,,,,,,1.0,,,,,,,,,
word,False,1.0,,,,,,,,,,,,,,,,,,,,,,,,,,,
wording,False,,,,,,,,1.0,,1.0,1.0,,,,,,,,,,4.0,,,,1.0,,,
wordpress,False,,,,,,,,,,,,,,,,,,,,,,,,,,,6.0,
work,False,,,,,,,,,,,,,,,,,,,,,2.0,,,,,1.0,1.0,
workers,False,,,,,,,,,,,,,,,,,,,,,,4.0,,,,,,
workflow,False,,,,,,,,,,,,,,,,,,,,,,,,1.0,,,,
working,False,,,,,,,,5.0,,,,,,,,,,,,,,,,,,,,
works,False,,1.0,,,,,,,,4.0,,,,,,,,,,,,,,,,5.0,,
workshop,False,2.0,,,,,,,,,,,,,,,,,,,,,,,,,,,1.0
world,False,,,,,,,,,,,,1.0,,,,,,,,,,2.0,,,,,,
wort,False,4.0,5.0,,4.0,4.0,1.0,3.0,8.0,1.0,3.0,2.0,5.0,,4.0,5.0,,,,9.0,6.0,5.0,3.0,1.0,2.0,2.0,4.0,2.0,
wortdokument,False,,,,,,,,,,1.0,,,,,,,,,,,,,,,,,,
wortführerschaft,False,,1.0,,,,,,,,,,,,,,,,,,,,,,,,,,
wortglauberisch,False,,,,,,,,,,,,,,,,,,,,,2.0,,,,,,,
wortgleich,False,,,,,,,,,,,,,,,,,,,,,2.0,,,,,1.0,,
wortkett,False,,,,,,,,,,,,,,,,,,,,,,,,1.0,,,,
wortlaut,False,,,,,,,,,1.0,,,,,,,,,,,,2.0,,,,,,,
wortmeldung,False,,,,,,,,,,1.0,,,,,,,,,,,,,,,,,,
wortprotokoll,False,,,,,,,,,,,,,,,,,,1.0,,,,,,,,,,
wortsinn,False,,,,,,,,1.0,,,,,,,,,,,,,,,,,,,,
wortwahl,False,,,,,,,,1.0,,,,,,,,,,,,,,,,,,,,
wortwitz,False,,,,,1.0,,,,,,,,,,,,,,,,,,,,,,,
wortwörtlich,False,,,,,1.0,,,,,,,,,,,,,,,,,,,,,,,
worum,False,,,,,1.0,,1.0,1.0,,3.0,2.0,2.0,,,,,,1.0,1.0,1.0,,,2.0,1.0,,,,
worunter,False,,,,,,,,,,,,,,,,,,,,,,,,,,,,1.0
worüber,False,,3.0,,3.0,1.0,,,2.0,1.0,1.0,,,,,2.0,,1.0,,,1.0,,4.0,,,,2.0,,
wovon,False,,1.0,,,,,,,,,,,,,,1.0,,,,,,,,,,,1.0,
wovor,False,,,,,,,,,,,,,,,,1.0,,,,,,,,,,,,
wow,False,,1.0,1.0,,,,2.0,,2.0,,,,,,,,,,1.0,,9.0,,,,1.0,,1.0,
wozu,False,,,1.0,,,,1.0,,,1.0,,,,,,1.0,2.0,,,,,,,,,,,
wto,False,,,,,,,,,,,,,,,,,,,,,,2.0,,,,,,
wunde,False,,,,,1.0,,,,,,,,,,,,,1.0,1.0,,,,,,,,,
wunder,False,,,,,,,,,1.0,,,,,1.0,,,,,,,,,,,,,,
wunderbar,False,1.0,,,1.0,,,,,1.0,1.0,,2.0,,,,,1.0,,2.0,,1.0,,,,1.0,,,
wunderkinder,False,,,,,,,,,,,,1.0,,,,,,,,,,,,,,,,
wundern,False,,,,,,,,,,,,,,,,,,,,,,,,1.0,,,,
wunderschön,False,,,1.0,,,,,,2.0,,,,,,,,,,,,,,,,,,,1.0
wunderschönbar,False,,,,,,,,,1.0,,,,,,,,,,,,,,,,,,,
wunderschönen,False,,,,,,,1.0,,,,,,,,,,,,,,,,,,,,,
wundervoll,False,,,,,,,,,,1.0,,,,,,,,,,,,,,,,,,
wundungsbehörde,False,,,,,,1.0,,,,,,,,,,,,,,,,,,,,,,
wunsch,False,,,1.0,2.0,,,,,,,2.0,,,,,,,,1.0,,,1.0,,,,,1.0,
wunschbrief,False,,,,,,,,,,1.0,,,,,,,,,,,,,,,,,,
wunschliste,False,,,,,,,,,,3.0,,,1.0,,,,,,,,,,,,,,,3.0
wurden,True,,,,,,,,,,,,,,,,,,1.0,,,,,,,,,,
wurschen,False,,,,,,,,,,,,,,,,,,,,,,,,,,1.0,,
wurscht,False,,,1.0,,,,,,,,,,,,,,,,,,,,,,,,,
wurst,False,1.0,,,,1.0,,,,,1.0,,,,,,,,,,,,,,,,,,1.0
wurzel,False,,,,,,,,1.0,3.0,,,,,,,,,,,,,,,,,,,
wurzelartig,False,,,,,1.0,,,,,,,,,,,,,,,,,,,,,,,
wurzelzertifikat,False,,,,,,,,,1.0,,,,,,,,,,,,,,,,,,,
wussen,False,,,,,,3.0,,1.0,,,,1.0,,,,,2.0,,,,2.0,1.0,,,,,,
wusste,False,,,,,,,,1.0,,,,1.0,,,,,1.0,,,,,,,,,,,
wussten,False,1.0,,,1.0,1.0,2.0,,,,,2.0,,,1.0,,,2.0,,,,,,2.0,,,,,
wust,False,,,,,,,,1.0,,,,,,,,,,,,,,,,,,,,
wwdc,False,,,,,,,,1.0,,,,,,,,,,,,,,,,,,,,
wwu,False,,,,,,,,,,,,1.0,,,,,,,,,,,,,,,,
www,False,,1.0,,,,,,,,,,,,,,,,,,,,,,,,,,
wzb,False,,,,,,,,,,,,,,,,,,,,,,7.0,,,,,,
wählbar,False,,,,,,,,,,,,,,,,,,,,,13.0,,,,,,,
wählen,False,,4.0,,,1.0,,,,1.0,2.0,,,,1.0,1.0,,,,3.0,,17.0,,,2.0,1.0,1.0,2.0,
wählend,False,,,,,,,,,,,,,,,,,,,,,4.0,,,,,,,
wähler,False,,,,1.0,,,,,,,,,,,,,,,1.0,,,,,,1.0,,,
wählt,False,,,,,,,,,,,,,,,,,,,,,4.0,,,,,,,
währen,False,,,,,,,,,,,,,,,,,,,,,,2.0,,,,,,
während,True,,2.0,3.0,2.0,2.0,6.0,1.0,2.0,1.0,,,3.0,,1.0,,1.0,2.0,2.0,2.0,1.0,2.0,4.0,3.0,5.0,1.0,1.0,1.0,1.0
währungsreserve,False,,,,,,,,,,,,,,,,,,,,,3.0,,,,,,,
wälzen,False,,,,,,,,,,,,,,,,,,,,2.0,,,,,,,1.0,
wäre,True,,,,,,,,,,,,,,,,,,,,,1.0,,,,,,,
wären,False,,,,,,,1.0,,,,,,,,,,,,,,,,,,,,,
wäschn,False,1.0,,,,,,,,,,,,,,,,,,,,,,,,,,,
wöchentlich,False,,,,,,,,,,,,,,,,,,,,,,,,,,,1.0,1.0
wöller,False,,,,,,,,,,,,,,,,,,,1.0,,,,,,,,,
wörtlich,False,,,,,,,,,,1.0,,1.0,,,,,,,,,,,,,,,,
wühlen,False,,,,,,,,,,,,,,,,,,,,,,,,,,,1.0,
wünschen,False,,2.0,6.0,2.0,2.0,,5.0,2.0,,15.0,2.0,1.0,1.0,1.0,1.0,,1.0,2.0,1.0,1.0,6.0,,2.0,,,12.0,3.0,6.0
wünschenswert,False,1.0,,,1.0,,,,,,1.0,,,,,,,,,,2.0,,,,,,,,
würd,False,,,,,1.0,,,,,,,,,,,,,,,,,,,,,,,
würdeen,False,,,,,,,,,,,,,,,,,,,,,,,,,,,1.0,
würdesen,False,,,,,,,,2.0,,,,1.0,,2.0,,,2.0,2.0,,,,,,,,1.0,,1.0
würdest,False,1.0,,,2.0,1.0,,2.0,2.0,3.0,3.0,,2.0,2.0,3.0,1.0,1.0,6.0,5.0,5.0,,,1.0,3.0,,,2.0,1.0,2.0
würdet,False,,,,1.0,,,1.0,1.0,,1.0,,1.0,,,,,,2.0,,,,,,,,2.0,,1.0
würdig,False,,,,,,,,,,,,,1.0,,,,,,,,,,,,,,,
würfeln,False,,,,1.0,,,,,,,,,,,,,,,,,,,,,,,,
wüssen,False,,,1.0,,,,,,,,,,,,1.0,,,1.0,,,,,,,,,,
wüsste,False,,,,,,1.0,,,,,,,,,,,,,,,,,,,,,,
wütend,False,1.0,,,,,1.0,,,,,,,,1.0,,,,,,,,,,,,,,
x,False,,1.0,,,1.0,,1.0,,1.0,,,,,,,1.0,,,,,,,,,,2.0,1.0,
xlr,False,,,,,,,,,,,,,,,,,,,,,,,,2.0,,,,
xml,False,,,,,,,,,,,,,,,,,,,,,,,,,,,2.0,
xp,False,4.0,,,,,,,,,,,,,,,,,,,,,,,,,,,
xy,False,,1.0,,3.0,,,,,,,,,,1.0,,,,,,,,,,,,,1.0,
y,False,,,,,1.0,,,,,,,,,,,,,,,,,,1.0,,,,1.0,
yeah,False,1.0,,,,,,,,,1.0,,,,,,,,,,,,,1.0,,,,,
yippie,False,,,,,,,,,,,,,,,,,,,,,2.0,,,,,,,
ylv,False,,,,,1.0,,,,,,,,,,,,,,,,,,,,,,,
york,False,,,,,3.0,,,,,9.0,,,,,,,,,,,,2.0,,,,2.0,,
you,False,,,,,,,,,,,,6.0,,,,,,,,,,,,,,,,
your,False,,,,,,,,,,,,,,,,,,,,,,,1.0,,,,,
youtube,False,,,,,,,,,,,,,,,,1.0,,,,,2.0,,,11.0,,1.0,,
yubikeys,False,,,,,,,,,,,,,,,,,1.0,,,,,,,,,,,
yves,False,,,,,1.0,,,,,,,,,,,,,,,,,,,,,,,
z,False,,,,,1.0,,,,,,,,,,,,,,,,,,,,,,1.0,
zacher,False,,,,,,,,,,,,1.0,,,,,,,,,,,,,,,,
zack,False,,,,,,,,,,,,,,1.0,1.0,,,,,,,,,,,1.0,,
zackig,False,,,,1.0,,,,,,,,,,,,,,,,,,,,,,,,
zahl,False,3.0,2.0,,,1.0,,3.0,2.0,,,,2.0,6.0,1.0,2.0,1.0,1.0,,3.0,2.0,16.0,4.0,2.0,,1.0,,1.0,
zahlen,False,,,3.0,,1.0,,2.0,,,,,,1.0,1.0,,,1.0,,,1.0,,1.0,,1.0,,1.0,1.0,
zahlenarztbesuchenden,False,,,,1.0,,,,,,,,,,,,,,,,,,,,,,,,
zahlencode,False,,,,,,,,,,,,,,,,,2.0,,,,,,,,,,,
zahlender,False,,,1.0,,,,,,,,,,,,,,,,,,,,,,,,,
zahlenfolge,False,,,,1.0,,,,,,,,,,,,,,,,,,,,,,,,
zahlenmäßig,False,,,,,,1.0,,1.0,,,,,,,,,,,,,,,,,,,,
zahlreich,False,1.0,,,,,,,,,,,,,1.0,,,,,,,,1.0,,,,,1.0,
zahlung,False,,,,,,,,,,,,,,,,,,,,1.0,,,,,,,,
zahlungsabwicklung,False,,,,,,,,,,,,,1.0,,,,,,,,,,,,,,,
zahlungsterminal,False,,,,,,,,,,,,,,,,,,,,2.0,,,,,,,,
zahlungsunfähig,False,,,,,,,,,,,,,,,,,,,,,,,,,,1.0,,
zahlzwang,False,,,,,,,,,,,,,,,,,,,,1.0,,,,,,,,
zahn,False,2.0,,,,,,,,,,,1.0,,,,,,,,,,,,,,,,
zahnarzt,False,,,,2.0,,,,,,,2.0,,,,,,,,,,,,,,,,,
zahnschmerz,False,,,,,,,,,,,,,,,,,,,,,,,,,,,1.0,
zahnärzt,False,,,,,,,,,,,1.0,,,,,,,,,,,,,,,,,
zalando,False,,,,,,,,,,,,,,,,2.0,,,,,,,,,,,,
zara,False,,,,,,,,,,,,,,,,,,,,,,,,,,1.0,,
zart,False,,,,,,,,,,,,,,,,,,,,,9.0,,,,,,,
zauberei,False,,,1.0,,,,,,,,,,,,,,,,,,,,,,,,,
zauberer,False,,,,,,,,,,,,1.0,,,,,,,,,,,,,,,,
zauberfigur,False,,,,,,,,,,,,1.0,,,,,,,,,,,,,,,,
zauberhaft,False,,2.0,,,,,,,,,,1.0,,,,,,,,,,,,,,,,
zaubern,False,,,,,,,,,,,1.0,,,,,,,,,,,,,,,,,
zaum,False,,,,,,,,,,,,,,,,,,,,1.0,,,,,,,,
zaunpfahl,False,,,,,1.0,,,,,,,,,,,,,,,,,,,,,,,
zdf,False,,,,,,,,,,,,,,2.0,,,,,,,,,,,,,,
zea,False,,,1.0,,,,,,,,,,,,,,,,,,,,,,,,,
zehn,True,1.0,2.0,1.0,,6.0,,3.0,2.0,4.0,2.0,1.0,4.0,2.0,4.0,2.0,2.0,1.0,2.0,5.0,2.0,2.0,1.0,4.0,1.0,,2.0,,
zehner,False,,,,,,,,,,,,,,,,,1.0,,,,,,,,,,,
zehnfache,False,,,,,,,,,,,,,,,,,,,,,,,,,,,1.0,
zehnmal,False,,,,,,,2.0,,,,,,,,,,,,,,,,,,,,1.0,
zehntausend,False,,1.0,1.0,,,,,,,,,,,1.0,,,1.0,,,,,,,,,,,
zehntel,False,,,,,,,,,,,,,,,,,,,,,,,,,,1.0,,
zehnter,True,,,,,,,,,,,,,,3.0,,,,,,,,,,,,,,
zeichen,False,,,,,2.0,,,1.0,,,1.0,,,,,,,2.0,,,,,,,,1.0,,
zeichenfolge,False,,,1.0,,,,,,,,,,,,,,,,,,,,,,,,,
zeichenwar,False,1.0,,,,,,,,,,,,,,,,,,,,,,,,,,,
zeichenzahl,False,,,,,,,,,,,,,,,,1.0,,,,,,,,,,,,
zeichnen,False,1.0,,,,,3.0,1.0,,,,,,,,,,,,,,2.0,1.0,2.0,2.0,,,,
zeichnung,False,1.0,,,,,,,,,,,,,,,,,,,,,,,,,,,
zeigen,False,3.0,5.0,3.0,1.0,3.0,1.0,3.0,2.0,3.0,3.0,,10.0,,3.0,,,3.0,1.0,1.0,3.0,8.0,8.0,1.0,3.0,3.0,2.0,2.0,
zeile,False,2.0,,1.0,,,,1.0,,1.0,,,,,,,,,,1.0,,,,,,,,,
zeilenabstand,False,1.0,,,,,,,,,,,,,,,,,,,,,,,,,,,
zeit,True,10.0,9.0,9.0,4.0,12.0,6.0,9.0,8.0,5.0,2.0,7.0,14.0,2.0,5.0,20.0,3.0,12.0,19.0,9.0,3.0,4.0,8.0,5.0,11.0,1.0,11.0,5.0,10.0
zeitalter,False,,,,,,,,,,,,,,,,,,1.0,,,,2.0,,,,,1.0,
zeitbasieren,False,,,,,,,,,,,,,,,,,1.0,,,,,,,,,,,
zeitbeschränkung,False,,,,,,,,,,,,,,,,,,1.0,,,,,,,,,,
zeitbombe,False,,,,,,,1.0,,,,,,,,,,,,,,,,,,,,,
zeitdruck,False,,,,,,,,,,,,1.0,,,,,,,,,,,,,,,,
zeitenspeicherung,False,,,,,,,,,,,,,,,,,,,,,,,,,,1.0,,
zeitenwende,False,,,,,,,,,,,,1.0,,,,,,,,,,,,,,,,
zeitfrist,False,,,,,,,,,,,1.0,,,,,,,,,,,,,,,,,
zeitgefühl,False,,,,,,,,,,,,,,,,,,,,,,,,,,,1.0,
zeitgeist,False,,,,1.0,,,,,,,,,,,,,,,,,,,,,,,,
zeitgeistphänomen,False,,,,1.0,,,,,,,,,,,,,,,,,,,,,,,,
zeitgenosse,False,,,,,,,,,,,,1.0,,,,,,,,,,,,,,,,
zeitgenössisch,False,,,,,,,,,,,,1.0,,,,,,,,,,,,,,,,
zeitgenössischer,False,,,,,,,,,,,,1.0,,,,,,,,,,,,,,,,
zeitgleich,False,,,,,,,1.0,2.0,,,,,,,,,,,,,,,,1.0,,,,
zeitgleichheit,False,,,,,,,,1.0,,,,,,,,,,,,,,,,,,,,
zeitlich,False,1.0,,1.0,,1.0,,1.0,2.0,,1.0,2.0,1.0,,,2.0,,,7.0,,,4.0,,5.0,,,2.0,,
zeitnah,False,,,,,,,,,,,,,,,,,,,,,,,,,1.0,,,
zeitplan,False,,,,,,,,,1.0,2.0,3.0,,,,,,,,,,,,,,,,,
zeitpunkt,False,,,3.0,,3.0,4.0,,3.0,,2.0,1.0,1.0,1.0,,6.0,,,,2.0,1.0,,,1.0,,1.0,2.0,4.0,1.0
zeitrahmen,False,,,,1.0,,,,,,,,,,,,1.0,,1.0,,,,,,,,,,
zeitraum,False,,,,1.0,,,1.0,,,,,,1.0,,7.0,,4.0,,,,,,,,,,,
zeitreis,False,,,,,,,,,,,,,,,,,,,,,,,,,,,1.0,
zeitreise,False,,,,,,,,1.0,,,,,,,,,,,,,,,,,,,,
zeitschrift,False,1.0,,,,,,,,,,,,,,,,,,,,,,,,,,,
zeitslots,False,,,,,,,,,,,,,,,,,1.0,,,,,,,,,,,
zeitsouverän,False,,,,,,,,,,,,,,,,,,,,,,,,1.0,,,,
zeitung,False,,,,,3.0,,,,,,,,,1.0,,,,,1.0,,,,,,1.0,,,
zeitungsredakteur,False,,,,,,,,,,,,,,,,,,,1.0,,,,,,,,,
zeitungsschlagzeilen,False,,,,,,,,,,,,,,,,,,,,,,,,,,,1.0,
zeitversetzt,False,,,,,,1.0,,,,,,,,,,,,,,,,,,,,,,
zeitweise,False,,,,,,,1.0,1.0,,,,,,,,,,,,,,,,1.0,,,,1.0
zellgröß,False,,,,,,,,,,,,,,,,,,,,,2.0,,,,,,,
zementieren,False,,,,,,,,,,,,,,1.0,,,,,,,,,,,,,,
zementiert,False,,,,,,,,,,,,,,1.0,,,,,,,,,,,,,,
zend,False,,,,,,,,,,,,,,,,,,,1.0,,,,,,1.0,,,
zende,False,,,,,,,,,,,,,,,,,,,,,,,,,1.0,,,
zendo,False,,,,,,,,,,,,,,,,,,,,,,,,,1.0,,,
zensieren,False,,,,,,,,,,,,,,,,1.0,,,,,,,,,,,,
zensola,False,,1.0,,,,,,,,,,,,,,,,,,,,,,,,,,
zensurmast,False,,,,,,,,,,,,,,,,1.0,,,,,,,,,,,,
zensurmaßstab,False,,,,,,,1.0,,,,,,,,,,,,,,,,,,,,,
zensus,False,,,,,,,,,,,,,,,,,,,,,,,,,,2.0,,
zentral,False,,5.0,1.0,4.0,2.0,,3.0,1.0,1.0,,,,,,1.0,2.0,,1.0,1.0,,8.0,1.0,1.0,,,,,
zentralbank,False,,,,,,,,,,,,,,,,,,,,,6.0,,,,,,,
zentralisier,False,,,,1.0,,,,,,,,,,,,,,,,,,,,,,,,
zentralisieren,False,,,,7.0,,,,,,,,,,,,,,,,,2.0,,,,1.0,,,
zentralisiert,False,1.0,1.0,1.0,2.0,,,,,,,,,,,,,,,,,,,,,,1.0,,
zentralisierung,False,,,,3.0,,,,,,,,,,,,,,,,,,,1.0,,,,,
zentralisierungsbewegung,False,,,,,,,,,,,,,,,,,,,,,,,,,1.0,,,
zentralregierung,False,,,,,,,,,,,,,,,,,,,,,,1.0,,,,,,
zentrieren,False,,,,,,,,,,,1.0,,,,,,,,,,,,,,,,,
zentrum,False,,,,,,,,,,,,,,,,,,,1.0,,4.0,1.0,,,1.0,1.0,,
zerbrechen,False,,,,,,,,,,,,,,,,1.0,,,,,,,,,,1.0,,
zerforschung,False,,,7.0,1.0,,,,,,,,,,,,,,,,,,,,,,,,
zergehen,False,,,,1.0,,,,,1.0,,,,,,,,,,,,,,,,,,,
zerkleinern,False,1.0,,,,,,,,,,,,,,,,,,,,,,,,,,,
zerlegen,False,,,,,,,,,,,1.0,,,,,,,,,,,,,,,,,
zero,False,1.0,,,,1.0,,,,,5.0,,,,,,,,,,,,,,,,4.0,,
zerren,False,,,,,,,,,,,,1.0,,,,,,,,,,,,,,,,
zerschenkern,False,,,,,,,,,,,,,,,,,,,,,,,,2.0,,,,
zerschlagunge,False,,,,,,,,,,,,,,,,,,,,,2.0,,,,,,,
zerstreiten,False,,,,,,,,,,,,,,,,,,,,,,1.0,,,,,,
zerstören,False,,,,,,,1.0,,,,,,,1.0,,,,,,,,3.0,,,,,,
zerstörung,False,,,,,,,,,,,,1.0,,,,,,,,,,,,,,,,
zerstückeln,False,,,,,1.0,,,,,,,,,,,,,,,,,,,,,,,
zertbund,False,,,,,,,2.0,,,,,,,,,,,,,,,,,,,,,
zertifikat,False,,,3.0,,,,,,61.0,,,,,,,,,,,,,,,,,,,
zertifikatsanbieter,False,,,,,,,,,2.0,,,,,,,,,,,,,,,,,,,
zertifikatsausstellende,False,,,,,,,,,1.0,,,,,,,,,,,,,,,,,,,
zertifikatsaussteller,False,,,,,,,,,1.0,,,,,,,,,,,,,,,,,,,
zertifikatsausstellung,False,,,,,,,,,1.0,,,,,,,,,,,,,,,,,,,
zertifikatsausstellungsentität,False,,,,,,,,,1.0,,,,,,,,,,,,,,,,,,,
zertifikatsausstellungsstelle,False,,,,,,,,,1.0,,,,,,,,,,,,,,,,,,,
zertifikatsding,False,,,,,,,,,1.0,,,,,,,,,,,,,,,,,,,
zertifikatskette,False,,,,,,,,,1.0,,,,,,,,,,,,,,,,,,,
zertifikatsstruktur,False,,,,,,,,,1.0,,,,,,,,,,,,,,,,,,,
zertifikatsthema,False,,,,,,,,,1.0,,,,,,,,,,,,,,,,,,,
zertifikatstyp,False,,,,,,,,,1.0,,,,,,,,,,,,,,,,,,,
zertifikatstype,False,,,,,,,,,1.0,,,,,,,,,,,,,,,,,,,
zertifizieren,False,,,2.0,,,,1.0,,10.0,,,,,,1.0,,,,,,,,,,,,,
zertifizierung,False,,,1.0,,,,,,,,,,,,,,,,,,,,,,,,,
zertifizierungsmechanisme,False,,,,,,,,,,,,,,,,,,,,,,1.0,,,,,,
zertifizierungsstelle,False,,,,,,,,,1.0,,,,,,,,,,,,,,,,,,,
zertig,False,,,,,,,,,,,,,,,,,,,,,,,,,,,,1.0
zervorschi,False,,,,1.0,,,,,,,,,,,,,,,,,,,,,,,,
zettel,False,1.0,,,,,,,,,,,,,,,,,,,,,1.0,,,,,,
zettelkasten,False,,,,,,,,,,,,,,,,,,,1.0,,,,,,,,,
zeug,False,1.0,,,,,2.0,,,,,1.0,,,1.0,,,1.0,,,,,,,1.0,,,1.0,
zeuge,False,,,,,2.0,15.0,,,,,,,,,,,,,,,,,,,,1.0,,
zeugenanhörung,False,,,,,,1.0,,,,,,,,,,,,,,,,,,,,,,
zeugenbefragung,False,,,,,,1.0,,,,,,,,,,,,,,,,,,,,,,
zeuginn,False,,,,,,1.0,,,,,,,,,,,,,,,,,,,,,,
zeugnis,False,,,1.0,,,,4.0,,,,,,,,,,,,,,,,,,,,,
zeugs,False,,1.0,,,,,,,,,,,,,,,,,,,,,,,,,,
ziblatt,False,,,,,,,,1.0,,,,,,,,,,,,,,,,,,,,
ziehen,False,1.0,2.0,1.0,5.0,1.0,2.0,1.0,2.0,2.0,1.0,,3.0,2.0,,2.0,1.0,2.0,1.0,1.0,,6.0,,3.0,1.0,3.0,3.0,4.0,
zieht,False,,1.0,,,,,,,,,,,,,,,,,,,,,,,,,,
ziel,False,2.0,7.0,,18.0,5.0,,4.0,1.0,2.0,4.0,,1.0,6.0,2.0,,3.0,1.0,2.0,12.0,1.0,15.0,,,1.0,3.0,3.0,4.0,1.0
zielbild,False,,,,1.0,,,,,,,,,,,,,,,,,,,,,,,,
zielen,False,,1.0,,,,,,,,,,,,,,,,,,,,,,,,,,
zielerreichung,False,,1.0,,,,,,,,,,,,,,,,,,,,,,,,,,
zielführendst,False,,,,,,,,,,,,,,,,,,,,,,,,,,1.0,,
zielgerade,False,,,,,,,,,,,,,,,,,,,,,,,,,,,,1.0
zielgesellschaft,False,,,,,,,,,,,1.0,,,,,,,,,,,,,,,,,
zielgruppe,False,5.0,,2.0,,,,,,,,,,,1.0,,,,,,1.0,,,,,,1.0,,
zielkonflikt,False,2.0,,,,,,,,,,,,,,,,,,,1.0,,,,,1.0,,,
zielliste,False,,,,,1.0,,,,,,,,,,,,,,,,,,,,,,,
zielobjekt,False,,,,,,,,,,1.0,,,,,,,,,,,,,,,,,,
zielperson,False,,,,,1.0,,,,,,,,,,,,,,,,,,,,,,,
zielpublikum,False,,,,,,,,1.0,,,,,,,,,,,,,,,,,,,,
zielrichtung,False,,,,,,,,,,,,,,,,,,1.0,,,,,,,,,,
zielrufnummer,False,,,,,,,,,,,,,,,,,1.0,,,,,,,,,,,
zielsetzung,False,,,,,,,,,,,1.0,,,,,,,,,,,,,,,,,
zielstaat,False,,,,,3.0,,,,,,,,,,,,,,,,,,,,,,,
zielvorfahren,False,,1.0,,,,,,,,,,,,,,,,,,,,,,,,,,
zielvorstellung,False,,,,,,,,,,,,,,,,,,,,,,,,,,1.0,,
ziemlich,False,1.0,8.0,6.0,5.0,10.0,7.0,5.0,7.0,5.0,1.0,3.0,3.0,1.0,4.0,2.0,7.0,2.0,1.0,3.0,3.0,16.0,3.0,2.0,,1.0,2.0,1.0,3.0
ziffer,False,,,,,,,,,,,,,,,,,4.0,,,,,,,,,,,
zimmer,False,,,,,,,,,,,,3.0,,,,,,,,,,,,1.0,,,,
zimmermann,False,,,,,,1.0,,,,,,,,,,,,,,,,,,,,,,
zimmern,False,,,,,,,,,,,,,,,,,,,,,,,,,,1.0,,
ziniast,False,,,,,,,,,,,,1.0,,,,,,,,,,,,,,,,
zirkel,False,,,,,,,,,,,,,,,,,,,,,,,,4.0,,,,
zirkulieren,False,,,,,,,,,,,1.0,,,,,,,,,,,,,,,,,
zitat,False,,,,,,,1.0,,,,,,,,,,,,,,4.0,,,,,,,
ziti,False,,,,,,,1.0,,,,,,,,,,,,,,,,,,,,,
zitieren,False,,1.0,,,,,1.0,,1.0,,,,,,1.0,,,,,,,,,,2.0,,1.0,
zitrone,False,,,,,,,,1.0,,,,,,,,,,,,,,,,,,,,
zittierst,False,,,,,,,,,,,,,,,1.0,,,,,,,,,,,,,
zivil,False,,,,,1.0,,,,1.0,,,,,,,,,,,,,,,,,,,
zivilgeschaft,False,,,,,,,1.0,,,,,,,,,,,,,,,,,,,,,
zivilgesellschaft,False,,1.0,,,1.0,,9.0,1.0,1.0,6.0,23.0,,,,,9.0,,5.0,6.0,1.0,,6.0,,,6.0,1.0,,
zivilgesellschaftlich,False,,,2.0,,2.0,1.0,1.0,,,3.0,7.0,,,,,2.0,,3.0,1.0,,,4.0,,,,1.0,,
zivilgesellschaftseinbindung,False,,,,,,,1.0,,,,,,,,,,,,,,,,,,,,,
zivilisation,False,,,,,,,,,,,,,,,,,,,,,,2.0,,,,,,
zivilisatorisch,False,,,,,,,,,,,,,,,,,,,,,,2.0,,,,,,
zivilisiern,False,,,,,,,,,,,,,,,,,,,1.0,,,,,,,,,
zivilliener,False,,,,,,,,,,,,,,,,,,,,,,,,,,1.0,,
zivilprozessordnung,False,,,,,,,1.0,,,,,,,,,,,,,,,,,,,,,
zivilrechtswege,False,,,,,,,,,,,,,,,,,1.0,,,,,,,,,,,
zoll,False,1.0,,,,,,,,,,,,,,,,,,,,2.0,,,,,,,
zombeck,False,,,,,,,,,,,,,,,,,,,,,,,,,1.0,,,
zombie,False,,,,,,,,,,,,,,,1.0,,,,,,,,,,,,,
zone,False,,,,,,,,,,,,1.0,,,,,,,,,,,,,,,,
zoo,False,,,,3.0,,,,,,,,,,,,,,,,,,,,,,,,
zoogt,False,,,,,,,,,,,,,,,,,,,,,,,1.0,,,,,
zoom,False,,,,,,,,,,,,,,,,,,,1.0,,2.0,,3.0,2.0,,,,
zornen,False,,,,,,,,,,,,,,1.0,,,,,,,,,,,,,,
zu,True,137.0,214.0,115.0,191.0,152.0,87.0,147.0,108.0,141.0,144.0,66.0,174.0,108.0,120.0,168.0,160.0,105.0,73.0,118.0,166.0,346.0,165.0,93.0,97.0,91.0,182.0,180.0,145.0
zubewegen,False,,,,,,,,,,,,,,,,,,,,,,,,,,,1.0,
zubrachen,False,,,,,1.0,,,,,,,,,,,,,,,,,,,,,,,
zucker,False,1.0,,,,,,,,,,,,,,,,,,,,,,,,,,,
zuckerberg,False,,,,,,,,,,,,,,,,,,,,,2.0,,,,,,,
zudem,False,,,,,,,,,,,,,,,1.0,,,,,,,,,,,,,
zudrehen,False,,,,,,,,,,,,,,,,,,,1.0,,,,,,,,,
zudrücken,False,,,,,,,1.0,,,,,,,,,,,,,,,,,,,,,
zueinander,False,,,,,,,,3.0,,,,,,,,,1.0,,,,,,,,,,,
zuerst,True,1.0,1.0,,1.0,1.0,,2.0,,,1.0,,2.0,,1.0,,1.0,1.0,,,2.0,,,,,,7.0,,2.0
zufall,False,,,,,,,,1.0,,,,,,,,,1.0,,,,,,,,,,,
zufrieden,False,,,1.0,,,,1.0,,,1.0,,,,,,,,,2.0,,,,2.0,,,,,1.0
zufriedenheit,False,,,,,,,,,,,,,,,,,,,1.0,1.0,,,,,,,,
zufriedenstellend,False,,,,,,,,,,,,,,,,,,,,,,,,1.0,,,,
zufällig,False,,1.0,1.0,1.0,,,,1.0,,,1.0,1.0,,1.0,,1.0,1.0,,,,,,,,,,1.0,
zufälligerweise,False,1.0,1.0,,,,,,,,,,,,,,,,,,,2.0,1.0,,,,,,
zufälligerweisen,False,,,,,,,,,,,,,,,,,,,,,,1.0,,,,,,
zufügend,False,,,,,,,,,,,,,,,,,,,,,,,,1.0,,,,
zug,False,1.0,,,,1.0,1.0,,,,,,2.0,,1.0,,,1.0,,1.0,1.0,,,,,2.0,,,
zugabe,False,,,,,,,,,,,,,,,,,,,,,,,,,,,,1.0
zugang,False,6.0,1.0,2.0,1.0,,,,,1.0,8.0,,1.0,,2.0,1.0,3.0,1.0,,,7.0,8.0,2.0,,2.0,,1.0,1.0,
zugangsberechtigen,False,,,,,,,,,,,,,,,,,,,,,,,,1.0,,,,
zugangsdat,False,,,,,,,,,,,,,,,,,1.0,,,,,,,,,,,
zugangshürden,False,,,,,,,,1.0,,,,,,,,,,,,,,,,,,,,
zugangskart,False,,,,,,,,,,2.0,,,,,,,,,,,,,,,,,,
zugangskontrolle,False,,,,,,,,,,,,,,,,,,,,,2.0,,,,,,,
zugbegleitung,False,,,,,,,,,,,,,,,,,,,,1.0,,,,,,,,
zugeben,False,,,,,2.0,,1.0,,,,,,,,,,,,,,,,,,,,,
zugedacht,False,,,,,,,,,,,,,1.0,,,,,,,,,,,,,,,
zugedessen,False,,,,,,,,,,,,,,,,,1.0,,,,,,,,,,,
zugegebenermaßen,False,,,,,,,,,,,,,,,,,,,,,,,,,,,1.0,
zugehen,False,1.0,,,,,,,,,,1.0,1.0,,,,,1.0,,,,,,,,,2.0,1.0,
zugehst,False,,,,,,,,,,,,,,,1.0,,,,,,,,,,,,,
zugehörigkeit,False,,,,,,,,1.0,,,,,,,,,,,,,,,,,,,,
zugelassen,False,,,1.0,,,,,,,,,,,,,,,,,,,,,,,,,
zugesendet,False,,,,,,,,,,,,,,,,,1.0,,,,,,,,,,,
zugespitzt,False,,,,,,,,,,,,,,,,,,1.0,,1.0,,,,,,,,
zugetragen,False,,,1.0,,,,,,,,,1.0,,,,,,,,,,,,,,,,
zugewinn,False,,,,1.0,,,,,,,,,,,,,,,,,,,,,,,,
zugezogen,False,,,,,,,,,,,,,,1.0,,,,,,,,,,,,,,
zugleich,True,,1.0,,,,,,,,,,,,,,,,,,,,,,,,,,
zugreifen,False,,1.0,1.0,,3.0,,1.0,,,,,,1.0,,4.0,,1.0,,,,,,,,,,4.0,
zugreise,False,,,,,,,,1.0,,,,,,,,,,,,,,,,,,,,
zugriff,False,,1.0,7.0,11.0,,,1.0,1.0,,,,,6.0,1.0,8.0,,4.0,,,,2.0,,,,,,2.0,1.0
zugriffen,False,,1.0,,,,,,,,,,,,,1.0,,,,,,,,,,,,,
zugriffskontroll,False,,,,,,,,,,,,,,,,,,,,,,,,,,,2.0,
zugrunde,False,,,,,,,,,,,,1.0,,,,,,,,,,,,,,,,1.0
zugucken,False,1.0,,,,,,,,1.0,,,,,,,,,,,,,,,1.0,,,,
zugunsten,False,,,,,,,,,,,,,,,,,,,,1.0,,,,,,,,
zugute,False,,1.0,,,,,,,,,,,,,,,,,,,,1.0,,,,,,
zugutehalten,False,,,,,,,,,,,1.0,,,,,,,,,,,,,,,,,
zugutekommen,False,,,,,,,,,,,,,,,,,,,,,,1.0,,,,,,
zugängigkeit,False,1.0,,,,,,,,,,,,,,,,,,,,,,,,,,,
zugänglich,False,4.0,4.0,,,,,,,,1.0,,,,,1.0,,,,,2.0,6.0,,,2.0,,,,
zugänglichkeit,False,9.0,,,,,,,,,,,,,,,,,,,,2.0,,,,,,,
zugänglichmachen,False,1.0,,,,,,,,,,,,,,,,,,,,,,,,,,,
zuhalten,False,,,,,,,,,,,,,,,,,,,,,,,,,,1.0,,
zuhause,False,,,,,,,,,,,,1.0,1.0,,,,,,,,,,,,,,,
zuhören,False,,1.0,1.0,,,,,1.0,1.0,4.0,,,,,,,,1.0,2.0,,,,1.0,1.0,,,,1.0
zuhörende,False,,,,,,,,,,,,,,,,,,,1.0,,,,,,,,,
zuhörenden,False,,,,,,,,,,,1.0,,,,,,,,,,,,,,,,,
zuhörer,False,,,,,,,,,1.0,,,,,,,,1.0,,,,,,,,,,,
zuhörerin,False,,,,,,,,,,1.0,,,,,,,,,,,,,1.0,,,,,
zukommen,False,1.0,1.0,,,,,,,,1.0,,,,,,1.0,,,1.0,1.0,,,,,1.0,,,1.0
zukunft,False,3.0,,4.0,3.0,6.0,,6.0,1.0,4.0,,,2.0,1.0,1.0,1.0,,2.0,,5.0,1.0,2.0,3.0,,,,1.0,2.0,2.0
zukunftsfantasie,False,,,,,,,,,,,,,,,,,,,,,,,,,,,1.0,
zukunftsgericht,False,,,1.0,,,,,,,,,,,,,,,,,,,,,,,,,
zukunftsinvestitionsprogramm,False,,,,,,,,,,,,,,,,,,,,,2.0,,,,,,,
zukunftskontroller,False,,,,,,,,,,,,,,,,,,,,,,,,,,,1.0,
zukunftslust,False,,,,,,,,,,,,,,,,,,,,,,,,,5.0,,,
zukunftsmusik,False,,,,,,,,,,,,,,,,,1.0,,,,,,,,,,,
zukunftsperspektive,False,1.0,,,,,,1.0,,,,,,,,,,,,,,,,,,,,,
zukunftspolitiker,False,,,,,,,1.0,,,,,,,,,,,,,,,,,,,,,
zukunftsprogramm,False,,,,,,,,,,,,,,,,,,,,,2.0,,,,,,,
zukunftsszenario,False,,,,,,,,,1.0,,,,,,,,,,,,,,,,,,,
zukünftig,False,1.0,,,1.0,,,,,,1.0,,,,,,,,,,,,,,,,,,
zulassen,False,,,8.0,,,,,,1.0,2.0,,,,,,,,,,,,,1.0,,,,1.0,
zulassung,False,,,6.0,,,,,,,,,,,,,,,,,,,,,,,,,
zulassungsprozeß,False,,,1.0,,,,,,,,,,,,,,,,,,,,,,,,,
zulassungsstudi,False,,,1.0,,,,,,,,,,,,,,,,,,,,,,,,,
zulegen,False,,,,,,,,,,,,,1.0,,,,,,,1.0,,,,,,,,
zuletzt,False,,,,,,,,,1.0,,,,2.0,,1.0,,1.0,,,,,,,,,,,
zulässig,False,,,,,,,,,,,,,1.0,,,,,,,,,,1.0,,,,,
zumachen,False,,1.0,,1.0,,,,,,,,,,,,,,,,,,,,,,,,
zumal,False,,,,1.0,3.0,,,,,,,,,,,,1.0,1.0,,,,2.0,,,1.0,,1.0,1.0
zumeist,False,,,,,,,,,,,,,,,,,,,,,,,,,,1.0,,
zumindest,False,4.0,,11.0,3.0,15.0,5.0,10.0,14.0,7.0,2.0,6.0,7.0,6.0,5.0,14.0,1.0,10.0,9.0,10.0,10.0,19.0,8.0,6.0,3.0,2.0,9.0,10.0,12.0
zumindestens,False,2.0,,,,,,,,,,,,,,,,,,,,,,,,,,,
zumutbaren,False,,,,,,,,,,1.0,,,,,,,,,,,,,,,,,,
zumutung,False,3.0,,,,,,,,,,,,,,,,,,,,,,,,,,,
zunahme,False,,,,,,,,,1.0,,,1.0,,,,,,,,,,2.0,,,,,,
zunehmen,False,1.0,,,,,,,,,,,3.0,,,,,1.0,,1.0,,,,,,,,,
zunehmend,False,1.0,1.0,,,,1.0,,,1.0,,,,1.0,,1.0,,,,,2.0,2.0,1.0,,,,1.0,1.0,
zunge,False,,,,1.0,,,,,1.0,,,,,,,,,,,,,,,,,,,
zunächst,True,,,,,1.0,,,2.0,,3.0,,,,,2.0,,,2.0,,2.0,,,,,,1.0,,1.0
zuordnen,False,,,,,1.0,,,,,,,,,,,,1.0,,,,,,,,2.0,,,
zuordnenbar,False,,,,1.0,,,,,,,,,,,,,,,,,,,,,,,,
zuordnung,False,,,,,,,,,,,,,,,2.0,,,,,,,,,,,,,
zurecht,False,,1.0,,,,,,,,,,4.0,,,,,,,,,,,,,,,,
zurechtkommst,False,,,,1.0,,,,,,,,,,,,,,,,,,,,,,,,
zurechtlegen,False,,,,,,,,,,,,,,,,,,1.0,,,,,,,,,,
zurechtstellst,False,,,,,,,,,,,,,,,,,,,,,,1.0,,,,,,
zurechtzukommen,False,,,,,,,,,,,,1.0,,,,,,,,,,,,,,,,
zurren,False,,,,,,,1.0,,,,,,,,,,,,,,,,,,,,,
zurverfügungstellung,False,,,,,,,,,,,,,,,,,,1.0,,,,,,,,,,
zurzeit,False,,,,,,,,,,,,,,,,,,,,1.0,,,,,,,,1.0
zurück,True,3.0,8.0,2.0,2.0,4.0,4.0,3.0,5.0,2.0,3.0,1.0,4.0,1.0,,1.0,5.0,2.0,,6.0,,6.0,8.0,2.0,3.0,1.0,3.0,3.0,
zurückbauen,False,,,,,,,,,,,,,,,,,,,,,,,1.0,,,,,
zurückbekommen,False,,,,,,,,,,,,,,,,,,,,,,,1.0,,,,,
zurückblicken,False,,,,,,,1.0,,,1.0,,,,,,,,,,,,1.0,,1.0,,,,
zurückblickend,False,,,,,,,,,,,,,,,,,,,,,,,,,1.0,,,
zurückdenken,False,,,,,,,,,,,,1.0,,,,1.0,,,,,,,,,,,1.0,
zurückdrehen,False,,,,,1.0,,,,,,,,,1.0,,,,,2.0,1.0,4.0,,,,,,,
zurückdrängen,False,,,,,,,,,,,,,,,,,,,,,,,1.0,,,,,
zurückfahren,False,,,,,,,,,,,,,,,,,,,,,2.0,,,,,,,
zurückfang,False,,,,,,,,,1.0,,,,,,,,,,,,,,,,,,,
zurückfolgern,False,,,,1.0,,,,,,,,,,,,,,,,,,,,,,,,
zurückführbar,False,,,,1.0,,,,,,,,,,,,,,,,,,,,,,,,
zurückgeben,False,,,,,,,,,,,,1.0,,,,,,,,,,,,,,,,
zurückgedreht,False,,,,,1.0,,,,,,,,,,,,,,,,,,,,,,,
zurückgegriffen,False,,,,,,,,,,,,1.0,,,,,,,,,,,,,,,,
zurückgehen,False,,2.0,,,,,,1.0,,,,,1.0,,1.0,,,,1.0,,,,1.0,,,,2.0,
zurückgekommen,False,,,,,,,,,,1.0,,,,,,,,,,,,,,,,1.0,,
zurückgerollt,False,,,,,,,,,,,,,,,,,,,,,2.0,,,,,,,
zurückgeworfen,False,,,,,,,,,1.0,,,,,,,,,,,,,,,,,,,
zurückgreifen,False,,,,,,1.0,1.0,,,1.0,,,,,,,,,,,,,,,,,,
zurückgucken,False,,,,,,,,,,,,,,,1.0,,,,,,,,,,,,,
zurückguckst,False,,,,,,,,,,,,,,1.0,,,,,,,,,,,,,,
zurückhaltend,False,,,1.0,,,,,,,,,,,2.0,,,,,,,,,,,,,,
zurückholen,False,,,,,,,,,,,,,1.0,,,,,,,,,,,,,,,
zurückkehren,False,,,,,,,,,,,,,,,,,,,1.0,,,,,,,1.0,,
zurückkommen,False,,1.0,,1.0,,,2.0,3.0,,1.0,,1.0,,1.0,1.0,1.0,,,,1.0,,1.0,1.0,,,,,
zurückliegen,False,,,,,,,,,,,,,,,,,,,,,2.0,,,,,,,
zurücknehmen,False,,,,,,,,,,,,,,,,,,,,,,2.0,,,,,,
zurückreicht,False,,,,,,,,,,,,,,,,,,,,,,4.0,,,,,,
zurückrollen,False,,,,,,,,,,,,,,,,,,,,,2.0,,,,,,,
zurückrudern,False,,1.0,,,,,,,,,,,,,,,,,,,,,,,,,,
zurückschauen,False,,,,,,,,,,,,1.0,,,,,,,,,,,,,,,,
zurückschreiben,False,,,,,,,1.0,,,,,,,,,,,,,,,,,,,,,
zurücksetzen,False,,,,,,,,,,,,,,,,,1.0,,,,,,,,,,,
zurückspielen,False,,,,,,,,,,,,,,,,,,,,,,,,,,,2.0,
zurücktreten,False,,,,,2.0,,,,,,,,,2.0,,,,,,,,,,,,,,
zurückweisen,False,,,,1.0,,,,,,,,,,,,,,,,,,,,,,,,
zurückziehen,False,,,,,,,1.0,,,,,,,,,,,,,,,1.0,,,,,1.0,
zurückzudrehen,False,,,,,,,,,,,,,,,,,,,1.0,,1.0,,,,,,,
zurückzugehen,False,,,,,,,,,,,1.0,,,,,,,,,,,,,,,,,
zusammen,True,4.0,4.0,4.0,10.0,1.0,5.0,6.0,7.0,3.0,3.0,2.0,2.0,2.0,5.0,2.0,4.0,2.0,2.0,2.0,4.0,7.0,8.0,4.0,5.0,2.0,5.0,3.0,4.0
zusammenarbeit,False,,,1.0,,,,,,,2.0,,2.0,,,,1.0,,,,,3.0,,,,1.0,2.0,,5.0
zusammenarbeiten,False,,,3.0,,1.0,,,,,,1.0,,,,,3.0,,1.0,2.0,,4.0,,,,,1.0,,2.0
zusammenarbeitet,False,,,,,,,,,,,,,,,,,,,,,,,1.0,,,,,1.0
zusammenbauen,False,,,,,,,,,,,,,,,,,,,,,,,,1.0,,,,
zusammenbekommen,False,,,,,,1.0,,,,,,,,,1.0,,,,,,,,,,,1.0,,
zusammenbringen,False,,,1.0,,1.0,,,,,,,,,,,,,,,,,,,,,,,
zusammenbrüche,False,,,,,,,,,,,,1.0,,,,,,,,,,,,,,,,
zusammenfassen,False,1.0,1.0,,,1.0,,1.0,,,,,1.0,,,1.0,,,,,,4.0,,,,,,1.0,1.0
zusammenfassend,False,,,,,,,1.0,,,,,,,,,,,,,,,,,,,,,
zusammenfasst,False,,,,1.0,,,1.0,,,,,,,,,,,,,,,,,,,,,
zusammenfassung,False,2.0,,,,1.0,,1.0,,,,,1.0,,,,,,,,2.0,2.0,,,,1.0,,,1.0
zusammenfinden,False,,,,,,,,2.0,,,1.0,,,,,,2.0,,,,,,1.0,,,1.0,,
zusammenfährt,False,,,,,,,,,,,,,,,,,,,,,,,,1.0,,,,
zusammenführen,False,,,,2.0,,,1.0,,,,,,,,,,,,,,6.0,,,,,,,
zusammenführung,False,,,,1.0,,,,,,,,,,,,,,,,,2.0,,,,,,,
zusammengearbeitet,False,,,,,,,,,,,,,,,,,,,1.0,,1.0,,,,,1.0,,
zusammengebastelt,False,,,,,,,,,,,,1.0,,,,,,,,,,,,,,,,
zusammengefasst,False,,1.0,,3.0,2.0,,1.0,,,,,3.0,,,,1.0,,,,,2.0,,1.0,1.0,,,1.0,
zusammengehen,False,,,,,,,,,,,,,,,,,,,,,2.0,,,,,,,
zusammengehörigerkomplex,False,,,,,1.0,,,,,,,,,,,,,,,,,,,,,,,
zusammengekapselt,False,,,,,,,,,,,,1.0,,,,,,,,,,,,,,,,
zusammengekracht,False,,,,,,,,,,,,,,,,,,,1.0,,,,,,,,,
zusammengenommen,False,,,,,,,,,,,,,,1.0,,,,,,,,,,,,,,
zusammengerotten,False,,,,,,,,,,,1.0,,,,,,,,,,,,,,,,,
zusammengeschusteren,False,,,,,,,,,,1.0,,,,,,,,,,,,,,,,,,
zusammengeschustert,False,,,,,,,,,,,,,,1.0,,,,,,,,,,,,,,
zusammengesessen,False,,,,,,,,,,,,,,,,,,,,,,2.0,,,,,,
zusammengesteckt,False,,,,,,,,,,1.0,,,,,,,,,,,,,,2.0,,,,
zusammengestöpseln,False,,,,,,,,,,,,,,,,,,,,,,,,1.0,,,,
zusammengestückelt,False,,,,,,,,1.0,,,,,,,,,,,,,,,,,,,,
zusammengetrommelt,False,,,,,,,,,1.0,,,,,,,,,,,,,,,,,,,
zusammengewachsen,False,,,,,,,,,,,,1.0,,,,,,,,,,,,,,,,
zusammengezogen,False,,,,,,1.0,,,,,,,,,,,,,,,2.0,,2.0,,,,,
zusammenhalt,False,,,,,,,,,,,,,,,,,,,,,2.0,,,,,,,
zusammenhalten,False,,,,,,,,,,,,,,,,,,,,,,,,,,,1.0,
zusammenhang,False,,,,,,2.0,2.0,,,,,5.0,,2.0,,1.0,,,,1.0,,,,2.0,1.0,2.0,,1.0
zusammenholen,False,,,,,,,,,,,,,,,,,,1.0,,,,,,,,,,
zusammenhängen,False,,,,2.0,1.0,1.0,2.0,,1.0,,,,,,,,1.0,1.0,,,,,,,,,,
zusammenhängend,False,,,,1.0,,,,,,,,,,,,,,,,,2.0,,,,,,,
zusammenkommen,False,1.0,1.0,,,,,1.0,,,,2.0,1.0,,,1.0,,1.0,1.0,,,,,1.0,,,1.0,,
zusammenleben,False,,,,,,,,,,,,,,,,1.0,,,,,,,,,,,,
zusammenpassen,False,,,,,,,1.0,,,,,,,,,,,,,,,,,,,,,
zusammenpasst,False,,,,,,,,,,,,,,,1.0,,,,,,,,,,,,,
zusammenrechnen,False,,,1.0,,,,1.0,,,,,,,,,,,,,,,,,,,,,
zusammenreimen,False,,,,,,,,,,,,,,,,,,,,,,,,,,,1.0,
zusammenrottung,False,,,,,,,,,,,1.0,,,,,,,,,,,,,,,,,
zusammenschließen,False,,,,,1.0,,1.0,2.0,,1.0,,,,,,,,,,,,,,1.0,,,,
zusammenschluss,False,,,,,,,1.0,,,,,,,,,,,,,,,,,,,1.0,,
zusammenschmeißen,False,,,,,,,,,,,,,1.0,,,,,,,,,,,,,,,
zusammenschweißen,False,,,,1.0,,,,,,,,,,,,,,,,,,,,,,,,
zusammensetzen,False,,,,1.0,,1.0,,,1.0,,1.0,,1.0,,,,,,1.0,,,,,,,1.0,,1.0
zusammensetzt,False,,,,,,,,,,,,,,,,1.0,,,,,,,,,,,,
zusammensetzung,False,,,,,,3.0,,,,,,,,,,,,,,,,,,,,,,
zusammensitzen,False,,,,,,,,,,1.0,,,,,,,,,,,,,,,,,,
zusammenspiel,False,,,,,,,,1.0,,,,,,,,,,,,,,,,,,,,
zusammenstellen,False,1.0,,,,,,,,,,,,,,,,,1.0,,,,2.0,,1.0,,,1.0,
zusammenstellung,False,,,,,,,,,,,1.0,,,,,,,,,,,,,,,,,
zusammensuchen,False,,,1.0,,,,,,,,,,,,,,,,,,,,,,,,,
zusammensucht,False,,1.0,,,,,,,,,,,,,,,,,,,,,,,,,,
zusammentragen,False,,,,,1.0,,,,,,,,,,,,,,,,,,,,,,,
zusammentun,False,,,1.0,,,2.0,1.0,,1.0,,1.0,,1.0,,1.0,,,1.0,,,2.0,,,,,,,
zusammenwerfen,False,,,,,,,1.0,,1.0,,,,,,,,,,,,,,,,,,,
zusammenwirken,False,,,,,,,,,,,,,,,,,,,,,,2.0,,,,,,
zusammenziehen,False,,,,,,,,,,,,,,,,,,,,,,,,,,1.0,,
zusammenzuarbeiten,False,,,,,,,,,,1.0,,,,,,,,,,,,,,,,,,
zusammenzubringen,False,,,,,1.0,,,,,,,,,,,,,,,,,,,,,,,
zusammenzufassen,False,,,,,1.0,,,,,,,,,1.0,,,,,,,,,,1.0,,,,
zusammenzuhol,False,,,,1.0,,,,,,,,,,,,,,,,,,,,,,,,
zusammenzupassen,False,,,,,,,,,,,1.0,,,,,,,,,,,,,,,,,
zusammenzuschlagen,False,,,,,,,,,,,,,,,,,,,,,,,,1.0,,,,
zusammenzustecke,False,,,,,,,,,,,,,,,,,,,,,,,,1.0,,,,
zusammenzählen,False,,,,,1.0,,,,,,,,,,1.0,,,,,,,,,,,,,
zusatz,False,,,,,,,,,,1.0,,,,,,,,,,,,,,,,,,
zusatzaufwand,False,1.0,,,,,,,,,,,,,,,,,,,,,,,,,,,
zusatzfrage,False,,,,,,,,,,,,,,,,,,,,,,,1.0,,,,,
zusatzgewinn,False,1.0,,,,,,,,,,,,,,,,,,,,,,,,,,,
zusatzkist,False,,,,,,,,,,,,,,,,,,,,,,,,1.0,,,,
zuschalten,False,,,,,,,,,,,,1.0,,,,,,1.0,,,,,,,,,,
zuschaltung,False,,,,,,,,,,,,,,,,,,1.0,,,,,,,,,,
zuschauen,False,1.0,,,,,,,,,,,,,,,,,,,,,,,,,1.0,,
zuschauer,False,,,,,,,,,,,,1.0,,,,,,,,,,,,,,,,
zuschicken,False,,1.0,,,1.0,,,,,,,,,,,,1.0,,,,,,,,,,,
zuschließt,False,,1.0,,,,,,,,,,,,,,,,,,,,,,,,,,
zuschneiden,False,,,1.0,,,,,,,1.0,,,,,,,,1.0,,,,,,,,,,
zuschneidung,False,,,,,,,,,,,,,,,,,,1.0,,,,,,,,,,
zuschnitt,False,,,,,,,,,,,,,,,,,,,,,,,,,6.0,,,
zuschnitte,False,,,,,,,,,,,,,,,,,,,,,,,,,1.0,,,
zuschreiben,False,,,,,,,,,,,,1.0,,,,,,,,,,,,,,,,
zuschrift,False,,,,,,,,,,,,,,,,,,,,,,,,,1.0,,,
zusehen,False,,,,,,,,1.0,,,,,,,,,,,,,,,,,,,,
zusenden,False,,,,,,,,,,,,,,,,,1.0,,,,,,,,,,,
zusichern,False,,,,,1.0,,,,,1.0,,,,,,,,,,,,,,,,,,
zuspitzen,False,,,,,,,1.0,,,,,,,2.0,,,,1.0,,1.0,2.0,,,,,,,
zuspitzung,False,,,,2.0,,,,,,,,,,,,,,,,,,,,,,,,
zuspritzung,False,,,,1.0,,,,,,,,,,,,,,,,,,,,,,,,
zustand,False,1.0,,2.0,,,,2.0,,1.0,1.0,,,,,,,,,,,,,,,,1.0,,
zustande,False,,3.0,,1.0,,3.0,,3.0,1.0,1.0,3.0,,,,1.0,,1.0,1.0,1.0,,,1.0,,,2.0,,,
zustecken,False,,,,,,,,,,,,,,,,,1.0,,,,,,,,,,,
zustehen,False,,,,,,,,,,,,,3.0,,,,,1.0,,,,,,,,,,
zustellen,False,,,,,,,,,1.0,,,,,,,,5.0,,,,,,,,,,,
zustellung,False,,,,,,,,,,,,,,,,,1.0,,,,,,,,,,,
zustimmen,False,1.0,,,4.0,1.0,,,,2.0,2.0,,,,,,,,1.0,3.0,1.0,,,,,,,1.0,
zustimmung,False,,,,1.0,1.0,,1.0,,,1.0,,,,,,,,,,,2.0,,,,,,,
zustimmungsverbehalt,False,,,,,,,,,,,,,,,,,,,,,,,,,1.0,,,
zustimmungsvorbehalt,False,,,,,,,,,,,,,,,,,,,,,,,,,1.0,,,
zuständig,False,3.0,2.0,1.0,2.0,1.0,2.0,3.0,2.0,,3.0,,1.0,,6.0,1.0,3.0,1.0,,2.0,,,,1.0,1.0,3.0,,1.0,3.0
zuständigkeit,False,,,,,,,,,,,,,,2.0,,,,,1.0,,,,,,5.0,,,1.0
zuständigkeitsgerangel,False,,,,,,,,,,,,,,,,,,,,,,,,,1.0,,,
zusätzlich,False,3.0,1.0,,1.0,1.0,1.0,1.0,,3.0,1.0,,,1.0,,2.0,,5.0,1.0,,1.0,3.0,,,,2.0,1.0,1.0,1.0
zutiefst,False,,,,,,,,,,,,,,,,1.0,,,,,,,,,,1.0,,
zutrauen,False,,,,,,,,,,,,,,,,,,,,,2.0,,,,,,,
zutreffen,False,,,1.0,,,,,,,,,,,,,,,,,,,,,,,,,
zutreffend,False,,,2.0,,,,,,,,,,,,,,,,,,,,,,,,,
zutritt,False,,,,,,,,,,2.0,,,,,,,,,,,,,,,,,,
zuträglich,False,,,,,,,,,,,,,,,,,,,,1.0,,,,,,,,
zutun,False,,,,,,,,,,,,,,,,,,,,,,,,1.0,,,,
zuverlässig,False,,,,,,,,,,,,,1.0,,,,,,,,,,,,,,,
zuverlässigerweise,False,,,,,,,,,1.0,,,,,,,,,,,,,,,,,,,
zuversichtlich,False,,,,,,,1.0,,,,,,,,,,,,,,,,,,,,,
zuvor,False,,,,,,1.0,,,,,,,,,,,,,,,,,,,,,,
zuvorkommen,False,,,,,,,,,,,,,,,,,,,,,,,,,1.0,,,
zuweisen,False,,,,,,,,,,,,,,,,,2.0,,,,,,,,,,,
zuwenden,False,,,,1.0,,,,,,,,,,,,1.0,,,,,,,,,,,,
zuziehen,False,,,,,,,,,,,,,,,,,,,,,,2.0,,,,,,
zuzugreifen,False,,,,,,,,,,,,1.0,,,1.0,,,,,,,,,,,,,
zuzumachen,False,,,1.0,,,,,,,,,,1.0,,,,,,,,,,,,,,,
zuzuwerfen,False,,,,,,,,,,,,,,,,,,,1.0,,,,,,,,,
zwang,False,1.0,,,1.0,,,1.0,,2.0,1.0,,,,,,,,1.0,,11.0,,,,,,,,
zwangsläufig,False,,,1.0,,,,,,,1.0,,,,,,,,,,,2.0,,,,,,,
zwangsweise,False,,,,,1.0,,,,1.0,,,2.0,,,,,,,,,,,,,,,,
zwangsweisen,False,,,,,,,,,,,,,,,,,,,,1.0,2.0,,,,,,,
zwanzig,True,,1.0,1.0,,,,,,,,,,,,,,,,,,,,,,,,,
zwar,True,7.0,9.0,6.0,3.0,5.0,5.0,3.0,2.0,8.0,4.0,1.0,5.0,5.0,,10.0,2.0,3.0,6.0,2.0,4.0,20.0,,7.0,8.0,3.0,6.0,5.0,5.0
zweck,False,,1.0,,4.0,2.0,,,,,2.0,,1.0,2.0,,2.0,,,3.0,,3.0,6.0,2.0,1.0,1.0,,1.0,1.0,
zweckbindung,False,,,,,,,,,,,,,,,,,,,,2.0,,,,,,,,
zweckbundung,False,,,,,,,,,,,,,,,,,,,,,,,,,,,,1.0
zweckentfremden,False,,,,,2.0,,,,,,,,,,,,,,,,,,,,,,,
zweckgebunden,False,,,,,,,,1.0,,,,,,,,,,,,,,,,,,,,
zweckklag,False,,,,,,,,,,,,,,,,,,,,,,,,,,1.0,,
zwei,True,4.0,19.0,7.0,13.0,5.0,5.0,20.0,11.0,4.0,3.0,8.0,11.0,3.0,4.0,10.0,3.0,15.0,8.0,13.0,4.0,22.0,20.0,2.0,24.0,4.0,15.0,10.0,4.0
zweidrittelmehrheit,False,,,,,,,,,,,,,,,,,,,1.0,,,,,,,,,
zweieinhalb,False,,,,,,,,,,1.0,,,,,,,,,,,,,,,,1.0,,1.0
zweien,False,,,1.0,,,,,,,,,,,,,,,,,,,,,,,,,
zweierlei,False,,,,,,,,1.0,,,,,,,,,,,,,,,,,,,,
zweifach,False,,,,,,,,1.0,,,,,,,2.0,,,,,1.0,,,,,,,,
zweifel,False,2.0,,2.0,1.0,1.0,,,,,,,1.0,,,5.0,,1.0,2.0,,,,,,,,,1.0,
zweifelhaft,False,,,,,,,1.0,,1.0,,,,,,,,,,,,1.0,,,,,1.0,,
zweifeln,False,,,,,,,,,,,,,,,1.0,,,,,,,,,,,,,
zweifelsfall,False,3.0,1.0,,1.0,1.0,2.0,,,,,,,2.0,,1.0,1.0,,,,2.0,2.0,,,1.0,,,6.0,
zweigleisig,False,,,,,,,,,1.0,,,,,,,,,,,,,,,,,,,
zweihundertsechsundsiebzig,False,,1.0,,,,,,,,,,,,,,,,,,,,,,,,,,
zweijährig,False,,,,,,,,,,,,,,,,,,,,,,,,,,1.0,,
zweiklassensystem,False,,,,1.0,,,,,,,,,,,,,,,,,,,,,,,,
zweimal,False,1.0,,,,,,1.0,,,,,,,,,1.0,1.0,,,,2.0,,1.0,1.0,,1.0,1.0,1.0
zweischneidig,False,,,,,,1.0,,,,,,,,,,,,,,,,,,1.0,,,,
zweistellig,False,,,,,,,,,,,,,,,,,,,,,2.0,,,,,,,
zweistufig,False,,,,,,,,,,,,,,,1.0,,,,,,,,,,,,,
zweit,False,,1.0,,,,,,,,,,1.0,,,,1.0,,,,,,1.0,,,1.0,,,
zweitausenddreizehn,False,,,,,,1.0,,,,,,,,,,,,,,,,,,,,,,
zweitausendneunzehn,False,,,1.0,,,,,,,,,,,,,,,,,,,,,,,,,
zweiteil,False,,,,,,,,,,,,,,,,,,,,1.0,,,,,,,,
zweitens,False,,,,,1.0,,,,,,,,,,,,1.0,,,,,,,,,,,
zweiter,True,1.0,5.0,3.0,,11.0,3.0,3.0,1.0,2.0,1.0,2.0,2.0,,,6.0,4.0,13.0,4.0,1.0,3.0,9.0,1.0,2.0,3.0,2.0,1.0,4.0,2.0
zweitnämlich,False,,,,,,,,,,,,1.0,,,,,,,,,,,,,,,,
zweitrangig,False,,,,,,,,,,,,,,,,,,,,,,,,,,,1.0,
zwickmühle,False,,,,,,,,,,,,,,,,,,,,,,,,,,1.0,,
zwiegespalten,False,,,,,1.0,,,,,,,,,,,,,,,,,,,,,,,
zwielicht,False,,,,,,,,,,,,,,,,,,,,,,,,,,1.0,,
zwingen,False,,3.0,,1.0,,,1.0,1.0,,,,,,1.0,,2.0,,2.0,1.0,4.0,,2.0,,,,,,
zwingend,False,,,,,,,,,,,,,1.0,,,,4.0,,1.0,1.0,,,,,,,,
zwischen,True,5.0,6.0,3.0,2.0,3.0,1.0,3.0,3.0,5.0,3.0,,15.0,,3.0,5.0,5.0,5.0,1.0,2.0,4.0,13.0,4.0,1.0,5.0,,4.0,4.0,2.0
zwischendrin,False,,,,,,,,1.0,1.0,,,,,,1.0,,,,,,2.0,,,,,,,
zwischendurch,False,,,,,1.0,2.0,,,,,,,,,2.0,,,,,,,,,,,,,1.0
zwischenergebnis,False,,,,,,,,,,,,,,,,,,,,,,,1.0,,,,,
zwischenfall,False,,1.0,,,,,,,,,1.0,,,,,,,,,,,,,,,,,
zwischenfrage,False,,,,,,,,,,,,,,,,,,,1.0,,,,,,,,,
zwischengeschreiben,False,,,,,,,1.0,,,,,,,,,,,,,,,,,,,,,
zwischenhändler,False,,,,,,,,,,,,,,,,,1.0,,,,,1.0,,,,,1.0,
zwischenlösung,False,,,,,,,,,,,,,,,,,,,,,,,,,,,3.0,
zwischenmenschlich,False,1.0,,,,,,,,,,,,,,1.0,,,,,,,,,,,,,
zwischenschritt,False,,,,2.0,,,1.0,,,,,,1.0,,1.0,,,1.0,,,,,,,,,,
zwischenstufe,False,,,,,,,,,,,,,,,,,,,,,,1.0,,,,,,
zwischenwelt,False,,,,,,,,,,,,,,,,,,,,,,,,1.0,,,,
zwischenzeit,False,,,,,,,,,,,,,,,,,,,,,,,,,,,1.0,
zwischenzeugnis,False,,,,,,,,,,,1.0,,,,,,,,,,,,,,,,,
zwischenüberschrift,False,,,,,,,1.0,,,,,,,,,,,,,,,,,,,,,
zwölf,False,,,,,4.0,,,,,,,,,1.0,,1.0,,,1.0,,,,,,1.0,,,
zwölftausend,False,,,1.0,,,,,,,,,,,,,,,,,,,,,,,,,
zx,False,1.0,,,,,,,,,,,,,,,,,,,,,,,,,,,
zykle,False,,,,,,,1.0,1.0,,,,,,,,,,,,,,,,,,,,
zynisch,False,,,2.0,,,,3.0,,,,,,2.0,,,,,,,,,1.0,,,,,,
zynisieren,False,,,,,,,1.0,,,,,,,,,,,,,,,,,,,,,
zynistus,False,,,,,,,,,,,,,,,,,,,,,2.0,,,,,,,
zypern,False,,,,,1.0,,,,,,,,,,,,,,,,,,,,,,,
zählen,False,1.0,1.0,4.0,4.0,,2.0,1.0,,,,,2.0,1.0,,,2.0,,,,,,,1.0,,,,,
zählkart,False,,,,,,,,,,,,,1.0,,,,,,,,,,,,,,,
zähnig,False,,,,,,,,,,1.0,,,,,,,,,,,,,,,,,,
zögern,False,,,,,,,,,,,,,,,,1.0,,,,,,,,,,,,
züg,False,,,,,,,,,,,,,,,,,,,1.0,,,,,,,,,
zügig,False,,,1.0,,,,,,,,,,,,,,,,,,,,,,,,,
äh,False,,123.0,170.0,,6.0,55.0,,,,,,,,,,,,,,,,,,,,,,
ähm,False,,171.0,201.0,,6.0,77.0,,,,,1.0,1.0,,5.0,1.0,2.0,,,,1.0,,,,,,,,
ähmliche,False,,,,,,,,,,,,,,,,,,,,,,,,,,,,1.0
ähneln,False,,,,,,,,,,,,,,,,,,,,1.0,,,,,,,,
ähnlich,False,6.0,,,2.0,9.0,12.0,5.0,3.0,,,,7.0,,1.0,,3.0,3.0,4.0,2.0,7.0,16.0,9.0,2.0,2.0,2.0,4.0,,1.0
ähnliches,False,,,,,,,1.0,,,,,,,,,,1.0,,,,2.0,,,,,,1.0,
ähnlichkeit,False,,1.0,,,,,,,,,,,,,,,,,,,,,,,,,,
ältere,False,,,,,,,,,,,,,,,,,,,,1.0,,,,,,,,
älteren,False,,,,,,,,1.0,,,,,,,,,,,,,,,,,,,,
älteres,False,1.0,,,,,,,,,,,,,,,,,,,,,,,,,,,
älterwerden,False,,,,,,,,,,,,,,,,,,,,1.0,,,,,,,,
ältest,False,,,,,,,,,,,,,,,,,,,,,,,,,,1.0,,
ältestenrat,False,,,,,,1.0,,,,,,,,,,,,,,,,,,,,,,
ändern,False,2.0,2.0,5.0,1.0,4.0,,3.0,1.0,8.0,2.0,2.0,5.0,2.0,5.0,2.0,1.0,1.0,,5.0,2.0,2.0,7.0,3.0,,2.0,2.0,2.0,4.0
änderung,False,,1.0,,,2.0,,1.0,,3.0,,1.0,,,,2.0,,,1.0,1.0,,,,,,,,,1.0
änderungsantrag,False,,1.0,,,,,,,,,,,,,,,,,9.0,,,,,,,,,
änderungsanträg,False,,,,1.0,,,,,,,,,,,,,,,,,,,,,,,,
änderungsvorschlag,False,,,,1.0,,,,,,,,,,,,,,,,,,,,,,,,1.0
änderungsvorschläg,False,,,,1.0,,,,,,,,,,,,,,,,,,,,,,,,
änderungswünsch,False,,,,,,,,,,,,,,,,,,,2.0,,,,,,,,,
änderungswünschen,False,,,,,,,,,,,,,,,,,,,2.0,,,,,,,,,
ängel,False,,,,,,,,,,,,,,,,,,,,,,,,1.0,,,,
äquivalent,False,,,,,,,,,1.0,,,,,,,,,,,,,,,,,,,
ära,False,,,,,,,1.0,,,,,,,,,,,,,,,,,,,,1.0,
ärger,False,,,1.0,,,,,,,,,,,,,,,,,1.0,,,,,,,1.0,
ärgerlich,False,,,,1.0,2.0,,,,,,,,,,,,,,1.0,1.0,,,,,,,,
ärgern,False,,,,,4.0,,,,,,,1.0,,,2.0,,,,,,,,,,,,,
ärgernis,False,,,,,,,,,,,,,,,,,,,,,,,,,,,6.0,
ärmsten,False,,,,,,,,,,,,,,,,,,,,,,,,,1.0,,,
ärsch,False,1.0,,,,,,,,,,,,,,,,,,,,,,,,,,,
ärztekammern,False,,,,,,,,,,,1.0,,,,,,,,,,,,,,,,,
ärzteverband,False,,,,,,,,,,,1.0,,,,,,,,,,,,,,,,,
ärztin,False,,1.0,11.0,1.0,,,,,,,,,,,,,,,,1.0,2.0,,,,,,,
ärztinnen,False,,,,,,,,,,,,,,,,,,,,1.0,,,,,,,,
ärztlich,False,,,2.0,,,,,,,,,,,,,,,,,,,,,,,,,
äußerer,False,,,,,,,,,,,,,,,,,,1.0,,,,,,,,,,
äußern,False,,,,1.0,,,1.0,1.0,,,1.0,3.0,1.0,,1.0,,,,,1.0,6.0,1.0,,,,3.0,,4.0
äußerung,False,,,,,,,,,,,,,,,,,,,,,,,1.0,,,,,1.0
öffentlich,False,4.0,7.0,4.0,1.0,15.0,17.0,4.0,9.0,4.0,3.0,2.0,1.0,1.0,4.0,7.0,2.0,,2.0,7.0,8.0,14.0,,5.0,2.0,1.0,7.0,,7.0
öffentlichkeit,False,,,3.0,,9.0,6.0,,1.0,,10.0,5.0,3.0,2.0,7.0,,2.0,,2.0,1.0,,2.0,2.0,,,,5.0,,5.0
öffentlichkeitsarbeit,False,,,,1.0,,,,,,,,,1.0,,,,,,4.0,,,,,,,,,
öffentlichkeitskommunikation,False,,,,,,,,,,,,,,,,,,,,,,,,,1.0,,,
öffentlichkeitsmäßig,False,,,,,,,,,,,,,,,,,,,,,,,1.0,,,,,
öffentlichkeitswirksam,False,,,,,,,,,,1.0,,,,,,,,,,,,,,,,,,
öffentlichkeitswirksamkeit,False,,,,,,,,,,2.0,,,,,,,,,,,,,,,,,,
öffnen,False,,,,,,,1.0,,1.0,,,,1.0,,6.0,,,,,,,,,1.0,,,,
öffnung,False,,,,,1.0,,,,,,,,,,,,,,,,2.0,,,,,,,
öffnungsklausel,False,,,,,,,,,,1.0,,,,,,,,,,,,,,,,,,
öfter,False,,,1.0,,,,,,,,,,,,,,,1.0,,,,,1.0,,3.0,,1.0,
öfters,False,,,,,,,,1.0,,,,,,,,,,,,,,,,,,,,
ögh,False,,,,,,,1.0,,,,,,,,,,,,,,,,,,,,,
ökonomie,False,,,,,,,,,,,,,,,,,,,,,,2.0,,,,,,
ökonomisch,False,,,,,,,,,,,,,,1.0,,,,,,,,5.0,,,,1.0,,
ökostrom,False,,,,,,,2.0,,,,,,,,,,,,,,,,,,,,,
ökosystem,False,,,,,,,,,,,,,,2.0,,,,,,,,,,,,,,
öl,False,,,,,,,,,,,,,,,,,,,,,,3.0,,,,,,
ölzeug,False,,,,,,,1.0,,,,,,,,,,,,,,,,,,,,,
örtlich,False,,,,,,,,,,,,,,,,,,,,,,,1.0,,,,,
örtlichkeit,False,,,,,,,,,,,,,,,,,,,,,,,1.0,,,,,
österreich,False,,2.0,,,,,,,,9.0,,,,,,1.0,,,,,,,,,,55.0,,
österreicher,False,,,,,,,,,,,,,,,,,,1.0,,,,,,,,1.0,,
österreichisch,False,,,,,,,,,,1.0,,,,,,,,,,,,,,,,8.0,,
östlich,False,,,,,,,,,,,,,,,,,,,,,,,,,,,,1.0
öttinger,False,,,,,,1.0,,,,,,,,,,,,,,,,,,,,,,
övp,False,,,,,,,,,,,,,,,,,,,,,,,,,,1.0,,
übel,False,,,,,,,,,1.0,,,,,,,,,,,1.0,,2.0,,,,,,
übelnehmen,False,1.0,,,,,,,,,,,,,,,,,,,,,,,,,,,
üben,False,,,,,,,,,4.0,,,,,,,,1.0,,,1.0,,8.0,,,,,,
über,True,30.0,24.0,26.0,36.0,42.0,13.0,26.0,12.0,24.0,19.0,8.0,42.0,16.0,15.0,40.0,25.0,29.0,14.0,18.0,32.0,58.0,30.0,19.0,23.0,14.0,29.0,18.0,21.0
überall,False,4.0,3.0,,,3.0,1.0,6.0,1.0,7.0,,,,1.0,,2.0,1.0,1.0,,,,38.0,6.0,1.0,2.0,1.0,,4.0,1.0
überausbau,False,,,,,,,1.0,,,,,,,,,,,,,,,,,,,,,
überbau,False,,,,,,,,,,,,1.0,,,,,,,,,,,,,,,,
überbetonen,False,,,,,,,1.0,,,,,,,,,,,,,,,,,,,,,
überbleibsel,False,,,,,,,,,,,,,,,,,,,,,,,,,,1.0,,
überblick,False,1.0,,,,,,,1.0,,,,,,,,,,,3.0,1.0,4.0,,,,,,,
überblickst,False,,,,,,,,,,,,,,,,2.0,,,,,,,,,,,,
überbordend,False,,,,,,,,,,1.0,,,,,,,,,,,,,,,,,,
überbrücken,False,,,,,,,,,,,,,,,,,,,,,,,,,,,,1.0
überdecken,False,,,,,,,,,,,,,,,,,,,,,,,1.0,,,,,
überdramatisiert,False,,,,,,,,,,,,1.0,,,,,,,,,,,,,,,,
überdurchschnittlich,False,,,,,,,,,,,,,,,,,,,,,,,,,,,1.0,
übereinfluschungsnetzwerk,False,,,,,,,,,,,,,,,,,,,,,2.0,,,,,,,
übereinstimmen,False,,,,,,,,,,,,,,,,,1.0,,,,4.0,,,,,,,
übererfüll,False,,,,,,,,,,,,,,,,,,,,,2.0,,,,,,,
überfall,False,,,,,,,,,,,1.0,,,,,,,,,,,,,,,,,
überfettet,False,,,,,,,,,1.0,,,,,,,,,,,,,,,,,,,
überfliegen,False,1.0,,,,,,,,,,,,,,,,,,,,,,,,,,,
überfluss,False,,,,,,,,,,,1.0,,,,,,,,,,,,,,,,,
überflüssig,False,,,,,,,,,,,,,,,,,,,,,,,,,,1.0,1.0,
überfordern,False,,,,,,,,1.0,1.0,,,1.0,,,,,1.0,,,,,,,,,,,
überforderungsklausel,False,,,,,,,,,,,,,,,,,,,,,2.0,,,,,,,
überformen,False,,,,,,,,,,,,1.0,,,,,,,,,,,,,,,,
übergabe,False,,,,,,,,,,,,,,,,,,,1.0,,,,,1.0,,,,
übergang,False,2.0,,,,,,,,,,,,,,,,,,,,,,,,,1.0,,
übergangsfrist,False,,,,,,,,,,,,,,,,,,,,,4.0,,,,,,,
übergangszeit,False,,,,,,,,,,,,,4.0,,,,,,,,,,,,,,,
übergeben,False,,1.0,,,,,,,,,1.0,,,,1.0,,1.0,,,,,,,,,,,
übergehen,False,1.0,,,,1.0,,,,,,,,,,,,,,,,,,,,,,,
übergeholfen,False,,,,,,,,,,,,,,,,,,,,1.0,,,,,1.0,,,
übergewicht,False,,,2.0,,,,,,,,,,,,,,,,,,,,,,,,,
übergreifend,False,,,,,,,1.0,,,,,,,,,,,1.0,,,,,,,,,,
übergriff,False,,,,,,,,,,,,,,,,,,,,,,,1.0,,,,,
übergriffen,False,,,,,,,,,,,,,,,,,,,,,,1.0,,,,,,
überhand,False,,,,,,,,,,,,,,,,,,,,,,,,,,,1.0,
überhaupt,True,12.0,16.0,13.0,5.0,23.0,10.0,12.0,17.0,22.0,7.0,2.0,6.0,14.0,9.0,12.0,11.0,7.0,6.0,5.0,10.0,53.0,7.0,5.0,,2.0,11.0,7.0,1.0
überheblichkeit,False,,,,,,,,,,,,,,,,,,,,,,1.0,,,,,,
überheld,False,,,,,,,,,,,,1.0,,,,,,,,,,,,,,,,
überhelfen,False,,,,,,,,,,,,,,,1.0,,,,,,,,,,,,,
überhöhen,False,,,,,,,,,,,,1.0,,,,,,,,,,,,,,,,
überinterpretiere,False,,,,,,,,,,,,,,,,,,,,1.0,,,,,,,,
überkonsum,False,,,,,,,,,,,,,,,,,,,,,,1.0,,,,,,
überladen,False,,,,,,,,,,,,,,,,1.0,,,,,,,,,,,,
überlangen,False,,,,,,,,,,,,,,,,,,,,,,1.0,,,,,,
überlassen,False,,,,,,,,,,,,,,,,1.0,,,,,,,,1.0,,,1.0,
überlasten,False,,1.0,,,,,,,,,,,,,1.0,,,,,,,,,,,,2.0,
überlastet,False,,,,,,,,,,,,,,,1.0,,,,,,,,,,,,,
überlaufen,False,,,,,,,,,,,1.0,,,,,,,,,,,,,,,,,
überleben,False,,,,,,,,,,,,,,,,,,,,,,1.0,,,,2.0,,
überlebensfähig,False,,,,,,,,,,,,,,,,,,,,,,4.0,,,,,,
überleg,False,1.0,,,,1.0,,1.0,,,,,,,,,,,,,,,2.0,,,,,,
überlegen,False,8.0,8.0,5.0,3.0,4.0,1.0,2.0,2.0,2.0,,3.0,3.0,2.0,1.0,5.0,1.0,1.0,3.0,1.0,4.0,2.0,1.0,,2.0,,1.0,9.0,1.0
überlegt,False,,,,,,,,,,,,,,,,1.0,,,,,,,,,,,,
überlegung,False,,,,1.0,,,,,,,,,1.0,,1.0,,,,,3.0,2.0,,,,,,,
überleitung,False,,,,,,,,,,,,,,,,,,,1.0,,,,,,,,,
überlässen,False,,,,1.0,,,,,,,,,,,,,,,,,,,,,,,,
überlösung,False,,,,,,,,,,,,,,,,,,,,,,,,,,,1.0,
übermitteln,False,,,,11.0,,,,,,1.0,,,,,,,,,,,,,,,,,,
übermittlung,False,,,,,,,,1.0,,,,,,,,,,,,,,,,,,,,
übermorgen,False,,,,,,,,,,,,,,,,,,,,,,,,,,,1.0,
übermäßig,False,,,,,,,,,,,,1.0,,,,,,,,,2.0,,,,,,,
übernahme,False,,,,,,,,,,,,,,,,,,,,,,,,,,1.0,,1.0
übernehmen,False,,,1.0,,,,1.0,,1.0,2.0,,2.0,,,,1.0,,,,,,2.0,,2.0,3.0,,2.0,1.0
überprüfen,False,,3.0,,,,,1.0,,5.0,,,,,,,3.0,,,,,,1.0,1.0,,,,,2.0
überraschen,False,,,,,1.0,,,,,,,1.0,1.0,,2.0,,,,1.0,,6.0,2.0,2.0,3.0,,,,
überraschend,False,,1.0,,,1.0,,3.0,1.0,,,,1.0,,1.0,1.0,,,,1.0,,7.0,,,,5.0,1.0,1.0,
überraschung,False,,,,,,,,,1.0,,,,,,1.0,,,,,,3.0,,1.0,,,,,
überrechts,False,,,,,,,,,,,,,,,,,,,,,,,,,,,1.0,
überrechtsdinge,False,,,,,,,,,,,,,,,,,,,,,,,,,,,1.0,
überreden,False,,,,,,,,,,,,,,,,,,,,,2.0,,,,,,,
überregional,False,,,,,,,,,,,,,,,,,,,1.0,,,,,,,,,
überreich,False,1.0,,,,,,,,,,,,,,,,,,,,,,,,,,,
überreichen,False,,,,,,,,,,,,,,,,1.0,,,,,,,,,,,,
überrest,False,,,,,,,,,,,,,,,,,,,,,,1.0,,,,,,
überrollen,False,,,,,,,,,,,,,,,,,,,,1.0,,,,,,,,
überschauen,False,,,,,,,,,,,,1.0,,,,,,,,,,,,,,,,
überschießend,False,,,,1.0,,,,,,,,,,,,,,,,,,,,,,,,
überschlage,False,1.0,,,,,,,,,,,,,,,,,,,,,,,,,,,
überschlagen,False,,1.0,,,,,,,,,,,,,,,,,,,,,,,,,,
überschneiden,False,1.0,,,,,,,,,,,,,,,,,,,,,,,,,,,
überschneidungspunkt,False,,,,,,,,,,,,,,,,,,,1.0,,,,,,,,,
überschneidungspunkte,False,,,,,,,,,,,,,,,,,,,,,1.0,,,,,,,
überschreibung,False,,,,,,,,,,,,1.0,,,,,,,,,,,,,,,,
überschreiten,False,,,,,,,,,,,,,,,,1.0,,,,1.0,,,,,,,,
überschrift,False,,,,,1.0,,,,,,,,,,1.0,,,,,,,,,,,,,
überschwemmen,False,,,,,,,,,,,,1.0,,,,,,,,,,,,,,,,
übersehen,False,,,,,,,,,,,,,,,,,,,,,,,,,,1.0,,
übersehenbar,False,,,,,,,,,,,,,,,1.0,,,,,,,,,,,,,
übersetzen,False,,,,,1.0,,1.0,2.0,1.0,,,,1.0,,1.0,1.0,,,,,2.0,,,,,3.0,,3.0
übersetzer,False,,,,,,,,,,,,,,,,,,,,,,,,1.0,,,,
übersetzt,False,,,,,,,,,,,,,,,,,,,,,,,,,,,1.0,
übersetzung,False,1.0,,,,1.0,,,,,1.0,,,,,1.0,,,,,,2.0,,,,,,,
übersetzungs,False,1.0,,,,,,,,,,,,,,,,,,,,,,,,,,,
übersetzungshilfe,False,,,,,,,,,,,,1.0,,,,,,,,,,,,,,,,
übersicht,False,,1.0,,,1.0,,,,,,,,,,,,1.0,,,,,,,,,,1.0,
übersichtsaufnahme,False,,,,,,,,,,,,,,,,,,,,,,,1.0,,,,,
übersichtsobjektive,False,,,,,,,,,,,,,,,,,,,,,,,1.0,,,,,
übersiehen,False,,,,,,,,,,,,,,,,,,,,,,,,,1.0,,,
überspitzt,False,,1.0,,,,,,,,1.0,,,,,,,,1.0,,,2.0,,,,,,,
übersprung,False,,,,,,,,,,,,1.0,,,1.0,,,,,,,,,,,,,
überstehen,False,,,,,,,,,,,,,,,,,,,,,2.0,,,,,,,
übersteigen,False,,,,,,,,,,,,,,,,,,1.0,,,,,,,,,,
überstellen,False,,,,,,,,,,,,,,,,,,,1.0,,,,,,,,,
übertrag,False,,,,,,,,,,,,,,,1.0,,,,,,,,,,,,,
übertragbar,False,,,,,,,,,,,,,,,2.0,,,,,,,,,,,,,
übertragen,False,,,,1.0,,2.0,1.0,,1.0,,,,,,1.0,,1.0,,,,,2.0,,6.0,,1.0,1.0,
übertragung,False,,,,,,,,,,,,,,,,,,,,,2.0,,,,,,,
übertragungsfehler,False,,,,,,,1.0,,,,,,,,,,,,,,,,,,,,,
übertragungsmedium,False,,1.0,,,,,,,,,,,,,,,,,,,,,,,,,,
übertreiben,False,,,,,,,,,,,,,,,,,,,1.0,,2.0,,,,,,,
übertreibung,False,,,,,,,,,,,,,,,,,,,,,,,,1.0,,,,
übertreten,False,,,,,,,,,,,,2.0,,,,,,,,,,,,,,,,
übertrieben,False,,,,,,,,,,,,2.0,,,,1.0,,,1.0,,,,,,,,,1.0
überverwaltungsgericht,False,,,,,,,,,,,,,,,,,,,,,,,1.0,,,,,
überwachen,False,1.0,7.0,1.0,1.0,8.0,,4.0,,2.0,2.0,,1.0,1.0,,3.0,,,,1.0,2.0,16.0,2.0,5.0,2.0,,1.0,1.0,1.0
überwacht,False,,,,,1.0,,,,,,,,,,,,,,,,,,,,,,,
überwachung,False,1.0,3.0,,,4.0,,15.0,,3.0,1.0,,,,,5.0,1.0,,,1.0,1.0,8.0,1.0,3.0,,,3.0,,1.0
überwachungsaufwand,False,,,,,,,,,,,,,,,,,,,,,,,,,,1.0,,
überwachungsaufwendung,False,,,,,,,,,,,,,,,,,,,,,,,,,,1.0,,
überwachungsbefugnisse,False,,,,,,,,,,,,,,,,,,1.0,,,,,,,,,,
überwachungsdebatte,False,,,,,,,,,,,,,,,,,,,,,,,,,,1.0,,
überwachungsfrag,False,,,,,,,1.0,,,,,,,,,,,,,,,,,,,,,
überwachungsfrage,False,,,,,,,,,1.0,,,,,,,,,,,,,,,,,,,
überwachungsfreundinnen,False,,,,,,,,1.0,,,,,,,,,,,,,,,,,,,,
überwachungsgesamtrechnung,False,,,,,,,1.0,,,,,,,,,,,,,,,,,,,,,
überwachungsgesamtrechtung,False,,,,,,,1.0,,,,,,,,,,,,,,,,,,,,,
überwachungsgesetz,False,,,,,,,,,,,,,,,1.0,,,,,,,,,,,,,
überwachungsgesetzgebung,False,,1.0,,,,,,,,,,,,,,1.0,,,,,,,,,,,,
überwachungsinfrastruktur,False,,,,,,,,,1.0,,,,,,,,,,,,,,,,,,,
überwachungsinstrument,False,,,,,,,,,,,,,,,1.0,,,,,,,,,,,,,
überwachungskamera,False,,,,,,,,,,,,,,,,,,,,,,,1.0,,,,,
überwachungskapitalismus,False,,,,,,,,,,,,,,,,,,,1.0,,,,,,,,,
überwachungsmaßnahme,False,,1.0,,,,,,,,8.0,,,,,,,,,,,,,,,,,,
überwachungsmechanism,False,,,,,,,,,,6.0,,,,,,,,,,,,,,,,,,
überwachungspolitik,False,,,,,1.0,,,,,,,,,,,,,,,,,,,,,,,
überwachungspotenzial,False,,,,,,,,,,,,,,,,,,,,,,,1.0,,,,,
überwachungsschnittstell,False,,,,,,,,,,,,,,,1.0,,,,,,2.0,,,,,,,
überwachungsstaat,False,,1.0,,,,,1.0,,,,,,,,,,,,,,3.0,,,,,,,
überwachungsstell,False,1.0,,,,,,,,,,,,,,,,,,,,,,,,,,,
überwachungsstellen,False,,,,,,,,,,,,,,,,,,,,1.0,,,,,,,,
überwachungsthem,False,,,,,,,,,,,,,,,,,,1.0,,,,,,,,1.0,,
überwachungstool,False,,,,,,,,,1.0,,,,,,,,,,,,,,,,,,,
überwachungswerkzeug,False,,1.0,,,,,,,,,,,,,,,,,,,,,,,,,,
überwachungszeitraum,False,,,,,,,,,,,,,,,,,,,,2.0,,,,,,,,
überweisen,False,,,2.0,,,,,,,,,,4.0,,,,,,,,,,,,,,,
überweisung,False,,,,,,,,,,,,,9.0,,,,1.0,,,,,,,,,,,
überwiegen,False,,,,,,,,1.0,,,,,,,,,,,,,,,,,,,,
überwiegend,False,,,,,,,,,,,,,,,,,1.0,,,2.0,,4.0,,,,1.0,,
überwinden,False,,,,,,,,,,,,1.0,,,,,,,,,,,,,,,,
überzeichnen,False,,,,,,,,,,,,1.0,,,,,,,,,,,,,,,,
überzeichnet,False,,,,,,,,,,,,1.0,,,,,,,,,,,,,,,,
überzeugen,False,,2.0,1.0,,,,,,,,,,,,,,,,,,,,,,,2.0,,
überzeugend,False,,2.0,,,,,,,,,,1.0,,,,,,,,,,,,,,,,
überzeugung,False,,,,,,,,1.0,,,,,,,,,,,,,3.0,,,,,1.0,,
überzeugungsarbeit,False,,,,,,,,,,,,,,,,,,,1.0,,,,,,,,,
überziehen,False,,,,,,,,,,,,,2.0,,,,,1.0,,,,,,,,,,
überziehung,False,,,,,,,,,,,,,1.0,,,,,,,,,,,,,,,
überzogen,False,1.0,1.0,,1.0,,,,,,,,,,,,,,1.0,,,,,,,,,,
üblich,False,,,,,,1.0,,2.0,,1.0,,,1.0,,1.0,,,,3.0,,,,,2.0,,,,1.0
üblicherweise,False,,,,,,,1.0,,,1.0,1.0,1.0,,,1.0,,,,,,,,,1.0,,,,1.0
übrig,False,1.0,,,,,,1.0,,1.0,,,,,,,,,,,,2.0,,,,,,,
übrigens,True,,,,,6.0,,3.0,1.0,2.0,,2.0,3.0,1.0,,1.0,,2.0,,2.0,,3.0,8.0,,1.0,1.0,,1.0,1.0
übung,False,,,4.0,1.0,,,,,,,,,,2.0,,,,,,,,,,,,,,
